2026-07-28T01:52:35.712808Z  INFO herdr::platform::macos: raised server file descriptor soft limit previous=4352 target=8192
2026-07-28T01:52:35.713282Z  INFO herdr::api::server: api server listening path=/Users/shahid/.config/herdr/herdr.sock
2026-07-28T01:52:35.715153Z  INFO herdr::logging: spawning pane terminal event="pane.spawn.start" subsystem="pane" outcome="started" pane_id=1 rows=24 cols=80 scrollback_limit_bytes=10000000
2026-07-28T01:52:35.718697Z  INFO herdr::logging: pane child spawned event="pane.spawned" subsystem="pane" outcome="ok" pane_id=1 pid=60581
2026-07-28T01:52:35.718916Z  INFO herdr::logging: session restore evaluated event="persist.restore" subsystem="persist" outcome="ok" workspaces=1
2026-07-28T01:52:35.718934Z  INFO herdr::app: using pane scrollback configuration pane_scrollback_limit_bytes=10000000
2026-07-28T01:52:35.920725Z  INFO herdr::logging: checking for updates event="update.check.start" subsystem="update" outcome="started"
2026-07-28T01:52:35.949296Z  INFO herdr::server::headless: restored session already has workspaces; ignoring startup cwd cwd=/Users/shahid
2026-07-28T01:52:35.949456Z  INFO herdr::server::headless: client protocol socket listening path=/Users/shahid/.config/herdr/herdr-client.sock
2026-07-28T01:52:35.949483Z  INFO herdr::server::headless: herdr server started api_socket=/Users/shahid/.config/herdr/herdr.sock client_socket=/Users/shahid/.config/herdr/herdr-client.sock
2026-07-28T01:52:35.949962Z  INFO herdr::logging: herdr starting event="app.startup" subsystem="server" outcome="started" pid=60580
2026-07-28T01:52:36.206473Z  INFO herdr::server::headless: client connected client_id=2 cols=166 rows=40 cell_width_px=0 cell_height_px=0 render_encoding=SemanticFrame
2026-07-28T01:52:40.978983Z  WARN herdr::raw_input: flushing lone escape after input timeout; if this follows an alt chord or focus switch it may reach the pane as plain esc bytes=[27]
2026-07-28T01:53:01.662798Z  WARN herdr::raw_input: flushing lone escape after input timeout; if this follows an alt chord or focus switch it may reach the pane as plain esc bytes=[27]
2026-07-28T01:53:15.898801Z  WARN herdr::raw_input: flushing lone escape after input timeout; if this follows an alt chord or focus switch it may reach the pane as plain esc bytes=[27]
2026-07-28T01:53:21.635805Z  INFO herdr::logging: api request received event="api.request.start" subsystem="api" outcome="started" request_id="cli:server:reload-config" method="server.reload_config" changes_ui=true
2026-07-28T01:53:21.636307Z  INFO herdr::logging: api request completed event="api.request.complete" subsystem="api" outcome="ok" request_id="cli:server:reload-config" method="server.reload_config"
2026-07-28T01:53:47.866622Z  WARN herdr::raw_input: flushing lone escape after input timeout; if this follows an alt chord or focus switch it may reach the pane as plain esc bytes=[27]
2026-07-28T01:54:07.694019Z  INFO herdr::logging: api request received event="api.request.start" subsystem="api" outcome="started" request_id="cli:server:reload-config" method="server.reload_config" changes_ui=true
2026-07-28T01:54:07.695572Z  INFO herdr::logging: api request completed event="api.request.complete" subsystem="api" outcome="ok" request_id="cli:server:reload-config" method="server.reload_config"
2026-07-28T01:54:50.654148Z  WARN herdr::raw_input: flushing lone escape after input timeout; if this follows an alt chord or focus switch it may reach the pane as plain esc bytes=[27]
2026-07-28T01:54:59.950856Z  INFO herdr::logging: workspace renamed event="workspace.rename" subsystem="workspace" outcome="ok" workspace_id="w3"
2026-07-28T01:55:04.961141Z  INFO herdr::logging: session saved event="persist.save" subsystem="persist" outcome="ok" path=/Users/shahid/.config/herdr/session.json workspaces=1
2026-07-28T01:55:06.008700Z  INFO herdr::server::headless: client disconnected client_id=2
2026-07-28T01:55:12.385590Z  INFO herdr::server::headless: client connected client_id=4 cols=166 rows=40 cell_width_px=0 cell_height_px=0 render_encoding=SemanticFrame
2026-07-28T01:56:08.335359Z  WARN herdr::raw_input: flushing lone escape after input timeout; if this follows an alt chord or focus switch it may reach the pane as plain esc bytes=[27]
2026-07-28T01:56:14.846645Z  INFO herdr::logging: tab focused event="tab.focus" subsystem="tab" outcome="ok" workspace_id="w3" tab_id="w3:t1"
2026-07-28T01:56:19.852859Z  INFO herdr::logging: session saved event="persist.save" subsystem="persist" outcome="ok" path=/Users/shahid/.config/herdr/session.json workspaces=1
2026-07-28T01:56:21.312241Z  INFO herdr::logging: tab focused event="tab.focus" subsystem="tab" outcome="ok" workspace_id="w3" tab_id="w3:t1"
2026-07-28T01:56:26.322142Z  INFO herdr::logging: session saved event="persist.save" subsystem="persist" outcome="ok" path=/Users/shahid/.config/herdr/session.json workspaces=1
2026-07-28T01:56:30.190189Z  WARN herdr::raw_input: flushing lone escape after input timeout; if this follows an alt chord or focus switch it may reach the pane as plain esc bytes=[27]
2026-07-28T01:56:32.024387Z  INFO herdr::logging: spawning pane terminal event="pane.spawn.start" subsystem="pane" outcome="started" pane_id=2 rows=39 cols=140 scrollback_limit_bytes=10000000
2026-07-28T01:56:32.031939Z  INFO herdr::logging: pane child spawned event="pane.spawned" subsystem="pane" outcome="ok" pane_id=2 pid=64434
2026-07-28T01:56:32.032247Z  INFO herdr::logging: workspace created event="workspace.create" subsystem="workspace" outcome="ok" workspace_id="w4" pane_id=2
2026-07-28T01:56:32.032273Z  INFO herdr::logging: workspace focused event="workspace.focus" subsystem="workspace" outcome="ok" workspace_id="w4"
2026-07-28T01:56:32.032399Z  INFO herdr::logging: tab focused event="tab.focus" subsystem="tab" outcome="ok" workspace_id="w4" tab_id="w4:t1"
2026-07-28T01:56:37.039871Z  INFO herdr::logging: session saved event="persist.save" subsystem="persist" outcome="ok" path=/Users/shahid/.config/herdr/session.json workspaces=2
2026-07-28T01:56:46.183386Z  INFO herdr::logging: workspace renamed event="workspace.rename" subsystem="workspace" outcome="ok" workspace_id="w4"
2026-07-28T01:56:51.190110Z  INFO herdr::logging: session saved event="persist.save" subsystem="persist" outcome="ok" path=/Users/shahid/.config/herdr/session.json workspaces=2
2026-07-28T01:56:51.612824Z  INFO herdr::logging: spawning pane terminal event="pane.spawn.start" subsystem="pane" outcome="started" pane_id=3 rows=39 cols=140 scrollback_limit_bytes=10000000
2026-07-28T01:56:51.620084Z  INFO herdr::logging: pane child spawned event="pane.spawned" subsystem="pane" outcome="ok" pane_id=3 pid=64845
2026-07-28T01:56:51.620375Z  INFO herdr::logging: workspace created event="workspace.create" subsystem="workspace" outcome="ok" workspace_id="w5" pane_id=3
2026-07-28T01:56:51.620384Z  INFO herdr::logging: workspace focused event="workspace.focus" subsystem="workspace" outcome="ok" workspace_id="w5"
2026-07-28T01:56:51.620431Z  INFO herdr::logging: tab focused event="tab.focus" subsystem="tab" outcome="ok" workspace_id="w5" tab_id="w5:t1"
2026-07-28T01:56:56.623814Z  INFO herdr::logging: session saved event="persist.save" subsystem="persist" outcome="ok" path=/Users/shahid/.config/herdr/session.json workspaces=3
2026-07-28T01:56:57.974155Z  INFO herdr::logging: workspace renamed event="workspace.rename" subsystem="workspace" outcome="ok" workspace_id="w5"
2026-07-28T01:57:02.172529Z  INFO herdr::logging: spawning pane terminal event="pane.spawn.start" subsystem="pane" outcome="started" pane_id=4 rows=39 cols=140 scrollback_limit_bytes=10000000
2026-07-28T01:57:02.179800Z  INFO herdr::logging: pane child spawned event="pane.spawned" subsystem="pane" outcome="ok" pane_id=4 pid=65180
2026-07-28T01:57:02.180165Z  INFO herdr::logging: tab focused event="tab.focus" subsystem="tab" outcome="ok" workspace_id="w5" tab_id="w5:t1"
2026-07-28T01:57:07.184760Z  INFO herdr::logging: session saved event="persist.save" subsystem="persist" outcome="ok" path=/Users/shahid/.config/herdr/session.json workspaces=3
2026-07-28T01:57:11.218450Z  INFO herdr::logging: tab focused event="tab.focus" subsystem="tab" outcome="ok" workspace_id="w5" tab_id="w5:t1"
2026-07-28T01:57:13.011667Z  INFO herdr::logging: tab focused event="tab.focus" subsystem="tab" outcome="ok" workspace_id="w5" tab_id="w5:t1"
2026-07-28T01:57:14.756981Z  INFO herdr::logging: tab focused event="tab.focus" subsystem="tab" outcome="ok" workspace_id="w5" tab_id="w5:t1"
2026-07-28T01:57:17.125873Z  INFO herdr::logging: tab focused event="tab.focus" subsystem="tab" outcome="ok" workspace_id="w5" tab_id="w5:t1"
2026-07-28T01:57:22.132781Z  INFO herdr::logging: session saved event="persist.save" subsystem="persist" outcome="ok" path=/Users/shahid/.config/herdr/session.json workspaces=3
2026-07-28T01:57:23.181529Z  INFO herdr::logging: tab focused event="tab.focus" subsystem="tab" outcome="ok" workspace_id="w5" tab_id="w5:t1"
2026-07-28T01:57:28.190051Z  INFO herdr::logging: session saved event="persist.save" subsystem="persist" outcome="ok" path=/Users/shahid/.config/herdr/session.json workspaces=3
2026-07-28T01:57:46.888642Z  INFO herdr::logging: tab focused event="tab.focus" subsystem="tab" outcome="ok" workspace_id="w5" tab_id="w5:t1"
2026-07-28T01:57:51.898487Z  INFO herdr::logging: session saved event="persist.save" subsystem="persist" outcome="ok" path=/Users/shahid/.config/herdr/session.json workspaces=3
2026-07-28T01:58:09.660364Z  WARN herdr::raw_input: flushing lone escape after input timeout; if this follows an alt chord or focus switch it may reach the pane as plain esc bytes=[27]
2026-07-28T01:58:14.217758Z  INFO herdr::logging: tab focused event="tab.focus" subsystem="tab" outcome="ok" workspace_id="w5" tab_id="w5:t1"
2026-07-28T01:58:15.779731Z  INFO herdr::logging: tab focused event="tab.focus" subsystem="tab" outcome="ok" workspace_id="w5" tab_id="w5:t1"
2026-07-28T01:58:17.052735Z  INFO herdr::logging: tab focused event="tab.focus" subsystem="tab" outcome="ok" workspace_id="w5" tab_id="w5:t1"
2026-07-28T01:58:22.057059Z  INFO herdr::logging: session saved event="persist.save" subsystem="persist" outcome="ok" path=/Users/shahid/.config/herdr/session.json workspaces=3
2026-07-28T01:59:32.078846Z  WARN herdr::raw_input: flushing lone escape after input timeout; if this follows an alt chord or focus switch it may reach the pane as plain esc bytes=[27]
2026-07-28T02:00:02.424476Z  WARN herdr::raw_input: flushing lone escape after input timeout; if this follows an alt chord or focus switch it may reach the pane as plain esc bytes=[27]
2026-07-28T02:00:07.687867Z  WARN herdr::raw_input: flushing lone escape after input timeout; if this follows an alt chord or focus switch it may reach the pane as plain esc bytes=[27]
2026-07-28T02:00:13.373558Z  WARN herdr::raw_input: flushing lone escape after input timeout; if this follows an alt chord or focus switch it may reach the pane as plain esc bytes=[27]
2026-07-28T02:00:19.088367Z  WARN herdr::raw_input: flushing lone escape after input timeout; if this follows an alt chord or focus switch it may reach the pane as plain esc bytes=[27]
2026-07-28T02:01:12.639804Z  WARN herdr::raw_input: flushing lone escape after input timeout; if this follows an alt chord or focus switch it may reach the pane as plain esc bytes=[27]
2026-07-28T02:01:22.585207Z  WARN herdr::raw_input: flushing lone escape after input timeout; if this follows an alt chord or focus switch it may reach the pane as plain esc bytes=[27]
2026-07-28T02:01:29.543997Z  WARN herdr::raw_input: flushing lone escape after input timeout; if this follows an alt chord or focus switch it may reach the pane as plain esc bytes=[27]
2026-07-28T02:01:44.508202Z  WARN herdr::raw_input: flushing lone escape after input timeout; if this follows an alt chord or focus switch it may reach the pane as plain esc bytes=[27]
2026-07-28T02:01:49.749900Z  WARN herdr::raw_input: flushing lone escape after input timeout; if this follows an alt chord or focus switch it may reach the pane as plain esc bytes=[27]
2026-07-28T02:01:57.445582Z  WARN herdr::raw_input: flushing lone escape after input timeout; if this follows an alt chord or focus switch it may reach the pane as plain esc bytes=[27]
2026-07-28T02:02:01.959204Z  WARN herdr::raw_input: flushing lone escape after input timeout; if this follows an alt chord or focus switch it may reach the pane as plain esc bytes=[27]
2026-07-28T02:02:15.250294Z  WARN herdr::raw_input: flushing lone escape after input timeout; if this follows an alt chord or focus switch it may reach the pane as plain esc bytes=[27]
2026-07-28T02:02:19.958352Z  WARN herdr::raw_input: flushing lone escape after input timeout; if this follows an alt chord or focus switch it may reach the pane as plain esc bytes=[27]
2026-07-28T02:02:26.604363Z  WARN herdr::raw_input: flushing lone escape after input timeout; if this follows an alt chord or focus switch it may reach the pane as plain esc bytes=[27]
2026-07-28T02:03:03.626255Z  WARN herdr::raw_input: flushing lone escape after input timeout; if this follows an alt chord or focus switch it may reach the pane as plain esc bytes=[27]
2026-07-28T02:03:09.040123Z  WARN herdr::raw_input: flushing lone escape after input timeout; if this follows an alt chord or focus switch it may reach the pane as plain esc bytes=[27]
2026-07-28T02:03:35.686311Z  WARN herdr::raw_input: flushing lone escape after input timeout; if this follows an alt chord or focus switch it may reach the pane as plain esc bytes=[27]
2026-07-28T02:03:41.516345Z  WARN herdr::raw_input: flushing lone escape after input timeout; if this follows an alt chord or focus switch it may reach the pane as plain esc bytes=[27]
2026-07-28T02:04:11.368970Z  WARN herdr::raw_input: flushing lone escape after input timeout; if this follows an alt chord or focus switch it may reach the pane as plain esc bytes=[27]
2026-07-28T02:04:16.570331Z  WARN herdr::raw_input: flushing lone escape after input timeout; if this follows an alt chord or focus switch it may reach the pane as plain esc bytes=[27]
2026-07-28T02:04:21.835452Z  WARN herdr::raw_input: flushing lone escape after input timeout; if this follows an alt chord or focus switch it may reach the pane as plain esc bytes=[27]
2026-07-28T02:05:03.461238Z  WARN herdr::raw_input: flushing lone escape after input timeout; if this follows an alt chord or focus switch it may reach the pane as plain esc bytes=[27]
2026-07-28T02:05:06.751752Z  WARN herdr::raw_input: flushing lone escape after input timeout; if this follows an alt chord or focus switch it may reach the pane as plain esc bytes=[27]
2026-07-28T02:05:10.842836Z  WARN herdr::raw_input: flushing lone escape after input timeout; if this follows an alt chord or focus switch it may reach the pane as plain esc bytes=[27]
2026-07-28T02:05:14.545730Z  WARN herdr::raw_input: flushing lone escape after input timeout; if this follows an alt chord or focus switch it may reach the pane as plain esc bytes=[27]
2026-07-28T02:05:54.506898Z  WARN herdr::raw_input: flushing lone escape after input timeout; if this follows an alt chord or focus switch it may reach the pane as plain esc bytes=[27]
2026-07-28T02:06:36.327228Z  WARN herdr::raw_input: flushing lone escape after input timeout; if this follows an alt chord or focus switch it may reach the pane as plain esc bytes=[27]
2026-07-28T02:06:39.536117Z  WARN herdr::raw_input: flushing lone escape after input timeout; if this follows an alt chord or focus switch it may reach the pane as plain esc bytes=[27]
2026-07-28T02:06:45.493129Z  WARN herdr::raw_input: flushing lone escape after input timeout; if this follows an alt chord or focus switch it may reach the pane as plain esc bytes=[27]
2026-07-28T02:07:08.486990Z  WARN herdr::raw_input: flushing lone escape after input timeout; if this follows an alt chord or focus switch it may reach the pane as plain esc bytes=[27]
2026-07-28T02:07:28.213979Z  WARN herdr::raw_input: flushing lone escape after input timeout; if this follows an alt chord or focus switch it may reach the pane as plain esc bytes=[27]
2026-07-28T02:07:45.688589Z  WARN herdr::raw_input: flushing lone escape after input timeout; if this follows an alt chord or focus switch it may reach the pane as plain esc bytes=[27]
2026-07-28T02:08:46.545420Z  WARN herdr::raw_input: flushing lone escape after input timeout; if this follows an alt chord or focus switch it may reach the pane as plain esc bytes=[27]
2026-07-28T02:09:07.590275Z  WARN herdr::raw_input: flushing lone escape after input timeout; if this follows an alt chord or focus switch it may reach the pane as plain esc bytes=[27]
2026-07-28T02:09:13.904681Z  WARN herdr::raw_input: flushing lone escape after input timeout; if this follows an alt chord or focus switch it may reach the pane as plain esc bytes=[27]
2026-07-28T02:09:17.623802Z  WARN herdr::raw_input: flushing lone escape after input timeout; if this follows an alt chord or focus switch it may reach the pane as plain esc bytes=[27]
2026-07-28T02:13:16.037178Z  INFO herdr::logging: session saved event="persist.save" subsystem="persist" outcome="ok" path=/Users/shahid/.config/herdr/session.json workspaces=3
2026-07-28T02:13:27.200209Z  INFO herdr::logging: tab focused event="tab.focus" subsystem="tab" outcome="ok" workspace_id="w5" tab_id="w5:t1"
2026-07-28T02:13:32.179949Z  INFO herdr::logging: tab focused event="tab.focus" subsystem="tab" outcome="ok" workspace_id="w5" tab_id="w5:t1"
2026-07-28T02:13:35.744589Z  INFO herdr::logging: tab focused event="tab.focus" subsystem="tab" outcome="ok" workspace_id="w5" tab_id="w5:t1"
2026-07-28T02:13:37.177949Z  INFO herdr::logging: tab focused event="tab.focus" subsystem="tab" outcome="ok" workspace_id="w5" tab_id="w5:t1"
2026-07-28T02:13:45.879614Z  INFO herdr::logging: session saved event="persist.save" subsystem="persist" outcome="ok" path=/Users/shahid/.config/herdr/session.json workspaces=3
2026-07-28T02:16:26.256438Z  WARN herdr::raw_input: flushing lone escape after input timeout; if this follows an alt chord or focus switch it may reach the pane as plain esc bytes=[27]
2026-07-28T02:21:49.261069Z  WARN herdr::raw_input: flushing lone escape after input timeout; if this follows an alt chord or focus switch it may reach the pane as plain esc bytes=[27]
2026-07-28T02:21:54.539843Z  WARN herdr::raw_input: flushing lone escape after input timeout; if this follows an alt chord or focus switch it may reach the pane as plain esc bytes=[27]
2026-07-28T02:22:08.085595Z  WARN herdr::raw_input: flushing lone escape after input timeout; if this follows an alt chord or focus switch it may reach the pane as plain esc bytes=[27]
2026-07-28T02:22:27.511620Z  WARN herdr::raw_input: flushing lone escape after input timeout; if this follows an alt chord or focus switch it may reach the pane as plain esc bytes=[27]
2026-07-28T02:22:30.704113Z  WARN herdr::raw_input: flushing lone escape after input timeout; if this follows an alt chord or focus switch it may reach the pane as plain esc bytes=[27]
2026-07-28T02:22:35.912122Z  INFO herdr::logging: checking for updates event="update.check.start" subsystem="update" outcome="started"
2026-07-28T02:22:39.301937Z  WARN herdr::raw_input: flushing lone escape after input timeout; if this follows an alt chord or focus switch it may reach the pane as plain esc bytes=[27]
2026-07-28T02:23:09.177534Z  INFO herdr::logging: session saved event="persist.save" subsystem="persist" outcome="ok" path=/Users/shahid/.config/herdr/session.json workspaces=3
2026-07-28T02:23:09.288137Z  INFO herdr::logging: tab focused event="tab.focus" subsystem="tab" outcome="ok" workspace_id="w5" tab_id="w5:t1"
2026-07-28T02:23:14.292793Z  INFO herdr::logging: session saved event="persist.save" subsystem="persist" outcome="ok" path=/Users/shahid/.config/herdr/session.json workspaces=3
2026-07-28T02:23:20.279739Z  INFO herdr::logging: tab focused event="tab.focus" subsystem="tab" outcome="ok" workspace_id="w5" tab_id="w5:t1"
2026-07-28T02:23:25.286568Z  INFO herdr::logging: session saved event="persist.save" subsystem="persist" outcome="ok" path=/Users/shahid/.config/herdr/session.json workspaces=3
2026-07-28T02:24:51.147103Z  INFO herdr::logging: tab focused event="tab.focus" subsystem="tab" outcome="ok" workspace_id="w5" tab_id="w5:t1"
2026-07-28T02:24:56.176724Z  INFO herdr::logging: session saved event="persist.save" subsystem="persist" outcome="ok" path=/Users/shahid/.config/herdr/session.json workspaces=3
2026-07-28T02:27:12.469616Z  INFO herdr::logging: spawning pane terminal event="pane.spawn.start" subsystem="pane" outcome="started" pane_id=5 rows=39 cols=81 scrollback_limit_bytes=10000000
2026-07-28T02:27:12.478835Z  INFO herdr::logging: pane child spawned event="pane.spawned" subsystem="pane" outcome="ok" pane_id=5 pid=78720
2026-07-28T02:27:12.479668Z  INFO herdr::logging: tab focused event="tab.focus" subsystem="tab" outcome="ok" workspace_id="w5" tab_id="w5:t1"
2026-07-28T02:27:17.487058Z  INFO herdr::logging: session saved event="persist.save" subsystem="persist" outcome="ok" path=/Users/shahid/.config/herdr/session.json workspaces=3
2026-07-28T02:28:06.892039Z  INFO herdr::logging: tab focused event="tab.focus" subsystem="tab" outcome="ok" workspace_id="w5" tab_id="w5:t1"
2026-07-28T02:28:11.904094Z  INFO herdr::logging: session saved event="persist.save" subsystem="persist" outcome="ok" path=/Users/shahid/.config/herdr/session.json workspaces=3
2026-07-28T02:28:26.533801Z  INFO herdr::logging: session saved event="persist.save" subsystem="persist" outcome="ok" path=/Users/shahid/.config/herdr/session.json workspaces=3
2026-07-28T02:30:50.362069Z  INFO herdr::logging: tab focused event="tab.focus" subsystem="tab" outcome="ok" workspace_id="w5" tab_id="w5:t1"
2026-07-28T02:30:55.375537Z  INFO herdr::logging: session saved event="persist.save" subsystem="persist" outcome="ok" path=/Users/shahid/.config/herdr/session.json workspaces=3
2026-07-28T02:32:06.173327Z  INFO herdr::logging: tab focused event="tab.focus" subsystem="tab" outcome="ok" workspace_id="w5" tab_id="w5:t1"
2026-07-28T02:32:12.219009Z  INFO herdr::logging: session saved event="persist.save" subsystem="persist" outcome="ok" path=/Users/shahid/.config/herdr/session.json workspaces=3
2026-07-28T02:32:39.857833Z  WARN herdr::raw_input: flushing lone escape after input timeout; if this follows an alt chord or focus switch it may reach the pane as plain esc bytes=[27]
2026-07-28T02:33:07.858298Z  INFO herdr::logging: session saved event="persist.save" subsystem="persist" outcome="ok" path=/Users/shahid/.config/herdr/session.json workspaces=3
2026-07-28T02:33:10.155333Z  INFO herdr::logging: tab focused event="tab.focus" subsystem="tab" outcome="ok" workspace_id="w5" tab_id="w5:t1"
2026-07-28T02:33:12.139549Z  INFO herdr::logging: tab focused event="tab.focus" subsystem="tab" outcome="ok" workspace_id="w5" tab_id="w5:t1"
2026-07-28T02:33:14.651698Z  INFO herdr::logging: pane child exited event="pane.exit" subsystem="pane" outcome="completed" pane_id=5 status="ExitStatus { code: 0, signal: None }"
2026-07-28T02:33:14.652572Z  INFO herdr::pane: pane session terminated pane=5 pid=78720 signal=Hangup
2026-07-28T02:33:19.662925Z  INFO herdr::logging: session saved event="persist.save" subsystem="persist" outcome="ok" path=/Users/shahid/.config/herdr/session.json workspaces=3
2026-07-28T02:33:25.989234Z  INFO herdr::logging: session saved event="persist.save" subsystem="persist" outcome="ok" path=/Users/shahid/.config/herdr/session.json workspaces=3
2026-07-28T02:33:49.865344Z  INFO herdr::logging: tab focused event="tab.focus" subsystem="tab" outcome="ok" workspace_id="w5" tab_id="w5:t1"
2026-07-28T02:33:54.875796Z  INFO herdr::logging: session saved event="persist.save" subsystem="persist" outcome="ok" path=/Users/shahid/.config/herdr/session.json workspaces=3
2026-07-28T02:34:51.063177Z  WARN herdr::raw_input: flushing lone escape after input timeout; if this follows an alt chord or focus switch it may reach the pane as plain esc bytes=[27]
2026-07-28T02:35:08.629480Z  WARN herdr::raw_input: flushing lone escape after input timeout; if this follows an alt chord or focus switch it may reach the pane as plain esc bytes=[27]
2026-07-28T02:35:35.239299Z  WARN herdr::raw_input: flushing lone escape after input timeout; if this follows an alt chord or focus switch it may reach the pane as plain esc bytes=[27]
2026-07-28T02:35:54.454784Z  WARN herdr::raw_input: flushing lone escape after input timeout; if this follows an alt chord or focus switch it may reach the pane as plain esc bytes=[27]
2026-07-28T02:36:10.533670Z  WARN herdr::raw_input: flushing lone escape after input timeout; if this follows an alt chord or focus switch it may reach the pane as plain esc bytes=[27]
2026-07-28T02:36:29.710284Z  INFO herdr::logging: tab focused event="tab.focus" subsystem="tab" outcome="ok" workspace_id="w5" tab_id="w5:t1"
2026-07-28T02:36:34.726319Z  INFO herdr::logging: session saved event="persist.save" subsystem="persist" outcome="ok" path=/Users/shahid/.config/herdr/session.json workspaces=3
2026-07-28T02:38:58.802727Z  INFO herdr::logging: tab focused event="tab.focus" subsystem="tab" outcome="ok" workspace_id="w5" tab_id="w5:t1"
2026-07-28T02:39:03.818687Z  INFO herdr::logging: session saved event="persist.save" subsystem="persist" outcome="ok" path=/Users/shahid/.config/herdr/session.json workspaces=3
2026-07-28T02:40:17.245111Z  INFO herdr::logging: tab focused event="tab.focus" subsystem="tab" outcome="ok" workspace_id="w5" tab_id="w5:t1"
2026-07-28T02:40:22.264538Z  INFO herdr::logging: session saved event="persist.save" subsystem="persist" outcome="ok" path=/Users/shahid/.config/herdr/session.json workspaces=3
2026-07-28T02:40:38.539097Z  INFO herdr::logging: tab focused event="tab.focus" subsystem="tab" outcome="ok" workspace_id="w5" tab_id="w5:t1"
2026-07-28T02:40:43.553409Z  INFO herdr::logging: session saved event="persist.save" subsystem="persist" outcome="ok" path=/Users/shahid/.config/herdr/session.json workspaces=3
2026-07-28T02:40:50.911929Z  INFO herdr::logging: tab focused event="tab.focus" subsystem="tab" outcome="ok" workspace_id="w5" tab_id="w5:t1"
2026-07-28T02:40:55.948278Z  INFO herdr::logging: session saved event="persist.save" subsystem="persist" outcome="ok" path=/Users/shahid/.config/herdr/session.json workspaces=3
2026-07-28T02:40:56.755914Z  INFO herdr::logging: tab focused event="tab.focus" subsystem="tab" outcome="ok" workspace_id="w5" tab_id="w5:t1"
2026-07-28T02:40:59.281813Z  WARN herdr::raw_input: flushing lone escape after input timeout; if this follows an alt chord or focus switch it may reach the pane as plain esc bytes=[27]
2026-07-28T02:41:01.767920Z  INFO herdr::logging: session saved event="persist.save" subsystem="persist" outcome="ok" path=/Users/shahid/.config/herdr/session.json workspaces=3
2026-07-28T02:41:03.593033Z  WARN herdr::raw_input: flushing lone escape after input timeout; if this follows an alt chord or focus switch it may reach the pane as plain esc bytes=[27]
2026-07-28T02:41:04.236566Z  INFO herdr::logging: tab focused event="tab.focus" subsystem="tab" outcome="ok" workspace_id="w5" tab_id="w5:t1"
2026-07-28T02:41:09.246417Z  INFO herdr::logging: session saved event="persist.save" subsystem="persist" outcome="ok" path=/Users/shahid/.config/herdr/session.json workspaces=3
2026-07-28T02:41:39.101208Z  INFO herdr::logging: session saved event="persist.save" subsystem="persist" outcome="ok" path=/Users/shahid/.config/herdr/session.json workspaces=3
2026-07-28T02:42:13.224361Z  INFO herdr::logging: tab focused event="tab.focus" subsystem="tab" outcome="ok" workspace_id="w5" tab_id="w5:t1"
2026-07-28T02:42:18.235416Z  INFO herdr::logging: session saved event="persist.save" subsystem="persist" outcome="ok" path=/Users/shahid/.config/herdr/session.json workspaces=3
2026-07-28T02:42:41.583112Z  INFO herdr::logging: session saved event="persist.save" subsystem="persist" outcome="ok" path=/Users/shahid/.config/herdr/session.json workspaces=3
2026-07-28T02:43:38.226758Z  WARN herdr::raw_input: flushing lone escape after input timeout; if this follows an alt chord or focus switch it may reach the pane as plain esc bytes=[27]
2026-07-28T02:43:45.501020Z  WARN herdr::raw_input: flushing lone escape after input timeout; if this follows an alt chord or focus switch it may reach the pane as plain esc bytes=[27]
2026-07-28T02:44:05.173179Z  WARN herdr::raw_input: flushing lone escape after input timeout; if this follows an alt chord or focus switch it may reach the pane as plain esc bytes=[27]
2026-07-28T02:44:06.381001Z  INFO herdr::logging: session saved event="persist.save" subsystem="persist" outcome="ok" path=/Users/shahid/.config/herdr/session.json workspaces=3
2026-07-28T02:44:08.261812Z  WARN herdr::raw_input: flushing lone escape after input timeout; if this follows an alt chord or focus switch it may reach the pane as plain esc bytes=[27]
2026-07-28T02:44:08.529394Z  WARN herdr::raw_input: flushing lone escape after input timeout; if this follows an alt chord or focus switch it may reach the pane as plain esc bytes=[27]
2026-07-28T02:44:10.273162Z  INFO herdr::logging: tab focused event="tab.focus" subsystem="tab" outcome="ok" workspace_id="w5" tab_id="w5:t1"
2026-07-28T02:44:15.289867Z  INFO herdr::logging: session saved event="persist.save" subsystem="persist" outcome="ok" path=/Users/shahid/.config/herdr/session.json workspaces=3
2026-07-28T02:45:41.610120Z  INFO herdr::logging: tab focused event="tab.focus" subsystem="tab" outcome="ok" workspace_id="w5" tab_id="w5:t1"
2026-07-28T02:45:46.624312Z  INFO herdr::logging: session saved event="persist.save" subsystem="persist" outcome="ok" path=/Users/shahid/.config/herdr/session.json workspaces=3
2026-07-28T02:46:01.459304Z  INFO herdr::logging: session saved event="persist.save" subsystem="persist" outcome="ok" path=/Users/shahid/.config/herdr/session.json workspaces=3
2026-07-28T02:46:51.478354Z  WARN herdr::raw_input: flushing lone escape after input timeout; if this follows an alt chord or focus switch it may reach the pane as plain esc bytes=[27]
2026-07-28T02:47:26.649792Z  WARN herdr::raw_input: flushing lone escape after input timeout; if this follows an alt chord or focus switch it may reach the pane as plain esc bytes=[27]
2026-07-28T02:47:55.416381Z  WARN herdr::raw_input: flushing lone escape after input timeout; if this follows an alt chord or focus switch it may reach the pane as plain esc bytes=[27]
2026-07-28T02:47:59.918110Z  WARN herdr::raw_input: flushing lone escape after input timeout; if this follows an alt chord or focus switch it may reach the pane as plain esc bytes=[27]
2026-07-28T02:48:08.677481Z  WARN herdr::raw_input: flushing lone escape after input timeout; if this follows an alt chord or focus switch it may reach the pane as plain esc bytes=[27]
2026-07-28T02:48:14.062064Z  WARN herdr::raw_input: flushing lone escape after input timeout; if this follows an alt chord or focus switch it may reach the pane as plain esc bytes=[27]
2026-07-28T02:48:27.292935Z  WARN herdr::raw_input: flushing lone escape after input timeout; if this follows an alt chord or focus switch it may reach the pane as plain esc bytes=[27]
2026-07-28T02:48:30.815453Z  WARN herdr::raw_input: flushing lone escape after input timeout; if this follows an alt chord or focus switch it may reach the pane as plain esc bytes=[27]
2026-07-28T02:48:46.132189Z  WARN herdr::raw_input: flushing lone escape after input timeout; if this follows an alt chord or focus switch it may reach the pane as plain esc bytes=[27]
2026-07-28T02:48:49.162363Z  WARN herdr::raw_input: flushing lone escape after input timeout; if this follows an alt chord or focus switch it may reach the pane as plain esc bytes=[27]
2026-07-28T02:49:01.342467Z  WARN herdr::raw_input: flushing lone escape after input timeout; if this follows an alt chord or focus switch it may reach the pane as plain esc bytes=[27]
2026-07-28T02:49:05.604725Z  WARN herdr::raw_input: flushing lone escape after input timeout; if this follows an alt chord or focus switch it may reach the pane as plain esc bytes=[27]
2026-07-28T02:49:26.691296Z  WARN herdr::raw_input: flushing lone escape after input timeout; if this follows an alt chord or focus switch it may reach the pane as plain esc bytes=[27]
2026-07-28T02:49:34.209005Z  WARN herdr::raw_input: flushing lone escape after input timeout; if this follows an alt chord or focus switch it may reach the pane as plain esc bytes=[27]
2026-07-28T02:49:58.824698Z  WARN herdr::raw_input: flushing lone escape after input timeout; if this follows an alt chord or focus switch it may reach the pane as plain esc bytes=[27]
2026-07-28T02:50:05.544886Z  WARN herdr::raw_input: flushing lone escape after input timeout; if this follows an alt chord or focus switch it may reach the pane as plain esc bytes=[27]
2026-07-28T02:50:11.079151Z  WARN herdr::raw_input: flushing lone escape after input timeout; if this follows an alt chord or focus switch it may reach the pane as plain esc bytes=[27]
2026-07-28T02:50:26.709006Z  WARN herdr::raw_input: flushing lone escape after input timeout; if this follows an alt chord or focus switch it may reach the pane as plain esc bytes=[27]
2026-07-28T02:50:56.858447Z  WARN herdr::raw_input: flushing lone escape after input timeout; if this follows an alt chord or focus switch it may reach the pane as plain esc bytes=[27]
2026-07-28T02:51:18.248137Z  WARN herdr::raw_input: flushing lone escape after input timeout; if this follows an alt chord or focus switch it may reach the pane as plain esc bytes=[27]
2026-07-28T02:51:25.194200Z  WARN herdr::raw_input: flushing lone escape after input timeout; if this follows an alt chord or focus switch it may reach the pane as plain esc bytes=[27]
2026-07-28T02:51:38.035789Z  WARN herdr::raw_input: flushing lone escape after input timeout; if this follows an alt chord or focus switch it may reach the pane as plain esc bytes=[27]
2026-07-28T02:51:52.267974Z  WARN herdr::raw_input: flushing lone escape after input timeout; if this follows an alt chord or focus switch it may reach the pane as plain esc bytes=[27]
2026-07-28T02:52:01.828438Z  WARN herdr::raw_input: flushing lone escape after input timeout; if this follows an alt chord or focus switch it may reach the pane as plain esc bytes=[27]
2026-07-28T02:52:14.408920Z  WARN herdr::raw_input: flushing lone escape after input timeout; if this follows an alt chord or focus switch it may reach the pane as plain esc bytes=[27]
2026-07-28T02:52:35.912468Z  INFO herdr::logging: checking for updates event="update.check.start" subsystem="update" outcome="started"
2026-07-28T02:52:38.861133Z  WARN herdr::raw_input: flushing lone escape after input timeout; if this follows an alt chord or focus switch it may reach the pane as plain esc bytes=[27]
2026-07-28T02:53:06.182318Z  WARN herdr::raw_input: flushing lone escape after input timeout; if this follows an alt chord or focus switch it may reach the pane as plain esc bytes=[27]
2026-07-28T02:53:32.786625Z  WARN herdr::raw_input: flushing lone escape after input timeout; if this follows an alt chord or focus switch it may reach the pane as plain esc bytes=[27]
2026-07-28T02:54:22.978017Z  WARN herdr::raw_input: flushing lone escape after input timeout; if this follows an alt chord or focus switch it may reach the pane as plain esc bytes=[27]
2026-07-28T02:55:15.250264Z  WARN herdr::raw_input: flushing lone escape after input timeout; if this follows an alt chord or focus switch it may reach the pane as plain esc bytes=[27]
2026-07-28T02:55:34.480908Z  WARN herdr::raw_input: flushing lone escape after input timeout; if this follows an alt chord or focus switch it may reach the pane as plain esc bytes=[27]
2026-07-28T02:55:37.424457Z  WARN herdr::raw_input: flushing lone escape after input timeout; if this follows an alt chord or focus switch it may reach the pane as plain esc bytes=[27]
2026-07-28T02:55:37.631043Z  WARN herdr::raw_input: flushing lone escape after input timeout; if this follows an alt chord or focus switch it may reach the pane as plain esc bytes=[27]
2026-07-28T02:55:56.229399Z  WARN herdr::raw_input: flushing lone escape after input timeout; if this follows an alt chord or focus switch it may reach the pane as plain esc bytes=[27]
2026-07-28T02:56:06.550345Z  WARN herdr::raw_input: flushing lone escape after input timeout; if this follows an alt chord or focus switch it may reach the pane as plain esc bytes=[27]
2026-07-28T02:56:16.119277Z  WARN herdr::raw_input: flushing lone escape after input timeout; if this follows an alt chord or focus switch it may reach the pane as plain esc bytes=[27]
2026-07-28T02:56:17.453686Z  WARN herdr::raw_input: flushing lone escape after input timeout; if this follows an alt chord or focus switch it may reach the pane as plain esc bytes=[27]
2026-07-28T02:56:23.460876Z  WARN herdr::raw_input: flushing lone escape after input timeout; if this follows an alt chord or focus switch it may reach the pane as plain esc bytes=[27]
2026-07-28T02:56:24.649690Z  INFO herdr::logging: session saved event="persist.save" subsystem="persist" outcome="ok" path=/Users/shahid/.config/herdr/session.json workspaces=3
2026-07-28T02:56:24.853234Z  INFO herdr::logging: tab focused event="tab.focus" subsystem="tab" outcome="ok" workspace_id="w5" tab_id="w5:t1"
2026-07-28T02:56:29.872884Z  INFO herdr::logging: session saved event="persist.save" subsystem="persist" outcome="ok" path=/Users/shahid/.config/herdr/session.json workspaces=3
2026-07-28T02:57:56.800292Z  INFO herdr::logging: tab focused event="tab.focus" subsystem="tab" outcome="ok" workspace_id="w5" tab_id="w5:t1"
2026-07-28T02:58:02.757098Z  INFO herdr::logging: session saved event="persist.save" subsystem="persist" outcome="ok" path=/Users/shahid/.config/herdr/session.json workspaces=3
2026-07-28T02:58:13.407382Z  WARN herdr::raw_input: flushing lone escape after input timeout; if this follows an alt chord or focus switch it may reach the pane as plain esc bytes=[27]
2026-07-28T02:58:36.077390Z  WARN herdr::raw_input: flushing lone escape after input timeout; if this follows an alt chord or focus switch it may reach the pane as plain esc bytes=[27]
2026-07-28T02:58:36.252514Z  INFO herdr::logging: session saved event="persist.save" subsystem="persist" outcome="ok" path=/Users/shahid/.config/herdr/session.json workspaces=3
2026-07-28T02:58:37.250740Z  INFO herdr::logging: tab focused event="tab.focus" subsystem="tab" outcome="ok" workspace_id="w5" tab_id="w5:t1"
2026-07-28T02:58:42.262582Z  INFO herdr::logging: session saved event="persist.save" subsystem="persist" outcome="ok" path=/Users/shahid/.config/herdr/session.json workspaces=3
2026-07-28T03:15:25.230207Z  INFO herdr::logging: tab focused event="tab.focus" subsystem="tab" outcome="ok" workspace_id="w5" tab_id="w5:t1"
2026-07-28T03:15:33.399114Z  INFO herdr::logging: session saved event="persist.save" subsystem="persist" outcome="ok" path=/Users/shahid/.config/herdr/session.json workspaces=3
2026-07-28T03:16:22.058844Z  WARN herdr::raw_input: flushing lone escape after input timeout; if this follows an alt chord or focus switch it may reach the pane as plain esc bytes=[27]
2026-07-28T03:16:34.631790Z  WARN herdr::raw_input: flushing lone escape after input timeout; if this follows an alt chord or focus switch it may reach the pane as plain esc bytes=[27]
2026-07-28T03:16:34.837798Z  WARN herdr::raw_input: flushing lone escape after input timeout; if this follows an alt chord or focus switch it may reach the pane as plain esc bytes=[27]
2026-07-28T03:16:43.569937Z  WARN herdr::raw_input: flushing lone escape after input timeout; if this follows an alt chord or focus switch it may reach the pane as plain esc bytes=[27]
2026-07-28T03:16:56.831246Z  WARN herdr::raw_input: flushing lone escape after input timeout; if this follows an alt chord or focus switch it may reach the pane as plain esc bytes=[27]
2026-07-28T03:17:15.160968Z  WARN herdr::raw_input: flushing lone escape after input timeout; if this follows an alt chord or focus switch it may reach the pane as plain esc bytes=[27]
2026-07-28T03:18:28.674234Z  WARN herdr::raw_input: flushing lone escape after input timeout; if this follows an alt chord or focus switch it may reach the pane as plain esc bytes=[27]
2026-07-28T03:18:46.883474Z  WARN herdr::raw_input: flushing lone escape after input timeout; if this follows an alt chord or focus switch it may reach the pane as plain esc bytes=[27]
2026-07-28T03:19:32.365618Z  WARN herdr::raw_input: flushing lone escape after input timeout; if this follows an alt chord or focus switch it may reach the pane as plain esc bytes=[27]
2026-07-28T03:19:36.446126Z  WARN herdr::raw_input: flushing lone escape after input timeout; if this follows an alt chord or focus switch it may reach the pane as plain esc bytes=[27]
2026-07-28T03:20:02.797785Z  WARN herdr::raw_input: flushing lone escape after input timeout; if this follows an alt chord or focus switch it may reach the pane as plain esc bytes=[27]
2026-07-28T03:20:32.229011Z  WARN herdr::raw_input: flushing lone escape after input timeout; if this follows an alt chord or focus switch it may reach the pane as plain esc bytes=[27]
2026-07-28T03:20:51.684364Z  WARN herdr::raw_input: flushing lone escape after input timeout; if this follows an alt chord or focus switch it may reach the pane as plain esc bytes=[27]
2026-07-28T03:21:17.889017Z  WARN herdr::raw_input: flushing lone escape after input timeout; if this follows an alt chord or focus switch it may reach the pane as plain esc bytes=[27]
2026-07-28T03:21:41.785193Z  WARN herdr::raw_input: flushing lone escape after input timeout; if this follows an alt chord or focus switch it may reach the pane as plain esc bytes=[27]
2026-07-28T03:21:52.946361Z  WARN herdr::raw_input: flushing lone escape after input timeout; if this follows an alt chord or focus switch it may reach the pane as plain esc bytes=[27]
2026-07-28T03:22:07.216502Z  WARN herdr::raw_input: flushing lone escape after input timeout; if this follows an alt chord or focus switch it may reach the pane as plain esc bytes=[27]
2026-07-28T03:22:28.133565Z  WARN herdr::raw_input: flushing lone escape after input timeout; if this follows an alt chord or focus switch it may reach the pane as plain esc bytes=[27]
2026-07-28T03:22:35.933941Z  INFO herdr::logging: checking for updates event="update.check.start" subsystem="update" outcome="started"
2026-07-28T03:24:50.416642Z  WARN herdr::raw_input: flushing lone escape after input timeout; if this follows an alt chord or focus switch it may reach the pane as plain esc bytes=[27]
2026-07-28T03:24:50.634444Z  WARN herdr::raw_input: flushing lone escape after input timeout; if this follows an alt chord or focus switch it may reach the pane as plain esc bytes=[27]
2026-07-28T03:25:03.107435Z  WARN herdr::raw_input: flushing lone escape after input timeout; if this follows an alt chord or focus switch it may reach the pane as plain esc bytes=[27]
2026-07-28T03:25:11.965914Z  WARN herdr::raw_input: flushing lone escape after input timeout; if this follows an alt chord or focus switch it may reach the pane as plain esc bytes=[27]
2026-07-28T03:25:15.060417Z  WARN herdr::raw_input: flushing lone escape after input timeout; if this follows an alt chord or focus switch it may reach the pane as plain esc bytes=[27]
2026-07-28T03:25:27.627376Z  WARN herdr::raw_input: flushing lone escape after input timeout; if this follows an alt chord or focus switch it may reach the pane as plain esc bytes=[27]
2026-07-28T03:26:13.707942Z  WARN herdr::raw_input: flushing lone escape after input timeout; if this follows an alt chord or focus switch it may reach the pane as plain esc bytes=[27]
2026-07-28T03:30:44.918033Z  WARN herdr::raw_input: flushing lone escape after input timeout; if this follows an alt chord or focus switch it may reach the pane as plain esc bytes=[27]
2026-07-28T03:30:55.095237Z  INFO herdr::server::headless: client resize client_id=4 cols=124 rows=31 cell_width_px=0 cell_height_px=0
2026-07-28T03:30:56.213380Z  INFO herdr::server::headless: client resize client_id=4 cols=121 rows=30 cell_width_px=0 cell_height_px=0
2026-07-28T03:44:24.356285Z  INFO herdr::logging: session saved event="persist.save" subsystem="persist" outcome="ok" path=/Users/shahid/.config/herdr/session.json workspaces=3
2026-07-28T03:44:26.614771Z  INFO herdr::logging: tab focused event="tab.focus" subsystem="tab" outcome="ok" workspace_id="w5" tab_id="w5:t1"
2026-07-28T03:44:30.873694Z  INFO herdr::logging: tab focused event="tab.focus" subsystem="tab" outcome="ok" workspace_id="w5" tab_id="w5:t1"
2026-07-28T03:44:32.571041Z  INFO herdr::logging: tab focused event="tab.focus" subsystem="tab" outcome="ok" workspace_id="w5" tab_id="w5:t1"
2026-07-28T03:44:37.588134Z  INFO herdr::logging: session saved event="persist.save" subsystem="persist" outcome="ok" path=/Users/shahid/.config/herdr/session.json workspaces=3
2026-07-28T03:45:33.713348Z  WARN herdr::raw_input: flushing lone escape after input timeout; if this follows an alt chord or focus switch it may reach the pane as plain esc bytes=[27]
2026-07-28T03:45:33.965921Z  WARN herdr::raw_input: flushing lone escape after input timeout; if this follows an alt chord or focus switch it may reach the pane as plain esc bytes=[27]
2026-07-28T03:45:37.251376Z  INFO herdr::logging: tab focused event="tab.focus" subsystem="tab" outcome="ok" workspace_id="w5" tab_id="w5:t1"
2026-07-28T03:45:42.257671Z  INFO herdr::logging: session saved event="persist.save" subsystem="persist" outcome="ok" path=/Users/shahid/.config/herdr/session.json workspaces=3
2026-07-28T03:45:59.338279Z  WARN herdr::raw_input: flushing lone escape after input timeout; if this follows an alt chord or focus switch it may reach the pane as plain esc bytes=[27]
2026-07-28T03:46:15.174731Z  WARN herdr::raw_input: flushing lone escape after input timeout; if this follows an alt chord or focus switch it may reach the pane as plain esc bytes=[27]
2026-07-28T03:46:21.109190Z  WARN herdr::raw_input: flushing lone escape after input timeout; if this follows an alt chord or focus switch it may reach the pane as plain esc bytes=[27]
2026-07-28T03:46:38.482223Z  WARN herdr::raw_input: flushing lone escape after input timeout; if this follows an alt chord or focus switch it may reach the pane as plain esc bytes=[27]
2026-07-28T03:46:48.786449Z  WARN herdr::raw_input: flushing lone escape after input timeout; if this follows an alt chord or focus switch it may reach the pane as plain esc bytes=[27]
2026-07-28T03:46:54.861734Z  WARN herdr::raw_input: flushing lone escape after input timeout; if this follows an alt chord or focus switch it may reach the pane as plain esc bytes=[27]
2026-07-28T03:47:04.370344Z  WARN herdr::raw_input: flushing lone escape after input timeout; if this follows an alt chord or focus switch it may reach the pane as plain esc bytes=[27]
2026-07-28T03:47:04.594900Z  WARN herdr::raw_input: flushing lone escape after input timeout; if this follows an alt chord or focus switch it may reach the pane as plain esc bytes=[27]
2026-07-28T03:47:22.778096Z  WARN herdr::raw_input: flushing lone escape after input timeout; if this follows an alt chord or focus switch it may reach the pane as plain esc bytes=[27]
2026-07-28T03:47:29.825031Z  INFO herdr::logging: workspace focused event="workspace.focus" subsystem="workspace" outcome="ok" workspace_id="w4"
2026-07-28T03:47:29.826864Z  INFO herdr::logging: tab focused event="tab.focus" subsystem="tab" outcome="ok" workspace_id="w4" tab_id="w4:t1"
2026-07-28T03:47:34.833425Z  INFO herdr::logging: session saved event="persist.save" subsystem="persist" outcome="ok" path=/Users/shahid/.config/herdr/session.json workspaces=3
2026-07-28T03:48:04.818190Z  INFO herdr::server::headless: client resize client_id=4 cols=166 rows=40 cell_width_px=0 cell_height_px=0
2026-07-28T03:48:56.214862Z  WARN herdr::raw_input: flushing lone escape after input timeout; if this follows an alt chord or focus switch it may reach the pane as plain esc bytes=[27]
2026-07-28T03:49:19.742179Z  INFO herdr::logging: spawning pane terminal event="pane.spawn.start" subsystem="pane" outcome="started" pane_id=6 rows=39 cols=162 scrollback_limit_bytes=10000000
2026-07-28T03:49:19.757167Z  INFO herdr::logging: pane child spawned event="pane.spawned" subsystem="pane" outcome="ok" pane_id=6 pid=13660
2026-07-28T03:49:19.758247Z  INFO herdr::logging: tab renamed event="tab.rename" subsystem="tab" outcome="ok" workspace_id="w4" tab_id="w4:t2"
2026-07-28T03:49:19.758277Z  INFO herdr::logging: tab focused event="tab.focus" subsystem="tab" outcome="ok" workspace_id="w4" tab_id="w4:t2"
2026-07-28T03:49:24.771278Z  INFO herdr::logging: session saved event="persist.save" subsystem="persist" outcome="ok" path=/Users/shahid/.config/herdr/session.json workspaces=3
2026-07-28T03:49:53.137191Z  INFO herdr::logging: tab focused event="tab.focus" subsystem="tab" outcome="ok" workspace_id="w4" tab_id="w4:t1"
2026-07-28T03:49:58.148463Z  INFO herdr::logging: session saved event="persist.save" subsystem="persist" outcome="ok" path=/Users/shahid/.config/herdr/session.json workspaces=3
2026-07-28T03:50:04.768767Z  WARN herdr::raw_input: flushing lone escape after input timeout; if this follows an alt chord or focus switch it may reach the pane as plain esc bytes=[27]
2026-07-28T03:50:10.115833Z  INFO herdr::logging: tab renamed event="tab.rename" subsystem="tab" outcome="ok" workspace_id="w4" tab_id="w4:t1"
2026-07-28T03:50:15.124807Z  INFO herdr::logging: session saved event="persist.save" subsystem="persist" outcome="ok" path=/Users/shahid/.config/herdr/session.json workspaces=3
2026-07-28T03:50:21.653675Z  INFO herdr::logging: tab focused event="tab.focus" subsystem="tab" outcome="ok" workspace_id="w4" tab_id="w4:t2"
2026-07-28T03:50:26.666361Z  INFO herdr::logging: session saved event="persist.save" subsystem="persist" outcome="ok" path=/Users/shahid/.config/herdr/session.json workspaces=3
2026-07-28T03:50:44.363844Z  INFO herdr::logging: spawning pane terminal event="pane.spawn.start" subsystem="pane" outcome="started" pane_id=7 rows=39 cols=162 scrollback_limit_bytes=10000000
2026-07-28T03:50:44.371786Z  INFO herdr::logging: pane child spawned event="pane.spawned" subsystem="pane" outcome="ok" pane_id=7 pid=14239
2026-07-28T03:50:44.372196Z  INFO herdr::logging: tab focused event="tab.focus" subsystem="tab" outcome="ok" workspace_id="w4" tab_id="w4:t2"
2026-07-28T03:50:49.379810Z  INFO herdr::logging: session saved event="persist.save" subsystem="persist" outcome="ok" path=/Users/shahid/.config/herdr/session.json workspaces=3
2026-07-28T03:50:49.569689Z  INFO herdr::logging: tab focused event="tab.focus" subsystem="tab" outcome="ok" workspace_id="w4" tab_id="w4:t2"
2026-07-28T03:50:51.729302Z  INFO herdr::logging: tab focused event="tab.focus" subsystem="tab" outcome="ok" workspace_id="w4" tab_id="w4:t2"
2026-07-28T03:50:56.738439Z  INFO herdr::logging: session saved event="persist.save" subsystem="persist" outcome="ok" path=/Users/shahid/.config/herdr/session.json workspaces=3
2026-07-28T03:51:10.723487Z  WARN herdr::raw_input: flushing lone escape after input timeout; if this follows an alt chord or focus switch it may reach the pane as plain esc bytes=[27]
2026-07-28T03:51:12.040924Z  INFO herdr::logging: tab focused event="tab.focus" subsystem="tab" outcome="ok" workspace_id="w4" tab_id="w4:t2"
2026-07-28T03:51:17.048248Z  INFO herdr::logging: session saved event="persist.save" subsystem="persist" outcome="ok" path=/Users/shahid/.config/herdr/session.json workspaces=3
2026-07-28T03:51:28.794245Z  INFO herdr::logging: tab focused event="tab.focus" subsystem="tab" outcome="ok" workspace_id="w4" tab_id="w4:t2"
2026-07-28T03:51:33.805922Z  INFO herdr::logging: session saved event="persist.save" subsystem="persist" outcome="ok" path=/Users/shahid/.config/herdr/session.json workspaces=3
2026-07-28T03:52:35.918860Z  INFO herdr::logging: checking for updates event="update.check.start" subsystem="update" outcome="started"
2026-07-28T03:52:39.163881Z  INFO herdr::logging: spawning pane terminal event="pane.spawn.start" subsystem="pane" outcome="started" pane_id=8 rows=39 cols=81 scrollback_limit_bytes=10000000
2026-07-28T03:52:39.170713Z  INFO herdr::logging: pane child spawned event="pane.spawned" subsystem="pane" outcome="ok" pane_id=8 pid=15271
2026-07-28T03:52:39.170930Z  INFO herdr::logging: tab renamed event="tab.rename" subsystem="tab" outcome="ok" workspace_id="w4" tab_id="w4:t3"
2026-07-28T03:52:39.170940Z  INFO herdr::logging: tab focused event="tab.focus" subsystem="tab" outcome="ok" workspace_id="w4" tab_id="w4:t3"
2026-07-28T03:52:44.177951Z  INFO herdr::logging: session saved event="persist.save" subsystem="persist" outcome="ok" path=/Users/shahid/.config/herdr/session.json workspaces=3
2026-07-28T03:52:48.387613Z  WARN herdr::raw_input: flushing lone escape after input timeout; if this follows an alt chord or focus switch it may reach the pane as plain esc bytes=[27]
2026-07-28T03:52:58.600776Z  INFO herdr::logging: tab focused event="tab.focus" subsystem="tab" outcome="ok" workspace_id="w4" tab_id="w4:t2"
2026-07-28T03:53:02.845936Z  INFO herdr::logging: tab focused event="tab.focus" subsystem="tab" outcome="ok" workspace_id="w4" tab_id="w4:t1"
2026-07-28T03:53:07.857431Z  INFO herdr::logging: session saved event="persist.save" subsystem="persist" outcome="ok" path=/Users/shahid/.config/herdr/session.json workspaces=3
2026-07-28T03:53:24.655943Z  INFO herdr::logging: spawning pane terminal event="pane.spawn.start" subsystem="pane" outcome="started" pane_id=9 rows=39 cols=162 scrollback_limit_bytes=10000000
2026-07-28T03:53:24.664844Z  INFO herdr::logging: pane child spawned event="pane.spawned" subsystem="pane" outcome="ok" pane_id=9 pid=15783
2026-07-28T03:53:24.665104Z  INFO herdr::logging: tab focused event="tab.focus" subsystem="tab" outcome="ok" workspace_id="w4" tab_id="w4:t1"
2026-07-28T03:53:29.675140Z  INFO herdr::logging: session saved event="persist.save" subsystem="persist" outcome="ok" path=/Users/shahid/.config/herdr/session.json workspaces=3
2026-07-28T03:53:29.950470Z  INFO herdr::logging: tab focused event="tab.focus" subsystem="tab" outcome="ok" workspace_id="w4" tab_id="w4:t1"
2026-07-28T03:53:34.956357Z  INFO herdr::logging: session saved event="persist.save" subsystem="persist" outcome="ok" path=/Users/shahid/.config/herdr/session.json workspaces=3
2026-07-28T03:53:39.730881Z  INFO herdr::logging: tab focused event="tab.focus" subsystem="tab" outcome="ok" workspace_id="w4" tab_id="w4:t1"
2026-07-28T03:53:44.749346Z  INFO herdr::logging: session saved event="persist.save" subsystem="persist" outcome="ok" path=/Users/shahid/.config/herdr/session.json workspaces=3
2026-07-28T03:53:51.085307Z  INFO herdr::logging: tab focused event="tab.focus" subsystem="tab" outcome="ok" workspace_id="w4" tab_id="w4:t1"
2026-07-28T03:53:56.092891Z  INFO herdr::logging: session saved event="persist.save" subsystem="persist" outcome="ok" path=/Users/shahid/.config/herdr/session.json workspaces=3
2026-07-28T03:54:13.535503Z  INFO herdr::logging: tab focused event="tab.focus" subsystem="tab" outcome="ok" workspace_id="w4" tab_id="w4:t2"
2026-07-28T03:54:18.541424Z  INFO herdr::logging: session saved event="persist.save" subsystem="persist" outcome="ok" path=/Users/shahid/.config/herdr/session.json workspaces=3
2026-07-28T03:54:20.571885Z  INFO herdr::logging: tab focused event="tab.focus" subsystem="tab" outcome="ok" workspace_id="w4" tab_id="w4:t2"
2026-07-28T03:54:25.579249Z  INFO herdr::logging: session saved event="persist.save" subsystem="persist" outcome="ok" path=/Users/shahid/.config/herdr/session.json workspaces=3
2026-07-28T03:54:25.715381Z  INFO herdr::logging: tab focused event="tab.focus" subsystem="tab" outcome="ok" workspace_id="w4" tab_id="w4:t3"
2026-07-28T03:54:30.721304Z  INFO herdr::logging: session saved event="persist.save" subsystem="persist" outcome="ok" path=/Users/shahid/.config/herdr/session.json workspaces=3
2026-07-28T03:54:35.376814Z  INFO herdr::logging: workspace focused event="workspace.focus" subsystem="workspace" outcome="ok" workspace_id="w5"
2026-07-28T03:54:35.376905Z  INFO herdr::logging: tab focused event="tab.focus" subsystem="tab" outcome="ok" workspace_id="w5" tab_id="w5:t1"
2026-07-28T03:54:40.385832Z  INFO herdr::logging: session saved event="persist.save" subsystem="persist" outcome="ok" path=/Users/shahid/.config/herdr/session.json workspaces=3
2026-07-28T03:55:05.571626Z  INFO herdr::logging: tab renamed event="tab.rename" subsystem="tab" outcome="ok" workspace_id="w5" tab_id="w5:t1"
2026-07-28T03:55:10.574335Z  INFO herdr::logging: session saved event="persist.save" subsystem="persist" outcome="ok" path=/Users/shahid/.config/herdr/session.json workspaces=3
2026-07-28T03:55:17.406733Z  INFO herdr::logging: spawning pane terminal event="pane.spawn.start" subsystem="pane" outcome="started" pane_id=10 rows=39 cols=81 scrollback_limit_bytes=10000000
2026-07-28T03:55:17.419320Z  INFO herdr::logging: pane child spawned event="pane.spawned" subsystem="pane" outcome="ok" pane_id=10 pid=17043
2026-07-28T03:55:17.419545Z  INFO herdr::logging: tab renamed event="tab.rename" subsystem="tab" outcome="ok" workspace_id="w5" tab_id="w5:t2"
2026-07-28T03:55:17.419553Z  INFO herdr::logging: tab focused event="tab.focus" subsystem="tab" outcome="ok" workspace_id="w5" tab_id="w5:t2"
2026-07-28T03:55:22.423155Z  INFO herdr::logging: session saved event="persist.save" subsystem="persist" outcome="ok" path=/Users/shahid/.config/herdr/session.json workspaces=3
2026-07-28T03:55:24.186863Z  INFO herdr::logging: tab focused event="tab.focus" subsystem="tab" outcome="ok" workspace_id="w5" tab_id="w5:t1"
2026-07-28T03:55:27.245887Z  INFO herdr::logging: tab focused event="tab.focus" subsystem="tab" outcome="ok" workspace_id="w5" tab_id="w5:t1"
2026-07-28T03:55:30.589974Z  INFO herdr::logging: pane child exited event="pane.exit" subsystem="pane" outcome="completed" pane_id=4 status="ExitStatus { code: 0, signal: None }"
2026-07-28T03:55:30.590275Z  INFO herdr::pane: pane session terminated pane=4 pid=65180 signal=Hangup
2026-07-28T03:55:35.595349Z  INFO herdr::logging: session saved event="persist.save" subsystem="persist" outcome="ok" path=/Users/shahid/.config/herdr/session.json workspaces=3
2026-07-28T03:55:36.357841Z  INFO herdr::logging: tab focused event="tab.focus" subsystem="tab" outcome="ok" workspace_id="w5" tab_id="w5:t2"
2026-07-28T03:55:41.361662Z  INFO herdr::logging: session saved event="persist.save" subsystem="persist" outcome="ok" path=/Users/shahid/.config/herdr/session.json workspaces=3
2026-07-28T03:55:42.368142Z  INFO herdr::logging: spawning pane terminal event="pane.spawn.start" subsystem="pane" outcome="started" pane_id=11 rows=39 cols=162 scrollback_limit_bytes=10000000
2026-07-28T03:55:42.374941Z  INFO herdr::logging: pane child spawned event="pane.spawned" subsystem="pane" outcome="ok" pane_id=11 pid=18037
2026-07-28T03:55:42.375154Z  INFO herdr::logging: tab focused event="tab.focus" subsystem="tab" outcome="ok" workspace_id="w5" tab_id="w5:t2"
2026-07-28T03:55:45.757029Z  INFO herdr::logging: tab focused event="tab.focus" subsystem="tab" outcome="ok" workspace_id="w5" tab_id="w5:t2"
2026-07-28T03:55:50.765878Z  INFO herdr::logging: session saved event="persist.save" subsystem="persist" outcome="ok" path=/Users/shahid/.config/herdr/session.json workspaces=3
2026-07-28T03:56:04.552113Z  INFO herdr::logging: workspace focused event="workspace.focus" subsystem="workspace" outcome="ok" workspace_id="w3"
2026-07-28T03:56:04.552462Z  INFO herdr::logging: tab focused event="tab.focus" subsystem="tab" outcome="ok" workspace_id="w3" tab_id="w3:t1"
2026-07-28T03:56:09.558300Z  INFO herdr::logging: session saved event="persist.save" subsystem="persist" outcome="ok" path=/Users/shahid/.config/herdr/session.json workspaces=3
2026-07-28T04:01:52.756475Z  INFO herdr::server::headless: client resize client_id=4 cols=156 rows=33 cell_width_px=0 cell_height_px=0
2026-07-28T04:01:54.069387Z  INFO herdr::server::headless: client resize client_id=4 cols=166 rows=33 cell_width_px=0 cell_height_px=0
2026-07-28T04:01:57.758081Z  INFO herdr::server::headless: client resize client_id=4 cols=121 rows=30 cell_width_px=0 cell_height_px=0
2026-07-28T04:01:58.918001Z  INFO herdr::server::headless: client resize client_id=4 cols=166 rows=31 cell_width_px=0 cell_height_px=0
2026-07-28T04:22:35.929442Z  INFO herdr::logging: checking for updates event="update.check.start" subsystem="update" outcome="started"
2026-07-28T05:05:31.581474Z  INFO herdr::logging: checking for updates event="update.check.start" subsystem="update" outcome="started"
2026-07-28T05:28:09.586434Z  INFO herdr::server::headless: client resize client_id=4 cols=166 rows=33 cell_width_px=0 cell_height_px=0
2026-07-28T05:28:10.537976Z  INFO herdr::server::headless: client resize client_id=4 cols=166 rows=40 cell_width_px=0 cell_height_px=0
2026-07-28T05:28:10.545263Z  INFO herdr::server::headless: client resize client_id=4 cols=83 rows=15 cell_width_px=0 cell_height_px=0
2026-07-28T05:28:10.558874Z  INFO herdr::server::headless: client resize client_id=4 cols=166 rows=33 cell_width_px=0 cell_height_px=0
2026-07-28T05:41:37.258318Z  INFO herdr::server::headless: client resize client_id=4 cols=166 rows=40 cell_width_px=0 cell_height_px=0
2026-07-28T05:41:50.316427Z  INFO herdr::logging: workspace focused event="workspace.focus" subsystem="workspace" outcome="ok" workspace_id="w5"
2026-07-28T05:41:50.318534Z  INFO herdr::logging: tab focused event="tab.focus" subsystem="tab" outcome="ok" workspace_id="w5" tab_id="w5:t1"
2026-07-28T05:41:55.331348Z  INFO herdr::logging: session saved event="persist.save" subsystem="persist" outcome="ok" path=/Users/shahid/.config/herdr/session.json workspaces=3
2026-07-28T05:43:38.062456Z  INFO herdr::logging: tab focused event="tab.focus" subsystem="tab" outcome="ok" workspace_id="w5" tab_id="w5:t2"
2026-07-28T05:43:43.072605Z  INFO herdr::logging: session saved event="persist.save" subsystem="persist" outcome="ok" path=/Users/shahid/.config/herdr/session.json workspaces=3
2026-07-28T05:44:21.515612Z  INFO herdr::logging: checking for updates event="update.check.start" subsystem="update" outcome="started"
2026-07-28T05:45:37.584658Z  WARN herdr::raw_input: flushing lone escape after input timeout; if this follows an alt chord or focus switch it may reach the pane as plain esc bytes=[27]
2026-07-28T05:48:37.496946Z  INFO herdr::logging: tab focused event="tab.focus" subsystem="tab" outcome="ok" workspace_id="w5" tab_id="w5:t1"
2026-07-28T05:48:42.512899Z  INFO herdr::logging: session saved event="persist.save" subsystem="persist" outcome="ok" path=/Users/shahid/.config/herdr/session.json workspaces=3
2026-07-28T05:49:05.602548Z  WARN herdr::raw_input: flushing lone escape after input timeout; if this follows an alt chord or focus switch it may reach the pane as plain esc bytes=[27]
2026-07-28T05:49:52.110286Z  WARN herdr::raw_input: flushing lone escape after input timeout; if this follows an alt chord or focus switch it may reach the pane as plain esc bytes=[27]
2026-07-28T05:49:53.753584Z  WARN herdr::raw_input: flushing lone escape after input timeout; if this follows an alt chord or focus switch it may reach the pane as plain esc bytes=[27]
2026-07-28T05:49:54.132352Z  WARN herdr::raw_input: flushing lone escape after input timeout; if this follows an alt chord or focus switch it may reach the pane as plain esc bytes=[27]
2026-07-28T05:49:57.609926Z  WARN herdr::raw_input: flushing lone escape after input timeout; if this follows an alt chord or focus switch it may reach the pane as plain esc bytes=[27]
2026-07-28T05:51:26.979644Z  WARN herdr::raw_input: flushing lone escape after input timeout; if this follows an alt chord or focus switch it may reach the pane as plain esc bytes=[27]
2026-07-28T05:51:31.055291Z  WARN herdr::raw_input: flushing lone escape after input timeout; if this follows an alt chord or focus switch it may reach the pane as plain esc bytes=[27]
2026-07-28T05:52:08.574455Z  WARN herdr::raw_input: flushing lone escape after input timeout; if this follows an alt chord or focus switch it may reach the pane as plain esc bytes=[27]
2026-07-28T05:52:15.514539Z  WARN herdr::raw_input: flushing lone escape after input timeout; if this follows an alt chord or focus switch it may reach the pane as plain esc bytes=[27]
2026-07-28T05:53:37.949682Z  WARN herdr::raw_input: flushing lone escape after input timeout; if this follows an alt chord or focus switch it may reach the pane as plain esc bytes=[27]
2026-07-28T05:53:42.652497Z  WARN herdr::raw_input: flushing lone escape after input timeout; if this follows an alt chord or focus switch it may reach the pane as plain esc bytes=[27]
2026-07-28T05:53:42.859853Z  WARN herdr::raw_input: flushing lone escape after input timeout; if this follows an alt chord or focus switch it may reach the pane as plain esc bytes=[27]
2026-07-28T05:54:56.799019Z  WARN herdr::raw_input: flushing lone escape after input timeout; if this follows an alt chord or focus switch it may reach the pane as plain esc bytes=[27]
2026-07-28T05:54:57.041824Z  WARN herdr::raw_input: flushing lone escape after input timeout; if this follows an alt chord or focus switch it may reach the pane as plain esc bytes=[27]
2026-07-28T06:14:21.577186Z  INFO herdr::logging: checking for updates event="update.check.start" subsystem="update" outcome="started"
2026-07-28T06:16:41.162840Z  INFO herdr::server::headless: client resize client_id=4 cols=166 rows=33 cell_width_px=0 cell_height_px=0
2026-07-28T06:16:47.291651Z  INFO herdr::server::headless: client resize client_id=4 cols=166 rows=31 cell_width_px=0 cell_height_px=0
2026-07-28T06:44:21.570621Z  INFO herdr::logging: checking for updates event="update.check.start" subsystem="update" outcome="started"
2026-07-28T07:14:21.569094Z  INFO herdr::logging: checking for updates event="update.check.start" subsystem="update" outcome="started"
2026-07-28T07:21:50.766836Z  INFO herdr::server::headless: client resize client_id=4 cols=166 rows=40 cell_width_px=0 cell_height_px=0
2026-07-28T07:35:45.207647Z  INFO herdr::server::headless: client resize client_id=4 cols=166 rows=33 cell_width_px=0 cell_height_px=0
2026-07-28T07:35:48.984211Z  INFO herdr::server::headless: client resize client_id=4 cols=166 rows=31 cell_width_px=0 cell_height_px=0
2026-07-28T07:40:50.886701Z  INFO herdr::server::headless: client resize client_id=4 cols=166 rows=40 cell_width_px=0 cell_height_px=0
2026-07-28T07:44:25.299606Z  INFO herdr::logging: checking for updates event="update.check.start" subsystem="update" outcome="started"
2026-07-28T08:14:25.319747Z  INFO herdr::logging: checking for updates event="update.check.start" subsystem="update" outcome="started"
2026-07-28T08:44:25.357731Z  INFO herdr::logging: checking for updates event="update.check.start" subsystem="update" outcome="started"
2026-07-28T08:51:49.713645Z  INFO herdr::server::headless: client resize client_id=4 cols=166 rows=33 cell_width_px=0 cell_height_px=0
2026-07-28T10:35:52.353305Z  INFO herdr::server::headless: client resize client_id=4 cols=166 rows=31 cell_width_px=0 cell_height_px=0
2026-07-28T10:36:30.588078Z  INFO herdr::server::headless: client resize client_id=4 cols=121 rows=30 cell_width_px=0 cell_height_px=0
2026-07-28T10:36:35.776177Z  WARN herdr::raw_input: flushing lone escape after input timeout; if this follows an alt chord or focus switch it may reach the pane as plain esc bytes=[27]
2026-07-28T10:36:38.941113Z  INFO herdr::logging: tab focused event="tab.focus" subsystem="tab" outcome="ok" workspace_id="w5" tab_id="w5:t2"
2026-07-28T10:36:43.962229Z  INFO herdr::logging: session saved event="persist.save" subsystem="persist" outcome="ok" path=/Users/shahid/.config/herdr/session.json workspaces=3
2026-07-28T10:37:04.572369Z  INFO herdr::logging: tab focused event="tab.focus" subsystem="tab" outcome="ok" workspace_id="w5" tab_id="w5:t1"
2026-07-28T10:37:09.592440Z  INFO herdr::logging: session saved event="persist.save" subsystem="persist" outcome="ok" path=/Users/shahid/.config/herdr/session.json workspaces=3
2026-07-28T10:37:35.501297Z  WARN herdr::raw_input: flushing lone escape after input timeout; if this follows an alt chord or focus switch it may reach the pane as plain esc bytes=[27]
2026-07-28T10:37:48.563189Z  WARN herdr::raw_input: flushing lone escape after input timeout; if this follows an alt chord or focus switch it may reach the pane as plain esc bytes=[27]
2026-07-28T10:38:04.374768Z  WARN herdr::raw_input: flushing lone escape after input timeout; if this follows an alt chord or focus switch it may reach the pane as plain esc bytes=[27]
2026-07-28T10:38:08.772858Z  WARN herdr::raw_input: flushing lone escape after input timeout; if this follows an alt chord or focus switch it may reach the pane as plain esc bytes=[27]
2026-07-28T10:38:15.626340Z  WARN herdr::raw_input: flushing lone escape after input timeout; if this follows an alt chord or focus switch it may reach the pane as plain esc bytes=[27]
2026-07-28T10:38:20.487080Z  WARN herdr::raw_input: flushing lone escape after input timeout; if this follows an alt chord or focus switch it may reach the pane as plain esc bytes=[27]
2026-07-28T10:38:29.341605Z  WARN herdr::raw_input: flushing lone escape after input timeout; if this follows an alt chord or focus switch it may reach the pane as plain esc bytes=[27]
2026-07-28T10:38:37.026853Z  WARN herdr::raw_input: flushing lone escape after input timeout; if this follows an alt chord or focus switch it may reach the pane as plain esc bytes=[27]
2026-07-28T10:39:26.614518Z  WARN herdr::raw_input: flushing lone escape after input timeout; if this follows an alt chord or focus switch it may reach the pane as plain esc bytes=[27]
2026-07-28T10:39:28.549906Z  WARN herdr::raw_input: flushing lone escape after input timeout; if this follows an alt chord or focus switch it may reach the pane as plain esc bytes=[27]
2026-07-28T10:39:33.546298Z  WARN herdr::raw_input: flushing lone escape after input timeout; if this follows an alt chord or focus switch it may reach the pane as plain esc bytes=[27]
2026-07-28T10:39:35.293329Z  WARN herdr::raw_input: flushing lone escape after input timeout; if this follows an alt chord or focus switch it may reach the pane as plain esc bytes=[27]
2026-07-28T10:40:14.842553Z  WARN herdr::raw_input: flushing lone escape after input timeout; if this follows an alt chord or focus switch it may reach the pane as plain esc bytes=[27]
2026-07-28T10:40:16.907818Z  WARN herdr::raw_input: flushing lone escape after input timeout; if this follows an alt chord or focus switch it may reach the pane as plain esc bytes=[27]
2026-07-28T10:40:19.923014Z  WARN herdr::raw_input: flushing lone escape after input timeout; if this follows an alt chord or focus switch it may reach the pane as plain esc bytes=[27]
2026-07-28T10:40:21.846582Z  WARN herdr::raw_input: flushing lone escape after input timeout; if this follows an alt chord or focus switch it may reach the pane as plain esc bytes=[27]
2026-07-28T10:40:24.392927Z  WARN herdr::raw_input: flushing lone escape after input timeout; if this follows an alt chord or focus switch it may reach the pane as plain esc bytes=[27]
2026-07-28T10:40:26.784998Z  WARN herdr::raw_input: flushing lone escape after input timeout; if this follows an alt chord or focus switch it may reach the pane as plain esc bytes=[27]
2026-07-28T10:41:04.684935Z  WARN herdr::raw_input: flushing lone escape after input timeout; if this follows an alt chord or focus switch it may reach the pane as plain esc bytes=[27]
2026-07-28T10:41:20.059851Z  WARN herdr::raw_input: flushing lone escape after input timeout; if this follows an alt chord or focus switch it may reach the pane as plain esc bytes=[27]
2026-07-28T10:41:25.886673Z  WARN herdr::raw_input: flushing lone escape after input timeout; if this follows an alt chord or focus switch it may reach the pane as plain esc bytes=[27]
2026-07-28T10:41:55.465416Z  WARN herdr::raw_input: flushing lone escape after input timeout; if this follows an alt chord or focus switch it may reach the pane as plain esc bytes=[27]
2026-07-28T10:42:17.486556Z  WARN herdr::raw_input: flushing lone escape after input timeout; if this follows an alt chord or focus switch it may reach the pane as plain esc bytes=[27]
2026-07-28T10:42:19.241178Z  WARN herdr::raw_input: flushing lone escape after input timeout; if this follows an alt chord or focus switch it may reach the pane as plain esc bytes=[27]
2026-07-28T10:42:30.283532Z  WARN herdr::raw_input: flushing lone escape after input timeout; if this follows an alt chord or focus switch it may reach the pane as plain esc bytes=[27]
2026-07-28T10:43:47.139264Z  WARN herdr::raw_input: flushing lone escape after input timeout; if this follows an alt chord or focus switch it may reach the pane as plain esc bytes=[27]
2026-07-28T10:44:02.785445Z  WARN herdr::raw_input: flushing lone escape after input timeout; if this follows an alt chord or focus switch it may reach the pane as plain esc bytes=[27]
2026-07-28T10:44:08.790453Z  WARN herdr::raw_input: flushing lone escape after input timeout; if this follows an alt chord or focus switch it may reach the pane as plain esc bytes=[27]
2026-07-28T10:44:30.832857Z  INFO herdr::logging: tab focused event="tab.focus" subsystem="tab" outcome="ok" workspace_id="w5" tab_id="w5:t2"
2026-07-28T10:44:34.963565Z  INFO herdr::logging: tab focused event="tab.focus" subsystem="tab" outcome="ok" workspace_id="w5" tab_id="w5:t2"
2026-07-28T10:44:39.984134Z  INFO herdr::logging: session saved event="persist.save" subsystem="persist" outcome="ok" path=/Users/shahid/.config/herdr/session.json workspaces=3
2026-07-28T10:45:01.792551Z  WARN herdr::raw_input: flushing lone escape after input timeout; if this follows an alt chord or focus switch it may reach the pane as plain esc bytes=[27]
2026-07-28T10:45:02.502433Z  INFO herdr::logging: tab focused event="tab.focus" subsystem="tab" outcome="ok" workspace_id="w5" tab_id="w5:t2"
2026-07-28T10:45:07.529350Z  INFO herdr::logging: session saved event="persist.save" subsystem="persist" outcome="ok" path=/Users/shahid/.config/herdr/session.json workspaces=3
2026-07-28T10:46:05.079988Z  INFO herdr::logging: tab focused event="tab.focus" subsystem="tab" outcome="ok" workspace_id="w5" tab_id="w5:t1"
2026-07-28T10:46:10.089720Z  INFO herdr::logging: session saved event="persist.save" subsystem="persist" outcome="ok" path=/Users/shahid/.config/herdr/session.json workspaces=3
2026-07-28T10:47:27.259677Z  WARN herdr::raw_input: flushing lone escape after input timeout; if this follows an alt chord or focus switch it may reach the pane as plain esc bytes=[27]
2026-07-28T10:47:40.148237Z  WARN herdr::raw_input: flushing lone escape after input timeout; if this follows an alt chord or focus switch it may reach the pane as plain esc bytes=[27]
2026-07-28T10:47:47.110379Z  WARN herdr::raw_input: flushing lone escape after input timeout; if this follows an alt chord or focus switch it may reach the pane as plain esc bytes=[27]
2026-07-28T10:47:50.633324Z  WARN herdr::raw_input: flushing lone escape after input timeout; if this follows an alt chord or focus switch it may reach the pane as plain esc bytes=[27]
2026-07-28T10:48:04.958520Z  WARN herdr::raw_input: flushing lone escape after input timeout; if this follows an alt chord or focus switch it may reach the pane as plain esc bytes=[27]
2026-07-28T10:48:08.211467Z  WARN herdr::raw_input: flushing lone escape after input timeout; if this follows an alt chord or focus switch it may reach the pane as plain esc bytes=[27]
2026-07-28T10:48:36.285354Z  WARN herdr::raw_input: flushing lone escape after input timeout; if this follows an alt chord or focus switch it may reach the pane as plain esc bytes=[27]
2026-07-28T10:48:41.253860Z  WARN herdr::raw_input: flushing lone escape after input timeout; if this follows an alt chord or focus switch it may reach the pane as plain esc bytes=[27]
2026-07-28T10:48:59.208493Z  WARN herdr::raw_input: flushing lone escape after input timeout; if this follows an alt chord or focus switch it may reach the pane as plain esc bytes=[27]
2026-07-28T10:49:12.755246Z  WARN herdr::raw_input: flushing lone escape after input timeout; if this follows an alt chord or focus switch it may reach the pane as plain esc bytes=[27]
2026-07-28T10:49:35.543180Z  WARN herdr::raw_input: flushing lone escape after input timeout; if this follows an alt chord or focus switch it may reach the pane as plain esc bytes=[27]
2026-07-28T10:49:47.599628Z  WARN herdr::raw_input: flushing lone escape after input timeout; if this follows an alt chord or focus switch it may reach the pane as plain esc bytes=[27]
2026-07-28T10:51:16.699350Z  WARN herdr::raw_input: flushing lone escape after input timeout; if this follows an alt chord or focus switch it may reach the pane as plain esc bytes=[27]
2026-07-28T10:51:25.549711Z  INFO herdr::logging: tab focused event="tab.focus" subsystem="tab" outcome="ok" workspace_id="w5" tab_id="w5:t2"
2026-07-28T10:51:30.566222Z  INFO herdr::logging: session saved event="persist.save" subsystem="persist" outcome="ok" path=/Users/shahid/.config/herdr/session.json workspaces=3
2026-07-28T10:52:27.635413Z  INFO herdr::logging: tab focused event="tab.focus" subsystem="tab" outcome="ok" workspace_id="w5" tab_id="w5:t1"
2026-07-28T10:52:32.652761Z  INFO herdr::logging: session saved event="persist.save" subsystem="persist" outcome="ok" path=/Users/shahid/.config/herdr/session.json workspaces=3
2026-07-28T10:52:48.287596Z  WARN herdr::raw_input: flushing lone escape after input timeout; if this follows an alt chord or focus switch it may reach the pane as plain esc bytes=[27]
2026-07-28T10:54:14.437903Z  WARN herdr::raw_input: flushing lone escape after input timeout; if this follows an alt chord or focus switch it may reach the pane as plain esc bytes=[27]
2026-07-28T10:54:38.694452Z  WARN herdr::raw_input: flushing lone escape after input timeout; if this follows an alt chord or focus switch it may reach the pane as plain esc bytes=[27]
2026-07-28T10:54:45.278802Z  WARN herdr::raw_input: flushing lone escape after input timeout; if this follows an alt chord or focus switch it may reach the pane as plain esc bytes=[27]
2026-07-28T10:55:05.318055Z  WARN herdr::raw_input: flushing lone escape after input timeout; if this follows an alt chord or focus switch it may reach the pane as plain esc bytes=[27]
2026-07-28T10:55:18.806503Z  WARN herdr::raw_input: flushing lone escape after input timeout; if this follows an alt chord or focus switch it may reach the pane as plain esc bytes=[27]
2026-07-28T10:55:35.833287Z  WARN herdr::raw_input: flushing lone escape after input timeout; if this follows an alt chord or focus switch it may reach the pane as plain esc bytes=[27]
2026-07-28T10:55:44.107323Z  WARN herdr::raw_input: flushing lone escape after input timeout; if this follows an alt chord or focus switch it may reach the pane as plain esc bytes=[27]
2026-07-28T10:56:04.422715Z  WARN herdr::raw_input: flushing lone escape after input timeout; if this follows an alt chord or focus switch it may reach the pane as plain esc bytes=[27]
2026-07-28T10:56:07.093439Z  INFO herdr::logging: checking for updates event="update.check.start" subsystem="update" outcome="started"
2026-07-28T10:56:25.167398Z  WARN herdr::raw_input: flushing lone escape after input timeout; if this follows an alt chord or focus switch it may reach the pane as plain esc bytes=[27]
2026-07-28T10:56:36.673785Z  WARN herdr::raw_input: flushing lone escape after input timeout; if this follows an alt chord or focus switch it may reach the pane as plain esc bytes=[27]
2026-07-28T10:56:57.737416Z  WARN herdr::raw_input: flushing lone escape after input timeout; if this follows an alt chord or focus switch it may reach the pane as plain esc bytes=[27]
2026-07-28T10:59:37.448604Z  WARN herdr::raw_input: flushing lone escape after input timeout; if this follows an alt chord or focus switch it may reach the pane as plain esc bytes=[27]
2026-07-28T10:59:41.230697Z  WARN herdr::raw_input: flushing lone escape after input timeout; if this follows an alt chord or focus switch it may reach the pane as plain esc bytes=[27]
2026-07-28T10:59:41.464056Z  WARN herdr::raw_input: flushing lone escape after input timeout; if this follows an alt chord or focus switch it may reach the pane as plain esc bytes=[27]
2026-07-28T10:59:53.831815Z  WARN herdr::raw_input: flushing lone escape after input timeout; if this follows an alt chord or focus switch it may reach the pane as plain esc bytes=[27]
2026-07-28T11:00:02.516391Z  WARN herdr::raw_input: flushing lone escape after input timeout; if this follows an alt chord or focus switch it may reach the pane as plain esc bytes=[27]
2026-07-28T11:00:06.333232Z  WARN herdr::raw_input: flushing lone escape after input timeout; if this follows an alt chord or focus switch it may reach the pane as plain esc bytes=[27]
2026-07-28T11:04:20.741015Z  WARN herdr::raw_input: flushing lone escape after input timeout; if this follows an alt chord or focus switch it may reach the pane as plain esc bytes=[27]
2026-07-28T11:05:00.655691Z  WARN herdr::raw_input: flushing lone escape after input timeout; if this follows an alt chord or focus switch it may reach the pane as plain esc bytes=[27]
2026-07-28T11:05:15.917377Z  WARN herdr::raw_input: flushing lone escape after input timeout; if this follows an alt chord or focus switch it may reach the pane as plain esc bytes=[27]
2026-07-28T11:05:46.742304Z  WARN herdr::raw_input: flushing lone escape after input timeout; if this follows an alt chord or focus switch it may reach the pane as plain esc bytes=[27]
2026-07-28T11:05:47.974109Z  WARN herdr::raw_input: flushing lone escape after input timeout; if this follows an alt chord or focus switch it may reach the pane as plain esc bytes=[27]
2026-07-28T11:06:27.169553Z  WARN herdr::raw_input: flushing lone escape after input timeout; if this follows an alt chord or focus switch it may reach the pane as plain esc bytes=[27]
2026-07-28T11:06:32.217566Z  WARN herdr::raw_input: flushing lone escape after input timeout; if this follows an alt chord or focus switch it may reach the pane as plain esc bytes=[27]
2026-07-28T11:06:36.654318Z  WARN herdr::raw_input: flushing lone escape after input timeout; if this follows an alt chord or focus switch it may reach the pane as plain esc bytes=[27]
2026-07-28T11:06:46.164055Z  WARN herdr::raw_input: flushing lone escape after input timeout; if this follows an alt chord or focus switch it may reach the pane as plain esc bytes=[27]
2026-07-28T11:06:49.240799Z  WARN herdr::raw_input: flushing lone escape after input timeout; if this follows an alt chord or focus switch it may reach the pane as plain esc bytes=[27]
2026-07-28T11:07:12.907378Z  WARN herdr::raw_input: flushing lone escape after input timeout; if this follows an alt chord or focus switch it may reach the pane as plain esc bytes=[27]
2026-07-28T11:07:52.655897Z  WARN herdr::raw_input: flushing lone escape after input timeout; if this follows an alt chord or focus switch it may reach the pane as plain esc bytes=[27]
2026-07-28T11:08:04.741261Z  INFO herdr::logging: tab focused event="tab.focus" subsystem="tab" outcome="ok" workspace_id="w5" tab_id="w5:t2"
2026-07-28T11:08:08.871920Z  WARN herdr::raw_input: flushing lone escape after input timeout; if this follows an alt chord or focus switch it may reach the pane as plain esc bytes=[27]
2026-07-28T11:08:09.758254Z  INFO herdr::logging: session saved event="persist.save" subsystem="persist" outcome="ok" path=/Users/shahid/.config/herdr/session.json workspaces=3
2026-07-28T11:13:35.681466Z  INFO herdr::logging: tab focused event="tab.focus" subsystem="tab" outcome="ok" workspace_id="w5" tab_id="w5:t2"
2026-07-28T11:13:40.699078Z  INFO herdr::logging: session saved event="persist.save" subsystem="persist" outcome="ok" path=/Users/shahid/.config/herdr/session.json workspaces=3
2026-07-28T11:13:41.487377Z  WARN herdr::raw_input: flushing lone escape after input timeout; if this follows an alt chord or focus switch it may reach the pane as plain esc bytes=[27]
2026-07-28T11:13:41.790184Z  WARN herdr::raw_input: flushing lone escape after input timeout; if this follows an alt chord or focus switch it may reach the pane as plain esc bytes=[27]
2026-07-28T11:13:45.557463Z  WARN herdr::raw_input: flushing lone escape after input timeout; if this follows an alt chord or focus switch it may reach the pane as plain esc bytes=[27]
2026-07-28T11:13:45.780192Z  WARN herdr::raw_input: flushing lone escape after input timeout; if this follows an alt chord or focus switch it may reach the pane as plain esc bytes=[27]
2026-07-28T11:13:45.971964Z  WARN herdr::raw_input: flushing lone escape after input timeout; if this follows an alt chord or focus switch it may reach the pane as plain esc bytes=[27]
2026-07-28T11:14:53.018425Z  INFO herdr::logging: tab focused event="tab.focus" subsystem="tab" outcome="ok" workspace_id="w5" tab_id="w5:t1"
2026-07-28T11:14:58.030372Z  INFO herdr::logging: session saved event="persist.save" subsystem="persist" outcome="ok" path=/Users/shahid/.config/herdr/session.json workspaces=3
2026-07-28T11:15:33.862234Z  WARN herdr::raw_input: flushing lone escape after input timeout; if this follows an alt chord or focus switch it may reach the pane as plain esc bytes=[27]
2026-07-28T11:15:49.735854Z  WARN herdr::raw_input: flushing lone escape after input timeout; if this follows an alt chord or focus switch it may reach the pane as plain esc bytes=[27]
2026-07-28T11:16:09.671980Z  INFO herdr::logging: tab focused event="tab.focus" subsystem="tab" outcome="ok" workspace_id="w5" tab_id="w5:t2"
2026-07-28T11:16:14.693527Z  INFO herdr::logging: session saved event="persist.save" subsystem="persist" outcome="ok" path=/Users/shahid/.config/herdr/session.json workspaces=3
2026-07-28T11:19:02.534939Z  INFO herdr::app::actions: copied selection to clipboard
2026-07-28T11:19:44.059905Z  INFO herdr::logging: session saved event="persist.save" subsystem="persist" outcome="ok" path=/Users/shahid/.config/herdr/session.json workspaces=3
2026-07-28T11:20:13.916861Z  INFO herdr::logging: session saved event="persist.save" subsystem="persist" outcome="ok" path=/Users/shahid/.config/herdr/session.json workspaces=3
2026-07-28T11:21:51.909427Z  INFO herdr::logging: session saved event="persist.save" subsystem="persist" outcome="ok" path=/Users/shahid/.config/herdr/session.json workspaces=3
2026-07-28T11:49:46.137632Z  INFO herdr::logging: checking for updates event="update.check.start" subsystem="update" outcome="started"
2026-07-28T12:30:30.609242Z  WARN herdr::raw_input: flushing lone escape after input timeout; if this follows an alt chord or focus switch it may reach the pane as plain esc bytes=[27]
2026-07-28T12:30:31.343751Z  INFO herdr::logging: tab focused event="tab.focus" subsystem="tab" outcome="ok" workspace_id="w5" tab_id="w5:t2"
2026-07-28T12:30:36.371659Z  INFO herdr::logging: session saved event="persist.save" subsystem="persist" outcome="ok" path=/Users/shahid/.config/herdr/session.json workspaces=3
2026-07-28T12:31:33.123135Z  INFO herdr::logging: tab focused event="tab.focus" subsystem="tab" outcome="ok" workspace_id="w5" tab_id="w5:t1"
2026-07-28T12:31:38.133035Z  INFO herdr::logging: session saved event="persist.save" subsystem="persist" outcome="ok" path=/Users/shahid/.config/herdr/session.json workspaces=3
2026-07-28T12:31:52.122751Z  WARN herdr::raw_input: flushing lone escape after input timeout; if this follows an alt chord or focus switch it may reach the pane as plain esc bytes=[27]
2026-07-28T12:32:10.067330Z  INFO herdr::logging: tab focused event="tab.focus" subsystem="tab" outcome="ok" workspace_id="w5" tab_id="w5:t2"
2026-07-28T12:32:15.094453Z  INFO herdr::logging: session saved event="persist.save" subsystem="persist" outcome="ok" path=/Users/shahid/.config/herdr/session.json workspaces=3
2026-07-28T12:32:24.369997Z  INFO herdr::logging: tab focused event="tab.focus" subsystem="tab" outcome="ok" workspace_id="w5" tab_id="w5:t1"
2026-07-28T12:32:29.392947Z  INFO herdr::logging: session saved event="persist.save" subsystem="persist" outcome="ok" path=/Users/shahid/.config/herdr/session.json workspaces=3
2026-07-28T12:32:50.662280Z  WARN herdr::raw_input: flushing lone escape after input timeout; if this follows an alt chord or focus switch it may reach the pane as plain esc bytes=[27]
2026-07-28T12:32:55.492692Z  WARN herdr::raw_input: flushing lone escape after input timeout; if this follows an alt chord or focus switch it may reach the pane as plain esc bytes=[27]
2026-07-28T12:32:57.496996Z  WARN herdr::raw_input: flushing lone escape after input timeout; if this follows an alt chord or focus switch it may reach the pane as plain esc bytes=[27]
2026-07-28T12:33:00.756205Z  WARN herdr::raw_input: flushing lone escape after input timeout; if this follows an alt chord or focus switch it may reach the pane as plain esc bytes=[27]
2026-07-28T12:33:04.343535Z  WARN herdr::raw_input: flushing lone escape after input timeout; if this follows an alt chord or focus switch it may reach the pane as plain esc bytes=[27]
2026-07-28T12:33:15.122840Z  WARN herdr::raw_input: flushing lone escape after input timeout; if this follows an alt chord or focus switch it may reach the pane as plain esc bytes=[27]
2026-07-28T12:34:17.689919Z  WARN herdr::raw_input: flushing lone escape after input timeout; if this follows an alt chord or focus switch it may reach the pane as plain esc bytes=[27]
2026-07-28T12:34:21.752835Z  WARN herdr::raw_input: flushing lone escape after input timeout; if this follows an alt chord or focus switch it may reach the pane as plain esc bytes=[27]
2026-07-28T12:34:42.896618Z  WARN herdr::raw_input: flushing lone escape after input timeout; if this follows an alt chord or focus switch it may reach the pane as plain esc bytes=[27]
2026-07-28T12:34:46.989587Z  WARN herdr::raw_input: flushing lone escape after input timeout; if this follows an alt chord or focus switch it may reach the pane as plain esc bytes=[27]
2026-07-28T12:35:04.625006Z  WARN herdr::raw_input: flushing lone escape after input timeout; if this follows an alt chord or focus switch it may reach the pane as plain esc bytes=[27]
2026-07-28T12:36:24.852248Z  WARN herdr::raw_input: flushing lone escape after input timeout; if this follows an alt chord or focus switch it may reach the pane as plain esc bytes=[27]
2026-07-28T12:36:28.438516Z  WARN herdr::raw_input: flushing lone escape after input timeout; if this follows an alt chord or focus switch it may reach the pane as plain esc bytes=[27]
2026-07-28T12:36:44.334662Z  WARN herdr::raw_input: flushing lone escape after input timeout; if this follows an alt chord or focus switch it may reach the pane as plain esc bytes=[27]
2026-07-28T12:37:23.481908Z  WARN herdr::raw_input: flushing lone escape after input timeout; if this follows an alt chord or focus switch it may reach the pane as plain esc bytes=[27]
2026-07-28T12:38:07.603198Z  WARN herdr::raw_input: flushing lone escape after input timeout; if this follows an alt chord or focus switch it may reach the pane as plain esc bytes=[27]
2026-07-28T12:39:15.468113Z  WARN herdr::raw_input: flushing lone escape after input timeout; if this follows an alt chord or focus switch it may reach the pane as plain esc bytes=[27]
2026-07-28T12:41:20.918472Z  WARN herdr::raw_input: flushing lone escape after input timeout; if this follows an alt chord or focus switch it may reach the pane as plain esc bytes=[27]
2026-07-28T12:41:39.454690Z  WARN herdr::raw_input: flushing lone escape after input timeout; if this follows an alt chord or focus switch it may reach the pane as plain esc bytes=[27]
2026-07-28T12:41:50.936916Z  WARN herdr::raw_input: flushing lone escape after input timeout; if this follows an alt chord or focus switch it may reach the pane as plain esc bytes=[27]
2026-07-28T12:42:14.674892Z  WARN herdr::raw_input: flushing lone escape after input timeout; if this follows an alt chord or focus switch it may reach the pane as plain esc bytes=[27]
2026-07-28T12:42:14.986097Z  WARN herdr::raw_input: flushing lone escape after input timeout; if this follows an alt chord or focus switch it may reach the pane as plain esc bytes=[27]
2026-07-28T12:42:57.522211Z  WARN herdr::raw_input: flushing lone escape after input timeout; if this follows an alt chord or focus switch it may reach the pane as plain esc bytes=[27]
2026-07-28T12:43:29.175808Z  WARN herdr::raw_input: flushing lone escape after input timeout; if this follows an alt chord or focus switch it may reach the pane as plain esc bytes=[27]
2026-07-28T12:43:54.363610Z  WARN herdr::raw_input: flushing lone escape after input timeout; if this follows an alt chord or focus switch it may reach the pane as plain esc bytes=[27]
2026-07-28T12:44:40.519842Z  WARN herdr::raw_input: flushing lone escape after input timeout; if this follows an alt chord or focus switch it may reach the pane as plain esc bytes=[27]
2026-07-28T12:46:16.763208Z  WARN herdr::raw_input: flushing lone escape after input timeout; if this follows an alt chord or focus switch it may reach the pane as plain esc bytes=[27]
2026-07-28T12:46:17.032680Z  WARN herdr::raw_input: flushing lone escape after input timeout; if this follows an alt chord or focus switch it may reach the pane as plain esc bytes=[27]
2026-07-28T12:47:40.797567Z  INFO herdr::logging: checking for updates event="update.check.start" subsystem="update" outcome="started"
2026-07-28T12:48:26.528254Z  WARN herdr::raw_input: flushing lone escape after input timeout; if this follows an alt chord or focus switch it may reach the pane as plain esc bytes=[27]
2026-07-28T12:49:28.103150Z  WARN herdr::raw_input: flushing lone escape after input timeout; if this follows an alt chord or focus switch it may reach the pane as plain esc bytes=[27]
2026-07-28T12:49:36.232881Z  WARN herdr::raw_input: flushing lone escape after input timeout; if this follows an alt chord or focus switch it may reach the pane as plain esc bytes=[27]
2026-07-28T12:49:47.086454Z  WARN herdr::raw_input: flushing lone escape after input timeout; if this follows an alt chord or focus switch it may reach the pane as plain esc bytes=[27]
2026-07-28T12:50:18.832912Z  WARN herdr::raw_input: flushing lone escape after input timeout; if this follows an alt chord or focus switch it may reach the pane as plain esc bytes=[27]
2026-07-28T12:50:35.072022Z  WARN herdr::raw_input: flushing lone escape after input timeout; if this follows an alt chord or focus switch it may reach the pane as plain esc bytes=[27]
2026-07-28T12:50:49.112850Z  WARN herdr::raw_input: flushing lone escape after input timeout; if this follows an alt chord or focus switch it may reach the pane as plain esc bytes=[27]
2026-07-28T12:51:02.171936Z  WARN herdr::raw_input: flushing lone escape after input timeout; if this follows an alt chord or focus switch it may reach the pane as plain esc bytes=[27]
2026-07-28T12:51:36.784609Z  WARN herdr::raw_input: flushing lone escape after input timeout; if this follows an alt chord or focus switch it may reach the pane as plain esc bytes=[27]
2026-07-28T12:51:45.855181Z  WARN herdr::raw_input: flushing lone escape after input timeout; if this follows an alt chord or focus switch it may reach the pane as plain esc bytes=[27]
2026-07-28T12:52:00.583653Z  WARN herdr::raw_input: flushing lone escape after input timeout; if this follows an alt chord or focus switch it may reach the pane as plain esc bytes=[27]
2026-07-28T12:53:14.045273Z  INFO herdr::logging: tab focused event="tab.focus" subsystem="tab" outcome="ok" workspace_id="w5" tab_id="w5:t2"
2026-07-28T12:53:19.080089Z  INFO herdr::logging: session saved event="persist.save" subsystem="persist" outcome="ok" path=/Users/shahid/.config/herdr/session.json workspaces=3
2026-07-28T12:55:52.202824Z  INFO herdr::logging: tab focused event="tab.focus" subsystem="tab" outcome="ok" workspace_id="w5" tab_id="w5:t1"
2026-07-28T12:55:57.227327Z  INFO herdr::logging: session saved event="persist.save" subsystem="persist" outcome="ok" path=/Users/shahid/.config/herdr/session.json workspaces=3
2026-07-28T12:56:19.039442Z  WARN herdr::raw_input: flushing lone escape after input timeout; if this follows an alt chord or focus switch it may reach the pane as plain esc bytes=[27]
2026-07-28T12:56:25.578068Z  WARN herdr::raw_input: flushing lone escape after input timeout; if this follows an alt chord or focus switch it may reach the pane as plain esc bytes=[27]
2026-07-28T12:56:28.892497Z  INFO herdr::logging: tab focused event="tab.focus" subsystem="tab" outcome="ok" workspace_id="w5" tab_id="w5:t2"
2026-07-28T12:56:33.917588Z  INFO herdr::logging: session saved event="persist.save" subsystem="persist" outcome="ok" path=/Users/shahid/.config/herdr/session.json workspaces=3
2026-07-28T13:29:39.692755Z  INFO herdr::logging: tab focused event="tab.focus" subsystem="tab" outcome="ok" workspace_id="w5" tab_id="w5:t1"
2026-07-28T13:29:44.717087Z  INFO herdr::logging: session saved event="persist.save" subsystem="persist" outcome="ok" path=/Users/shahid/.config/herdr/session.json workspaces=3
2026-07-28T13:30:55.427922Z  WARN herdr::raw_input: flushing lone escape after input timeout; if this follows an alt chord or focus switch it may reach the pane as plain esc bytes=[27]
2026-07-28T13:31:36.821701Z  INFO herdr::logging: tab focused event="tab.focus" subsystem="tab" outcome="ok" workspace_id="w5" tab_id="w5:t2"
2026-07-28T13:31:43.399340Z  INFO herdr::logging: session saved event="persist.save" subsystem="persist" outcome="ok" path=/Users/shahid/.config/herdr/session.json workspaces=3
2026-07-28T14:17:27.316877Z  INFO herdr::logging: tab focused event="tab.focus" subsystem="tab" outcome="ok" workspace_id="w5" tab_id="w5:t1"
2026-07-28T14:17:32.348691Z  INFO herdr::logging: session saved event="persist.save" subsystem="persist" outcome="ok" path=/Users/shahid/.config/herdr/session.json workspaces=3
2026-07-28T14:23:21.509578Z  WARN herdr::raw_input: flushing lone escape after input timeout; if this follows an alt chord or focus switch it may reach the pane as plain esc bytes=[27]
2026-07-28T14:24:27.790101Z  WARN herdr::raw_input: flushing lone escape after input timeout; if this follows an alt chord or focus switch it may reach the pane as plain esc bytes=[27]
2026-07-28T14:25:07.267276Z  WARN herdr::raw_input: flushing lone escape after input timeout; if this follows an alt chord or focus switch it may reach the pane as plain esc bytes=[27]
2026-07-28T14:25:33.737334Z  WARN herdr::raw_input: flushing lone escape after input timeout; if this follows an alt chord or focus switch it may reach the pane as plain esc bytes=[27]
2026-07-28T14:25:34.989371Z  WARN herdr::raw_input: flushing lone escape after input timeout; if this follows an alt chord or focus switch it may reach the pane as plain esc bytes=[27]
2026-07-28T14:27:06.974682Z  WARN herdr::raw_input: flushing lone escape after input timeout; if this follows an alt chord or focus switch it may reach the pane as plain esc bytes=[27]
2026-07-28T14:27:18.160904Z  WARN herdr::raw_input: flushing lone escape after input timeout; if this follows an alt chord or focus switch it may reach the pane as plain esc bytes=[27]
2026-07-28T14:28:03.132657Z  WARN herdr::raw_input: flushing lone escape after input timeout; if this follows an alt chord or focus switch it may reach the pane as plain esc bytes=[27]
2026-07-28T14:28:09.386037Z  WARN herdr::raw_input: flushing lone escape after input timeout; if this follows an alt chord or focus switch it may reach the pane as plain esc bytes=[27]
2026-07-28T14:29:40.602010Z  WARN herdr::raw_input: flushing lone escape after input timeout; if this follows an alt chord or focus switch it may reach the pane as plain esc bytes=[27]
2026-07-28T14:30:29.474046Z  WARN herdr::raw_input: flushing lone escape after input timeout; if this follows an alt chord or focus switch it may reach the pane as plain esc bytes=[27]
2026-07-28T14:30:51.621989Z  WARN herdr::raw_input: flushing lone escape after input timeout; if this follows an alt chord or focus switch it may reach the pane as plain esc bytes=[27]
2026-07-28T14:32:28.072503Z  INFO herdr::logging: checking for updates event="update.check.start" subsystem="update" outcome="started"
2026-07-28T14:33:53.840646Z  WARN herdr::raw_input: flushing lone escape after input timeout; if this follows an alt chord or focus switch it may reach the pane as plain esc bytes=[27]
2026-07-28T14:34:44.686083Z  WARN herdr::raw_input: flushing lone escape after input timeout; if this follows an alt chord or focus switch it may reach the pane as plain esc bytes=[27]
2026-07-28T14:35:15.864334Z  WARN herdr::raw_input: flushing lone escape after input timeout; if this follows an alt chord or focus switch it may reach the pane as plain esc bytes=[27]
2026-07-28T14:35:56.717872Z  WARN herdr::raw_input: flushing lone escape after input timeout; if this follows an alt chord or focus switch it may reach the pane as plain esc bytes=[27]
2026-07-28T14:36:36.210510Z  WARN herdr::raw_input: flushing lone escape after input timeout; if this follows an alt chord or focus switch it may reach the pane as plain esc bytes=[27]
2026-07-28T14:36:56.602010Z  WARN herdr::raw_input: flushing lone escape after input timeout; if this follows an alt chord or focus switch it may reach the pane as plain esc bytes=[27]
2026-07-28T14:38:16.005646Z  WARN herdr::raw_input: flushing lone escape after input timeout; if this follows an alt chord or focus switch it may reach the pane as plain esc bytes=[27]
2026-07-28T14:38:29.721370Z  WARN herdr::raw_input: flushing lone escape after input timeout; if this follows an alt chord or focus switch it may reach the pane as plain esc bytes=[27]
2026-07-28T14:38:52.671534Z  WARN herdr::raw_input: flushing lone escape after input timeout; if this follows an alt chord or focus switch it may reach the pane as plain esc bytes=[27]
2026-07-28T14:44:20.383910Z  WARN herdr::raw_input: flushing lone escape after input timeout; if this follows an alt chord or focus switch it may reach the pane as plain esc bytes=[27]
2026-07-28T14:44:37.967800Z  WARN herdr::raw_input: flushing lone escape after input timeout; if this follows an alt chord or focus switch it may reach the pane as plain esc bytes=[27]
2026-07-28T14:44:50.632906Z  INFO herdr::logging: tab focused event="tab.focus" subsystem="tab" outcome="ok" workspace_id="w5" tab_id="w5:t2"
2026-07-28T14:44:55.669315Z  INFO herdr::logging: session saved event="persist.save" subsystem="persist" outcome="ok" path=/Users/shahid/.config/herdr/session.json workspaces=3
2026-07-28T14:48:16.060363Z  INFO herdr::logging: tab focused event="tab.focus" subsystem="tab" outcome="ok" workspace_id="w5" tab_id="w5:t1"
2026-07-28T14:48:21.091264Z  INFO herdr::logging: session saved event="persist.save" subsystem="persist" outcome="ok" path=/Users/shahid/.config/herdr/session.json workspaces=3
2026-07-28T14:48:38.885915Z  WARN herdr::raw_input: flushing lone escape after input timeout; if this follows an alt chord or focus switch it may reach the pane as plain esc bytes=[27]
2026-07-28T14:49:26.789621Z  WARN herdr::raw_input: flushing lone escape after input timeout; if this follows an alt chord or focus switch it may reach the pane as plain esc bytes=[27]
2026-07-28T14:49:37.491448Z  WARN herdr::raw_input: flushing lone escape after input timeout; if this follows an alt chord or focus switch it may reach the pane as plain esc bytes=[27]
2026-07-28T14:50:35.491438Z  WARN herdr::raw_input: flushing lone escape after input timeout; if this follows an alt chord or focus switch it may reach the pane as plain esc bytes=[27]
2026-07-28T14:51:02.473030Z  WARN herdr::raw_input: flushing lone escape after input timeout; if this follows an alt chord or focus switch it may reach the pane as plain esc bytes=[27]
2026-07-28T14:51:59.137250Z  WARN herdr::raw_input: flushing lone escape after input timeout; if this follows an alt chord or focus switch it may reach the pane as plain esc bytes=[27]
2026-07-29T00:08:09.420948Z  INFO herdr::logging: tab focused event="tab.focus" subsystem="tab" outcome="ok" workspace_id="w5" tab_id="w5:t2"
2026-07-29T00:08:14.448672Z  INFO herdr::logging: session saved event="persist.save" subsystem="persist" outcome="ok" path=/Users/shahid/.config/herdr/session.json workspaces=3
2026-07-29T00:08:27.841190Z  INFO herdr::logging: tab focused event="tab.focus" subsystem="tab" outcome="ok" workspace_id="w5" tab_id="w5:t1"
2026-07-29T00:08:32.861506Z  INFO herdr::logging: session saved event="persist.save" subsystem="persist" outcome="ok" path=/Users/shahid/.config/herdr/session.json workspaces=3
2026-07-29T00:09:47.622012Z  WARN herdr::raw_input: flushing lone escape after input timeout; if this follows an alt chord or focus switch it may reach the pane as plain esc bytes=[27]
2026-07-29T00:11:45.754520Z  WARN herdr::raw_input: flushing lone escape after input timeout; if this follows an alt chord or focus switch it may reach the pane as plain esc bytes=[27]
2026-07-29T00:13:01.400460Z  WARN herdr::raw_input: flushing lone escape after input timeout; if this follows an alt chord or focus switch it may reach the pane as plain esc bytes=[27]
2026-07-29T00:13:12.928399Z  INFO herdr::logging: checking for updates event="update.check.start" subsystem="update" outcome="started"
2026-07-29T00:13:18.406357Z  WARN herdr::raw_input: flushing lone escape after input timeout; if this follows an alt chord or focus switch it may reach the pane as plain esc bytes=[27]
2026-07-29T00:14:17.863240Z  WARN herdr::raw_input: flushing lone escape after input timeout; if this follows an alt chord or focus switch it may reach the pane as plain esc bytes=[27]
2026-07-29T00:14:25.899250Z  WARN herdr::raw_input: flushing lone escape after input timeout; if this follows an alt chord or focus switch it may reach the pane as plain esc bytes=[27]
2026-07-29T00:14:46.814998Z  WARN herdr::raw_input: flushing lone escape after input timeout; if this follows an alt chord or focus switch it may reach the pane as plain esc bytes=[27]
2026-07-29T00:14:58.753393Z  WARN herdr::raw_input: flushing lone escape after input timeout; if this follows an alt chord or focus switch it may reach the pane as plain esc bytes=[27]
2026-07-29T00:15:22.836945Z  WARN herdr::raw_input: flushing lone escape after input timeout; if this follows an alt chord or focus switch it may reach the pane as plain esc bytes=[27]
2026-07-29T00:15:27.411708Z  WARN herdr::raw_input: flushing lone escape after input timeout; if this follows an alt chord or focus switch it may reach the pane as plain esc bytes=[27]
2026-07-29T00:15:37.896995Z  WARN herdr::raw_input: flushing lone escape after input timeout; if this follows an alt chord or focus switch it may reach the pane as plain esc bytes=[27]
2026-07-29T00:15:48.478340Z  WARN herdr::raw_input: flushing lone escape after input timeout; if this follows an alt chord or focus switch it may reach the pane as plain esc bytes=[27]
2026-07-29T00:15:52.961941Z  WARN herdr::raw_input: flushing lone escape after input timeout; if this follows an alt chord or focus switch it may reach the pane as plain esc bytes=[27]
2026-07-29T00:16:09.706476Z  WARN herdr::raw_input: flushing lone escape after input timeout; if this follows an alt chord or focus switch it may reach the pane as plain esc bytes=[27]
2026-07-29T00:16:24.250842Z  WARN herdr::raw_input: flushing lone escape after input timeout; if this follows an alt chord or focus switch it may reach the pane as plain esc bytes=[27]
2026-07-29T00:16:29.897195Z  WARN herdr::raw_input: flushing lone escape after input timeout; if this follows an alt chord or focus switch it may reach the pane as plain esc bytes=[27]
2026-07-29T00:16:38.358275Z  WARN herdr::raw_input: flushing lone escape after input timeout; if this follows an alt chord or focus switch it may reach the pane as plain esc bytes=[27]
2026-07-29T00:16:45.290724Z  WARN herdr::raw_input: flushing lone escape after input timeout; if this follows an alt chord or focus switch it may reach the pane as plain esc bytes=[27]
2026-07-29T00:16:50.224514Z  WARN herdr::raw_input: flushing lone escape after input timeout; if this follows an alt chord or focus switch it may reach the pane as plain esc bytes=[27]
2026-07-29T00:17:01.153669Z  WARN herdr::raw_input: flushing lone escape after input timeout; if this follows an alt chord or focus switch it may reach the pane as plain esc bytes=[27]
2026-07-29T00:17:12.946632Z  WARN herdr::raw_input: flushing lone escape after input timeout; if this follows an alt chord or focus switch it may reach the pane as plain esc bytes=[27]
2026-07-29T00:17:20.571864Z  WARN herdr::raw_input: flushing lone escape after input timeout; if this follows an alt chord or focus switch it may reach the pane as plain esc bytes=[27]
2026-07-29T00:17:24.656594Z  WARN herdr::raw_input: flushing lone escape after input timeout; if this follows an alt chord or focus switch it may reach the pane as plain esc bytes=[27]
2026-07-29T00:17:29.107483Z  WARN herdr::raw_input: flushing lone escape after input timeout; if this follows an alt chord or focus switch it may reach the pane as plain esc bytes=[27]
2026-07-29T00:17:35.759960Z  WARN herdr::raw_input: flushing lone escape after input timeout; if this follows an alt chord or focus switch it may reach the pane as plain esc bytes=[27]
2026-07-29T00:18:23.571429Z  WARN herdr::raw_input: flushing lone escape after input timeout; if this follows an alt chord or focus switch it may reach the pane as plain esc bytes=[27]
2026-07-29T00:18:34.426460Z  WARN herdr::raw_input: flushing lone escape after input timeout; if this follows an alt chord or focus switch it may reach the pane as plain esc bytes=[27]
2026-07-29T00:18:42.646711Z  WARN herdr::raw_input: flushing lone escape after input timeout; if this follows an alt chord or focus switch it may reach the pane as plain esc bytes=[27]
2026-07-29T00:20:00.552010Z  WARN herdr::raw_input: flushing lone escape after input timeout; if this follows an alt chord or focus switch it may reach the pane as plain esc bytes=[27]
2026-07-29T00:20:17.656455Z  WARN herdr::raw_input: flushing lone escape after input timeout; if this follows an alt chord or focus switch it may reach the pane as plain esc bytes=[27]
2026-07-29T00:20:24.447867Z  WARN herdr::raw_input: flushing lone escape after input timeout; if this follows an alt chord or focus switch it may reach the pane as plain esc bytes=[27]
2026-07-29T00:20:38.943836Z  WARN herdr::raw_input: flushing lone escape after input timeout; if this follows an alt chord or focus switch it may reach the pane as plain esc bytes=[27]
2026-07-29T00:21:03.099730Z  WARN herdr::raw_input: flushing lone escape after input timeout; if this follows an alt chord or focus switch it may reach the pane as plain esc bytes=[27]
2026-07-29T00:21:18.329857Z  WARN herdr::raw_input: flushing lone escape after input timeout; if this follows an alt chord or focus switch it may reach the pane as plain esc bytes=[27]
2026-07-29T00:22:22.463560Z  WARN herdr::raw_input: flushing lone escape after input timeout; if this follows an alt chord or focus switch it may reach the pane as plain esc bytes=[27]
2026-07-29T00:22:26.987287Z  WARN herdr::raw_input: flushing lone escape after input timeout; if this follows an alt chord or focus switch it may reach the pane as plain esc bytes=[27]
2026-07-29T00:22:59.065484Z  WARN herdr::raw_input: flushing lone escape after input timeout; if this follows an alt chord or focus switch it may reach the pane as plain esc bytes=[27]
2026-07-29T00:23:07.129012Z  WARN herdr::raw_input: flushing lone escape after input timeout; if this follows an alt chord or focus switch it may reach the pane as plain esc bytes=[27]
2026-07-29T00:23:12.534677Z  WARN herdr::raw_input: flushing lone escape after input timeout; if this follows an alt chord or focus switch it may reach the pane as plain esc bytes=[27]
2026-07-29T00:23:27.764450Z  WARN herdr::raw_input: flushing lone escape after input timeout; if this follows an alt chord or focus switch it may reach the pane as plain esc bytes=[27]
2026-07-29T00:23:35.094887Z  WARN herdr::raw_input: flushing lone escape after input timeout; if this follows an alt chord or focus switch it may reach the pane as plain esc bytes=[27]
2026-07-29T00:23:39.945906Z  WARN herdr::raw_input: flushing lone escape after input timeout; if this follows an alt chord or focus switch it may reach the pane as plain esc bytes=[27]
2026-07-29T00:24:25.717604Z  WARN herdr::raw_input: flushing lone escape after input timeout; if this follows an alt chord or focus switch it may reach the pane as plain esc bytes=[27]
2026-07-29T00:24:36.293612Z  WARN herdr::raw_input: flushing lone escape after input timeout; if this follows an alt chord or focus switch it may reach the pane as plain esc bytes=[27]
2026-07-29T00:25:32.110361Z  WARN herdr::raw_input: flushing lone escape after input timeout; if this follows an alt chord or focus switch it may reach the pane as plain esc bytes=[27]
2026-07-29T00:26:02.287527Z  WARN herdr::raw_input: flushing lone escape after input timeout; if this follows an alt chord or focus switch it may reach the pane as plain esc bytes=[27]
2026-07-29T00:27:06.353002Z  WARN herdr::raw_input: flushing lone escape after input timeout; if this follows an alt chord or focus switch it may reach the pane as plain esc bytes=[27]
2026-07-29T00:27:07.283238Z  WARN herdr::raw_input: flushing lone escape after input timeout; if this follows an alt chord or focus switch it may reach the pane as plain esc bytes=[27]
2026-07-29T00:27:38.373495Z  WARN herdr::raw_input: flushing lone escape after input timeout; if this follows an alt chord or focus switch it may reach the pane as plain esc bytes=[27]
2026-07-29T00:28:10.518301Z  WARN herdr::raw_input: flushing lone escape after input timeout; if this follows an alt chord or focus switch it may reach the pane as plain esc bytes=[27]
2026-07-29T00:28:27.687862Z  WARN herdr::raw_input: flushing lone escape after input timeout; if this follows an alt chord or focus switch it may reach the pane as plain esc bytes=[27]
2026-07-29T00:30:04.223779Z  WARN herdr::raw_input: flushing lone escape after input timeout; if this follows an alt chord or focus switch it may reach the pane as plain esc bytes=[27]
2026-07-29T00:30:38.388201Z  WARN herdr::raw_input: flushing lone escape after input timeout; if this follows an alt chord or focus switch it may reach the pane as plain esc bytes=[27]
2026-07-29T00:30:42.883214Z  WARN herdr::raw_input: flushing lone escape after input timeout; if this follows an alt chord or focus switch it may reach the pane as plain esc bytes=[27]
2026-07-29T00:30:53.973566Z  WARN herdr::raw_input: flushing lone escape after input timeout; if this follows an alt chord or focus switch it may reach the pane as plain esc bytes=[27]
2026-07-29T00:31:01.166047Z  WARN herdr::raw_input: flushing lone escape after input timeout; if this follows an alt chord or focus switch it may reach the pane as plain esc bytes=[27]
2026-07-29T00:34:44.420888Z  WARN herdr::raw_input: flushing lone escape after input timeout; if this follows an alt chord or focus switch it may reach the pane as plain esc bytes=[27]
2026-07-29T00:40:54.125433Z  WARN herdr::raw_input: flushing lone escape after input timeout; if this follows an alt chord or focus switch it may reach the pane as plain esc bytes=[27]
2026-07-29T00:41:51.224817Z  WARN herdr::raw_input: flushing lone escape after input timeout; if this follows an alt chord or focus switch it may reach the pane as plain esc bytes=[27]
2026-07-29T00:41:55.681535Z  WARN herdr::raw_input: flushing lone escape after input timeout; if this follows an alt chord or focus switch it may reach the pane as plain esc bytes=[27]
2026-07-29T00:41:58.165525Z  WARN herdr::raw_input: flushing lone escape after input timeout; if this follows an alt chord or focus switch it may reach the pane as plain esc bytes=[27]
2026-07-29T00:42:36.097827Z  WARN herdr::raw_input: flushing lone escape after input timeout; if this follows an alt chord or focus switch it may reach the pane as plain esc bytes=[27]
2026-07-29T00:43:12.944570Z  INFO herdr::logging: checking for updates event="update.check.start" subsystem="update" outcome="started"
2026-07-29T00:43:19.820463Z  WARN herdr::raw_input: flushing lone escape after input timeout; if this follows an alt chord or focus switch it may reach the pane as plain esc bytes=[27]
2026-07-29T00:44:08.282999Z  WARN herdr::raw_input: flushing lone escape after input timeout; if this follows an alt chord or focus switch it may reach the pane as plain esc bytes=[27]
2026-07-29T00:44:43.099785Z  WARN herdr::raw_input: flushing lone escape after input timeout; if this follows an alt chord or focus switch it may reach the pane as plain esc bytes=[27]
2026-07-29T00:45:41.017527Z  WARN herdr::raw_input: flushing lone escape after input timeout; if this follows an alt chord or focus switch it may reach the pane as plain esc bytes=[27]
2026-07-29T00:45:46.328385Z  WARN herdr::raw_input: flushing lone escape after input timeout; if this follows an alt chord or focus switch it may reach the pane as plain esc bytes=[27]
2026-07-29T00:46:23.819061Z  WARN herdr::raw_input: flushing lone escape after input timeout; if this follows an alt chord or focus switch it may reach the pane as plain esc bytes=[27]
2026-07-29T00:46:29.247484Z  WARN herdr::raw_input: flushing lone escape after input timeout; if this follows an alt chord or focus switch it may reach the pane as plain esc bytes=[27]
2026-07-29T00:46:41.584932Z  WARN herdr::raw_input: flushing lone escape after input timeout; if this follows an alt chord or focus switch it may reach the pane as plain esc bytes=[27]
2026-07-29T00:46:45.553577Z  WARN herdr::raw_input: flushing lone escape after input timeout; if this follows an alt chord or focus switch it may reach the pane as plain esc bytes=[27]
2026-07-29T00:47:42.522728Z  WARN herdr::raw_input: flushing lone escape after input timeout; if this follows an alt chord or focus switch it may reach the pane as plain esc bytes=[27]
2026-07-29T00:47:48.026756Z  WARN herdr::raw_input: flushing lone escape after input timeout; if this follows an alt chord or focus switch it may reach the pane as plain esc bytes=[27]
2026-07-29T00:47:59.021661Z  WARN herdr::raw_input: flushing lone escape after input timeout; if this follows an alt chord or focus switch it may reach the pane as plain esc bytes=[27]
2026-07-29T00:48:05.477861Z  WARN herdr::raw_input: flushing lone escape after input timeout; if this follows an alt chord or focus switch it may reach the pane as plain esc bytes=[27]
2026-07-29T00:48:15.503523Z  WARN herdr::raw_input: flushing lone escape after input timeout; if this follows an alt chord or focus switch it may reach the pane as plain esc bytes=[27]
2026-07-29T00:48:32.976669Z  WARN herdr::raw_input: flushing lone escape after input timeout; if this follows an alt chord or focus switch it may reach the pane as plain esc bytes=[27]
2026-07-29T00:49:03.952371Z  WARN herdr::raw_input: flushing lone escape after input timeout; if this follows an alt chord or focus switch it may reach the pane as plain esc bytes=[27]
2026-07-29T00:49:10.785873Z  WARN herdr::raw_input: flushing lone escape after input timeout; if this follows an alt chord or focus switch it may reach the pane as plain esc bytes=[27]
2026-07-29T00:52:15.991877Z  WARN herdr::raw_input: flushing lone escape after input timeout; if this follows an alt chord or focus switch it may reach the pane as plain esc bytes=[27]
2026-07-29T00:52:27.296013Z  WARN herdr::raw_input: flushing lone escape after input timeout; if this follows an alt chord or focus switch it may reach the pane as plain esc bytes=[27]
2026-07-29T00:53:40.286432Z  WARN herdr::raw_input: flushing lone escape after input timeout; if this follows an alt chord or focus switch it may reach the pane as plain esc bytes=[27]
2026-07-29T01:00:15.973323Z  WARN herdr::raw_input: flushing lone escape after input timeout; if this follows an alt chord or focus switch it may reach the pane as plain esc bytes=[27]
2026-07-29T01:02:43.369245Z  WARN herdr::raw_input: flushing lone escape after input timeout; if this follows an alt chord or focus switch it may reach the pane as plain esc bytes=[27]
2026-07-29T01:04:52.636049Z  WARN herdr::raw_input: flushing lone escape after input timeout; if this follows an alt chord or focus switch it may reach the pane as plain esc bytes=[27]
2026-07-29T01:39:55.460197Z  INFO herdr::server::headless: client resize client_id=4 cols=166 rows=33 cell_width_px=0 cell_height_px=0
2026-07-29T01:40:46.647219Z  INFO herdr::server::headless: client resize client_id=4 cols=166 rows=40 cell_width_px=0 cell_height_px=0
2026-07-29T01:40:49.959178Z  INFO herdr::logging: tab focused event="tab.focus" subsystem="tab" outcome="ok" workspace_id="w5" tab_id="w5:t2"
2026-07-29T01:40:54.989204Z  INFO herdr::logging: session saved event="persist.save" subsystem="persist" outcome="ok" path=/Users/shahid/.config/herdr/session.json workspaces=3
2026-07-29T01:42:51.517030Z  INFO herdr::logging: tab focused event="tab.focus" subsystem="tab" outcome="ok" workspace_id="w5" tab_id="w5:t1"
2026-07-29T01:42:56.535559Z  INFO herdr::logging: session saved event="persist.save" subsystem="persist" outcome="ok" path=/Users/shahid/.config/herdr/session.json workspaces=3
2026-07-29T01:44:03.866098Z  WARN herdr::raw_input: flushing lone escape after input timeout; if this follows an alt chord or focus switch it may reach the pane as plain esc bytes=[27]
2026-07-29T01:44:21.161074Z  WARN herdr::raw_input: flushing lone escape after input timeout; if this follows an alt chord or focus switch it may reach the pane as plain esc bytes=[27]
2026-07-29T01:44:29.470466Z  WARN herdr::raw_input: flushing lone escape after input timeout; if this follows an alt chord or focus switch it may reach the pane as plain esc bytes=[27]
2026-07-29T01:44:40.380209Z  WARN herdr::raw_input: flushing lone escape after input timeout; if this follows an alt chord or focus switch it may reach the pane as plain esc bytes=[27]
2026-07-29T01:44:42.084931Z  WARN herdr::raw_input: flushing lone escape after input timeout; if this follows an alt chord or focus switch it may reach the pane as plain esc bytes=[27]
2026-07-29T01:45:45.212395Z  INFO herdr::logging: tab focused event="tab.focus" subsystem="tab" outcome="ok" workspace_id="w5" tab_id="w5:t2"
2026-07-29T01:45:50.247819Z  INFO herdr::logging: session saved event="persist.save" subsystem="persist" outcome="ok" path=/Users/shahid/.config/herdr/session.json workspaces=3
2026-07-29T01:46:46.752049Z  INFO herdr::logging: checking for updates event="update.check.start" subsystem="update" outcome="started"
2026-07-29T01:49:50.835824Z  INFO herdr::logging: tab focused event="tab.focus" subsystem="tab" outcome="ok" workspace_id="w5" tab_id="w5:t1"
2026-07-29T01:49:55.861203Z  INFO herdr::logging: session saved event="persist.save" subsystem="persist" outcome="ok" path=/Users/shahid/.config/herdr/session.json workspaces=3
2026-07-29T01:54:23.101297Z  INFO herdr::logging: tab focused event="tab.focus" subsystem="tab" outcome="ok" workspace_id="w5" tab_id="w5:t2"
2026-07-29T01:54:28.136887Z  INFO herdr::logging: session saved event="persist.save" subsystem="persist" outcome="ok" path=/Users/shahid/.config/herdr/session.json workspaces=3
2026-07-29T01:55:34.351727Z  INFO herdr::logging: tab focused event="tab.focus" subsystem="tab" outcome="ok" workspace_id="w5" tab_id="w5:t1"
2026-07-29T01:55:39.376757Z  INFO herdr::logging: session saved event="persist.save" subsystem="persist" outcome="ok" path=/Users/shahid/.config/herdr/session.json workspaces=3
2026-07-29T01:56:26.777485Z  WARN herdr::raw_input: flushing lone escape after input timeout; if this follows an alt chord or focus switch it may reach the pane as plain esc bytes=[27]
2026-07-29T01:56:30.022610Z  INFO herdr::logging: tab focused event="tab.focus" subsystem="tab" outcome="ok" workspace_id="w5" tab_id="w5:t2"
2026-07-29T01:56:35.053111Z  INFO herdr::logging: session saved event="persist.save" subsystem="persist" outcome="ok" path=/Users/shahid/.config/herdr/session.json workspaces=3
2026-07-29T01:58:20.867020Z  INFO herdr::logging: tab focused event="tab.focus" subsystem="tab" outcome="ok" workspace_id="w5" tab_id="w5:t1"
2026-07-29T01:58:24.466919Z  INFO herdr::logging: tab focused event="tab.focus" subsystem="tab" outcome="ok" workspace_id="w5" tab_id="w5:t2"
2026-07-29T01:58:27.530179Z  WARN herdr::raw_input: flushing lone escape after input timeout; if this follows an alt chord or focus switch it may reach the pane as plain esc bytes=[27]
2026-07-29T01:58:29.489512Z  INFO herdr::logging: session saved event="persist.save" subsystem="persist" outcome="ok" path=/Users/shahid/.config/herdr/session.json workspaces=3
2026-07-29T01:58:29.631363Z  INFO herdr::logging: tab focused event="tab.focus" subsystem="tab" outcome="ok" workspace_id="w5" tab_id="w5:t1"
2026-07-29T01:58:34.659416Z  INFO herdr::logging: session saved event="persist.save" subsystem="persist" outcome="ok" path=/Users/shahid/.config/herdr/session.json workspaces=3
2026-07-29T02:00:35.420068Z  WARN herdr::raw_input: flushing lone escape after input timeout; if this follows an alt chord or focus switch it may reach the pane as plain esc bytes=[27]
2026-07-29T02:00:56.915474Z  INFO herdr::logging: tab focused event="tab.focus" subsystem="tab" outcome="ok" workspace_id="w5" tab_id="w5:t2"
2026-07-29T02:01:01.948586Z  INFO herdr::logging: session saved event="persist.save" subsystem="persist" outcome="ok" path=/Users/shahid/.config/herdr/session.json workspaces=3
2026-07-29T02:01:04.669187Z  INFO herdr::logging: tab focused event="tab.focus" subsystem="tab" outcome="ok" workspace_id="w5" tab_id="w5:t2"
2026-07-29T02:01:09.689526Z  INFO herdr::logging: session saved event="persist.save" subsystem="persist" outcome="ok" path=/Users/shahid/.config/herdr/session.json workspaces=3
2026-07-29T02:08:00.521209Z  INFO herdr::logging: tab focused event="tab.focus" subsystem="tab" outcome="ok" workspace_id="w5" tab_id="w5:t1"
2026-07-29T02:08:05.529823Z  INFO herdr::logging: session saved event="persist.save" subsystem="persist" outcome="ok" path=/Users/shahid/.config/herdr/session.json workspaces=3
2026-07-29T02:08:10.278988Z  WARN herdr::raw_input: flushing lone escape after input timeout; if this follows an alt chord or focus switch it may reach the pane as plain esc bytes=[27]
2026-07-29T02:08:10.714348Z  WARN herdr::raw_input: flushing lone escape after input timeout; if this follows an alt chord or focus switch it may reach the pane as plain esc bytes=[27]
2026-07-29T02:08:37.992421Z  WARN herdr::raw_input: flushing lone escape after input timeout; if this follows an alt chord or focus switch it may reach the pane as plain esc bytes=[27]
2026-07-29T02:08:40.992719Z  WARN herdr::raw_input: flushing lone escape after input timeout; if this follows an alt chord or focus switch it may reach the pane as plain esc bytes=[27]
2026-07-29T02:09:07.683763Z  WARN herdr::raw_input: flushing lone escape after input timeout; if this follows an alt chord or focus switch it may reach the pane as plain esc bytes=[27]
2026-07-29T02:09:26.344352Z  WARN herdr::raw_input: flushing lone escape after input timeout; if this follows an alt chord or focus switch it may reach the pane as plain esc bytes=[27]
2026-07-29T02:09:28.211548Z  WARN herdr::raw_input: flushing lone escape after input timeout; if this follows an alt chord or focus switch it may reach the pane as plain esc bytes=[27]
2026-07-29T02:09:46.755404Z  WARN herdr::raw_input: flushing lone escape after input timeout; if this follows an alt chord or focus switch it may reach the pane as plain esc bytes=[27]
2026-07-29T02:10:02.624156Z  WARN herdr::raw_input: flushing lone escape after input timeout; if this follows an alt chord or focus switch it may reach the pane as plain esc bytes=[27]
2026-07-29T02:10:08.631723Z  WARN herdr::raw_input: flushing lone escape after input timeout; if this follows an alt chord or focus switch it may reach the pane as plain esc bytes=[27]
2026-07-29T02:14:32.844752Z  WARN herdr::raw_input: flushing lone escape after input timeout; if this follows an alt chord or focus switch it may reach the pane as plain esc bytes=[27]
2026-07-29T02:14:46.157194Z  WARN herdr::raw_input: flushing lone escape after input timeout; if this follows an alt chord or focus switch it may reach the pane as plain esc bytes=[27]
2026-07-29T02:15:28.992791Z  WARN herdr::raw_input: flushing lone escape after input timeout; if this follows an alt chord or focus switch it may reach the pane as plain esc bytes=[27]
2026-07-29T02:15:48.916750Z  WARN herdr::raw_input: flushing lone escape after input timeout; if this follows an alt chord or focus switch it may reach the pane as plain esc bytes=[27]
2026-07-29T02:16:11.416648Z  INFO herdr::logging: tab focused event="tab.focus" subsystem="tab" outcome="ok" workspace_id="w5" tab_id="w5:t2"
2026-07-29T02:16:16.426651Z  INFO herdr::logging: session saved event="persist.save" subsystem="persist" outcome="ok" path=/Users/shahid/.config/herdr/session.json workspaces=3
2026-07-29T02:16:46.738330Z  INFO herdr::logging: checking for updates event="update.check.start" subsystem="update" outcome="started"
2026-07-29T02:20:33.433502Z  INFO herdr::logging: tab focused event="tab.focus" subsystem="tab" outcome="ok" workspace_id="w5" tab_id="w5:t2"
2026-07-29T02:20:36.766136Z  INFO herdr::logging: tab focused event="tab.focus" subsystem="tab" outcome="ok" workspace_id="w5" tab_id="w5:t1"
2026-07-29T02:20:41.787698Z  INFO herdr::logging: session saved event="persist.save" subsystem="persist" outcome="ok" path=/Users/shahid/.config/herdr/session.json workspaces=3
2026-07-29T02:21:31.379113Z  WARN herdr::raw_input: flushing lone escape after input timeout; if this follows an alt chord or focus switch it may reach the pane as plain esc bytes=[27]
2026-07-29T02:23:29.691319Z  WARN herdr::raw_input: flushing lone escape after input timeout; if this follows an alt chord or focus switch it may reach the pane as plain esc bytes=[27]
2026-07-29T02:26:14.379077Z  WARN herdr::raw_input: flushing lone escape after input timeout; if this follows an alt chord or focus switch it may reach the pane as plain esc bytes=[27]
2026-07-29T02:27:37.881917Z  WARN herdr::raw_input: flushing lone escape after input timeout; if this follows an alt chord or focus switch it may reach the pane as plain esc bytes=[27]
2026-07-29T02:28:37.735262Z  WARN herdr::raw_input: flushing lone escape after input timeout; if this follows an alt chord or focus switch it may reach the pane as plain esc bytes=[27]
2026-07-29T02:28:48.891861Z  WARN herdr::raw_input: flushing lone escape after input timeout; if this follows an alt chord or focus switch it may reach the pane as plain esc bytes=[27]
2026-07-29T02:29:03.942172Z  WARN herdr::raw_input: flushing lone escape after input timeout; if this follows an alt chord or focus switch it may reach the pane as plain esc bytes=[27]
2026-07-29T02:29:10.916396Z  WARN herdr::raw_input: flushing lone escape after input timeout; if this follows an alt chord or focus switch it may reach the pane as plain esc bytes=[27]
2026-07-29T02:29:24.594984Z  WARN herdr::raw_input: flushing lone escape after input timeout; if this follows an alt chord or focus switch it may reach the pane as plain esc bytes=[27]
2026-07-29T02:29:31.963096Z  WARN herdr::raw_input: flushing lone escape after input timeout; if this follows an alt chord or focus switch it may reach the pane as plain esc bytes=[27]
2026-07-29T02:29:36.278673Z  WARN herdr::raw_input: flushing lone escape after input timeout; if this follows an alt chord or focus switch it may reach the pane as plain esc bytes=[27]
2026-07-29T02:29:42.834268Z  WARN herdr::raw_input: flushing lone escape after input timeout; if this follows an alt chord or focus switch it may reach the pane as plain esc bytes=[27]
2026-07-29T02:31:47.524316Z  WARN herdr::raw_input: flushing lone escape after input timeout; if this follows an alt chord or focus switch it may reach the pane as plain esc bytes=[27]
2026-07-29T02:31:56.567777Z  WARN herdr::raw_input: flushing lone escape after input timeout; if this follows an alt chord or focus switch it may reach the pane as plain esc bytes=[27]
2026-07-29T02:32:55.336576Z  WARN herdr::raw_input: flushing lone escape after input timeout; if this follows an alt chord or focus switch it may reach the pane as plain esc bytes=[27]
2026-07-29T02:35:28.110114Z  WARN herdr::raw_input: flushing lone escape after input timeout; if this follows an alt chord or focus switch it may reach the pane as plain esc bytes=[27]
2026-07-29T02:35:45.493816Z  WARN herdr::raw_input: flushing lone escape after input timeout; if this follows an alt chord or focus switch it may reach the pane as plain esc bytes=[27]
2026-07-29T02:35:57.111300Z  WARN herdr::raw_input: flushing lone escape after input timeout; if this follows an alt chord or focus switch it may reach the pane as plain esc bytes=[27]
2026-07-29T02:36:24.970054Z  WARN herdr::raw_input: flushing lone escape after input timeout; if this follows an alt chord or focus switch it may reach the pane as plain esc bytes=[27]
2026-07-29T02:36:57.158247Z  WARN herdr::raw_input: flushing lone escape after input timeout; if this follows an alt chord or focus switch it may reach the pane as plain esc bytes=[27]
2026-07-29T02:37:53.240678Z  WARN herdr::raw_input: flushing lone escape after input timeout; if this follows an alt chord or focus switch it may reach the pane as plain esc bytes=[27]
2026-07-29T02:38:08.750832Z  WARN herdr::raw_input: flushing lone escape after input timeout; if this follows an alt chord or focus switch it may reach the pane as plain esc bytes=[27]
2026-07-29T02:41:13.407537Z  WARN herdr::raw_input: flushing lone escape after input timeout; if this follows an alt chord or focus switch it may reach the pane as plain esc bytes=[27]
2026-07-29T02:41:39.172528Z  INFO herdr::logging: tab focused event="tab.focus" subsystem="tab" outcome="ok" workspace_id="w5" tab_id="w5:t2"
2026-07-29T02:41:42.131116Z  INFO herdr::logging: tab focused event="tab.focus" subsystem="tab" outcome="ok" workspace_id="w5" tab_id="w5:t1"
2026-07-29T02:41:47.157322Z  INFO herdr::logging: session saved event="persist.save" subsystem="persist" outcome="ok" path=/Users/shahid/.config/herdr/session.json workspaces=3
2026-07-29T02:42:58.164231Z  WARN herdr::raw_input: flushing lone escape after input timeout; if this follows an alt chord or focus switch it may reach the pane as plain esc bytes=[27]
2026-07-29T02:43:27.894969Z  WARN herdr::raw_input: flushing lone escape after input timeout; if this follows an alt chord or focus switch it may reach the pane as plain esc bytes=[27]
2026-07-29T02:43:37.176237Z  WARN herdr::raw_input: flushing lone escape after input timeout; if this follows an alt chord or focus switch it may reach the pane as plain esc bytes=[27]
2026-07-29T02:43:53.878222Z  WARN herdr::raw_input: flushing lone escape after input timeout; if this follows an alt chord or focus switch it may reach the pane as plain esc bytes=[27]
2026-07-29T02:43:54.805419Z  INFO herdr::logging: tab focused event="tab.focus" subsystem="tab" outcome="ok" workspace_id="w5" tab_id="w5:t2"
2026-07-29T02:43:57.172866Z  INFO herdr::logging: tab focused event="tab.focus" subsystem="tab" outcome="ok" workspace_id="w5" tab_id="w5:t1"
2026-07-29T02:43:58.119015Z  INFO herdr::logging: tab focused event="tab.focus" subsystem="tab" outcome="ok" workspace_id="w5" tab_id="w5:t2"
2026-07-29T02:44:03.142357Z  INFO herdr::logging: session saved event="persist.save" subsystem="persist" outcome="ok" path=/Users/shahid/.config/herdr/session.json workspaces=3
2026-07-29T02:46:46.740417Z  INFO herdr::logging: checking for updates event="update.check.start" subsystem="update" outcome="started"
2026-07-29T03:16:46.733423Z  INFO herdr::logging: checking for updates event="update.check.start" subsystem="update" outcome="started"
2026-07-29T03:21:42.384403Z  WARN herdr::raw_input: flushing lone escape after input timeout; if this follows an alt chord or focus switch it may reach the pane as plain esc bytes=[27]
2026-07-29T03:21:47.079403Z  INFO herdr::logging: workspace focused event="workspace.focus" subsystem="workspace" outcome="ok" workspace_id="w3"
2026-07-29T03:21:47.079879Z  INFO herdr::logging: tab focused event="tab.focus" subsystem="tab" outcome="ok" workspace_id="w3" tab_id="w3:t1"
2026-07-29T03:21:52.091742Z  INFO herdr::logging: session saved event="persist.save" subsystem="persist" outcome="ok" path=/Users/shahid/.config/herdr/session.json workspaces=3
2026-07-29T03:21:55.589581Z  INFO herdr::logging: tab focused event="tab.focus" subsystem="tab" outcome="ok" workspace_id="w3" tab_id="w3:t1"
2026-07-29T03:21:59.668028Z  INFO herdr::logging: workspace focused event="workspace.focus" subsystem="workspace" outcome="ok" workspace_id="w4"
2026-07-29T03:21:59.668091Z  INFO herdr::logging: tab focused event="tab.focus" subsystem="tab" outcome="ok" workspace_id="w4" tab_id="w4:t1"
2026-07-29T03:22:01.983678Z  INFO herdr::logging: tab focused event="tab.focus" subsystem="tab" outcome="ok" workspace_id="w4" tab_id="w4:t2"
2026-07-29T03:22:06.664089Z  INFO herdr::logging: tab focused event="tab.focus" subsystem="tab" outcome="ok" workspace_id="w4" tab_id="w4:t2"
2026-07-29T03:22:11.532885Z  INFO herdr::logging: tab focused event="tab.focus" subsystem="tab" outcome="ok" workspace_id="w4" tab_id="w4:t3"
2026-07-29T03:22:16.542206Z  INFO herdr::logging: session saved event="persist.save" subsystem="persist" outcome="ok" path=/Users/shahid/.config/herdr/session.json workspaces=3
2026-07-29T03:22:16.862528Z  INFO herdr::logging: spawning pane terminal event="pane.spawn.start" subsystem="pane" outcome="started" pane_id=12 rows=39 cols=162 scrollback_limit_bytes=10000000
2026-07-29T03:22:16.888811Z  INFO herdr::logging: pane child spawned event="pane.spawned" subsystem="pane" outcome="ok" pane_id=12 pid=91639
2026-07-29T03:22:16.889254Z  INFO herdr::logging: tab focused event="tab.focus" subsystem="tab" outcome="ok" workspace_id="w4" tab_id="w4:t3"
2026-07-29T03:22:21.896505Z  INFO herdr::logging: session saved event="persist.save" subsystem="persist" outcome="ok" path=/Users/shahid/.config/herdr/session.json workspaces=3
2026-07-29T03:22:24.626172Z  INFO herdr::logging: tab focused event="tab.focus" subsystem="tab" outcome="ok" workspace_id="w4" tab_id="w4:t3"
2026-07-29T03:22:29.261687Z  INFO herdr::logging: tab focused event="tab.focus" subsystem="tab" outcome="ok" workspace_id="w4" tab_id="w4:t1"
2026-07-29T03:22:33.223154Z  INFO herdr::logging: tab focused event="tab.focus" subsystem="tab" outcome="ok" workspace_id="w4" tab_id="w4:t2"
2026-07-29T03:22:37.664334Z  INFO herdr::logging: tab focused event="tab.focus" subsystem="tab" outcome="ok" workspace_id="w4" tab_id="w4:t3"
2026-07-29T03:22:39.458717Z  INFO herdr::logging: tab focused event="tab.focus" subsystem="tab" outcome="ok" workspace_id="w4" tab_id="w4:t1"
2026-07-29T03:22:44.463936Z  INFO herdr::logging: session saved event="persist.save" subsystem="persist" outcome="ok" path=/Users/shahid/.config/herdr/session.json workspaces=3
2026-07-29T03:24:33.337544Z  INFO herdr::server::headless: client resize client_id=4 cols=166 rows=33 cell_width_px=0 cell_height_px=0
2026-07-29T03:24:35.064924Z  INFO herdr::server::headless: client resize client_id=4 cols=153 rows=32 cell_width_px=0 cell_height_px=0
2026-07-29T03:24:37.926768Z  INFO herdr::server::headless: client resize client_id=4 cols=121 rows=30 cell_width_px=0 cell_height_px=0
2026-07-29T03:24:38.151541Z  INFO herdr::server::headless: client resize client_id=4 cols=153 rows=31 cell_width_px=0 cell_height_px=0
2026-07-29T03:24:38.598920Z  INFO herdr::server::headless: client resize client_id=4 cols=121 rows=30 cell_width_px=0 cell_height_px=0
2026-07-29T03:24:50.626239Z  INFO herdr::logging: tab focused event="tab.focus" subsystem="tab" outcome="ok" workspace_id="w4" tab_id="w4:t1"
2026-07-29T03:24:55.640127Z  INFO herdr::logging: session saved event="persist.save" subsystem="persist" outcome="ok" path=/Users/shahid/.config/herdr/session.json workspaces=3
2026-07-29T03:24:55.646195Z  INFO herdr::logging: tab focused event="tab.focus" subsystem="tab" outcome="ok" workspace_id="w4" tab_id="w4:t1"
2026-07-29T03:25:00.651386Z  INFO herdr::logging: session saved event="persist.save" subsystem="persist" outcome="ok" path=/Users/shahid/.config/herdr/session.json workspaces=3
2026-07-29T03:25:02.197472Z  INFO herdr::logging: tab focused event="tab.focus" subsystem="tab" outcome="ok" workspace_id="w4" tab_id="w4:t1"
2026-07-29T03:25:07.212048Z  INFO herdr::logging: session saved event="persist.save" subsystem="persist" outcome="ok" path=/Users/shahid/.config/herdr/session.json workspaces=3
2026-07-29T03:25:26.890840Z  INFO herdr::logging: tab focused event="tab.focus" subsystem="tab" outcome="ok" workspace_id="w4" tab_id="w4:t3"
2026-07-29T03:25:31.895617Z  INFO herdr::logging: session saved event="persist.save" subsystem="persist" outcome="ok" path=/Users/shahid/.config/herdr/session.json workspaces=3
2026-07-29T03:25:39.302298Z  INFO herdr::logging: tab focused event="tab.focus" subsystem="tab" outcome="ok" workspace_id="w4" tab_id="w4:t3"
2026-07-29T03:25:44.307654Z  INFO herdr::logging: session saved event="persist.save" subsystem="persist" outcome="ok" path=/Users/shahid/.config/herdr/session.json workspaces=3
2026-07-29T03:25:50.261483Z  INFO herdr::logging: tab focused event="tab.focus" subsystem="tab" outcome="ok" workspace_id="w4" tab_id="w4:t3"
2026-07-29T03:25:54.209979Z  INFO herdr::logging: tab focused event="tab.focus" subsystem="tab" outcome="ok" workspace_id="w4" tab_id="w4:t1"
2026-07-29T03:25:59.213279Z  INFO herdr::logging: session saved event="persist.save" subsystem="persist" outcome="ok" path=/Users/shahid/.config/herdr/session.json workspaces=3
2026-07-29T03:25:59.813840Z  INFO herdr::logging: tab focused event="tab.focus" subsystem="tab" outcome="ok" workspace_id="w4" tab_id="w4:t1"
2026-07-29T03:26:02.231576Z  INFO herdr::logging: tab focused event="tab.focus" subsystem="tab" outcome="ok" workspace_id="w4" tab_id="w4:t2"
2026-07-29T03:26:04.319446Z  INFO herdr::logging: tab focused event="tab.focus" subsystem="tab" outcome="ok" workspace_id="w4" tab_id="w4:t3"
2026-07-29T03:26:09.327526Z  INFO herdr::logging: session saved event="persist.save" subsystem="persist" outcome="ok" path=/Users/shahid/.config/herdr/session.json workspaces=3
2026-07-29T03:26:15.598388Z  INFO herdr::logging: tab focused event="tab.focus" subsystem="tab" outcome="ok" workspace_id="w4" tab_id="w4:t1"
2026-07-29T03:26:19.910623Z  WARN herdr::raw_input: flushing lone escape after input timeout; if this follows an alt chord or focus switch it may reach the pane as plain esc bytes=[27]
2026-07-29T03:26:20.604317Z  INFO herdr::logging: session saved event="persist.save" subsystem="persist" outcome="ok" path=/Users/shahid/.config/herdr/session.json workspaces=3
2026-07-29T03:26:22.573194Z  INFO herdr::logging: tab focused event="tab.focus" subsystem="tab" outcome="ok" workspace_id="w4" tab_id="w4:t3"
2026-07-29T03:26:26.830518Z  INFO herdr::logging: tab focused event="tab.focus" subsystem="tab" outcome="ok" workspace_id="w4" tab_id="w4:t3"
2026-07-29T03:26:31.835192Z  INFO herdr::logging: session saved event="persist.save" subsystem="persist" outcome="ok" path=/Users/shahid/.config/herdr/session.json workspaces=3
2026-07-29T03:26:49.909386Z  INFO herdr::logging: tab focused event="tab.focus" subsystem="tab" outcome="ok" workspace_id="w4" tab_id="w4:t3"
2026-07-29T03:26:54.915177Z  INFO herdr::logging: session saved event="persist.save" subsystem="persist" outcome="ok" path=/Users/shahid/.config/herdr/session.json workspaces=3
2026-07-29T03:27:02.846440Z  INFO herdr::logging: tab focused event="tab.focus" subsystem="tab" outcome="ok" workspace_id="w4" tab_id="w4:t3"
2026-07-29T03:27:07.853192Z  INFO herdr::logging: session saved event="persist.save" subsystem="persist" outcome="ok" path=/Users/shahid/.config/herdr/session.json workspaces=3
2026-07-29T03:46:46.724721Z  INFO herdr::logging: checking for updates event="update.check.start" subsystem="update" outcome="started"
2026-07-29T03:58:13.426879Z  INFO herdr::server::headless: client resize client_id=4 cols=166 rows=40 cell_width_px=0 cell_height_px=0
2026-07-29T04:02:41.697717Z  INFO herdr::server::headless: client resize client_id=4 cols=166 rows=33 cell_width_px=0 cell_height_px=0
2026-07-29T04:02:42.444440Z  INFO herdr::server::headless: client resize client_id=4 cols=166 rows=40 cell_width_px=0 cell_height_px=0
2026-07-29T04:02:42.629123Z  INFO herdr::server::headless: client resize client_id=4 cols=166 rows=33 cell_width_px=0 cell_height_px=0
2026-07-29T04:16:53.358807Z  INFO herdr::logging: checking for updates event="update.check.start" subsystem="update" outcome="started"
2026-07-29T04:46:54.207357Z  INFO herdr::logging: checking for updates event="update.check.start" subsystem="update" outcome="started"
2026-07-29T05:21:45.181016Z  INFO herdr::logging: checking for updates event="update.check.start" subsystem="update" outcome="started"
2026-07-29T05:34:52.771725Z  INFO herdr::server::headless: client resize client_id=4 cols=166 rows=40 cell_width_px=0 cell_height_px=0
2026-07-29T05:51:45.193364Z  INFO herdr::logging: checking for updates event="update.check.start" subsystem="update" outcome="started"
2026-07-29T06:21:45.216756Z  INFO herdr::logging: checking for updates event="update.check.start" subsystem="update" outcome="started"
2026-07-29T06:51:45.229140Z  INFO herdr::logging: checking for updates event="update.check.start" subsystem="update" outcome="started"
2026-07-29T07:21:45.245662Z  INFO herdr::logging: checking for updates event="update.check.start" subsystem="update" outcome="started"
2026-07-29T07:21:57.245860Z  INFO herdr::logging: tab focused event="tab.focus" subsystem="tab" outcome="ok" workspace_id="w4" tab_id="w4:t1"
2026-07-29T07:22:02.254211Z  INFO herdr::logging: session saved event="persist.save" subsystem="persist" outcome="ok" path=/Users/shahid/.config/herdr/session.json workspaces=3
2026-07-29T07:22:02.950705Z  INFO herdr::logging: tab focused event="tab.focus" subsystem="tab" outcome="ok" workspace_id="w4" tab_id="w4:t1"
2026-07-29T07:22:07.962848Z  INFO herdr::logging: session saved event="persist.save" subsystem="persist" outcome="ok" path=/Users/shahid/.config/herdr/session.json workspaces=3
2026-07-29T07:23:05.295848Z  INFO herdr::logging: tab focused event="tab.focus" subsystem="tab" outcome="ok" workspace_id="w4" tab_id="w4:t1"
2026-07-29T07:23:10.310097Z  INFO herdr::logging: session saved event="persist.save" subsystem="persist" outcome="ok" path=/Users/shahid/.config/herdr/session.json workspaces=3
2026-07-29T07:51:45.256806Z  INFO herdr::logging: checking for updates event="update.check.start" subsystem="update" outcome="started"
2026-07-29T08:21:45.216198Z  INFO herdr::logging: checking for updates event="update.check.start" subsystem="update" outcome="started"
2026-07-29T08:28:12.918253Z  INFO herdr::logging: tab focused event="tab.focus" subsystem="tab" outcome="ok" workspace_id="w4" tab_id="w4:t1"
2026-07-29T08:28:17.937211Z  INFO herdr::logging: session saved event="persist.save" subsystem="persist" outcome="ok" path=/Users/shahid/.config/herdr/session.json workspaces=3
2026-07-29T08:32:30.774547Z  INFO herdr::logging: tab focused event="tab.focus" subsystem="tab" outcome="ok" workspace_id="w4" tab_id="w4:t1"
2026-07-29T08:32:35.784689Z  INFO herdr::logging: session saved event="persist.save" subsystem="persist" outcome="ok" path=/Users/shahid/.config/herdr/session.json workspaces=3
2026-07-29T08:34:36.014717Z  INFO herdr::logging: tab focused event="tab.focus" subsystem="tab" outcome="ok" workspace_id="w4" tab_id="w4:t1"
2026-07-29T08:34:41.023071Z  INFO herdr::logging: session saved event="persist.save" subsystem="persist" outcome="ok" path=/Users/shahid/.config/herdr/session.json workspaces=3
2026-07-29T08:51:45.208782Z  INFO herdr::logging: checking for updates event="update.check.start" subsystem="update" outcome="started"
2026-07-29T08:53:25.773090Z  INFO herdr::server::headless: client resize client_id=4 cols=156 rows=33 cell_width_px=0 cell_height_px=0
2026-07-29T08:53:26.260059Z  INFO herdr::server::headless: client resize client_id=4 cols=166 rows=33 cell_width_px=0 cell_height_px=0
2026-07-29T13:45:02.922682Z  INFO herdr::server::headless: client resize client_id=4 cols=121 rows=30 cell_width_px=0 cell_height_px=0
2026-07-29T13:45:03.883899Z  INFO herdr::server::headless: client resize client_id=4 cols=166 rows=31 cell_width_px=0 cell_height_px=0
2026-07-29T13:46:03.588402Z  INFO herdr::server::headless: client resize client_id=4 cols=121 rows=30 cell_width_px=0 cell_height_px=0
2026-07-29T13:46:04.645185Z  INFO herdr::logging: tab focused event="tab.focus" subsystem="tab" outcome="ok" workspace_id="w4" tab_id="w4:t1"
2026-07-29T13:46:09.725206Z  INFO herdr::logging: session saved event="persist.save" subsystem="persist" outcome="ok" path=/Users/shahid/.config/herdr/session.json workspaces=3
2026-07-29T13:46:23.877457Z  INFO herdr::logging: tab focused event="tab.focus" subsystem="tab" outcome="ok" workspace_id="w4" tab_id="w4:t1"
2026-07-29T13:46:28.896691Z  INFO herdr::logging: session saved event="persist.save" subsystem="persist" outcome="ok" path=/Users/shahid/.config/herdr/session.json workspaces=3
2026-07-29T13:48:20.751218Z  INFO herdr::logging: tab focused event="tab.focus" subsystem="tab" outcome="ok" workspace_id="w4" tab_id="w4:t1"
2026-07-29T13:48:25.770380Z  INFO herdr::logging: session saved event="persist.save" subsystem="persist" outcome="ok" path=/Users/shahid/.config/herdr/session.json workspaces=3
2026-07-29T14:01:31.383281Z  INFO herdr::logging: checking for updates event="update.check.start" subsystem="update" outcome="started"
2026-07-29T14:04:16.462571Z  INFO herdr::logging: tab focused event="tab.focus" subsystem="tab" outcome="ok" workspace_id="w4" tab_id="w4:t1"
2026-07-29T14:04:21.502814Z  INFO herdr::logging: session saved event="persist.save" subsystem="persist" outcome="ok" path=/Users/shahid/.config/herdr/session.json workspaces=3
2026-07-29T14:27:02.487150Z  INFO herdr::logging: tab focused event="tab.focus" subsystem="tab" outcome="ok" workspace_id="w4" tab_id="w4:t3"
2026-07-29T14:27:07.536151Z  INFO herdr::logging: session saved event="persist.save" subsystem="persist" outcome="ok" path=/Users/shahid/.config/herdr/session.json workspaces=3
2026-07-29T14:27:07.743892Z  INFO herdr::logging: tab focused event="tab.focus" subsystem="tab" outcome="ok" workspace_id="w4" tab_id="w4:t1"
2026-07-29T14:27:12.751177Z  INFO herdr::logging: session saved event="persist.save" subsystem="persist" outcome="ok" path=/Users/shahid/.config/herdr/session.json workspaces=3
2026-07-29T14:31:31.424614Z  INFO herdr::logging: checking for updates event="update.check.start" subsystem="update" outcome="started"
2026-07-29T15:02:08.478263Z  INFO herdr::logging: checking for updates event="update.check.start" subsystem="update" outcome="started"
2026-07-30T01:55:03.471399Z  INFO herdr::server::headless: client resize client_id=4 cols=166 rows=40 cell_width_px=0 cell_height_px=0
2026-07-30T02:06:13.742457Z  INFO herdr::server::headless: client resize client_id=4 cols=121 rows=30 cell_width_px=0 cell_height_px=0
2026-07-30T02:23:40.259435Z  INFO herdr::logging: checking for updates event="update.check.start" subsystem="update" outcome="started"
2026-07-30T02:53:40.283147Z  INFO herdr::logging: checking for updates event="update.check.start" subsystem="update" outcome="started"
2026-07-30T03:23:40.303944Z  INFO herdr::logging: checking for updates event="update.check.start" subsystem="update" outcome="started"
2026-07-30T03:53:40.307493Z  INFO herdr::logging: checking for updates event="update.check.start" subsystem="update" outcome="started"
2026-07-30T03:58:31.647802Z  INFO herdr::server::headless: client resize client_id=4 cols=166 rows=40 cell_width_px=0 cell_height_px=0
2026-07-30T04:09:40.538815Z  INFO herdr::server::headless: client resize client_id=4 cols=166 rows=33 cell_width_px=0 cell_height_px=0
2026-07-30T04:23:45.565456Z  INFO herdr::logging: checking for updates event="update.check.start" subsystem="update" outcome="started"
2026-07-30T04:53:48.996339Z  INFO herdr::logging: checking for updates event="update.check.start" subsystem="update" outcome="started"
2026-07-30T05:23:10.092049Z  INFO herdr::server::headless: client resize client_id=4 cols=166 rows=40 cell_width_px=0 cell_height_px=0
2026-07-30T05:23:11.037853Z  INFO herdr::logging: tab focused event="tab.focus" subsystem="tab" outcome="ok" workspace_id="w4" tab_id="w4:t1"
2026-07-30T05:23:16.049652Z  INFO herdr::logging: session saved event="persist.save" subsystem="persist" outcome="ok" path=/Users/shahid/.config/herdr/session.json workspaces=3
2026-07-30T05:30:12.539268Z  INFO herdr::logging: checking for updates event="update.check.start" subsystem="update" outcome="started"
2026-07-30T06:00:12.546702Z  INFO herdr::logging: checking for updates event="update.check.start" subsystem="update" outcome="started"
2026-07-30T06:30:12.528454Z  INFO herdr::logging: checking for updates event="update.check.start" subsystem="update" outcome="started"
2026-07-30T06:55:08.780238Z  INFO herdr::server::headless: client resize client_id=4 cols=166 rows=33 cell_width_px=0 cell_height_px=0
2026-07-30T07:00:59.907961Z  INFO herdr::logging: checking for updates event="update.check.start" subsystem="update" outcome="started"
2026-07-30T07:01:26.943405Z  INFO herdr::server::headless: client resize client_id=4 cols=121 rows=30 cell_width_px=0 cell_height_px=0
2026-07-30T07:01:28.041451Z  INFO herdr::server::headless: client resize client_id=4 cols=166 rows=31 cell_width_px=0 cell_height_px=0
2026-07-30T07:31:05.024973Z  INFO herdr::logging: checking for updates event="update.check.start" subsystem="update" outcome="started"
2026-07-30T13:22:33.417262Z  INFO herdr::server::headless: client resize client_id=4 cols=166 rows=40 cell_width_px=0 cell_height_px=0
2026-07-30T13:24:00.818303Z  WARN herdr::raw_input: flushing lone escape after input timeout; if this follows an alt chord or focus switch it may reach the pane as plain esc bytes=[27]
2026-07-30T13:24:03.408740Z  INFO herdr::logging: workspace focused event="workspace.focus" subsystem="workspace" outcome="ok" workspace_id="w3"
2026-07-30T13:24:03.409172Z  INFO herdr::logging: tab focused event="tab.focus" subsystem="tab" outcome="ok" workspace_id="w3" tab_id="w3:t1"
2026-07-30T13:24:08.420209Z  INFO herdr::logging: session saved event="persist.save" subsystem="persist" outcome="ok" path=/Users/shahid/.config/herdr/session.json workspaces=3
2026-07-30T13:30:55.495019Z  WARN herdr::raw_input: flushing lone escape after input timeout; if this follows an alt chord or focus switch it may reach the pane as plain esc bytes=[27]
2026-07-30T13:31:02.242744Z  INFO herdr::logging: workspace focused event="workspace.focus" subsystem="workspace" outcome="ok" workspace_id="w4"
2026-07-30T13:31:02.243402Z  INFO herdr::logging: tab focused event="tab.focus" subsystem="tab" outcome="ok" workspace_id="w4" tab_id="w4:t3"
2026-07-30T13:31:07.271049Z  INFO herdr::logging: session saved event="persist.save" subsystem="persist" outcome="ok" path=/Users/shahid/.config/herdr/session.json workspaces=3
2026-07-30T13:31:08.709261Z  INFO herdr::logging: tab focused event="tab.focus" subsystem="tab" outcome="ok" workspace_id="w4" tab_id="w4:t1"
2026-07-30T13:31:13.728279Z  INFO herdr::logging: session saved event="persist.save" subsystem="persist" outcome="ok" path=/Users/shahid/.config/herdr/session.json workspaces=3
2026-07-30T13:31:21.189248Z  INFO herdr::logging: tab focused event="tab.focus" subsystem="tab" outcome="ok" workspace_id="w4" tab_id="w4:t1"
2026-07-30T13:31:26.199438Z  INFO herdr::logging: session saved event="persist.save" subsystem="persist" outcome="ok" path=/Users/shahid/.config/herdr/session.json workspaces=3
2026-07-30T13:41:12.403813Z  INFO herdr::logging: checking for updates event="update.check.start" subsystem="update" outcome="started"
2026-07-30T14:05:55.116355Z  WARN herdr::raw_input: flushing lone escape after input timeout; if this follows an alt chord or focus switch it may reach the pane as plain esc bytes=[27]
2026-07-30T14:11:12.405177Z  INFO herdr::logging: checking for updates event="update.check.start" subsystem="update" outcome="started"
2026-07-30T14:19:34.810709Z  INFO herdr::server::headless: client resize client_id=4 cols=166 rows=33 cell_width_px=0 cell_height_px=0
2026-07-31T00:35:30.126977Z  INFO herdr::server::headless: client resize client_id=4 cols=166 rows=40 cell_width_px=0 cell_height_px=0
2026-07-31T00:35:30.820602Z  INFO herdr::server::headless: client resize client_id=4 cols=166 rows=33 cell_width_px=0 cell_height_px=0
2026-07-31T00:53:00.061878Z  INFO herdr::logging: checking for updates event="update.check.start" subsystem="update" outcome="started"
2026-07-31T01:12:18.903524Z  INFO herdr::server::headless: client resize client_id=4 cols=166 rows=40 cell_width_px=0 cell_height_px=0
2026-07-31T01:12:20.064884Z  INFO herdr::logging: tab focused event="tab.focus" subsystem="tab" outcome="ok" workspace_id="w4" tab_id="w4:t1"
2026-07-31T01:12:23.384492Z  INFO herdr::logging: tab focused event="tab.focus" subsystem="tab" outcome="ok" workspace_id="w4" tab_id="w4:t2"
2026-07-31T01:12:28.394829Z  INFO herdr::logging: session saved event="persist.save" subsystem="persist" outcome="ok" path=/Users/shahid/.config/herdr/session.json workspaces=3
2026-07-31T01:12:47.848439Z  INFO herdr::logging: tab focused event="tab.focus" subsystem="tab" outcome="ok" workspace_id="w4" tab_id="w4:t2"
2026-07-31T01:12:52.860377Z  INFO herdr::logging: session saved event="persist.save" subsystem="persist" outcome="ok" path=/Users/shahid/.config/herdr/session.json workspaces=3
2026-07-31T01:12:58.079557Z  INFO herdr::logging: tab focused event="tab.focus" subsystem="tab" outcome="ok" workspace_id="w4" tab_id="w4:t2"
2026-07-31T01:13:03.087662Z  INFO herdr::logging: session saved event="persist.save" subsystem="persist" outcome="ok" path=/Users/shahid/.config/herdr/session.json workspaces=3
2026-07-31T01:13:07.397520Z  INFO herdr::logging: tab focused event="tab.focus" subsystem="tab" outcome="ok" workspace_id="w4" tab_id="w4:t2"
2026-07-31T01:13:12.474317Z  INFO herdr::logging: session saved event="persist.save" subsystem="persist" outcome="ok" path=/Users/shahid/.config/herdr/session.json workspaces=3
2026-07-31T01:13:51.803516Z  INFO herdr::logging: tab focused event="tab.focus" subsystem="tab" outcome="ok" workspace_id="w4" tab_id="w4:t2"
2026-07-31T01:13:56.811770Z  INFO herdr::logging: session saved event="persist.save" subsystem="persist" outcome="ok" path=/Users/shahid/.config/herdr/session.json workspaces=3
2026-07-31T01:14:32.722517Z  INFO herdr::logging: tab focused event="tab.focus" subsystem="tab" outcome="ok" workspace_id="w4" tab_id="w4:t2"
2026-07-31T01:14:37.729235Z  INFO herdr::logging: session saved event="persist.save" subsystem="persist" outcome="ok" path=/Users/shahid/.config/herdr/session.json workspaces=3
2026-07-31T01:15:21.251428Z  INFO herdr::logging: tab focused event="tab.focus" subsystem="tab" outcome="ok" workspace_id="w4" tab_id="w4:t2"
2026-07-31T01:15:26.260522Z  INFO herdr::logging: session saved event="persist.save" subsystem="persist" outcome="ok" path=/Users/shahid/.config/herdr/session.json workspaces=3
2026-07-31T01:15:26.591966Z  INFO herdr::logging: tab focused event="tab.focus" subsystem="tab" outcome="ok" workspace_id="w4" tab_id="w4:t3"
2026-07-31T01:15:30.221136Z  INFO herdr::logging: tab focused event="tab.focus" subsystem="tab" outcome="ok" workspace_id="w4" tab_id="w4:t3"
2026-07-31T01:15:35.238102Z  INFO herdr::logging: session saved event="persist.save" subsystem="persist" outcome="ok" path=/Users/shahid/.config/herdr/session.json workspaces=3
2026-07-31T01:15:36.311215Z  INFO herdr::logging: tab focused event="tab.focus" subsystem="tab" outcome="ok" workspace_id="w4" tab_id="w4:t2"
2026-07-31T01:15:41.319463Z  INFO herdr::logging: session saved event="persist.save" subsystem="persist" outcome="ok" path=/Users/shahid/.config/herdr/session.json workspaces=3
2026-07-31T01:15:42.432950Z  INFO herdr::logging: tab focused event="tab.focus" subsystem="tab" outcome="ok" workspace_id="w4" tab_id="w4:t2"
2026-07-31T01:15:47.442111Z  INFO herdr::logging: session saved event="persist.save" subsystem="persist" outcome="ok" path=/Users/shahid/.config/herdr/session.json workspaces=3
2026-07-31T01:16:27.586399Z  INFO herdr::logging: tab focused event="tab.focus" subsystem="tab" outcome="ok" workspace_id="w4" tab_id="w4:t2"
2026-07-31T01:16:32.593240Z  INFO herdr::logging: session saved event="persist.save" subsystem="persist" outcome="ok" path=/Users/shahid/.config/herdr/session.json workspaces=3
2026-07-31T01:16:44.743599Z  INFO herdr::logging: tab focused event="tab.focus" subsystem="tab" outcome="ok" workspace_id="w4" tab_id="w4:t3"
2026-07-31T01:16:49.757943Z  INFO herdr::logging: session saved event="persist.save" subsystem="persist" outcome="ok" path=/Users/shahid/.config/herdr/session.json workspaces=3
2026-07-31T01:16:54.723342Z  INFO herdr::logging: tab focused event="tab.focus" subsystem="tab" outcome="ok" workspace_id="w4" tab_id="w4:t3"
2026-07-31T01:16:59.736746Z  INFO herdr::logging: session saved event="persist.save" subsystem="persist" outcome="ok" path=/Users/shahid/.config/herdr/session.json workspaces=3
2026-07-31T01:17:06.582849Z  INFO herdr::logging: tab focused event="tab.focus" subsystem="tab" outcome="ok" workspace_id="w4" tab_id="w4:t2"
2026-07-31T01:17:09.357890Z  INFO herdr::logging: tab focused event="tab.focus" subsystem="tab" outcome="ok" workspace_id="w4" tab_id="w4:t2"
2026-07-31T01:17:14.364544Z  INFO herdr::logging: session saved event="persist.save" subsystem="persist" outcome="ok" path=/Users/shahid/.config/herdr/session.json workspaces=3
2026-07-31T01:17:14.847368Z  INFO herdr::logging: tab focused event="tab.focus" subsystem="tab" outcome="ok" workspace_id="w4" tab_id="w4:t3"
2026-07-31T01:17:18.132709Z  INFO herdr::logging: tab focused event="tab.focus" subsystem="tab" outcome="ok" workspace_id="w4" tab_id="w4:t3"
2026-07-31T01:17:23.138591Z  INFO herdr::logging: session saved event="persist.save" subsystem="persist" outcome="ok" path=/Users/shahid/.config/herdr/session.json workspaces=3
2026-07-31T01:23:00.069151Z  INFO herdr::logging: checking for updates event="update.check.start" subsystem="update" outcome="started"
2026-07-31T01:28:34.571998Z  INFO herdr::logging: tab focused event="tab.focus" subsystem="tab" outcome="ok" workspace_id="w4" tab_id="w4:t3"
2026-07-31T01:28:39.581285Z  INFO herdr::logging: session saved event="persist.save" subsystem="persist" outcome="ok" path=/Users/shahid/.config/herdr/session.json workspaces=3
2026-07-31T01:32:38.239935Z  INFO herdr::logging: tab focused event="tab.focus" subsystem="tab" outcome="ok" workspace_id="w4" tab_id="w4:t3"
2026-07-31T01:32:43.255905Z  INFO herdr::logging: session saved event="persist.save" subsystem="persist" outcome="ok" path=/Users/shahid/.config/herdr/session.json workspaces=3
2026-07-31T01:38:17.710833Z  INFO herdr::logging: session saved event="persist.save" subsystem="persist" outcome="ok" path=/Users/shahid/.config/herdr/session.json workspaces=3
2026-07-31T01:38:59.412408Z  INFO herdr::app::actions: copied selection to clipboard
2026-07-31T01:41:00.923858Z  INFO herdr::logging: tab focused event="tab.focus" subsystem="tab" outcome="ok" workspace_id="w4" tab_id="w4:t3"
2026-07-31T01:41:05.940571Z  INFO herdr::logging: session saved event="persist.save" subsystem="persist" outcome="ok" path=/Users/shahid/.config/herdr/session.json workspaces=3
2026-07-31T01:41:24.131802Z  INFO herdr::logging: tab focused event="tab.focus" subsystem="tab" outcome="ok" workspace_id="w4" tab_id="w4:t3"
2026-07-31T01:41:29.141853Z  INFO herdr::logging: session saved event="persist.save" subsystem="persist" outcome="ok" path=/Users/shahid/.config/herdr/session.json workspaces=3
2026-07-31T01:41:40.474646Z  INFO herdr::logging: session saved event="persist.save" subsystem="persist" outcome="ok" path=/Users/shahid/.config/herdr/session.json workspaces=3
2026-07-31T01:42:01.796045Z  INFO herdr::app::actions: copied double-clicked token to clipboard
2026-07-31T01:42:07.340709Z  INFO herdr::app::actions: copied selection to clipboard
2026-07-31T01:45:21.991215Z  INFO herdr::app::actions: copied double-clicked token to clipboard
2026-07-31T01:45:25.368959Z  INFO herdr::app::actions: copied selection to clipboard
2026-07-31T01:46:28.486965Z  INFO herdr::logging: tab focused event="tab.focus" subsystem="tab" outcome="ok" workspace_id="w4" tab_id="w4:t3"
2026-07-31T01:46:33.494965Z  INFO herdr::logging: session saved event="persist.save" subsystem="persist" outcome="ok" path=/Users/shahid/.config/herdr/session.json workspaces=3
2026-07-31T01:46:40.264412Z  INFO herdr::logging: tab focused event="tab.focus" subsystem="tab" outcome="ok" workspace_id="w4" tab_id="w4:t3"
2026-07-31T01:46:45.270890Z  INFO herdr::logging: session saved event="persist.save" subsystem="persist" outcome="ok" path=/Users/shahid/.config/herdr/session.json workspaces=3
2026-07-31T01:51:18.634280Z  INFO herdr::logging: tab focused event="tab.focus" subsystem="tab" outcome="ok" workspace_id="w4" tab_id="w4:t3"
2026-07-31T01:51:21.457194Z  INFO herdr::logging: tab focused event="tab.focus" subsystem="tab" outcome="ok" workspace_id="w4" tab_id="w4:t3"
2026-07-31T01:51:26.471477Z  INFO herdr::logging: session saved event="persist.save" subsystem="persist" outcome="ok" path=/Users/shahid/.config/herdr/session.json workspaces=3
2026-07-31T01:53:00.079247Z  INFO herdr::logging: checking for updates event="update.check.start" subsystem="update" outcome="started"
2026-07-31T01:54:13.287182Z  INFO herdr::logging: tab focused event="tab.focus" subsystem="tab" outcome="ok" workspace_id="w4" tab_id="w4:t3"
2026-07-31T01:54:18.297933Z  INFO herdr::logging: session saved event="persist.save" subsystem="persist" outcome="ok" path=/Users/shahid/.config/herdr/session.json workspaces=3
2026-07-31T01:58:11.642532Z  INFO herdr::logging: tab focused event="tab.focus" subsystem="tab" outcome="ok" workspace_id="w4" tab_id="w4:t3"
2026-07-31T01:58:16.653928Z  INFO herdr::logging: session saved event="persist.save" subsystem="persist" outcome="ok" path=/Users/shahid/.config/herdr/session.json workspaces=3
2026-07-31T02:01:50.788556Z  INFO herdr::logging: tab focused event="tab.focus" subsystem="tab" outcome="ok" workspace_id="w4" tab_id="w4:t3"
2026-07-31T02:01:53.001227Z  INFO herdr::logging: tab focused event="tab.focus" subsystem="tab" outcome="ok" workspace_id="w4" tab_id="w4:t3"
2026-07-31T02:02:00.414926Z  INFO herdr::logging: session saved event="persist.save" subsystem="persist" outcome="ok" path=/Users/shahid/.config/herdr/session.json workspaces=3
2026-07-31T02:02:57.012981Z  INFO herdr::logging: tab focused event="tab.focus" subsystem="tab" outcome="ok" workspace_id="w4" tab_id="w4:t3"
2026-07-31T02:03:02.025472Z  INFO herdr::logging: session saved event="persist.save" subsystem="persist" outcome="ok" path=/Users/shahid/.config/herdr/session.json workspaces=3
2026-07-31T02:23:00.064355Z  INFO herdr::logging: checking for updates event="update.check.start" subsystem="update" outcome="started"
2026-07-31T02:53:00.049810Z  INFO herdr::logging: checking for updates event="update.check.start" subsystem="update" outcome="started"
2026-07-31T03:21:52.595796Z  INFO herdr::logging: tab focused event="tab.focus" subsystem="tab" outcome="ok" workspace_id="w4" tab_id="w4:t3"
2026-07-31T03:21:57.619242Z  INFO herdr::logging: session saved event="persist.save" subsystem="persist" outcome="ok" path=/Users/shahid/.config/herdr/session.json workspaces=3
2026-07-31T03:23:00.078414Z  INFO herdr::logging: checking for updates event="update.check.start" subsystem="update" outcome="started"
2026-07-31T03:24:50.368964Z  INFO herdr::logging: tab focused event="tab.focus" subsystem="tab" outcome="ok" workspace_id="w4" tab_id="w4:t3"
2026-07-31T03:24:55.383004Z  INFO herdr::logging: session saved event="persist.save" subsystem="persist" outcome="ok" path=/Users/shahid/.config/herdr/session.json workspaces=3
2026-07-31T03:24:59.754715Z  INFO herdr::logging: tab focused event="tab.focus" subsystem="tab" outcome="ok" workspace_id="w4" tab_id="w4:t3"
2026-07-31T03:25:04.762203Z  INFO herdr::logging: session saved event="persist.save" subsystem="persist" outcome="ok" path=/Users/shahid/.config/herdr/session.json workspaces=3
2026-07-31T03:28:43.665098Z  INFO herdr::logging: tab focused event="tab.focus" subsystem="tab" outcome="ok" workspace_id="w4" tab_id="w4:t3"
2026-07-31T03:28:48.465743Z  INFO herdr::logging: tab focused event="tab.focus" subsystem="tab" outcome="ok" workspace_id="w4" tab_id="w4:t1"
2026-07-31T03:28:53.415172Z  INFO herdr::logging: tab focused event="tab.focus" subsystem="tab" outcome="ok" workspace_id="w4" tab_id="w4:t2"
2026-07-31T03:28:56.279096Z  INFO herdr::logging: tab focused event="tab.focus" subsystem="tab" outcome="ok" workspace_id="w4" tab_id="w4:t3"
2026-07-31T03:29:01.285448Z  INFO herdr::logging: session saved event="persist.save" subsystem="persist" outcome="ok" path=/Users/shahid/.config/herdr/session.json workspaces=3
2026-07-31T03:29:02.363744Z  INFO herdr::logging: tab focused event="tab.focus" subsystem="tab" outcome="ok" workspace_id="w4" tab_id="w4:t3"
2026-07-31T03:29:07.373409Z  INFO herdr::logging: session saved event="persist.save" subsystem="persist" outcome="ok" path=/Users/shahid/.config/herdr/session.json workspaces=3
2026-07-31T03:29:16.980167Z  INFO herdr::logging: tab focused event="tab.focus" subsystem="tab" outcome="ok" workspace_id="w4" tab_id="w4:t1"
2026-07-31T03:29:21.987748Z  INFO herdr::logging: session saved event="persist.save" subsystem="persist" outcome="ok" path=/Users/shahid/.config/herdr/session.json workspaces=3
2026-07-31T03:29:31.543928Z  INFO herdr::logging: tab focused event="tab.focus" subsystem="tab" outcome="ok" workspace_id="w4" tab_id="w4:t2"
2026-07-31T03:29:33.605017Z  INFO herdr::logging: tab focused event="tab.focus" subsystem="tab" outcome="ok" workspace_id="w4" tab_id="w4:t3"
2026-07-31T03:29:36.953944Z  INFO herdr::logging: tab focused event="tab.focus" subsystem="tab" outcome="ok" workspace_id="w4" tab_id="w4:t1"
2026-07-31T03:29:38.292501Z  INFO herdr::logging: tab focused event="tab.focus" subsystem="tab" outcome="ok" workspace_id="w4" tab_id="w4:t2"
2026-07-31T03:29:39.083140Z  INFO herdr::logging: tab focused event="tab.focus" subsystem="tab" outcome="ok" workspace_id="w4" tab_id="w4:t3"
2026-07-31T03:29:39.683748Z  INFO herdr::logging: tab focused event="tab.focus" subsystem="tab" outcome="ok" workspace_id="w4" tab_id="w4:t1"
2026-07-31T03:29:43.221853Z  INFO herdr::logging: tab focused event="tab.focus" subsystem="tab" outcome="ok" workspace_id="w4" tab_id="w4:t1"
2026-07-31T03:29:48.228576Z  INFO herdr::logging: session saved event="persist.save" subsystem="persist" outcome="ok" path=/Users/shahid/.config/herdr/session.json workspaces=3
2026-07-31T03:30:01.642709Z  INFO herdr::logging: tab focused event="tab.focus" subsystem="tab" outcome="ok" workspace_id="w4" tab_id="w4:t2"
2026-07-31T03:30:04.581913Z  INFO herdr::logging: tab focused event="tab.focus" subsystem="tab" outcome="ok" workspace_id="w4" tab_id="w4:t3"
2026-07-31T03:30:07.102298Z  INFO herdr::logging: tab focused event="tab.focus" subsystem="tab" outcome="ok" workspace_id="w4" tab_id="w4:t1"
2026-07-31T03:30:10.893707Z  INFO herdr::server::headless: client resize client_id=4 cols=166 rows=31 cell_width_px=0 cell_height_px=0
2026-07-31T03:30:11.395465Z  INFO herdr::server::headless: client resize client_id=4 cols=121 rows=30 cell_width_px=0 cell_height_px=0
2026-07-31T03:30:12.773455Z  INFO herdr::logging: session saved event="persist.save" subsystem="persist" outcome="ok" path=/Users/shahid/.config/herdr/session.json workspaces=3
2026-07-31T03:31:26.724085Z  INFO herdr::logging: tab focused event="tab.focus" subsystem="tab" outcome="ok" workspace_id="w4" tab_id="w4:t1"
2026-07-31T03:31:30.429947Z  INFO herdr::logging: tab focused event="tab.focus" subsystem="tab" outcome="ok" workspace_id="w4" tab_id="w4:t2"
2026-07-31T03:31:32.139225Z  INFO herdr::logging: tab focused event="tab.focus" subsystem="tab" outcome="ok" workspace_id="w4" tab_id="w4:t3"
2026-07-31T03:31:37.148656Z  INFO herdr::logging: session saved event="persist.save" subsystem="persist" outcome="ok" path=/Users/shahid/.config/herdr/session.json workspaces=3
2026-07-31T03:31:37.841215Z  INFO herdr::logging: tab focused event="tab.focus" subsystem="tab" outcome="ok" workspace_id="w4" tab_id="w4:t3"
2026-07-31T03:31:42.843735Z  INFO herdr::logging: session saved event="persist.save" subsystem="persist" outcome="ok" path=/Users/shahid/.config/herdr/session.json workspaces=3
2026-07-31T03:31:43.735555Z  INFO herdr::logging: tab focused event="tab.focus" subsystem="tab" outcome="ok" workspace_id="w4" tab_id="w4:t1"
2026-07-31T03:31:47.347870Z  INFO herdr::logging: tab focused event="tab.focus" subsystem="tab" outcome="ok" workspace_id="w4" tab_id="w4:t2"
2026-07-31T03:31:49.087536Z  INFO herdr::logging: tab focused event="tab.focus" subsystem="tab" outcome="ok" workspace_id="w4" tab_id="w4:t3"
2026-07-31T03:31:50.557701Z  INFO herdr::logging: tab focused event="tab.focus" subsystem="tab" outcome="ok" workspace_id="w4" tab_id="w4:t3"
2026-07-31T03:31:55.566217Z  INFO herdr::logging: session saved event="persist.save" subsystem="persist" outcome="ok" path=/Users/shahid/.config/herdr/session.json workspaces=3
2026-07-31T03:53:00.104534Z  INFO herdr::logging: checking for updates event="update.check.start" subsystem="update" outcome="started"
2026-07-31T04:23:00.139116Z  INFO herdr::logging: checking for updates event="update.check.start" subsystem="update" outcome="started"
2026-07-31T04:30:00.987389Z  INFO herdr::logging: tab focused event="tab.focus" subsystem="tab" outcome="ok" workspace_id="w4" tab_id="w4:t3"
2026-07-31T04:30:03.520333Z  INFO herdr::logging: tab focused event="tab.focus" subsystem="tab" outcome="ok" workspace_id="w4" tab_id="w4:t3"
2026-07-31T04:30:04.951247Z  INFO herdr::logging: tab focused event="tab.focus" subsystem="tab" outcome="ok" workspace_id="w4" tab_id="w4:t1"
2026-07-31T04:30:07.755837Z  INFO herdr::logging: tab focused event="tab.focus" subsystem="tab" outcome="ok" workspace_id="w4" tab_id="w4:t1"
2026-07-31T04:30:12.767805Z  INFO herdr::logging: session saved event="persist.save" subsystem="persist" outcome="ok" path=/Users/shahid/.config/herdr/session.json workspaces=3
2026-07-31T04:30:32.055357Z  INFO herdr::logging: tab focused event="tab.focus" subsystem="tab" outcome="ok" workspace_id="w4" tab_id="w4:t1"
2026-07-31T04:30:37.068246Z  INFO herdr::logging: session saved event="persist.save" subsystem="persist" outcome="ok" path=/Users/shahid/.config/herdr/session.json workspaces=3
2026-07-31T04:30:47.930635Z  INFO herdr::logging: tab focused event="tab.focus" subsystem="tab" outcome="ok" workspace_id="w4" tab_id="w4:t2"
2026-07-31T04:30:51.811335Z  INFO herdr::logging: tab focused event="tab.focus" subsystem="tab" outcome="ok" workspace_id="w4" tab_id="w4:t2"
2026-07-31T04:30:53.792014Z  INFO herdr::logging: tab focused event="tab.focus" subsystem="tab" outcome="ok" workspace_id="w4" tab_id="w4:t2"
2026-07-31T04:30:58.808206Z  INFO herdr::logging: session saved event="persist.save" subsystem="persist" outcome="ok" path=/Users/shahid/.config/herdr/session.json workspaces=3
2026-07-31T04:31:01.604854Z  INFO herdr::logging: tab focused event="tab.focus" subsystem="tab" outcome="ok" workspace_id="w4" tab_id="w4:t3"
2026-07-31T04:31:03.270565Z  INFO herdr::logging: tab focused event="tab.focus" subsystem="tab" outcome="ok" workspace_id="w4" tab_id="w4:t1"
2026-07-31T04:31:06.750948Z  INFO herdr::logging: tab focused event="tab.focus" subsystem="tab" outcome="ok" workspace_id="w4" tab_id="w4:t2"
2026-07-31T04:31:07.634804Z  INFO herdr::logging: tab focused event="tab.focus" subsystem="tab" outcome="ok" workspace_id="w4" tab_id="w4:t3"
2026-07-31T04:31:12.645426Z  INFO herdr::logging: session saved event="persist.save" subsystem="persist" outcome="ok" path=/Users/shahid/.config/herdr/session.json workspaces=3
2026-07-31T04:31:12.660061Z  INFO herdr::logging: tab focused event="tab.focus" subsystem="tab" outcome="ok" workspace_id="w4" tab_id="w4:t1"
2026-07-31T04:31:15.615550Z  INFO herdr::logging: tab focused event="tab.focus" subsystem="tab" outcome="ok" workspace_id="w4" tab_id="w4:t2"
2026-07-31T04:31:19.259634Z  INFO herdr::logging: tab focused event="tab.focus" subsystem="tab" outcome="ok" workspace_id="w4" tab_id="w4:t3"
2026-07-31T04:31:24.270482Z  INFO herdr::logging: session saved event="persist.save" subsystem="persist" outcome="ok" path=/Users/shahid/.config/herdr/session.json workspaces=3
2026-07-31T04:31:25.904804Z  INFO herdr::logging: tab focused event="tab.focus" subsystem="tab" outcome="ok" workspace_id="w4" tab_id="w4:t3"
2026-07-31T04:31:30.914720Z  INFO herdr::logging: session saved event="persist.save" subsystem="persist" outcome="ok" path=/Users/shahid/.config/herdr/session.json workspaces=3
2026-07-31T04:31:36.464772Z  INFO herdr::logging: tab focused event="tab.focus" subsystem="tab" outcome="ok" workspace_id="w4" tab_id="w4:t3"
2026-07-31T04:31:41.503616Z  INFO herdr::logging: session saved event="persist.save" subsystem="persist" outcome="ok" path=/Users/shahid/.config/herdr/session.json workspaces=3
2026-07-31T04:33:33.379716Z  INFO herdr::logging: session saved event="persist.save" subsystem="persist" outcome="ok" path=/Users/shahid/.config/herdr/session.json workspaces=3
2026-07-31T04:34:44.873466Z  INFO herdr::logging: tab focused event="tab.focus" subsystem="tab" outcome="ok" workspace_id="w4" tab_id="w4:t1"
2026-07-31T04:34:46.116516Z  INFO herdr::logging: tab focused event="tab.focus" subsystem="tab" outcome="ok" workspace_id="w4" tab_id="w4:t2"
2026-07-31T04:34:51.121101Z  INFO herdr::logging: session saved event="persist.save" subsystem="persist" outcome="ok" path=/Users/shahid/.config/herdr/session.json workspaces=3
2026-07-31T04:53:00.134223Z  INFO herdr::logging: checking for updates event="update.check.start" subsystem="update" outcome="started"
2026-07-31T05:23:14.872588Z  INFO herdr::logging: checking for updates event="update.check.start" subsystem="update" outcome="started"
2026-07-31T06:02:29.596127Z  INFO herdr::logging: checking for updates event="update.check.start" subsystem="update" outcome="started"
2026-07-31T06:03:25.830576Z  INFO herdr::server::headless: client resize client_id=4 cols=166 rows=40 cell_width_px=0 cell_height_px=0
2026-07-31T06:03:26.590729Z  INFO herdr::server::headless: client resize client_id=4 cols=166 rows=33 cell_width_px=0 cell_height_px=0
2026-07-31T06:08:22.140580Z  INFO herdr::server::headless: client resize client_id=4 cols=166 rows=31 cell_width_px=0 cell_height_px=0
2026-07-31T06:32:29.606678Z  INFO herdr::logging: checking for updates event="update.check.start" subsystem="update" outcome="started"
2026-07-31T10:05:48.775621Z  INFO herdr::logging: checking for updates event="update.check.start" subsystem="update" outcome="started"
2026-07-31T13:23:35.838130Z  INFO herdr::server::headless: client resize client_id=4 cols=121 rows=30 cell_width_px=0 cell_height_px=0
2026-07-31T13:23:46.731326Z  INFO herdr::logging: workspace focused event="workspace.focus" subsystem="workspace" outcome="ok" workspace_id="w3"
2026-07-31T13:23:46.732401Z  INFO herdr::logging: tab focused event="tab.focus" subsystem="tab" outcome="ok" workspace_id="w3" tab_id="w3:t1"
2026-07-31T13:23:51.741970Z  INFO herdr::logging: session saved event="persist.save" subsystem="persist" outcome="ok" path=/Users/shahid/.config/herdr/session.json workspaces=3
2026-07-31T13:32:41.244206Z  INFO herdr::logging: workspace focused event="workspace.focus" subsystem="workspace" outcome="ok" workspace_id="w5"
2026-07-31T13:32:41.245512Z  INFO herdr::logging: tab focused event="tab.focus" subsystem="tab" outcome="ok" workspace_id="w5" tab_id="w5:t1"
2026-07-31T13:32:46.256387Z  INFO herdr::logging: session saved event="persist.save" subsystem="persist" outcome="ok" path=/Users/shahid/.config/herdr/session.json workspaces=3
2026-07-31T13:33:26.359873Z  INFO herdr::pane: agent changed pane=3 previous_agent=None agent=Some(Pi) process=pi pgid=Some(76334)
2026-07-31T13:33:52.519354Z  INFO herdr::pane: agent changed pane=3 previous_agent=Some(Pi) agent=None pgid=Some(64845)
2026-07-31T13:34:08.685364Z  INFO herdr::pane: agent changed pane=3 previous_agent=None agent=Some(Pi) process=pi pgid=Some(76381)
2026-07-31T13:34:20.817879Z  INFO herdr::pane: agent changed pane=3 previous_agent=Some(Pi) agent=None pgid=Some(64845)
2026-07-31T13:34:28.390622Z  INFO herdr::pane: agent changed pane=3 previous_agent=None agent=Some(Pi) process=pi pgid=Some(76408)
2026-07-31T13:35:30.390454Z  INFO herdr::pane: agent changed pane=3 previous_agent=Some(Pi) agent=None pgid=Some(64845)
2026-07-31T13:35:31.902929Z  INFO herdr::pane: agent changed pane=3 previous_agent=None agent=Some(Pi) process=pi pgid=Some(76432)
2026-07-31T13:38:52.901777Z  INFO herdr::pane: agent changed pane=3 previous_agent=Some(Pi) agent=None pgid=Some(64845)
2026-07-31T13:40:20.732744Z  INFO herdr::pane: agent changed pane=3 previous_agent=None agent=Some(Pi) process=pi pgid=Some(76829)
2026-07-31T13:40:39.579076Z  INFO herdr::pane: agent changed pane=3 previous_agent=Some(Pi) agent=None pgid=Some(64845)
2026-07-31T14:10:53.898124Z  INFO herdr::pane: agent changed pane=3 previous_agent=None agent=Some(Pi) process=pi pgid=Some(76935)
2026-07-31T14:12:08.008679Z  WARN herdr::raw_input: flushing lone escape after input timeout; if this follows an alt chord or focus switch it may reach the pane as plain esc bytes=[27]
2026-07-31T14:16:18.897095Z  INFO herdr::logging: checking for updates event="update.check.start" subsystem="update" outcome="started"
2026-07-31T14:16:23.563431Z  INFO herdr::logging: tab focused event="tab.focus" subsystem="tab" outcome="ok" workspace_id="w5" tab_id="w5:t2"
2026-07-31T14:16:26.608329Z  INFO herdr::logging: tab focused event="tab.focus" subsystem="tab" outcome="ok" workspace_id="w5" tab_id="w5:t1"
2026-07-31T14:16:31.621125Z  INFO herdr::logging: session saved event="persist.save" subsystem="persist" outcome="ok" path=/Users/shahid/.config/herdr/session.json workspaces=3
2026-07-31T14:37:12.683730Z  INFO herdr::pane: agent changed pane=3 previous_agent=Some(Pi) agent=None pgid=Some(64845)
2026-07-31T14:40:31.636851Z  INFO herdr::server::headless: client resize client_id=4 cols=166 rows=33 cell_width_px=0 cell_height_px=0
2026-07-31T14:40:32.562356Z  INFO herdr::server::headless: client resize client_id=4 cols=166 rows=40 cell_width_px=0 cell_height_px=0
2026-07-31T14:47:37.700873Z  INFO herdr::logging: checking for updates event="update.check.start" subsystem="update" outcome="started"
2026-07-31T14:47:41.425447Z  WARN herdr::detect::manifest_update: agent detection manifest update failed: failed to fetch https://herdr.dev/agent-detection/index.toml
2026-07-31T14:47:41.425454Z  WARN herdr::logging: update check failed event="update.check.complete" subsystem="update" outcome="error" err="failed to fetch Homebrew formula JSON"
2026-07-31T14:56:53.254728Z  INFO herdr::logging: tab focused event="tab.focus" subsystem="tab" outcome="ok" workspace_id="w5" tab_id="w5:t2"
2026-07-31T14:56:56.268751Z  INFO herdr::logging: tab focused event="tab.focus" subsystem="tab" outcome="ok" workspace_id="w5" tab_id="w5:t1"
2026-07-31T14:57:01.279828Z  INFO herdr::logging: session saved event="persist.save" subsystem="persist" outcome="ok" path=/Users/shahid/.config/herdr/session.json workspaces=3
2026-07-31T14:57:14.110984Z  INFO herdr::logging: spawning pane terminal event="pane.spawn.start" subsystem="pane" outcome="started" pane_id=13 rows=39 cols=162 scrollback_limit_bytes=10000000
2026-07-31T14:57:14.132594Z  INFO herdr::logging: pane child spawned event="pane.spawned" subsystem="pane" outcome="ok" pane_id=13 pid=79213
2026-07-31T14:57:14.133555Z  INFO herdr::logging: tab renamed event="tab.rename" subsystem="tab" outcome="ok" workspace_id="w5" tab_id="w5:t3"
2026-07-31T14:57:14.133581Z  INFO herdr::logging: tab focused event="tab.focus" subsystem="tab" outcome="ok" workspace_id="w5" tab_id="w5:t3"
2026-07-31T14:57:19.141301Z  INFO herdr::logging: session saved event="persist.save" subsystem="persist" outcome="ok" path=/Users/shahid/.config/herdr/session.json workspaces=3
2026-07-31T14:57:22.768859Z  INFO herdr::pane: agent changed pane=13 previous_agent=None agent=Some(Pi) process=pi pgid=Some(79518)
2026-07-31T14:57:34.821205Z  INFO herdr::logging: tab focused event="tab.focus" subsystem="tab" outcome="ok" workspace_id="w5" tab_id="w5:t1"
2026-07-31T14:57:39.829081Z  INFO herdr::logging: session saved event="persist.save" subsystem="persist" outcome="ok" path=/Users/shahid/.config/herdr/session.json workspaces=3
2026-07-31T14:57:46.484000Z  INFO herdr::logging: tab focused event="tab.focus" subsystem="tab" outcome="ok" workspace_id="w5" tab_id="w5:t3"
2026-07-31T14:57:51.491353Z  INFO herdr::logging: session saved event="persist.save" subsystem="persist" outcome="ok" path=/Users/shahid/.config/herdr/session.json workspaces=3
2026-07-31T15:03:07.646300Z  INFO herdr::logging: tab focused event="tab.focus" subsystem="tab" outcome="ok" workspace_id="w5" tab_id="w5:t1"
2026-07-31T15:03:12.654112Z  INFO herdr::logging: session saved event="persist.save" subsystem="persist" outcome="ok" path=/Users/shahid/.config/herdr/session.json workspaces=3
2026-07-31T15:10:37.851361Z  INFO herdr::server::headless: client resize client_id=4 cols=166 rows=33 cell_width_px=0 cell_height_px=0
2026-07-31T15:18:47.220413Z  INFO herdr::logging: checking for updates event="update.check.start" subsystem="update" outcome="started"
2026-08-01T00:03:51.773595Z  INFO herdr::server::headless: client resize client_id=4 cols=166 rows=31 cell_width_px=0 cell_height_px=0
2026-08-01T00:03:53.799070Z  INFO herdr::server::headless: client resize client_id=4 cols=121 rows=30 cell_width_px=0 cell_height_px=0
2026-08-01T00:03:59.072717Z  INFO herdr::logging: tab focused event="tab.focus" subsystem="tab" outcome="ok" workspace_id="w5" tab_id="w5:t2"
2026-08-01T00:04:00.669331Z  INFO herdr::logging: tab focused event="tab.focus" subsystem="tab" outcome="ok" workspace_id="w5" tab_id="w5:t3"
2026-08-01T00:04:05.679803Z  INFO herdr::logging: session saved event="persist.save" subsystem="persist" outcome="ok" path=/Users/shahid/.config/herdr/session.json workspaces=3
2026-08-01T00:12:23.906942Z  INFO herdr::logging: tab focused event="tab.focus" subsystem="tab" outcome="ok" workspace_id="w5" tab_id="w5:t1"
2026-08-01T00:12:28.929994Z  INFO herdr::logging: session saved event="persist.save" subsystem="persist" outcome="ok" path=/Users/shahid/.config/herdr/session.json workspaces=3
2026-08-01T00:13:31.070003Z  INFO herdr::logging: tab focused event="tab.focus" subsystem="tab" outcome="ok" workspace_id="w5" tab_id="w5:t3"
2026-08-01T00:13:36.092694Z  INFO herdr::logging: session saved event="persist.save" subsystem="persist" outcome="ok" path=/Users/shahid/.config/herdr/session.json workspaces=3
2026-08-01T00:13:44.312328Z  INFO herdr::pane: agent changed pane=13 previous_agent=Some(Pi) agent=None pgid=Some(79213)
2026-08-01T00:14:06.260116Z  INFO herdr::logging: tab focused event="tab.focus" subsystem="tab" outcome="ok" workspace_id="w5" tab_id="w5:t1"
2026-08-01T00:14:11.273498Z  INFO herdr::logging: session saved event="persist.save" subsystem="persist" outcome="ok" path=/Users/shahid/.config/herdr/session.json workspaces=3
2026-08-01T00:14:17.381945Z  INFO herdr::logging: tab focused event="tab.focus" subsystem="tab" outcome="ok" workspace_id="w5" tab_id="w5:t2"
2026-08-01T00:14:22.002492Z  INFO herdr::logging: tab focused event="tab.focus" subsystem="tab" outcome="ok" workspace_id="w5" tab_id="w5:t2"
2026-08-01T00:14:24.125549Z  INFO herdr::logging: tab focused event="tab.focus" subsystem="tab" outcome="ok" workspace_id="w5" tab_id="w5:t3"
2026-08-01T00:14:28.212014Z  INFO herdr::pane: agent changed pane=13 previous_agent=None agent=Some(Pi) process=pi pgid=Some(85943)
2026-08-01T00:14:29.128883Z  INFO herdr::logging: session saved event="persist.save" subsystem="persist" outcome="ok" path=/Users/shahid/.config/herdr/session.json workspaces=3
2026-08-01T00:16:11.806460Z  INFO herdr::logging: checking for updates event="update.check.start" subsystem="update" outcome="started"
2026-08-01T00:22:44.147635Z  WARN herdr::raw_input: flushing lone escape after input timeout; if this follows an alt chord or focus switch it may reach the pane as plain esc bytes=[27]
2026-08-01T00:40:53.138262Z  INFO herdr::pane: agent changed pane=13 previous_agent=Some(Pi) agent=None pgid=Some(79213)
2026-08-01T00:41:04.666903Z  INFO herdr::logging: tab focused event="tab.focus" subsystem="tab" outcome="ok" workspace_id="w5" tab_id="w5:t1"
2026-08-01T00:41:09.679987Z  INFO herdr::logging: session saved event="persist.save" subsystem="persist" outcome="ok" path=/Users/shahid/.config/herdr/session.json workspaces=3
2026-08-01T00:41:31.633173Z  WARN herdr::raw_input: flushing lone escape after input timeout; if this follows an alt chord or focus switch it may reach the pane as plain esc bytes=[27]
2026-08-01T00:41:31.825621Z  WARN herdr::raw_input: flushing lone escape after input timeout; if this follows an alt chord or focus switch it may reach the pane as plain esc bytes=[27]
2026-08-01T00:41:53.643887Z  WARN herdr::raw_input: flushing lone escape after input timeout; if this follows an alt chord or focus switch it may reach the pane as plain esc bytes=[27]
2026-08-01T00:41:58.626469Z  WARN herdr::raw_input: flushing lone escape after input timeout; if this follows an alt chord or focus switch it may reach the pane as plain esc bytes=[27]
2026-08-01T00:42:06.307578Z  WARN herdr::raw_input: flushing lone escape after input timeout; if this follows an alt chord or focus switch it may reach the pane as plain esc bytes=[27]
2026-08-01T00:42:28.838537Z  WARN herdr::raw_input: flushing lone escape after input timeout; if this follows an alt chord or focus switch it may reach the pane as plain esc bytes=[27]
2026-08-01T00:43:11.121325Z  WARN herdr::raw_input: flushing lone escape after input timeout; if this follows an alt chord or focus switch it may reach the pane as plain esc bytes=[27]
2026-08-01T00:43:20.772674Z  WARN herdr::raw_input: flushing lone escape after input timeout; if this follows an alt chord or focus switch it may reach the pane as plain esc bytes=[27]
2026-08-01T00:43:33.046675Z  WARN herdr::raw_input: flushing lone escape after input timeout; if this follows an alt chord or focus switch it may reach the pane as plain esc bytes=[27]
2026-08-01T00:43:39.328741Z  WARN herdr::raw_input: flushing lone escape after input timeout; if this follows an alt chord or focus switch it may reach the pane as plain esc bytes=[27]
2026-08-01T00:43:44.599980Z  WARN herdr::raw_input: flushing lone escape after input timeout; if this follows an alt chord or focus switch it may reach the pane as plain esc bytes=[27]
2026-08-01T00:43:52.494001Z  WARN herdr::raw_input: flushing lone escape after input timeout; if this follows an alt chord or focus switch it may reach the pane as plain esc bytes=[27]
2026-08-01T00:44:31.778644Z  WARN herdr::raw_input: flushing lone escape after input timeout; if this follows an alt chord or focus switch it may reach the pane as plain esc bytes=[27]
2026-08-01T00:44:39.877250Z  WARN herdr::raw_input: flushing lone escape after input timeout; if this follows an alt chord or focus switch it may reach the pane as plain esc bytes=[27]
2026-08-01T00:44:49.218675Z  WARN herdr::raw_input: flushing lone escape after input timeout; if this follows an alt chord or focus switch it may reach the pane as plain esc bytes=[27]
2026-08-01T00:44:54.681986Z  WARN herdr::raw_input: flushing lone escape after input timeout; if this follows an alt chord or focus switch it may reach the pane as plain esc bytes=[27]
2026-08-01T00:45:04.429377Z  WARN herdr::raw_input: flushing lone escape after input timeout; if this follows an alt chord or focus switch it may reach the pane as plain esc bytes=[27]
2026-08-01T00:45:07.894228Z  WARN herdr::raw_input: flushing lone escape after input timeout; if this follows an alt chord or focus switch it may reach the pane as plain esc bytes=[27]
2026-08-01T00:45:25.783007Z  WARN herdr::raw_input: flushing lone escape after input timeout; if this follows an alt chord or focus switch it may reach the pane as plain esc bytes=[27]
2026-08-01T00:45:31.165436Z  WARN herdr::raw_input: flushing lone escape after input timeout; if this follows an alt chord or focus switch it may reach the pane as plain esc bytes=[27]
2026-08-01T00:45:44.998465Z  WARN herdr::raw_input: flushing lone escape after input timeout; if this follows an alt chord or focus switch it may reach the pane as plain esc bytes=[27]
2026-08-01T00:46:21.796775Z  WARN herdr::raw_input: flushing lone escape after input timeout; if this follows an alt chord or focus switch it may reach the pane as plain esc bytes=[27]
2026-08-01T00:46:27.260104Z  WARN herdr::raw_input: flushing lone escape after input timeout; if this follows an alt chord or focus switch it may reach the pane as plain esc bytes=[27]
2026-08-01T00:47:50.696101Z  WARN herdr::raw_input: flushing lone escape after input timeout; if this follows an alt chord or focus switch it may reach the pane as plain esc bytes=[27]
2026-08-01T00:48:06.038033Z  WARN herdr::raw_input: flushing lone escape after input timeout; if this follows an alt chord or focus switch it may reach the pane as plain esc bytes=[27]
2026-08-01T00:48:12.546003Z  WARN herdr::raw_input: flushing lone escape after input timeout; if this follows an alt chord or focus switch it may reach the pane as plain esc bytes=[27]
2026-08-01T00:49:45.490634Z  WARN herdr::raw_input: flushing lone escape after input timeout; if this follows an alt chord or focus switch it may reach the pane as plain esc bytes=[27]
2026-08-01T00:50:10.070234Z  INFO herdr::logging: tab focused event="tab.focus" subsystem="tab" outcome="ok" workspace_id="w5" tab_id="w5:t2"
2026-08-01T00:50:15.083776Z  INFO herdr::logging: session saved event="persist.save" subsystem="persist" outcome="ok" path=/Users/shahid/.config/herdr/session.json workspaces=3
2026-08-01T00:50:16.519367Z  INFO herdr::logging: tab focused event="tab.focus" subsystem="tab" outcome="ok" workspace_id="w5" tab_id="w5:t2"
2026-08-01T00:50:21.525641Z  INFO herdr::logging: session saved event="persist.save" subsystem="persist" outcome="ok" path=/Users/shahid/.config/herdr/session.json workspaces=3
2026-08-01T00:50:38.548612Z  INFO herdr::logging: session saved event="persist.save" subsystem="persist" outcome="ok" path=/Users/shahid/.config/herdr/session.json workspaces=3
2026-08-01T00:57:24.688692Z  INFO herdr::logging: checking for updates event="update.check.start" subsystem="update" outcome="started"
2026-08-02T00:02:40.941599Z  INFO herdr::logging: checking for updates event="update.check.start" subsystem="update" outcome="started"
2026-08-02T00:02:44.047297Z  WARN herdr::detect::manifest_update: agent detection manifest update failed: failed to fetch https://herdr.dev/agent-detection/index.toml
2026-08-02T00:02:44.090752Z  WARN herdr::logging: update check failed event="update.check.complete" subsystem="update" outcome="error" err="failed to fetch Homebrew formula JSON"
2026-08-02T02:16:35.661336Z  INFO herdr::logging: tab focused event="tab.focus" subsystem="tab" outcome="ok" workspace_id="w5" tab_id="w5:t3"
2026-08-02T02:16:38.123776Z  INFO herdr::pane: agent changed pane=13 previous_agent=None agent=Some(Pi) process=pi pgid=Some(32125)
2026-08-02T02:16:40.672536Z  INFO herdr::logging: session saved event="persist.save" subsystem="persist" outcome="ok" path=/Users/shahid/.config/herdr/session.json workspaces=3
2026-08-02T02:20:15.348289Z  INFO herdr::logging: tab focused event="tab.focus" subsystem="tab" outcome="ok" workspace_id="w5" tab_id="w5:t1"
2026-08-02T02:20:20.360056Z  INFO herdr::logging: session saved event="persist.save" subsystem="persist" outcome="ok" path=/Users/shahid/.config/herdr/session.json workspaces=3
2026-08-02T02:21:05.066449Z  INFO herdr::logging: tab focused event="tab.focus" subsystem="tab" outcome="ok" workspace_id="w5" tab_id="w5:t3"
2026-08-02T02:21:10.082233Z  INFO herdr::logging: session saved event="persist.save" subsystem="persist" outcome="ok" path=/Users/shahid/.config/herdr/session.json workspaces=3
2026-08-02T02:21:30.903134Z  INFO herdr::logging: tab focused event="tab.focus" subsystem="tab" outcome="ok" workspace_id="w5" tab_id="w5:t1"
2026-08-02T02:21:35.912967Z  INFO herdr::logging: session saved event="persist.save" subsystem="persist" outcome="ok" path=/Users/shahid/.config/herdr/session.json workspaces=3
2026-08-02T04:34:48.075741Z  INFO herdr::server::headless: client resize client_id=4 cols=166 rows=40 cell_width_px=0 cell_height_px=0
2026-08-02T04:38:43.954533Z  INFO herdr::server::headless: client resize client_id=4 cols=166 rows=33 cell_width_px=0 cell_height_px=0
2026-08-02T04:38:50.033915Z  INFO herdr::server::headless: client resize client_id=4 cols=166 rows=40 cell_width_px=0 cell_height_px=0
2026-08-02T04:41:29.518805Z  INFO herdr::logging: tab focused event="tab.focus" subsystem="tab" outcome="ok" workspace_id="w5" tab_id="w5:t2"
2026-08-02T04:41:34.531223Z  INFO herdr::logging: session saved event="persist.save" subsystem="persist" outcome="ok" path=/Users/shahid/.config/herdr/session.json workspaces=3
2026-08-02T04:49:54.298459Z  INFO herdr::logging: checking for updates event="update.check.start" subsystem="update" outcome="started"
2026-08-02T04:50:31.563027Z  INFO herdr::logging: tab focused event="tab.focus" subsystem="tab" outcome="ok" workspace_id="w5" tab_id="w5:t1"
2026-08-02T04:50:36.575919Z  INFO herdr::logging: session saved event="persist.save" subsystem="persist" outcome="ok" path=/Users/shahid/.config/herdr/session.json workspaces=3
2026-08-02T04:55:44.629389Z  WARN herdr::raw_input: flushing lone escape after input timeout; if this follows an alt chord or focus switch it may reach the pane as plain esc bytes=[27]
2026-08-02T04:56:23.793619Z  WARN herdr::raw_input: flushing lone escape after input timeout; if this follows an alt chord or focus switch it may reach the pane as plain esc bytes=[27]
2026-08-02T04:57:52.455606Z  WARN herdr::raw_input: flushing lone escape after input timeout; if this follows an alt chord or focus switch it may reach the pane as plain esc bytes=[27]
2026-08-02T04:57:58.538170Z  WARN herdr::raw_input: flushing lone escape after input timeout; if this follows an alt chord or focus switch it may reach the pane as plain esc bytes=[27]
2026-08-02T04:58:15.267916Z  INFO herdr::logging: tab focused event="tab.focus" subsystem="tab" outcome="ok" workspace_id="w5" tab_id="w5:t2"
2026-08-02T04:58:20.280319Z  INFO herdr::logging: session saved event="persist.save" subsystem="persist" outcome="ok" path=/Users/shahid/.config/herdr/session.json workspaces=3
2026-08-02T04:59:30.522466Z  INFO herdr::logging: tab focused event="tab.focus" subsystem="tab" outcome="ok" workspace_id="w5" tab_id="w5:t1"
2026-08-02T04:59:35.537204Z  INFO herdr::logging: session saved event="persist.save" subsystem="persist" outcome="ok" path=/Users/shahid/.config/herdr/session.json workspaces=3
2026-08-02T05:08:10.655440Z  WARN herdr::raw_input: flushing lone escape after input timeout; if this follows an alt chord or focus switch it may reach the pane as plain esc bytes=[27]
2026-08-02T05:08:21.893238Z  WARN herdr::raw_input: flushing lone escape after input timeout; if this follows an alt chord or focus switch it may reach the pane as plain esc bytes=[27]
2026-08-02T05:08:32.213373Z  WARN herdr::raw_input: flushing lone escape after input timeout; if this follows an alt chord or focus switch it may reach the pane as plain esc bytes=[27]
2026-08-02T05:10:04.705747Z  WARN herdr::raw_input: flushing lone escape after input timeout; if this follows an alt chord or focus switch it may reach the pane as plain esc bytes=[27]
2026-08-02T05:10:14.370998Z  INFO herdr::logging: tab focused event="tab.focus" subsystem="tab" outcome="ok" workspace_id="w5" tab_id="w5:t2"
2026-08-02T05:10:19.388980Z  INFO herdr::logging: session saved event="persist.save" subsystem="persist" outcome="ok" path=/Users/shahid/.config/herdr/session.json workspaces=3
2026-08-02T05:12:44.509503Z  INFO herdr::logging: tab focused event="tab.focus" subsystem="tab" outcome="ok" workspace_id="w5" tab_id="w5:t1"
2026-08-02T05:12:49.531125Z  INFO herdr::logging: session saved event="persist.save" subsystem="persist" outcome="ok" path=/Users/shahid/.config/herdr/session.json workspaces=3
2026-08-02T05:15:44.736892Z  INFO herdr::logging: workspace focused event="workspace.focus" subsystem="workspace" outcome="ok" workspace_id="w3"
2026-08-02T05:15:44.737692Z  INFO herdr::logging: tab focused event="tab.focus" subsystem="tab" outcome="ok" workspace_id="w3" tab_id="w3:t1"
2026-08-02T05:15:49.745309Z  INFO herdr::logging: session saved event="persist.save" subsystem="persist" outcome="ok" path=/Users/shahid/.config/herdr/session.json workspaces=3
2026-08-02T05:17:15.290781Z  INFO herdr::logging: workspace focused event="workspace.focus" subsystem="workspace" outcome="ok" workspace_id="w5"
2026-08-02T05:17:15.291827Z  INFO herdr::logging: tab focused event="tab.focus" subsystem="tab" outcome="ok" workspace_id="w5" tab_id="w5:t1"
2026-08-02T05:17:20.298180Z  INFO herdr::logging: session saved event="persist.save" subsystem="persist" outcome="ok" path=/Users/shahid/.config/herdr/session.json workspaces=3
2026-08-02T05:18:26.218874Z  WARN herdr::raw_input: flushing lone escape after input timeout; if this follows an alt chord or focus switch it may reach the pane as plain esc bytes=[27]
2026-08-02T05:18:37.767451Z  WARN herdr::raw_input: flushing lone escape after input timeout; if this follows an alt chord or focus switch it may reach the pane as plain esc bytes=[27]
2026-08-02T05:18:39.492244Z  WARN herdr::raw_input: flushing lone escape after input timeout; if this follows an alt chord or focus switch it may reach the pane as plain esc bytes=[27]
2026-08-02T05:19:17.354852Z  WARN herdr::raw_input: flushing lone escape after input timeout; if this follows an alt chord or focus switch it may reach the pane as plain esc bytes=[27]
2026-08-02T05:19:24.301019Z  WARN herdr::raw_input: flushing lone escape after input timeout; if this follows an alt chord or focus switch it may reach the pane as plain esc bytes=[27]
2026-08-02T05:19:52.247506Z  INFO herdr::logging: tab focused event="tab.focus" subsystem="tab" outcome="ok" workspace_id="w5" tab_id="w5:t2"
2026-08-02T05:19:54.288663Z  INFO herdr::logging: checking for updates event="update.check.start" subsystem="update" outcome="started"
2026-08-02T05:19:57.267549Z  INFO herdr::logging: session saved event="persist.save" subsystem="persist" outcome="ok" path=/Users/shahid/.config/herdr/session.json workspaces=3
2026-08-02T05:26:24.869388Z  INFO herdr::logging: tab focused event="tab.focus" subsystem="tab" outcome="ok" workspace_id="w5" tab_id="w5:t1"
2026-08-02T05:26:29.890544Z  INFO herdr::logging: session saved event="persist.save" subsystem="persist" outcome="ok" path=/Users/shahid/.config/herdr/session.json workspaces=3
2026-08-02T05:27:01.438660Z  WARN herdr::raw_input: flushing lone escape after input timeout; if this follows an alt chord or focus switch it may reach the pane as plain esc bytes=[27]
2026-08-02T05:27:05.071966Z  WARN herdr::raw_input: flushing lone escape after input timeout; if this follows an alt chord or focus switch it may reach the pane as plain esc bytes=[27]
2026-08-02T05:28:49.048609Z  WARN herdr::raw_input: flushing lone escape after input timeout; if this follows an alt chord or focus switch it may reach the pane as plain esc bytes=[27]
2026-08-02T05:29:01.109469Z  WARN herdr::raw_input: flushing lone escape after input timeout; if this follows an alt chord or focus switch it may reach the pane as plain esc bytes=[27]
2026-08-02T05:29:13.843684Z  WARN herdr::raw_input: flushing lone escape after input timeout; if this follows an alt chord or focus switch it may reach the pane as plain esc bytes=[27]
2026-08-02T05:29:35.879104Z  WARN herdr::raw_input: flushing lone escape after input timeout; if this follows an alt chord or focus switch it may reach the pane as plain esc bytes=[27]
2026-08-02T05:38:10.164004Z  INFO herdr::logging: tab focused event="tab.focus" subsystem="tab" outcome="ok" workspace_id="w5" tab_id="w5:t3"
2026-08-02T05:38:15.174001Z  INFO herdr::logging: session saved event="persist.save" subsystem="persist" outcome="ok" path=/Users/shahid/.config/herdr/session.json workspaces=3
2026-08-02T05:38:44.993375Z  INFO herdr::logging: tab focused event="tab.focus" subsystem="tab" outcome="ok" workspace_id="w5" tab_id="w5:t1"
2026-08-02T05:38:48.742325Z  INFO herdr::logging: tab focused event="tab.focus" subsystem="tab" outcome="ok" workspace_id="w5" tab_id="w5:t2"
2026-08-02T05:38:53.775583Z  INFO herdr::logging: session saved event="persist.save" subsystem="persist" outcome="ok" path=/Users/shahid/.config/herdr/session.json workspaces=3
2026-08-02T05:44:22.629146Z  INFO herdr::logging: tab focused event="tab.focus" subsystem="tab" outcome="ok" workspace_id="w5" tab_id="w5:t1"
2026-08-02T05:44:27.646374Z  INFO herdr::logging: session saved event="persist.save" subsystem="persist" outcome="ok" path=/Users/shahid/.config/herdr/session.json workspaces=3
2026-08-02T05:45:37.984736Z  WARN herdr::raw_input: flushing lone escape after input timeout; if this follows an alt chord or focus switch it may reach the pane as plain esc bytes=[27]
2026-08-02T05:49:54.304695Z  INFO herdr::logging: checking for updates event="update.check.start" subsystem="update" outcome="started"
2026-08-02T05:51:02.659189Z  WARN herdr::raw_input: flushing lone escape after input timeout; if this follows an alt chord or focus switch it may reach the pane as plain esc bytes=[27]
2026-08-02T05:51:20.006449Z  WARN herdr::raw_input: flushing lone escape after input timeout; if this follows an alt chord or focus switch it may reach the pane as plain esc bytes=[27]
2026-08-02T05:51:51.982159Z  WARN herdr::raw_input: flushing lone escape after input timeout; if this follows an alt chord or focus switch it may reach the pane as plain esc bytes=[27]
2026-08-02T05:54:12.405304Z  WARN herdr::raw_input: flushing lone escape after input timeout; if this follows an alt chord or focus switch it may reach the pane as plain esc bytes=[27]
2026-08-02T05:54:43.098501Z  WARN herdr::raw_input: flushing lone escape after input timeout; if this follows an alt chord or focus switch it may reach the pane as plain esc bytes=[27]
2026-08-02T06:18:23.306412Z  INFO herdr::server::headless: client resize client_id=4 cols=166 rows=33 cell_width_px=0 cell_height_px=0
2026-08-02T06:18:24.503220Z  INFO herdr::server::headless: client resize client_id=4 cols=83 rows=20 cell_width_px=0 cell_height_px=0
2026-08-02T06:18:25.079025Z  INFO herdr::server::headless: client resize client_id=4 cols=166 rows=33 cell_width_px=0 cell_height_px=0
2026-08-02T06:18:25.851187Z  INFO herdr::server::headless: client resize client_id=4 cols=166 rows=40 cell_width_px=0 cell_height_px=0
2026-08-02T06:19:55.355217Z  INFO herdr::logging: checking for updates event="update.check.start" subsystem="update" outcome="started"
2026-08-02T06:58:52.901967Z  INFO herdr::logging: checking for updates event="update.check.start" subsystem="update" outcome="started"
2026-08-03T02:30:37.556390Z  INFO herdr::server::headless: client resize client_id=4 cols=166 rows=31 cell_width_px=0 cell_height_px=0
2026-08-03T02:30:38.201137Z  INFO herdr::server::headless: client resize client_id=4 cols=121 rows=30 cell_width_px=0 cell_height_px=0
2026-08-03T02:32:39.953606Z  INFO herdr::server::headless: client resize client_id=4 cols=166 rows=40 cell_width_px=0 cell_height_px=0
2026-08-03T02:36:01.994250Z  INFO herdr::logging: checking for updates event="update.check.start" subsystem="update" outcome="started"
2026-08-03T02:39:59.807024Z  WARN herdr::raw_input: flushing lone escape after input timeout; if this follows an alt chord or focus switch it may reach the pane as plain esc bytes=[27]
2026-08-03T02:40:40.756856Z  WARN herdr::raw_input: flushing lone escape after input timeout; if this follows an alt chord or focus switch it may reach the pane as plain esc bytes=[27]
2026-08-03T02:41:28.523469Z  INFO herdr::logging: tab focused event="tab.focus" subsystem="tab" outcome="ok" workspace_id="w5" tab_id="w5:t2"
2026-08-03T02:41:33.551268Z  INFO herdr::logging: session saved event="persist.save" subsystem="persist" outcome="ok" path=/Users/shahid/.config/herdr/session.json workspaces=3
2026-08-03T02:44:48.735460Z  INFO herdr::logging: tab focused event="tab.focus" subsystem="tab" outcome="ok" workspace_id="w5" tab_id="w5:t1"
2026-08-03T02:44:53.763992Z  INFO herdr::logging: session saved event="persist.save" subsystem="persist" outcome="ok" path=/Users/shahid/.config/herdr/session.json workspaces=3
2026-08-03T02:44:59.616702Z  WARN herdr::raw_input: flushing lone escape after input timeout; if this follows an alt chord or focus switch it may reach the pane as plain esc bytes=[27]
2026-08-03T02:45:08.586404Z  INFO herdr::logging: tab focused event="tab.focus" subsystem="tab" outcome="ok" workspace_id="w5" tab_id="w5:t2"
2026-08-03T02:45:13.622738Z  INFO herdr::logging: session saved event="persist.save" subsystem="persist" outcome="ok" path=/Users/shahid/.config/herdr/session.json workspaces=3
2026-08-03T02:49:56.483277Z  INFO herdr::logging: tab focused event="tab.focus" subsystem="tab" outcome="ok" workspace_id="w5" tab_id="w5:t1"
2026-08-03T02:50:01.506021Z  INFO herdr::logging: session saved event="persist.save" subsystem="persist" outcome="ok" path=/Users/shahid/.config/herdr/session.json workspaces=3
2026-08-03T02:54:11.365546Z  WARN herdr::raw_input: flushing lone escape after input timeout; if this follows an alt chord or focus switch it may reach the pane as plain esc bytes=[27]
2026-08-03T02:55:58.037245Z  WARN herdr::raw_input: flushing lone escape after input timeout; if this follows an alt chord or focus switch it may reach the pane as plain esc bytes=[27]
2026-08-03T02:56:24.527792Z  WARN herdr::raw_input: flushing lone escape after input timeout; if this follows an alt chord or focus switch it may reach the pane as plain esc bytes=[27]
2026-08-03T02:56:37.766139Z  WARN herdr::raw_input: flushing lone escape after input timeout; if this follows an alt chord or focus switch it may reach the pane as plain esc bytes=[27]
2026-08-03T02:56:38.001794Z  WARN herdr::raw_input: flushing lone escape after input timeout; if this follows an alt chord or focus switch it may reach the pane as plain esc bytes=[27]
2026-08-03T02:57:40.307648Z  WARN herdr::raw_input: flushing lone escape after input timeout; if this follows an alt chord or focus switch it may reach the pane as plain esc bytes=[27]
2026-08-03T02:57:44.482049Z  WARN herdr::raw_input: flushing lone escape after input timeout; if this follows an alt chord or focus switch it may reach the pane as plain esc bytes=[27]
2026-08-03T02:57:47.147205Z  WARN herdr::raw_input: flushing lone escape after input timeout; if this follows an alt chord or focus switch it may reach the pane as plain esc bytes=[27]
2026-08-03T02:57:49.505352Z  WARN herdr::raw_input: flushing lone escape after input timeout; if this follows an alt chord or focus switch it may reach the pane as plain esc bytes=[27]
2026-08-03T02:57:52.111309Z  WARN herdr::raw_input: flushing lone escape after input timeout; if this follows an alt chord or focus switch it may reach the pane as plain esc bytes=[27]
2026-08-03T02:57:59.563680Z  INFO herdr::logging: tab focused event="tab.focus" subsystem="tab" outcome="ok" workspace_id="w5" tab_id="w5:t2"
2026-08-03T02:58:04.588931Z  INFO herdr::logging: session saved event="persist.save" subsystem="persist" outcome="ok" path=/Users/shahid/.config/herdr/session.json workspaces=3
2026-08-03T02:58:27.070901Z  INFO herdr::logging: tab focused event="tab.focus" subsystem="tab" outcome="ok" workspace_id="w5" tab_id="w5:t1"
2026-08-03T02:58:32.087042Z  INFO herdr::logging: session saved event="persist.save" subsystem="persist" outcome="ok" path=/Users/shahid/.config/herdr/session.json workspaces=3
2026-08-03T02:58:36.560466Z  WARN herdr::raw_input: flushing lone escape after input timeout; if this follows an alt chord or focus switch it may reach the pane as plain esc bytes=[27]
2026-08-03T02:58:40.007004Z  WARN herdr::raw_input: flushing lone escape after input timeout; if this follows an alt chord or focus switch it may reach the pane as plain esc bytes=[27]
2026-08-03T02:58:59.725754Z  INFO herdr::logging: tab focused event="tab.focus" subsystem="tab" outcome="ok" workspace_id="w5" tab_id="w5:t2"
2026-08-03T02:59:04.745214Z  INFO herdr::logging: session saved event="persist.save" subsystem="persist" outcome="ok" path=/Users/shahid/.config/herdr/session.json workspaces=3
2026-08-03T02:59:38.312577Z  INFO herdr::logging: tab focused event="tab.focus" subsystem="tab" outcome="ok" workspace_id="w5" tab_id="w5:t2"
2026-08-03T02:59:43.339820Z  INFO herdr::logging: session saved event="persist.save" subsystem="persist" outcome="ok" path=/Users/shahid/.config/herdr/session.json workspaces=3
2026-08-03T03:06:01.996470Z  INFO herdr::logging: checking for updates event="update.check.start" subsystem="update" outcome="started"
2026-08-03T03:30:43.238022Z  INFO herdr::server::headless: client resize client_id=4 cols=166 rows=31 cell_width_px=0 cell_height_px=0
2026-08-03T03:30:43.393335Z  INFO herdr::server::headless: client resize client_id=4 cols=121 rows=30 cell_width_px=0 cell_height_px=0
2026-08-03T03:33:26.088099Z  INFO herdr::logging: tab focused event="tab.focus" subsystem="tab" outcome="ok" workspace_id="w5" tab_id="w5:t1"
2026-08-03T03:33:31.101235Z  INFO herdr::logging: session saved event="persist.save" subsystem="persist" outcome="ok" path=/Users/shahid/.config/herdr/session.json workspaces=3
2026-08-03T03:36:02.030084Z  INFO herdr::logging: checking for updates event="update.check.start" subsystem="update" outcome="started"
2026-08-03T03:36:41.039612Z  WARN herdr::raw_input: flushing lone escape after input timeout; if this follows an alt chord or focus switch it may reach the pane as plain esc bytes=[27]
2026-08-03T03:37:01.843196Z  WARN herdr::raw_input: flushing lone escape after input timeout; if this follows an alt chord or focus switch it may reach the pane as plain esc bytes=[27]
2026-08-03T03:37:04.034561Z  WARN herdr::raw_input: flushing lone escape after input timeout; if this follows an alt chord or focus switch it may reach the pane as plain esc bytes=[27]
2026-08-03T03:37:20.129525Z  WARN herdr::raw_input: flushing lone escape after input timeout; if this follows an alt chord or focus switch it may reach the pane as plain esc bytes=[27]
2026-08-03T03:37:25.630104Z  WARN herdr::raw_input: flushing lone escape after input timeout; if this follows an alt chord or focus switch it may reach the pane as plain esc bytes=[27]
2026-08-03T03:37:39.763577Z  INFO herdr::logging: tab focused event="tab.focus" subsystem="tab" outcome="ok" workspace_id="w5" tab_id="w5:t2"
2026-08-03T03:37:44.773961Z  INFO herdr::logging: session saved event="persist.save" subsystem="persist" outcome="ok" path=/Users/shahid/.config/herdr/session.json workspaces=3
2026-08-03T03:38:16.768413Z  INFO herdr::logging: tab focused event="tab.focus" subsystem="tab" outcome="ok" workspace_id="w5" tab_id="w5:t2"
2026-08-03T03:38:21.801584Z  INFO herdr::logging: session saved event="persist.save" subsystem="persist" outcome="ok" path=/Users/shahid/.config/herdr/session.json workspaces=3
2026-08-03T03:38:26.099210Z  INFO herdr::logging: tab focused event="tab.focus" subsystem="tab" outcome="ok" workspace_id="w5" tab_id="w5:t1"
2026-08-03T03:38:31.117016Z  INFO herdr::logging: session saved event="persist.save" subsystem="persist" outcome="ok" path=/Users/shahid/.config/herdr/session.json workspaces=3
2026-08-03T03:38:37.720296Z  WARN herdr::raw_input: flushing lone escape after input timeout; if this follows an alt chord or focus switch it may reach the pane as plain esc bytes=[27]
2026-08-03T03:39:25.460140Z  WARN herdr::raw_input: flushing lone escape after input timeout; if this follows an alt chord or focus switch it may reach the pane as plain esc bytes=[27]
2026-08-03T03:39:28.650783Z  WARN herdr::raw_input: flushing lone escape after input timeout; if this follows an alt chord or focus switch it may reach the pane as plain esc bytes=[27]
2026-08-03T03:39:28.994620Z  WARN herdr::raw_input: flushing lone escape after input timeout; if this follows an alt chord or focus switch it may reach the pane as plain esc bytes=[27]
2026-08-03T03:39:36.175934Z  WARN herdr::raw_input: flushing lone escape after input timeout; if this follows an alt chord or focus switch it may reach the pane as plain esc bytes=[27]
2026-08-03T03:40:49.266902Z  WARN herdr::raw_input: flushing lone escape after input timeout; if this follows an alt chord or focus switch it may reach the pane as plain esc bytes=[27]
2026-08-03T03:41:01.871529Z  WARN herdr::raw_input: flushing lone escape after input timeout; if this follows an alt chord or focus switch it may reach the pane as plain esc bytes=[27]
2026-08-03T03:41:39.695610Z  WARN herdr::raw_input: flushing lone escape after input timeout; if this follows an alt chord or focus switch it may reach the pane as plain esc bytes=[27]
2026-08-03T03:41:42.469046Z  WARN herdr::raw_input: flushing lone escape after input timeout; if this follows an alt chord or focus switch it may reach the pane as plain esc bytes=[27]
2026-08-03T03:41:48.536046Z  WARN herdr::raw_input: flushing lone escape after input timeout; if this follows an alt chord or focus switch it may reach the pane as plain esc bytes=[27]
2026-08-03T03:41:51.203026Z  WARN herdr::raw_input: flushing lone escape after input timeout; if this follows an alt chord or focus switch it may reach the pane as plain esc bytes=[27]
2026-08-03T03:41:54.784074Z  WARN herdr::raw_input: flushing lone escape after input timeout; if this follows an alt chord or focus switch it may reach the pane as plain esc bytes=[27]
2026-08-03T03:42:36.091108Z  WARN herdr::raw_input: flushing lone escape after input timeout; if this follows an alt chord or focus switch it may reach the pane as plain esc bytes=[27]
2026-08-03T03:42:57.071131Z  INFO herdr::logging: tab focused event="tab.focus" subsystem="tab" outcome="ok" workspace_id="w5" tab_id="w5:t2"
2026-08-03T03:43:02.100665Z  INFO herdr::logging: session saved event="persist.save" subsystem="persist" outcome="ok" path=/Users/shahid/.config/herdr/session.json workspaces=3
2026-08-03T03:45:20.213681Z  INFO herdr::logging: tab focused event="tab.focus" subsystem="tab" outcome="ok" workspace_id="w5" tab_id="w5:t1"
2026-08-03T03:45:25.231760Z  INFO herdr::logging: session saved event="persist.save" subsystem="persist" outcome="ok" path=/Users/shahid/.config/herdr/session.json workspaces=3
2026-08-03T03:47:19.276031Z  WARN herdr::raw_input: flushing lone escape after input timeout; if this follows an alt chord or focus switch it may reach the pane as plain esc bytes=[27]
2026-08-03T03:47:34.515723Z  WARN herdr::raw_input: flushing lone escape after input timeout; if this follows an alt chord or focus switch it may reach the pane as plain esc bytes=[27]
2026-08-03T03:49:19.211483Z  WARN herdr::raw_input: flushing lone escape after input timeout; if this follows an alt chord or focus switch it may reach the pane as plain esc bytes=[27]
2026-08-03T03:50:51.665248Z  WARN herdr::raw_input: flushing lone escape after input timeout; if this follows an alt chord or focus switch it may reach the pane as plain esc bytes=[27]
2026-08-03T03:50:56.341749Z  WARN herdr::raw_input: flushing lone escape after input timeout; if this follows an alt chord or focus switch it may reach the pane as plain esc bytes=[27]
2026-08-03T03:51:15.274059Z  WARN herdr::raw_input: flushing lone escape after input timeout; if this follows an alt chord or focus switch it may reach the pane as plain esc bytes=[27]
2026-08-03T03:52:05.878717Z  WARN herdr::raw_input: flushing lone escape after input timeout; if this follows an alt chord or focus switch it may reach the pane as plain esc bytes=[27]
2026-08-03T03:52:10.427764Z  WARN herdr::raw_input: flushing lone escape after input timeout; if this follows an alt chord or focus switch it may reach the pane as plain esc bytes=[27]
2026-08-03T03:53:25.091883Z  WARN herdr::raw_input: flushing lone escape after input timeout; if this follows an alt chord or focus switch it may reach the pane as plain esc bytes=[27]
2026-08-03T03:54:27.949565Z  WARN herdr::raw_input: flushing lone escape after input timeout; if this follows an alt chord or focus switch it may reach the pane as plain esc bytes=[27]
2026-08-03T03:54:42.445696Z  WARN herdr::raw_input: flushing lone escape after input timeout; if this follows an alt chord or focus switch it may reach the pane as plain esc bytes=[27]
2026-08-03T03:55:02.423531Z  WARN herdr::raw_input: flushing lone escape after input timeout; if this follows an alt chord or focus switch it may reach the pane as plain esc bytes=[27]
2026-08-03T03:55:16.735088Z  WARN herdr::raw_input: flushing lone escape after input timeout; if this follows an alt chord or focus switch it may reach the pane as plain esc bytes=[27]
2026-08-03T03:57:34.331052Z  WARN herdr::raw_input: flushing lone escape after input timeout; if this follows an alt chord or focus switch it may reach the pane as plain esc bytes=[27]
2026-08-03T03:58:42.276890Z  WARN herdr::raw_input: flushing lone escape after input timeout; if this follows an alt chord or focus switch it may reach the pane as plain esc bytes=[27]
2026-08-03T03:59:51.177279Z  WARN herdr::raw_input: flushing lone escape after input timeout; if this follows an alt chord or focus switch it may reach the pane as plain esc bytes=[27]
2026-08-03T03:59:57.917517Z  WARN herdr::raw_input: flushing lone escape after input timeout; if this follows an alt chord or focus switch it may reach the pane as plain esc bytes=[27]
2026-08-03T03:59:59.054979Z  WARN herdr::raw_input: flushing lone escape after input timeout; if this follows an alt chord or focus switch it may reach the pane as plain esc bytes=[27]
2026-08-03T04:01:40.061482Z  WARN herdr::raw_input: flushing lone escape after input timeout; if this follows an alt chord or focus switch it may reach the pane as plain esc bytes=[27]
2026-08-03T04:02:27.865827Z  INFO herdr::logging: tab focused event="tab.focus" subsystem="tab" outcome="ok" workspace_id="w5" tab_id="w5:t2"
2026-08-03T04:02:32.906309Z  INFO herdr::logging: session saved event="persist.save" subsystem="persist" outcome="ok" path=/Users/shahid/.config/herdr/session.json workspaces=3
2026-08-03T04:05:35.899233Z  INFO herdr::logging: tab focused event="tab.focus" subsystem="tab" outcome="ok" workspace_id="w5" tab_id="w5:t1"
2026-08-03T04:05:40.930127Z  INFO herdr::logging: session saved event="persist.save" subsystem="persist" outcome="ok" path=/Users/shahid/.config/herdr/session.json workspaces=3
2026-08-03T04:05:56.171322Z  WARN herdr::raw_input: flushing lone escape after input timeout; if this follows an alt chord or focus switch it may reach the pane as plain esc bytes=[27]
2026-08-03T04:06:02.006743Z  INFO herdr::logging: checking for updates event="update.check.start" subsystem="update" outcome="started"
2026-08-03T04:06:29.233704Z  WARN herdr::raw_input: flushing lone escape after input timeout; if this follows an alt chord or focus switch it may reach the pane as plain esc bytes=[27]
2026-08-03T04:06:36.628056Z  WARN herdr::raw_input: flushing lone escape after input timeout; if this follows an alt chord or focus switch it may reach the pane as plain esc bytes=[27]
2026-08-03T04:06:42.514439Z  WARN herdr::raw_input: flushing lone escape after input timeout; if this follows an alt chord or focus switch it may reach the pane as plain esc bytes=[27]
2026-08-03T04:07:02.806491Z  WARN herdr::raw_input: flushing lone escape after input timeout; if this follows an alt chord or focus switch it may reach the pane as plain esc bytes=[27]
2026-08-03T04:07:35.043321Z  WARN herdr::raw_input: flushing lone escape after input timeout; if this follows an alt chord or focus switch it may reach the pane as plain esc bytes=[27]
2026-08-03T04:08:04.007496Z  WARN herdr::raw_input: flushing lone escape after input timeout; if this follows an alt chord or focus switch it may reach the pane as plain esc bytes=[27]
2026-08-03T04:08:08.398425Z  WARN herdr::raw_input: flushing lone escape after input timeout; if this follows an alt chord or focus switch it may reach the pane as plain esc bytes=[27]
2026-08-03T04:08:19.012127Z  WARN herdr::raw_input: flushing lone escape after input timeout; if this follows an alt chord or focus switch it may reach the pane as plain esc bytes=[27]
2026-08-03T04:08:51.357359Z  WARN herdr::raw_input: flushing lone escape after input timeout; if this follows an alt chord or focus switch it may reach the pane as plain esc bytes=[27]
2026-08-03T04:09:07.272468Z  WARN herdr::raw_input: flushing lone escape after input timeout; if this follows an alt chord or focus switch it may reach the pane as plain esc bytes=[27]
2026-08-03T04:09:34.271036Z  WARN herdr::raw_input: flushing lone escape after input timeout; if this follows an alt chord or focus switch it may reach the pane as plain esc bytes=[27]
2026-08-03T04:09:49.393472Z  WARN herdr::raw_input: flushing lone escape after input timeout; if this follows an alt chord or focus switch it may reach the pane as plain esc bytes=[27]
2026-08-03T04:10:11.132511Z  WARN herdr::raw_input: flushing lone escape after input timeout; if this follows an alt chord or focus switch it may reach the pane as plain esc bytes=[27]
2026-08-03T04:10:16.126077Z  WARN herdr::raw_input: flushing lone escape after input timeout; if this follows an alt chord or focus switch it may reach the pane as plain esc bytes=[27]
2026-08-03T04:10:51.536322Z  WARN herdr::raw_input: flushing lone escape after input timeout; if this follows an alt chord or focus switch it may reach the pane as plain esc bytes=[27]
2026-08-03T04:10:54.382741Z  WARN herdr::raw_input: flushing lone escape after input timeout; if this follows an alt chord or focus switch it may reach the pane as plain esc bytes=[27]
2026-08-03T04:11:29.934660Z  WARN herdr::raw_input: flushing lone escape after input timeout; if this follows an alt chord or focus switch it may reach the pane as plain esc bytes=[27]
2026-08-03T04:11:44.287963Z  WARN herdr::raw_input: flushing lone escape after input timeout; if this follows an alt chord or focus switch it may reach the pane as plain esc bytes=[27]
2026-08-03T04:12:35.629044Z  WARN herdr::raw_input: flushing lone escape after input timeout; if this follows an alt chord or focus switch it may reach the pane as plain esc bytes=[27]
2026-08-03T04:12:45.351069Z  WARN herdr::raw_input: flushing lone escape after input timeout; if this follows an alt chord or focus switch it may reach the pane as plain esc bytes=[27]
2026-08-03T04:13:07.291651Z  WARN herdr::raw_input: flushing lone escape after input timeout; if this follows an alt chord or focus switch it may reach the pane as plain esc bytes=[27]
2026-08-03T04:13:25.786604Z  WARN herdr::raw_input: flushing lone escape after input timeout; if this follows an alt chord or focus switch it may reach the pane as plain esc bytes=[27]
2026-08-03T04:13:46.372548Z  WARN herdr::raw_input: flushing lone escape after input timeout; if this follows an alt chord or focus switch it may reach the pane as plain esc bytes=[27]
2026-08-03T04:13:52.061354Z  WARN herdr::raw_input: flushing lone escape after input timeout; if this follows an alt chord or focus switch it may reach the pane as plain esc bytes=[27]
2026-08-03T04:14:02.447709Z  WARN herdr::raw_input: flushing lone escape after input timeout; if this follows an alt chord or focus switch it may reach the pane as plain esc bytes=[27]
2026-08-03T04:14:07.857768Z  WARN herdr::raw_input: flushing lone escape after input timeout; if this follows an alt chord or focus switch it may reach the pane as plain esc bytes=[27]
2026-08-03T04:14:30.658207Z  WARN herdr::raw_input: flushing lone escape after input timeout; if this follows an alt chord or focus switch it may reach the pane as plain esc bytes=[27]
2026-08-03T04:14:32.693500Z  WARN herdr::raw_input: flushing lone escape after input timeout; if this follows an alt chord or focus switch it may reach the pane as plain esc bytes=[27]
2026-08-03T04:15:12.635584Z  WARN herdr::raw_input: flushing lone escape after input timeout; if this follows an alt chord or focus switch it may reach the pane as plain esc bytes=[27]
2026-08-03T04:16:12.277548Z  WARN herdr::raw_input: flushing lone escape after input timeout; if this follows an alt chord or focus switch it may reach the pane as plain esc bytes=[27]
2026-08-03T04:18:29.399350Z  WARN herdr::raw_input: flushing lone escape after input timeout; if this follows an alt chord or focus switch it may reach the pane as plain esc bytes=[27]
2026-08-03T04:19:55.335058Z  WARN herdr::raw_input: flushing lone escape after input timeout; if this follows an alt chord or focus switch it may reach the pane as plain esc bytes=[27]
2026-08-03T04:20:55.937338Z  INFO herdr::server::headless: client resize client_id=4 cols=166 rows=40 cell_width_px=0 cell_height_px=0
2026-08-03T04:36:02.004440Z  INFO herdr::logging: checking for updates event="update.check.start" subsystem="update" outcome="started"
2026-08-03T05:06:02.019752Z  INFO herdr::logging: checking for updates event="update.check.start" subsystem="update" outcome="started"
2026-08-03T05:33:57.998666Z  WARN herdr::raw_input: flushing lone escape after input timeout; if this follows an alt chord or focus switch it may reach the pane as plain esc bytes=[27]
2026-08-03T05:34:22.693912Z  WARN herdr::raw_input: flushing lone escape after input timeout; if this follows an alt chord or focus switch it may reach the pane as plain esc bytes=[27]
2026-08-03T05:34:36.705147Z  WARN herdr::raw_input: flushing lone escape after input timeout; if this follows an alt chord or focus switch it may reach the pane as plain esc bytes=[27]
2026-08-03T05:35:15.442175Z  WARN herdr::raw_input: flushing lone escape after input timeout; if this follows an alt chord or focus switch it may reach the pane as plain esc bytes=[27]
2026-08-03T05:35:19.746285Z  WARN herdr::raw_input: flushing lone escape after input timeout; if this follows an alt chord or focus switch it may reach the pane as plain esc bytes=[27]
2026-08-03T05:35:19.965864Z  WARN herdr::raw_input: flushing lone escape after input timeout; if this follows an alt chord or focus switch it may reach the pane as plain esc bytes=[27]
2026-08-03T05:35:46.305662Z  INFO herdr::logging: tab focused event="tab.focus" subsystem="tab" outcome="ok" workspace_id="w5" tab_id="w5:t2"
2026-08-03T05:35:47.210036Z  INFO herdr::logging: tab focused event="tab.focus" subsystem="tab" outcome="ok" workspace_id="w5" tab_id="w5:t2"
2026-08-03T05:35:52.237857Z  INFO herdr::logging: session saved event="persist.save" subsystem="persist" outcome="ok" path=/Users/shahid/.config/herdr/session.json workspaces=3
2026-08-03T05:36:02.020610Z  INFO herdr::logging: checking for updates event="update.check.start" subsystem="update" outcome="started"
2026-08-03T05:36:17.367998Z  INFO herdr::logging: tab focused event="tab.focus" subsystem="tab" outcome="ok" workspace_id="w5" tab_id="w5:t1"
2026-08-03T05:36:22.373534Z  INFO herdr::logging: session saved event="persist.save" subsystem="persist" outcome="ok" path=/Users/shahid/.config/herdr/session.json workspaces=3
2026-08-03T05:36:40.565876Z  WARN herdr::raw_input: flushing lone escape after input timeout; if this follows an alt chord or focus switch it may reach the pane as plain esc bytes=[27]
2026-08-03T05:36:55.258397Z  WARN herdr::raw_input: flushing lone escape after input timeout; if this follows an alt chord or focus switch it may reach the pane as plain esc bytes=[27]
2026-08-03T05:36:55.484452Z  WARN herdr::raw_input: flushing lone escape after input timeout; if this follows an alt chord or focus switch it may reach the pane as plain esc bytes=[27]
2026-08-03T05:37:07.349495Z  WARN herdr::raw_input: flushing lone escape after input timeout; if this follows an alt chord or focus switch it may reach the pane as plain esc bytes=[27]
2026-08-03T05:37:28.950944Z  WARN herdr::raw_input: flushing lone escape after input timeout; if this follows an alt chord or focus switch it may reach the pane as plain esc bytes=[27]
2026-08-03T05:38:17.479915Z  WARN herdr::raw_input: flushing lone escape after input timeout; if this follows an alt chord or focus switch it may reach the pane as plain esc bytes=[27]
2026-08-03T05:38:21.798229Z  WARN herdr::raw_input: flushing lone escape after input timeout; if this follows an alt chord or focus switch it may reach the pane as plain esc bytes=[27]
2026-08-03T05:38:22.064447Z  WARN herdr::raw_input: flushing lone escape after input timeout; if this follows an alt chord or focus switch it may reach the pane as plain esc bytes=[27]
2026-08-03T05:38:35.190889Z  INFO herdr::logging: tab focused event="tab.focus" subsystem="tab" outcome="ok" workspace_id="w5" tab_id="w5:t2"
2026-08-03T05:38:39.430166Z  INFO herdr::logging: tab focused event="tab.focus" subsystem="tab" outcome="ok" workspace_id="w5" tab_id="w5:t2"
2026-08-03T05:38:44.454707Z  INFO herdr::logging: session saved event="persist.save" subsystem="persist" outcome="ok" path=/Users/shahid/.config/herdr/session.json workspaces=3
2026-08-03T05:38:56.630399Z  INFO herdr::logging: tab focused event="tab.focus" subsystem="tab" outcome="ok" workspace_id="w5" tab_id="w5:t1"
2026-08-03T05:39:01.655248Z  INFO herdr::logging: session saved event="persist.save" subsystem="persist" outcome="ok" path=/Users/shahid/.config/herdr/session.json workspaces=3
2026-08-03T05:39:46.092387Z  WARN herdr::raw_input: flushing lone escape after input timeout; if this follows an alt chord or focus switch it may reach the pane as plain esc bytes=[27]
2026-08-03T05:39:46.332592Z  WARN herdr::raw_input: flushing lone escape after input timeout; if this follows an alt chord or focus switch it may reach the pane as plain esc bytes=[27]
2026-08-03T05:39:48.513123Z  WARN herdr::raw_input: flushing lone escape after input timeout; if this follows an alt chord or focus switch it may reach the pane as plain esc bytes=[27]
2026-08-03T05:39:48.732605Z  WARN herdr::raw_input: flushing lone escape after input timeout; if this follows an alt chord or focus switch it may reach the pane as plain esc bytes=[27]
2026-08-03T05:40:02.407925Z  WARN herdr::raw_input: flushing lone escape after input timeout; if this follows an alt chord or focus switch it may reach the pane as plain esc bytes=[27]
2026-08-03T05:40:11.202115Z  WARN herdr::raw_input: flushing lone escape after input timeout; if this follows an alt chord or focus switch it may reach the pane as plain esc bytes=[27]
2026-08-03T05:40:35.022103Z  WARN herdr::raw_input: flushing lone escape after input timeout; if this follows an alt chord or focus switch it may reach the pane as plain esc bytes=[27]
2026-08-03T05:40:38.877761Z  INFO herdr::logging: tab focused event="tab.focus" subsystem="tab" outcome="ok" workspace_id="w5" tab_id="w5:t2"
2026-08-03T05:40:43.918849Z  INFO herdr::logging: session saved event="persist.save" subsystem="persist" outcome="ok" path=/Users/shahid/.config/herdr/session.json workspaces=3
2026-08-03T05:41:01.846892Z  INFO herdr::logging: tab focused event="tab.focus" subsystem="tab" outcome="ok" workspace_id="w5" tab_id="w5:t1"
2026-08-03T05:41:06.859651Z  INFO herdr::logging: session saved event="persist.save" subsystem="persist" outcome="ok" path=/Users/shahid/.config/herdr/session.json workspaces=3
2026-08-03T05:41:11.998947Z  WARN herdr::raw_input: flushing lone escape after input timeout; if this follows an alt chord or focus switch it may reach the pane as plain esc bytes=[27]
2026-08-03T05:42:30.856402Z  WARN herdr::raw_input: flushing lone escape after input timeout; if this follows an alt chord or focus switch it may reach the pane as plain esc bytes=[27]
2026-08-03T05:45:01.978378Z  WARN herdr::raw_input: flushing lone escape after input timeout; if this follows an alt chord or focus switch it may reach the pane as plain esc bytes=[27]
2026-08-03T05:45:11.820756Z  WARN herdr::raw_input: flushing lone escape after input timeout; if this follows an alt chord or focus switch it may reach the pane as plain esc bytes=[27]
2026-08-03T05:45:19.304494Z  WARN herdr::raw_input: flushing lone escape after input timeout; if this follows an alt chord or focus switch it may reach the pane as plain esc bytes=[27]
2026-08-03T05:45:42.329958Z  WARN herdr::raw_input: flushing lone escape after input timeout; if this follows an alt chord or focus switch it may reach the pane as plain esc bytes=[27]
2026-08-03T05:46:10.770087Z  WARN herdr::raw_input: flushing lone escape after input timeout; if this follows an alt chord or focus switch it may reach the pane as plain esc bytes=[27]
2026-08-03T05:48:44.988945Z  WARN herdr::raw_input: flushing lone escape after input timeout; if this follows an alt chord or focus switch it may reach the pane as plain esc bytes=[27]
2026-08-03T05:48:49.234062Z  WARN herdr::raw_input: flushing lone escape after input timeout; if this follows an alt chord or focus switch it may reach the pane as plain esc bytes=[27]
2026-08-03T05:49:08.537625Z  WARN herdr::raw_input: flushing lone escape after input timeout; if this follows an alt chord or focus switch it may reach the pane as plain esc bytes=[27]
2026-08-03T05:49:19.352411Z  WARN herdr::raw_input: flushing lone escape after input timeout; if this follows an alt chord or focus switch it may reach the pane as plain esc bytes=[27]
2026-08-03T05:49:28.324403Z  WARN herdr::raw_input: flushing lone escape after input timeout; if this follows an alt chord or focus switch it may reach the pane as plain esc bytes=[27]
2026-08-03T06:01:15.857361Z  INFO herdr::logging: tab focused event="tab.focus" subsystem="tab" outcome="ok" workspace_id="w5" tab_id="w5:t2"
2026-08-03T06:01:20.883989Z  INFO herdr::logging: session saved event="persist.save" subsystem="persist" outcome="ok" path=/Users/shahid/.config/herdr/session.json workspaces=3
2026-08-03T06:06:02.042214Z  INFO herdr::logging: checking for updates event="update.check.start" subsystem="update" outcome="started"
2026-08-03T06:10:13.708342Z  INFO herdr::logging: tab focused event="tab.focus" subsystem="tab" outcome="ok" workspace_id="w5" tab_id="w5:t2"
2026-08-03T06:10:18.726893Z  INFO herdr::logging: session saved event="persist.save" subsystem="persist" outcome="ok" path=/Users/shahid/.config/herdr/session.json workspaces=3
2026-08-03T06:25:59.598349Z  INFO herdr::server::headless: client resize client_id=4 cols=166 rows=33 cell_width_px=0 cell_height_px=0
2026-08-03T06:26:03.920484Z  INFO herdr::server::headless: client resize client_id=4 cols=121 rows=30 cell_width_px=0 cell_height_px=0
2026-08-03T06:26:04.433205Z  INFO herdr::server::headless: client resize client_id=4 cols=166 rows=31 cell_width_px=0 cell_height_px=0
2026-08-03T06:36:02.035659Z  INFO herdr::logging: checking for updates event="update.check.start" subsystem="update" outcome="started"
2026-08-03T07:20:51.321159Z  INFO herdr::logging: checking for updates event="update.check.start" subsystem="update" outcome="started"
2026-08-03T07:25:40.996193Z  INFO herdr::server::headless: client resize client_id=4 cols=166 rows=40 cell_width_px=0 cell_height_px=0
2026-08-03T07:41:38.834708Z  INFO herdr::server::headless: client resize client_id=4 cols=166 rows=33 cell_width_px=0 cell_height_px=0
2026-08-03T07:41:41.354451Z  INFO herdr::server::headless: client resize client_id=4 cols=166 rows=31 cell_width_px=0 cell_height_px=0
2026-08-03T07:50:51.283660Z  INFO herdr::logging: checking for updates event="update.check.start" subsystem="update" outcome="started"
2026-08-03T08:01:25.431266Z  INFO herdr::server::headless: client resize client_id=4 cols=166 rows=33 cell_width_px=0 cell_height_px=0
2026-08-03T08:20:51.325286Z  INFO herdr::logging: checking for updates event="update.check.start" subsystem="update" outcome="started"
2026-08-03T08:39:56.063446Z  INFO herdr::server::headless: client resize client_id=4 cols=166 rows=40 cell_width_px=0 cell_height_px=0
2026-08-03T08:50:51.334939Z  INFO herdr::logging: checking for updates event="update.check.start" subsystem="update" outcome="started"
2026-08-03T09:06:43.219568Z  INFO herdr::server::headless: client resize client_id=4 cols=166 rows=33 cell_width_px=0 cell_height_px=0
2026-08-03T09:06:43.859492Z  INFO herdr::server::headless: client resize client_id=4 cols=166 rows=40 cell_width_px=0 cell_height_px=0
2026-08-03T09:06:44.935413Z  INFO herdr::server::headless: client resize client_id=4 cols=166 rows=33 cell_width_px=0 cell_height_px=0
2026-08-03T09:20:52.493124Z  INFO herdr::logging: checking for updates event="update.check.start" subsystem="update" outcome="started"
2026-08-03T09:59:49.683609Z  INFO herdr::logging: checking for updates event="update.check.start" subsystem="update" outcome="started"
2026-08-03T13:37:14.881675Z  INFO herdr::server::headless: client resize client_id=4 cols=166 rows=31 cell_width_px=0 cell_height_px=0
2026-08-03T13:37:45.097118Z  INFO herdr::server::headless: client resize client_id=4 cols=121 rows=30 cell_width_px=0 cell_height_px=0
2026-08-03T13:38:09.430094Z  INFO herdr::logging: tab focused event="tab.focus" subsystem="tab" outcome="ok" workspace_id="w5" tab_id="w5:t2"
2026-08-03T13:38:14.598679Z  INFO herdr::logging: session saved event="persist.save" subsystem="persist" outcome="ok" path=/Users/shahid/.config/herdr/session.json workspaces=3
2026-08-03T13:38:17.405453Z  INFO herdr::logging: tab focused event="tab.focus" subsystem="tab" outcome="ok" workspace_id="w5" tab_id="w5:t2"
2026-08-03T13:38:22.422749Z  INFO herdr::logging: session saved event="persist.save" subsystem="persist" outcome="ok" path=/Users/shahid/.config/herdr/session.json workspaces=3
2026-08-03T13:39:05.975601Z  INFO herdr::logging: workspace focused event="workspace.focus" subsystem="workspace" outcome="ok" workspace_id="w3"
2026-08-03T13:39:05.976062Z  INFO herdr::logging: tab focused event="tab.focus" subsystem="tab" outcome="ok" workspace_id="w3" tab_id="w3:t1"
2026-08-03T13:39:10.981920Z  INFO herdr::logging: session saved event="persist.save" subsystem="persist" outcome="ok" path=/Users/shahid/.config/herdr/session.json workspaces=3
2026-08-03T13:57:06.047857Z  INFO herdr::logging: checking for updates event="update.check.start" subsystem="update" outcome="started"
2026-08-03T14:12:02.105294Z  INFO herdr::logging: workspace focused event="workspace.focus" subsystem="workspace" outcome="ok" workspace_id="w5"
2026-08-03T14:12:02.107309Z  INFO herdr::logging: tab focused event="tab.focus" subsystem="tab" outcome="ok" workspace_id="w5" tab_id="w5:t1"
2026-08-03T14:12:07.120613Z  INFO herdr::logging: session saved event="persist.save" subsystem="persist" outcome="ok" path=/Users/shahid/.config/herdr/session.json workspaces=3
2026-08-03T14:12:39.277104Z  WARN herdr::raw_input: flushing lone escape after input timeout; if this follows an alt chord or focus switch it may reach the pane as plain esc bytes=[27]
2026-08-03T14:12:39.505283Z  WARN herdr::raw_input: flushing lone escape after input timeout; if this follows an alt chord or focus switch it may reach the pane as plain esc bytes=[27]
2026-08-03T14:13:19.584249Z  WARN herdr::raw_input: flushing lone escape after input timeout; if this follows an alt chord or focus switch it may reach the pane as plain esc bytes=[27]
2026-08-03T14:16:04.999027Z  INFO herdr::logging: tab focused event="tab.focus" subsystem="tab" outcome="ok" workspace_id="w5" tab_id="w5:t2"
2026-08-03T14:16:10.011524Z  INFO herdr::logging: session saved event="persist.save" subsystem="persist" outcome="ok" path=/Users/shahid/.config/herdr/session.json workspaces=3
2026-08-03T14:16:32.521494Z  INFO herdr::logging: tab focused event="tab.focus" subsystem="tab" outcome="ok" workspace_id="w5" tab_id="w5:t1"
2026-08-03T14:16:37.531040Z  INFO herdr::logging: session saved event="persist.save" subsystem="persist" outcome="ok" path=/Users/shahid/.config/herdr/session.json workspaces=3
2026-08-03T14:17:41.851987Z  WARN herdr::raw_input: flushing lone escape after input timeout; if this follows an alt chord or focus switch it may reach the pane as plain esc bytes=[27]
2026-08-03T14:17:42.037354Z  WARN herdr::raw_input: flushing lone escape after input timeout; if this follows an alt chord or focus switch it may reach the pane as plain esc bytes=[27]
2026-08-03T14:18:12.466192Z  WARN herdr::raw_input: flushing lone escape after input timeout; if this follows an alt chord or focus switch it may reach the pane as plain esc bytes=[27]
2026-08-03T14:18:28.761069Z  WARN herdr::raw_input: flushing lone escape after input timeout; if this follows an alt chord or focus switch it may reach the pane as plain esc bytes=[27]
2026-08-03T14:25:28.533575Z  WARN herdr::raw_input: flushing lone escape after input timeout; if this follows an alt chord or focus switch it may reach the pane as plain esc bytes=[27]
2026-08-03T14:25:51.105551Z  WARN herdr::raw_input: flushing lone escape after input timeout; if this follows an alt chord or focus switch it may reach the pane as plain esc bytes=[27]
2026-08-03T14:25:53.521798Z  WARN herdr::raw_input: flushing lone escape after input timeout; if this follows an alt chord or focus switch it may reach the pane as plain esc bytes=[27]
2026-08-03T14:25:53.711736Z  WARN herdr::raw_input: flushing lone escape after input timeout; if this follows an alt chord or focus switch it may reach the pane as plain esc bytes=[27]
2026-08-03T14:26:03.365873Z  WARN herdr::raw_input: flushing lone escape after input timeout; if this follows an alt chord or focus switch it may reach the pane as plain esc bytes=[27]
2026-08-03T14:26:07.679044Z  WARN herdr::raw_input: flushing lone escape after input timeout; if this follows an alt chord or focus switch it may reach the pane as plain esc bytes=[27]
2026-08-03T14:26:15.144937Z  WARN herdr::raw_input: flushing lone escape after input timeout; if this follows an alt chord or focus switch it may reach the pane as plain esc bytes=[27]
2026-08-03T14:26:23.955512Z  WARN herdr::raw_input: flushing lone escape after input timeout; if this follows an alt chord or focus switch it may reach the pane as plain esc bytes=[27]
2026-08-03T14:26:50.100653Z  WARN herdr::raw_input: flushing lone escape after input timeout; if this follows an alt chord or focus switch it may reach the pane as plain esc bytes=[27]
2026-08-03T14:26:54.527950Z  WARN herdr::raw_input: flushing lone escape after input timeout; if this follows an alt chord or focus switch it may reach the pane as plain esc bytes=[27]
2026-08-03T14:27:02.366243Z  WARN herdr::raw_input: flushing lone escape after input timeout; if this follows an alt chord or focus switch it may reach the pane as plain esc bytes=[27]
2026-08-03T14:27:33.299510Z  WARN herdr::raw_input: flushing lone escape after input timeout; if this follows an alt chord or focus switch it may reach the pane as plain esc bytes=[27]
2026-08-03T14:28:07.415257Z  WARN herdr::raw_input: flushing lone escape after input timeout; if this follows an alt chord or focus switch it may reach the pane as plain esc bytes=[27]
2026-08-03T14:28:07.578142Z  WARN herdr::raw_input: flushing lone escape after input timeout; if this follows an alt chord or focus switch it may reach the pane as plain esc bytes=[27]
2026-08-03T14:28:16.889679Z  WARN herdr::raw_input: flushing lone escape after input timeout; if this follows an alt chord or focus switch it may reach the pane as plain esc bytes=[27]
2026-08-03T14:28:23.488807Z  WARN herdr::raw_input: flushing lone escape after input timeout; if this follows an alt chord or focus switch it may reach the pane as plain esc bytes=[27]
2026-08-03T14:28:23.661435Z  WARN herdr::raw_input: flushing lone escape after input timeout; if this follows an alt chord or focus switch it may reach the pane as plain esc bytes=[27]
2026-08-03T14:28:57.043783Z  WARN herdr::raw_input: flushing lone escape after input timeout; if this follows an alt chord or focus switch it may reach the pane as plain esc bytes=[27]
2026-08-03T14:29:05.761465Z  WARN herdr::raw_input: flushing lone escape after input timeout; if this follows an alt chord or focus switch it may reach the pane as plain esc bytes=[27]
2026-08-03T14:30:34.818082Z  WARN herdr::raw_input: flushing lone escape after input timeout; if this follows an alt chord or focus switch it may reach the pane as plain esc bytes=[27]
2026-08-03T14:34:52.786642Z  WARN herdr::raw_input: flushing lone escape after input timeout; if this follows an alt chord or focus switch it may reach the pane as plain esc bytes=[27]
2026-08-03T14:35:53.516811Z  WARN herdr::raw_input: flushing lone escape after input timeout; if this follows an alt chord or focus switch it may reach the pane as plain esc bytes=[27]
2026-08-03T14:36:06.932827Z  WARN herdr::raw_input: flushing lone escape after input timeout; if this follows an alt chord or focus switch it may reach the pane as plain esc bytes=[27]
2026-08-03T14:36:32.521694Z  WARN herdr::raw_input: flushing lone escape after input timeout; if this follows an alt chord or focus switch it may reach the pane as plain esc bytes=[27]
2026-08-03T14:36:50.400875Z  WARN herdr::raw_input: flushing lone escape after input timeout; if this follows an alt chord or focus switch it may reach the pane as plain esc bytes=[27]
2026-08-03T14:36:54.796900Z  WARN herdr::raw_input: flushing lone escape after input timeout; if this follows an alt chord or focus switch it may reach the pane as plain esc bytes=[27]
2026-08-03T14:36:57.751987Z  WARN herdr::raw_input: flushing lone escape after input timeout; if this follows an alt chord or focus switch it may reach the pane as plain esc bytes=[27]
2026-08-03T14:37:30.976977Z  INFO herdr::logging: checking for updates event="update.check.start" subsystem="update" outcome="started"
2026-08-03T14:37:54.006272Z  WARN herdr::raw_input: flushing lone escape after input timeout; if this follows an alt chord or focus switch it may reach the pane as plain esc bytes=[27]
2026-08-03T14:38:26.521342Z  WARN herdr::raw_input: flushing lone escape after input timeout; if this follows an alt chord or focus switch it may reach the pane as plain esc bytes=[27]
2026-08-03T14:38:39.114770Z  WARN herdr::raw_input: flushing lone escape after input timeout; if this follows an alt chord or focus switch it may reach the pane as plain esc bytes=[27]
2026-08-03T14:38:54.955503Z  WARN herdr::raw_input: flushing lone escape after input timeout; if this follows an alt chord or focus switch it may reach the pane as plain esc bytes=[27]
2026-08-03T14:39:29.602958Z  WARN herdr::raw_input: flushing lone escape after input timeout; if this follows an alt chord or focus switch it may reach the pane as plain esc bytes=[27]
2026-08-03T14:39:38.355900Z  WARN herdr::raw_input: flushing lone escape after input timeout; if this follows an alt chord or focus switch it may reach the pane as plain esc bytes=[27]
2026-08-03T14:39:58.568657Z  WARN herdr::raw_input: flushing lone escape after input timeout; if this follows an alt chord or focus switch it may reach the pane as plain esc bytes=[27]
2026-08-03T14:41:00.229170Z  WARN herdr::raw_input: flushing lone escape after input timeout; if this follows an alt chord or focus switch it may reach the pane as plain esc bytes=[27]
2026-08-03T14:41:11.702624Z  WARN herdr::raw_input: flushing lone escape after input timeout; if this follows an alt chord or focus switch it may reach the pane as plain esc bytes=[27]
2026-08-03T14:44:52.822623Z  WARN herdr::raw_input: flushing lone escape after input timeout; if this follows an alt chord or focus switch it may reach the pane as plain esc bytes=[27]
2026-08-03T14:44:53.195752Z  WARN herdr::raw_input: flushing lone escape after input timeout; if this follows an alt chord or focus switch it may reach the pane as plain esc bytes=[27]
2026-08-03T14:45:52.470529Z  WARN herdr::raw_input: flushing lone escape after input timeout; if this follows an alt chord or focus switch it may reach the pane as plain esc bytes=[27]
2026-08-03T14:47:23.762291Z  WARN herdr::raw_input: flushing lone escape after input timeout; if this follows an alt chord or focus switch it may reach the pane as plain esc bytes=[27]
2026-08-03T14:47:55.325943Z  WARN herdr::raw_input: flushing lone escape after input timeout; if this follows an alt chord or focus switch it may reach the pane as plain esc bytes=[27]
2026-08-03T14:48:22.114602Z  WARN herdr::raw_input: flushing lone escape after input timeout; if this follows an alt chord or focus switch it may reach the pane as plain esc bytes=[27]
2026-08-03T14:49:31.182546Z  INFO herdr::logging: tab focused event="tab.focus" subsystem="tab" outcome="ok" workspace_id="w5" tab_id="w5:t2"
2026-08-03T14:49:34.651543Z  INFO herdr::logging: tab focused event="tab.focus" subsystem="tab" outcome="ok" workspace_id="w5" tab_id="w5:t2"
2026-08-03T14:49:39.685310Z  INFO herdr::logging: session saved event="persist.save" subsystem="persist" outcome="ok" path=/Users/shahid/.config/herdr/session.json workspaces=3
2026-08-03T14:52:10.486439Z  INFO herdr::logging: session saved event="persist.save" subsystem="persist" outcome="ok" path=/Users/shahid/.config/herdr/session.json workspaces=3
2026-08-03T15:04:53.771788Z  INFO herdr::logging: session saved event="persist.save" subsystem="persist" outcome="ok" path=/Users/shahid/.config/herdr/session.json workspaces=3
2026-08-03T15:05:16.954858Z  INFO herdr::logging: tab focused event="tab.focus" subsystem="tab" outcome="ok" workspace_id="w5" tab_id="w5:t1"
2026-08-03T15:05:21.959758Z  INFO herdr::logging: session saved event="persist.save" subsystem="persist" outcome="ok" path=/Users/shahid/.config/herdr/session.json workspaces=3
2026-08-03T15:07:30.947970Z  INFO herdr::logging: checking for updates event="update.check.start" subsystem="update" outcome="started"
2026-08-03T15:07:59.999380Z  INFO herdr::logging: tab focused event="tab.focus" subsystem="tab" outcome="ok" workspace_id="w5" tab_id="w5:t2"
2026-08-03T15:08:05.008394Z  INFO herdr::logging: session saved event="persist.save" subsystem="persist" outcome="ok" path=/Users/shahid/.config/herdr/session.json workspaces=3
2026-08-03T15:08:06.410998Z  INFO herdr::app::actions: copied selection to clipboard
2026-08-03T15:10:47.747620Z  INFO herdr::app::actions: copied selection to clipboard
2026-08-03T15:11:07.504771Z  INFO herdr::app::actions: copied selection to clipboard
2026-08-03T15:13:36.776966Z  INFO herdr::logging: tab focused event="tab.focus" subsystem="tab" outcome="ok" workspace_id="w5" tab_id="w5:t1"
2026-08-03T15:13:41.783954Z  INFO herdr::logging: session saved event="persist.save" subsystem="persist" outcome="ok" path=/Users/shahid/.config/herdr/session.json workspaces=3
2026-08-03T15:14:00.561736Z  INFO herdr::logging: tab focused event="tab.focus" subsystem="tab" outcome="ok" workspace_id="w5" tab_id="w5:t2"
2026-08-03T15:14:02.705105Z  INFO herdr::logging: tab focused event="tab.focus" subsystem="tab" outcome="ok" workspace_id="w5" tab_id="w5:t1"
2026-08-03T15:14:07.714949Z  INFO herdr::logging: session saved event="persist.save" subsystem="persist" outcome="ok" path=/Users/shahid/.config/herdr/session.json workspaces=3
2026-08-03T15:14:09.527629Z  WARN herdr::raw_input: flushing lone escape after input timeout; if this follows an alt chord or focus switch it may reach the pane as plain esc bytes=[27]
2026-08-03T15:14:10.951572Z  INFO herdr::logging: tab focused event="tab.focus" subsystem="tab" outcome="ok" workspace_id="w5" tab_id="w5:t2"
2026-08-03T15:14:13.560508Z  INFO herdr::logging: tab focused event="tab.focus" subsystem="tab" outcome="ok" workspace_id="w5" tab_id="w5:t1"
2026-08-03T15:14:18.572740Z  INFO herdr::logging: session saved event="persist.save" subsystem="persist" outcome="ok" path=/Users/shahid/.config/herdr/session.json workspaces=3
2026-08-03T15:14:45.737143Z  WARN herdr::raw_input: flushing lone escape after input timeout; if this follows an alt chord or focus switch it may reach the pane as plain esc bytes=[27]
2026-08-03T15:15:11.012630Z  WARN herdr::raw_input: flushing lone escape after input timeout; if this follows an alt chord or focus switch it may reach the pane as plain esc bytes=[27]
2026-08-03T15:15:14.163667Z  WARN herdr::raw_input: flushing lone escape after input timeout; if this follows an alt chord or focus switch it may reach the pane as plain esc bytes=[27]
2026-08-03T15:16:30.335637Z  INFO herdr::logging: tab focused event="tab.focus" subsystem="tab" outcome="ok" workspace_id="w5" tab_id="w5:t2"
2026-08-03T15:16:35.348390Z  INFO herdr::logging: session saved event="persist.save" subsystem="persist" outcome="ok" path=/Users/shahid/.config/herdr/session.json workspaces=3
2026-08-03T15:17:56.953559Z  INFO herdr::logging: tab focused event="tab.focus" subsystem="tab" outcome="ok" workspace_id="w5" tab_id="w5:t1"
2026-08-03T15:18:01.960374Z  INFO herdr::logging: session saved event="persist.save" subsystem="persist" outcome="ok" path=/Users/shahid/.config/herdr/session.json workspaces=3
2026-08-03T15:18:27.213430Z  INFO herdr::logging: tab focused event="tab.focus" subsystem="tab" outcome="ok" workspace_id="w5" tab_id="w5:t2"
2026-08-03T15:18:32.221288Z  INFO herdr::logging: session saved event="persist.save" subsystem="persist" outcome="ok" path=/Users/shahid/.config/herdr/session.json workspaces=3
2026-08-03T15:22:15.200068Z  INFO herdr::logging: tab focused event="tab.focus" subsystem="tab" outcome="ok" workspace_id="w5" tab_id="w5:t1"
2026-08-03T15:22:20.208741Z  INFO herdr::logging: session saved event="persist.save" subsystem="persist" outcome="ok" path=/Users/shahid/.config/herdr/session.json workspaces=3
2026-08-03T15:22:46.386715Z  INFO herdr::logging: tab focused event="tab.focus" subsystem="tab" outcome="ok" workspace_id="w5" tab_id="w5:t2"
2026-08-03T15:22:51.395584Z  INFO herdr::logging: session saved event="persist.save" subsystem="persist" outcome="ok" path=/Users/shahid/.config/herdr/session.json workspaces=3
2026-08-03T15:28:22.674779Z  INFO herdr::app::actions: copied selection to clipboard
2026-08-03T15:28:27.706769Z  INFO herdr::app::actions: copied selection to clipboard
2026-08-03T15:29:27.256199Z  INFO herdr::logging: tab focused event="tab.focus" subsystem="tab" outcome="ok" workspace_id="w5" tab_id="w5:t1"
2026-08-03T15:29:28.091151Z  INFO herdr::logging: tab focused event="tab.focus" subsystem="tab" outcome="ok" workspace_id="w5" tab_id="w5:t2"
2026-08-03T15:29:33.109757Z  INFO herdr::logging: session saved event="persist.save" subsystem="persist" outcome="ok" path=/Users/shahid/.config/herdr/session.json workspaces=3
2026-08-03T15:35:23.169897Z  INFO herdr::logging: tab focused event="tab.focus" subsystem="tab" outcome="ok" workspace_id="w5" tab_id="w5:t1"
2026-08-03T15:35:28.180148Z  INFO herdr::logging: session saved event="persist.save" subsystem="persist" outcome="ok" path=/Users/shahid/.config/herdr/session.json workspaces=3
2026-08-03T15:35:49.416502Z  WARN herdr::raw_input: flushing lone escape after input timeout; if this follows an alt chord or focus switch it may reach the pane as plain esc bytes=[27]
2026-08-03T15:35:58.800507Z  WARN herdr::raw_input: flushing lone escape after input timeout; if this follows an alt chord or focus switch it may reach the pane as plain esc bytes=[27]
2026-08-03T15:36:02.119405Z  INFO herdr::logging: tab focused event="tab.focus" subsystem="tab" outcome="ok" workspace_id="w5" tab_id="w5:t2"
2026-08-03T15:36:02.885736Z  INFO herdr::logging: tab focused event="tab.focus" subsystem="tab" outcome="ok" workspace_id="w5" tab_id="w5:t1"
2026-08-03T15:36:07.892047Z  INFO herdr::logging: session saved event="persist.save" subsystem="persist" outcome="ok" path=/Users/shahid/.config/herdr/session.json workspaces=3
2026-08-03T15:37:20.185625Z  INFO herdr::logging: tab focused event="tab.focus" subsystem="tab" outcome="ok" workspace_id="w5" tab_id="w5:t2"
2026-08-03T15:37:25.193174Z  INFO herdr::logging: session saved event="persist.save" subsystem="persist" outcome="ok" path=/Users/shahid/.config/herdr/session.json workspaces=3
2026-08-03T15:37:30.913768Z  INFO herdr::logging: checking for updates event="update.check.start" subsystem="update" outcome="started"
2026-08-03T15:42:07.099288Z  INFO herdr::logging: tab focused event="tab.focus" subsystem="tab" outcome="ok" workspace_id="w5" tab_id="w5:t2"
2026-08-03T15:42:12.112787Z  INFO herdr::logging: session saved event="persist.save" subsystem="persist" outcome="ok" path=/Users/shahid/.config/herdr/session.json workspaces=3
2026-08-03T15:44:45.662342Z  INFO herdr::logging: tab focused event="tab.focus" subsystem="tab" outcome="ok" workspace_id="w5" tab_id="w5:t2"
2026-08-03T15:44:49.930873Z  INFO herdr::logging: tab focused event="tab.focus" subsystem="tab" outcome="ok" workspace_id="w5" tab_id="w5:t2"
2026-08-03T15:44:54.938359Z  INFO herdr::logging: session saved event="persist.save" subsystem="persist" outcome="ok" path=/Users/shahid/.config/herdr/session.json workspaces=3
2026-08-04T03:05:01.646278Z  INFO herdr::server::headless: client resize client_id=4 cols=166 rows=33 cell_width_px=0 cell_height_px=0
2026-08-04T03:06:02.623935Z  INFO herdr::server::headless: client resize client_id=4 cols=166 rows=40 cell_width_px=0 cell_height_px=0
2026-08-04T03:08:07.069350Z  INFO herdr::logging: tab focused event="tab.focus" subsystem="tab" outcome="ok" workspace_id="w5" tab_id="w5:t2"
2026-08-04T03:08:12.094035Z  INFO herdr::logging: session saved event="persist.save" subsystem="persist" outcome="ok" path=/Users/shahid/.config/herdr/session.json workspaces=3
2026-08-04T03:08:13.657893Z  INFO herdr::logging: tab focused event="tab.focus" subsystem="tab" outcome="ok" workspace_id="w5" tab_id="w5:t1"
2026-08-04T03:08:18.666107Z  INFO herdr::logging: session saved event="persist.save" subsystem="persist" outcome="ok" path=/Users/shahid/.config/herdr/session.json workspaces=3
2026-08-04T03:08:43.891658Z  INFO herdr::logging: tab focused event="tab.focus" subsystem="tab" outcome="ok" workspace_id="w5" tab_id="w5:t2"
2026-08-04T03:08:48.901476Z  INFO herdr::logging: session saved event="persist.save" subsystem="persist" outcome="ok" path=/Users/shahid/.config/herdr/session.json workspaces=3
2026-08-04T03:08:58.181449Z  INFO herdr::app::actions: copied selection to clipboard
2026-08-04T03:09:02.385739Z  INFO herdr::logging: tab focused event="tab.focus" subsystem="tab" outcome="ok" workspace_id="w5" tab_id="w5:t1"
2026-08-04T03:09:07.396234Z  INFO herdr::logging: session saved event="persist.save" subsystem="persist" outcome="ok" path=/Users/shahid/.config/herdr/session.json workspaces=3
2026-08-04T03:09:29.394153Z  INFO herdr::logging: tab focused event="tab.focus" subsystem="tab" outcome="ok" workspace_id="w5" tab_id="w5:t2"
2026-08-04T03:09:34.405011Z  INFO herdr::logging: session saved event="persist.save" subsystem="persist" outcome="ok" path=/Users/shahid/.config/herdr/session.json workspaces=3
2026-08-04T03:12:17.457151Z  INFO herdr::logging: tab focused event="tab.focus" subsystem="tab" outcome="ok" workspace_id="w5" tab_id="w5:t1"
2026-08-04T03:12:22.468415Z  INFO herdr::logging: session saved event="persist.save" subsystem="persist" outcome="ok" path=/Users/shahid/.config/herdr/session.json workspaces=3
2026-08-04T03:12:31.909505Z  WARN herdr::raw_input: flushing lone escape after input timeout; if this follows an alt chord or focus switch it may reach the pane as plain esc bytes=[27]
2026-08-04T03:12:42.567395Z  WARN herdr::raw_input: flushing lone escape after input timeout; if this follows an alt chord or focus switch it may reach the pane as plain esc bytes=[27]
2026-08-04T03:13:29.658428Z  INFO herdr::logging: tab focused event="tab.focus" subsystem="tab" outcome="ok" workspace_id="w5" tab_id="w5:t2"
2026-08-04T03:13:34.671710Z  INFO herdr::logging: session saved event="persist.save" subsystem="persist" outcome="ok" path=/Users/shahid/.config/herdr/session.json workspaces=3
2026-08-04T03:14:20.493853Z  INFO herdr::logging: workspace focused event="workspace.focus" subsystem="workspace" outcome="ok" workspace_id="w3"
2026-08-04T03:14:20.497206Z  INFO herdr::logging: tab focused event="tab.focus" subsystem="tab" outcome="ok" workspace_id="w3" tab_id="w3:t1"
2026-08-04T03:14:25.502356Z  INFO herdr::logging: session saved event="persist.save" subsystem="persist" outcome="ok" path=/Users/shahid/.config/herdr/session.json workspaces=3
2026-08-04T03:14:38.835517Z  INFO herdr::logging: workspace focused event="workspace.focus" subsystem="workspace" outcome="ok" workspace_id="w5"
2026-08-04T03:14:38.835653Z  INFO herdr::logging: tab focused event="tab.focus" subsystem="tab" outcome="ok" workspace_id="w5" tab_id="w5:t1"
2026-08-04T03:14:41.950039Z  INFO herdr::logging: tab focused event="tab.focus" subsystem="tab" outcome="ok" workspace_id="w5" tab_id="w5:t2"
2026-08-04T03:14:46.957571Z  INFO herdr::logging: session saved event="persist.save" subsystem="persist" outcome="ok" path=/Users/shahid/.config/herdr/session.json workspaces=3
2026-08-04T03:14:48.350419Z  INFO herdr::logging: workspace focused event="workspace.focus" subsystem="workspace" outcome="ok" workspace_id="w3"
2026-08-04T03:14:48.350667Z  INFO herdr::logging: tab focused event="tab.focus" subsystem="tab" outcome="ok" workspace_id="w3" tab_id="w3:t1"
2026-08-04T03:14:53.358787Z  INFO herdr::logging: session saved event="persist.save" subsystem="persist" outcome="ok" path=/Users/shahid/.config/herdr/session.json workspaces=3
2026-08-04T03:15:21.573944Z  INFO herdr::logging: workspace focused event="workspace.focus" subsystem="workspace" outcome="ok" workspace_id="w5"
2026-08-04T03:15:21.574280Z  INFO herdr::logging: tab focused event="tab.focus" subsystem="tab" outcome="ok" workspace_id="w5" tab_id="w5:t2"
2026-08-04T03:15:26.584483Z  INFO herdr::logging: session saved event="persist.save" subsystem="persist" outcome="ok" path=/Users/shahid/.config/herdr/session.json workspaces=3
2026-08-04T03:18:43.191479Z  INFO herdr::logging: workspace focused event="workspace.focus" subsystem="workspace" outcome="ok" workspace_id="w4"
2026-08-04T03:18:43.205493Z  INFO herdr::logging: tab focused event="tab.focus" subsystem="tab" outcome="ok" workspace_id="w4" tab_id="w4:t3"
2026-08-04T03:18:44.731764Z  INFO herdr::logging: tab focused event="tab.focus" subsystem="tab" outcome="ok" workspace_id="w4" tab_id="w4:t3"
2026-08-04T03:18:46.457019Z  INFO herdr::logging: tab focused event="tab.focus" subsystem="tab" outcome="ok" workspace_id="w4" tab_id="w4:t3"
2026-08-04T03:18:51.471757Z  INFO herdr::logging: session saved event="persist.save" subsystem="persist" outcome="ok" path=/Users/shahid/.config/herdr/session.json workspaces=3
2026-08-04T03:20:17.515395Z  INFO herdr::logging: workspace focused event="workspace.focus" subsystem="workspace" outcome="ok" workspace_id="w5"
2026-08-04T03:20:17.515814Z  INFO herdr::logging: tab focused event="tab.focus" subsystem="tab" outcome="ok" workspace_id="w5" tab_id="w5:t2"
2026-08-04T03:20:22.526320Z  INFO herdr::logging: session saved event="persist.save" subsystem="persist" outcome="ok" path=/Users/shahid/.config/herdr/session.json workspaces=3
2026-08-04T03:21:37.474030Z  INFO herdr::logging: workspace focused event="workspace.focus" subsystem="workspace" outcome="ok" workspace_id="w3"
2026-08-04T03:21:37.475547Z  INFO herdr::logging: tab focused event="tab.focus" subsystem="tab" outcome="ok" workspace_id="w3" tab_id="w3:t1"
2026-08-04T03:21:42.480206Z  INFO herdr::logging: session saved event="persist.save" subsystem="persist" outcome="ok" path=/Users/shahid/.config/herdr/session.json workspaces=3
2026-08-04T03:22:04.158395Z  INFO herdr::logging: checking for updates event="update.check.start" subsystem="update" outcome="started"
2026-08-04T03:22:04.420242Z  INFO herdr::logging: update available event="update.available" subsystem="update" outcome="ok" version="0.8.0"
2026-08-04T03:22:04.565184Z  INFO herdr::update: auto-update check: v0.8.0 available through Homebrew, waiting for explicit install
2026-08-04T03:28:34.108077Z  INFO herdr::server::headless: client disconnected client_id=4
2026-08-04T03:28:34.141551Z  INFO herdr::logging: pane child exited event="pane.exit" subsystem="pane" outcome="completed" pane_id=1 status="ExitStatus { code: 0, signal: None }"
2026-08-04T03:28:34.142163Z  INFO herdr::pane: pane session terminated pane=1 pid=60581 signal=Hangup
2026-08-04T03:28:39.158241Z  INFO herdr::logging: session saved event="persist.save" subsystem="persist" outcome="ok" path=/Users/shahid/.config/herdr/session.json workspaces=2
2026-08-04T03:29:32.637444Z  INFO herdr::pane: agent changed pane=13 previous_agent=Some(Pi) agent=None pgid=Some(79213)
2026-08-04T03:41:01.581550Z  INFO herdr::platform::macos: raised server file descriptor soft limit previous=2560 target=8192
2026-08-04T03:41:01.582525Z  INFO herdr::api::server: api server listening path=/Users/shahid/.config/herdr/herdr.sock
2026-08-04T03:41:01.584148Z  INFO herdr::logging: spawning pane terminal event="pane.spawn.start" subsystem="pane" outcome="started" pane_id=1 rows=24 cols=80 scrollback_limit_bytes=10000000
2026-08-04T03:41:01.587311Z  INFO herdr::logging: pane child spawned event="pane.spawned" subsystem="pane" outcome="ok" pane_id=1 pid=1859
2026-08-04T03:41:01.587893Z  INFO herdr::logging: spawning pane terminal event="pane.spawn.start" subsystem="pane" outcome="started" pane_id=2 rows=24 cols=80 scrollback_limit_bytes=10000000
2026-08-04T03:41:01.589850Z  INFO herdr::logging: pane child spawned event="pane.spawned" subsystem="pane" outcome="ok" pane_id=2 pid=1860
2026-08-04T03:41:01.590366Z  INFO herdr::logging: spawning pane terminal event="pane.spawn.start" subsystem="pane" outcome="started" pane_id=3 rows=24 cols=80 scrollback_limit_bytes=10000000
2026-08-04T03:41:01.592545Z  INFO herdr::logging: pane child spawned event="pane.spawned" subsystem="pane" outcome="ok" pane_id=3 pid=1861
2026-08-04T03:41:01.593293Z  INFO herdr::logging: spawning pane terminal event="pane.spawn.start" subsystem="pane" outcome="started" pane_id=4 rows=24 cols=80 scrollback_limit_bytes=10000000
2026-08-04T03:41:01.596323Z  INFO herdr::logging: pane child spawned event="pane.spawned" subsystem="pane" outcome="ok" pane_id=4 pid=1862
2026-08-04T03:41:01.596536Z  INFO herdr::logging: spawning pane terminal event="pane.spawn.start" subsystem="pane" outcome="started" pane_id=5 rows=24 cols=80 scrollback_limit_bytes=10000000
2026-08-04T03:41:01.599140Z  INFO herdr::logging: pane child spawned event="pane.spawned" subsystem="pane" outcome="ok" pane_id=5 pid=1863
2026-08-04T03:41:01.599325Z  INFO herdr::logging: spawning pane terminal event="pane.spawn.start" subsystem="pane" outcome="started" pane_id=6 rows=24 cols=80 scrollback_limit_bytes=10000000
2026-08-04T03:41:01.602388Z  INFO herdr::logging: pane child spawned event="pane.spawned" subsystem="pane" outcome="ok" pane_id=6 pid=1864
2026-08-04T03:41:01.716057Z  INFO herdr::logging: spawning pane terminal event="pane.spawn.start" subsystem="pane" outcome="started" pane_id=7 rows=24 cols=80 scrollback_limit_bytes=10000000
2026-08-04T03:41:01.718903Z  INFO herdr::logging: pane child spawned event="pane.spawned" subsystem="pane" outcome="ok" pane_id=7 pid=1910
2026-08-04T03:41:01.719129Z  INFO herdr::logging: spawning pane terminal event="pane.spawn.start" subsystem="pane" outcome="started" pane_id=8 rows=24 cols=80 scrollback_limit_bytes=10000000
2026-08-04T03:41:01.722415Z  INFO herdr::logging: pane child spawned event="pane.spawned" subsystem="pane" outcome="ok" pane_id=8 pid=1913
2026-08-04T03:41:01.722709Z  INFO herdr::logging: spawning pane terminal event="pane.spawn.start" subsystem="pane" outcome="started" pane_id=9 rows=24 cols=80 scrollback_limit_bytes=10000000
2026-08-04T03:41:01.725902Z  INFO herdr::logging: pane child spawned event="pane.spawned" subsystem="pane" outcome="ok" pane_id=9 pid=1916
2026-08-04T03:41:01.726200Z  INFO herdr::logging: spawning pane terminal event="pane.spawn.start" subsystem="pane" outcome="started" pane_id=10 rows=24 cols=80 scrollback_limit_bytes=10000000
2026-08-04T03:41:01.730698Z  INFO herdr::logging: pane child spawned event="pane.spawned" subsystem="pane" outcome="ok" pane_id=10 pid=1919
2026-08-04T03:41:01.731681Z  INFO herdr::logging: session restore evaluated event="persist.restore" subsystem="persist" outcome="ok" workspaces=2
2026-08-04T03:41:01.731742Z  INFO herdr::app: using pane scrollback configuration pane_scrollback_limit_bytes=10000000
2026-08-04T03:41:02.388868Z  INFO herdr::logging: checking for updates event="update.check.start" subsystem="update" outcome="started"
2026-08-04T03:41:02.486251Z  INFO herdr::server::headless: restored session already has workspaces; ignoring startup cwd cwd=/Users/shahid
2026-08-04T03:41:02.486932Z  INFO herdr::server::headless: client protocol socket listening path=/Users/shahid/.config/herdr/herdr-client.sock
2026-08-04T03:41:02.486987Z  INFO herdr::server::headless: herdr server started api_socket=/Users/shahid/.config/herdr/herdr.sock client_socket=/Users/shahid/.config/herdr/herdr-client.sock
2026-08-04T03:41:02.489235Z  INFO herdr::logging: herdr starting event="app.startup" subsystem="server" outcome="started" pid=1858
2026-08-04T03:41:02.744479Z  INFO herdr::server::headless: client connected client_id=2 cols=121 rows=30 cell_width_px=0 cell_height_px=0 render_encoding=SemanticFrame
2026-08-04T03:42:10.126866Z  INFO herdr::logging: tab focused event="tab.focus" subsystem="tab" outcome="ok" workspace_id="w4" tab_id="w4:t3"
2026-08-04T03:42:14.130950Z  INFO herdr::logging: tab focused event="tab.focus" subsystem="tab" outcome="ok" workspace_id="w4" tab_id="w4:t1"
2026-08-04T03:42:19.141015Z  INFO herdr::logging: session saved event="persist.save" subsystem="persist" outcome="ok" path=/Users/shahid/.config/herdr/session.json workspaces=2
2026-08-04T03:42:22.515624Z  INFO herdr::logging: tab focused event="tab.focus" subsystem="tab" outcome="ok" workspace_id="w4" tab_id="w4:t2"
2026-08-04T03:42:25.545487Z  INFO herdr::logging: tab focused event="tab.focus" subsystem="tab" outcome="ok" workspace_id="w4" tab_id="w4:t3"
2026-08-04T03:42:27.061717Z  INFO herdr::logging: tab focused event="tab.focus" subsystem="tab" outcome="ok" workspace_id="w4" tab_id="w4:t1"
2026-08-04T03:42:32.067125Z  INFO herdr::logging: session saved event="persist.save" subsystem="persist" outcome="ok" path=/Users/shahid/.config/herdr/session.json workspaces=2
2026-08-04T03:42:34.439701Z  INFO herdr::logging: tab focused event="tab.focus" subsystem="tab" outcome="ok" workspace_id="w4" tab_id="w4:t1"
2026-08-04T03:42:39.445932Z  INFO herdr::logging: session saved event="persist.save" subsystem="persist" outcome="ok" path=/Users/shahid/.config/herdr/session.json workspaces=2
2026-08-04T03:43:22.578693Z  INFO herdr::logging: tab focused event="tab.focus" subsystem="tab" outcome="ok" workspace_id="w4" tab_id="w4:t1"
2026-08-04T03:43:25.621149Z  INFO herdr::logging: tab focused event="tab.focus" subsystem="tab" outcome="ok" workspace_id="w4" tab_id="w4:t2"
2026-08-04T03:43:29.266345Z  INFO herdr::logging: tab focused event="tab.focus" subsystem="tab" outcome="ok" workspace_id="w4" tab_id="w4:t3"
2026-08-04T03:43:34.273268Z  INFO herdr::logging: session saved event="persist.save" subsystem="persist" outcome="ok" path=/Users/shahid/.config/herdr/session.json workspaces=2
2026-08-04T03:43:40.068615Z  INFO herdr::logging: tab focused event="tab.focus" subsystem="tab" outcome="ok" workspace_id="w4" tab_id="w4:t3"
2026-08-04T03:43:45.074482Z  INFO herdr::logging: session saved event="persist.save" subsystem="persist" outcome="ok" path=/Users/shahid/.config/herdr/session.json workspaces=2
2026-08-04T03:44:35.516805Z  INFO herdr::server::headless: client resize client_id=2 cols=166 rows=40 cell_width_px=0 cell_height_px=0
2026-08-04T03:44:39.114230Z  INFO herdr::logging: tab focused event="tab.focus" subsystem="tab" outcome="ok" workspace_id="w4" tab_id="w4:t3"
2026-08-04T03:44:44.120754Z  INFO herdr::logging: session saved event="persist.save" subsystem="persist" outcome="ok" path=/Users/shahid/.config/herdr/session.json workspaces=2
2026-08-04T03:44:48.778661Z  INFO herdr::logging: tab focused event="tab.focus" subsystem="tab" outcome="ok" workspace_id="w4" tab_id="w4:t1"
2026-08-04T03:44:51.313440Z  INFO herdr::logging: tab focused event="tab.focus" subsystem="tab" outcome="ok" workspace_id="w4" tab_id="w4:t2"
2026-08-04T03:44:52.829455Z  INFO herdr::logging: tab focused event="tab.focus" subsystem="tab" outcome="ok" workspace_id="w4" tab_id="w4:t3"
2026-08-04T03:44:56.546486Z  INFO herdr::logging: tab focused event="tab.focus" subsystem="tab" outcome="ok" workspace_id="w4" tab_id="w4:t3"
2026-08-04T03:45:01.553791Z  INFO herdr::logging: session saved event="persist.save" subsystem="persist" outcome="ok" path=/Users/shahid/.config/herdr/session.json workspaces=2
2026-08-04T03:45:04.693377Z  INFO herdr::logging: tab focused event="tab.focus" subsystem="tab" outcome="ok" workspace_id="w4" tab_id="w4:t1"
2026-08-04T03:45:07.059634Z  INFO herdr::logging: tab focused event="tab.focus" subsystem="tab" outcome="ok" workspace_id="w4" tab_id="w4:t1"
2026-08-04T03:45:10.030772Z  INFO herdr::logging: tab focused event="tab.focus" subsystem="tab" outcome="ok" workspace_id="w4" tab_id="w4:t3"
2026-08-04T03:45:12.160999Z  INFO herdr::logging: tab focused event="tab.focus" subsystem="tab" outcome="ok" workspace_id="w4" tab_id="w4:t2"
2026-08-04T03:45:14.253573Z  INFO herdr::logging: tab focused event="tab.focus" subsystem="tab" outcome="ok" workspace_id="w4" tab_id="w4:t2"
2026-08-04T03:45:19.258182Z  INFO herdr::logging: session saved event="persist.save" subsystem="persist" outcome="ok" path=/Users/shahid/.config/herdr/session.json workspaces=2
2026-08-04T03:45:25.198944Z  INFO herdr::logging: tab focused event="tab.focus" subsystem="tab" outcome="ok" workspace_id="w4" tab_id="w4:t3"
2026-08-04T03:45:30.206666Z  INFO herdr::logging: session saved event="persist.save" subsystem="persist" outcome="ok" path=/Users/shahid/.config/herdr/session.json workspaces=2
2026-08-04T03:53:11.556631Z  INFO herdr::logging: tab focused event="tab.focus" subsystem="tab" outcome="ok" workspace_id="w4" tab_id="w4:t2"
2026-08-04T03:53:15.331262Z  INFO herdr::logging: tab focused event="tab.focus" subsystem="tab" outcome="ok" workspace_id="w4" tab_id="w4:t2"
2026-08-04T03:53:20.336670Z  INFO herdr::logging: session saved event="persist.save" subsystem="persist" outcome="ok" path=/Users/shahid/.config/herdr/session.json workspaces=2
2026-08-04T03:54:34.358109Z  INFO herdr::logging: tab focused event="tab.focus" subsystem="tab" outcome="ok" workspace_id="w4" tab_id="w4:t2"
2026-08-04T03:54:39.363990Z  INFO herdr::logging: session saved event="persist.save" subsystem="persist" outcome="ok" path=/Users/shahid/.config/herdr/session.json workspaces=2
2026-08-04T03:54:54.638767Z  INFO herdr::logging: session saved event="persist.save" subsystem="persist" outcome="ok" path=/Users/shahid/.config/herdr/session.json workspaces=2
2026-08-04T03:56:55.614498Z  WARN herdr::raw_input: flushing lone escape after input timeout; if this follows an alt chord or focus switch it may reach the pane as plain esc bytes=[27]
2026-08-04T03:57:36.858790Z  WARN herdr::raw_input: flushing lone escape after input timeout; if this follows an alt chord or focus switch it may reach the pane as plain esc bytes=[27]
2026-08-04T04:01:06.366659Z  INFO herdr::logging: tab focused event="tab.focus" subsystem="tab" outcome="ok" workspace_id="w4" tab_id="w4:t3"
2026-08-04T04:01:09.246308Z  INFO herdr::logging: tab focused event="tab.focus" subsystem="tab" outcome="ok" workspace_id="w4" tab_id="w4:t1"
2026-08-04T04:01:11.167448Z  INFO herdr::logging: tab focused event="tab.focus" subsystem="tab" outcome="ok" workspace_id="w4" tab_id="w4:t2"
2026-08-04T04:01:12.666194Z  INFO herdr::logging: tab focused event="tab.focus" subsystem="tab" outcome="ok" workspace_id="w4" tab_id="w4:t2"
2026-08-04T04:01:17.679444Z  INFO herdr::logging: session saved event="persist.save" subsystem="persist" outcome="ok" path=/Users/shahid/.config/herdr/session.json workspaces=2
2026-08-04T04:01:26.661112Z  INFO herdr::logging: tab focused event="tab.focus" subsystem="tab" outcome="ok" workspace_id="w4" tab_id="w4:t2"
2026-08-04T04:01:33.057910Z  INFO herdr::logging: session saved event="persist.save" subsystem="persist" outcome="ok" path=/Users/shahid/.config/herdr/session.json workspaces=2
2026-08-04T04:04:54.966148Z  WARN herdr::raw_input: flushing lone escape after input timeout; if this follows an alt chord or focus switch it may reach the pane as plain esc bytes=[27]
2026-08-04T04:05:06.368666Z  WARN herdr::raw_input: flushing lone escape after input timeout; if this follows an alt chord or focus switch it may reach the pane as plain esc bytes=[27]
2026-08-04T04:05:32.081245Z  WARN herdr::raw_input: flushing lone escape after input timeout; if this follows an alt chord or focus switch it may reach the pane as plain esc bytes=[27]
2026-08-04T04:05:43.917857Z  WARN herdr::raw_input: flushing lone escape after input timeout; if this follows an alt chord or focus switch it may reach the pane as plain esc bytes=[27]
2026-08-04T04:06:01.132283Z  WARN herdr::raw_input: flushing lone escape after input timeout; if this follows an alt chord or focus switch it may reach the pane as plain esc bytes=[27]
2026-08-04T04:06:30.818351Z  WARN herdr::raw_input: flushing lone escape after input timeout; if this follows an alt chord or focus switch it may reach the pane as plain esc bytes=[27]
2026-08-04T04:07:15.592569Z  WARN herdr::raw_input: flushing lone escape after input timeout; if this follows an alt chord or focus switch it may reach the pane as plain esc bytes=[27]
2026-08-04T04:08:37.451972Z  WARN herdr::raw_input: flushing lone escape after input timeout; if this follows an alt chord or focus switch it may reach the pane as plain esc bytes=[27]
2026-08-04T04:08:40.159051Z  WARN herdr::raw_input: flushing lone escape after input timeout; if this follows an alt chord or focus switch it may reach the pane as plain esc bytes=[27]
2026-08-04T04:08:40.358524Z  WARN herdr::raw_input: flushing lone escape after input timeout; if this follows an alt chord or focus switch it may reach the pane as plain esc bytes=[27]
2026-08-04T04:10:21.982675Z  WARN herdr::raw_input: flushing lone escape after input timeout; if this follows an alt chord or focus switch it may reach the pane as plain esc bytes=[27]
2026-08-04T04:10:25.394989Z  WARN herdr::raw_input: flushing lone escape after input timeout; if this follows an alt chord or focus switch it may reach the pane as plain esc bytes=[27]
2026-08-04T04:11:02.439780Z  INFO herdr::logging: checking for updates event="update.check.start" subsystem="update" outcome="started"
2026-08-04T04:11:05.803994Z  WARN herdr::raw_input: flushing lone escape after input timeout; if this follows an alt chord or focus switch it may reach the pane as plain esc bytes=[27]
2026-08-04T04:11:08.397776Z  WARN herdr::raw_input: flushing lone escape after input timeout; if this follows an alt chord or focus switch it may reach the pane as plain esc bytes=[27]
2026-08-04T04:11:23.262666Z  WARN herdr::raw_input: flushing lone escape after input timeout; if this follows an alt chord or focus switch it may reach the pane as plain esc bytes=[27]
2026-08-04T04:11:52.876376Z  WARN herdr::raw_input: flushing lone escape after input timeout; if this follows an alt chord or focus switch it may reach the pane as plain esc bytes=[27]
2026-08-04T04:12:39.507508Z  WARN herdr::raw_input: flushing lone escape after input timeout; if this follows an alt chord or focus switch it may reach the pane as plain esc bytes=[27]
2026-08-04T04:12:46.501463Z  WARN herdr::raw_input: flushing lone escape after input timeout; if this follows an alt chord or focus switch it may reach the pane as plain esc bytes=[27]
2026-08-04T04:14:02.860085Z  WARN herdr::raw_input: flushing lone escape after input timeout; if this follows an alt chord or focus switch it may reach the pane as plain esc bytes=[27]
2026-08-04T04:14:09.588076Z  INFO herdr::logging: tab focused event="tab.focus" subsystem="tab" outcome="ok" workspace_id="w4" tab_id="w4:t2"
2026-08-04T04:14:14.597006Z  INFO herdr::logging: session saved event="persist.save" subsystem="persist" outcome="ok" path=/Users/shahid/.config/herdr/session.json workspaces=2
2026-08-04T04:17:09.737315Z  INFO herdr::logging: tab focused event="tab.focus" subsystem="tab" outcome="ok" workspace_id="w4" tab_id="w4:t2"
2026-08-04T04:17:14.747370Z  INFO herdr::logging: session saved event="persist.save" subsystem="persist" outcome="ok" path=/Users/shahid/.config/herdr/session.json workspaces=2
2026-08-04T04:27:58.741787Z  INFO herdr::server::headless: client resize client_id=2 cols=156 rows=33 cell_width_px=0 cell_height_px=0
2026-08-04T04:27:58.900208Z  INFO herdr::server::headless: client resize client_id=2 cols=166 rows=33 cell_width_px=0 cell_height_px=0
2026-08-04T04:27:59.603773Z  INFO herdr::server::headless: client resize client_id=2 cols=166 rows=33 cell_width_px=0 cell_height_px=0
2026-08-04T04:41:03.452919Z  INFO herdr::logging: checking for updates event="update.check.start" subsystem="update" outcome="started"
2026-08-04T04:43:05.193080Z  INFO herdr::server::headless: client resize client_id=2 cols=166 rows=40 cell_width_px=0 cell_height_px=0
2026-08-04T04:43:08.164375Z  INFO herdr::logging: tab focused event="tab.focus" subsystem="tab" outcome="ok" workspace_id="w4" tab_id="w4:t2"
2026-08-04T04:43:13.183637Z  INFO herdr::logging: session saved event="persist.save" subsystem="persist" outcome="ok" path=/Users/shahid/.config/herdr/session.json workspaces=2
2026-08-04T04:52:14.460919Z  INFO herdr::logging: tab focused event="tab.focus" subsystem="tab" outcome="ok" workspace_id="w4" tab_id="w4:t1"
2026-08-04T04:52:15.412140Z  INFO herdr::logging: tab focused event="tab.focus" subsystem="tab" outcome="ok" workspace_id="w4" tab_id="w4:t1"
2026-08-04T04:52:17.130049Z  INFO herdr::logging: tab focused event="tab.focus" subsystem="tab" outcome="ok" workspace_id="w4" tab_id="w4:t1"
2026-08-04T04:52:18.704891Z  INFO herdr::logging: tab focused event="tab.focus" subsystem="tab" outcome="ok" workspace_id="w4" tab_id="w4:t1"
2026-08-04T04:52:20.017071Z  INFO herdr::logging: tab focused event="tab.focus" subsystem="tab" outcome="ok" workspace_id="w4" tab_id="w4:t1"
2026-08-04T04:52:25.027949Z  INFO herdr::logging: session saved event="persist.save" subsystem="persist" outcome="ok" path=/Users/shahid/.config/herdr/session.json workspaces=2
2026-08-04T04:52:40.456503Z  INFO herdr::logging: tab focused event="tab.focus" subsystem="tab" outcome="ok" workspace_id="w4" tab_id="w4:t2"
2026-08-04T04:52:41.474398Z  INFO herdr::logging: tab focused event="tab.focus" subsystem="tab" outcome="ok" workspace_id="w4" tab_id="w4:t2"
2026-08-04T04:52:42.571553Z  INFO herdr::logging: tab focused event="tab.focus" subsystem="tab" outcome="ok" workspace_id="w4" tab_id="w4:t1"
2026-08-04T04:52:47.577444Z  INFO herdr::logging: session saved event="persist.save" subsystem="persist" outcome="ok" path=/Users/shahid/.config/herdr/session.json workspaces=2
2026-08-04T04:54:33.156561Z  INFO herdr::logging: tab focused event="tab.focus" subsystem="tab" outcome="ok" workspace_id="w4" tab_id="w4:t3"
2026-08-04T04:54:36.263417Z  INFO herdr::logging: tab focused event="tab.focus" subsystem="tab" outcome="ok" workspace_id="w4" tab_id="w4:t3"
2026-08-04T04:54:41.270197Z  INFO herdr::logging: session saved event="persist.save" subsystem="persist" outcome="ok" path=/Users/shahid/.config/herdr/session.json workspaces=2
2026-08-04T04:54:43.511718Z  INFO herdr::logging: tab focused event="tab.focus" subsystem="tab" outcome="ok" workspace_id="w4" tab_id="w4:t3"
2026-08-04T04:54:48.518876Z  INFO herdr::logging: session saved event="persist.save" subsystem="persist" outcome="ok" path=/Users/shahid/.config/herdr/session.json workspaces=2
2026-08-04T04:54:50.157074Z  INFO herdr::logging: tab focused event="tab.focus" subsystem="tab" outcome="ok" workspace_id="w4" tab_id="w4:t3"
2026-08-04T04:54:55.168589Z  INFO herdr::logging: session saved event="persist.save" subsystem="persist" outcome="ok" path=/Users/shahid/.config/herdr/session.json workspaces=2
2026-08-04T04:55:05.279993Z  WARN herdr::raw_input: flushing lone escape after input timeout; if this follows an alt chord or focus switch it may reach the pane as plain esc bytes=[27]
2026-08-04T04:55:06.327337Z  INFO herdr::logging: tab focused event="tab.focus" subsystem="tab" outcome="ok" workspace_id="w4" tab_id="w4:t3"
2026-08-04T04:55:11.335707Z  INFO herdr::logging: session saved event="persist.save" subsystem="persist" outcome="ok" path=/Users/shahid/.config/herdr/session.json workspaces=2
2026-08-04T04:55:13.197324Z  INFO herdr::logging: tab focused event="tab.focus" subsystem="tab" outcome="ok" workspace_id="w4" tab_id="w4:t3"
2026-08-04T04:55:18.206634Z  INFO herdr::logging: session saved event="persist.save" subsystem="persist" outcome="ok" path=/Users/shahid/.config/herdr/session.json workspaces=2
2026-08-04T05:11:03.480540Z  INFO herdr::logging: checking for updates event="update.check.start" subsystem="update" outcome="started"
2026-08-04T05:41:03.476918Z  INFO herdr::logging: checking for updates event="update.check.start" subsystem="update" outcome="started"
2026-08-04T05:52:47.405788Z  INFO herdr::logging: tab focused event="tab.focus" subsystem="tab" outcome="ok" workspace_id="w4" tab_id="w4:t1"
2026-08-04T05:52:52.415765Z  INFO herdr::logging: session saved event="persist.save" subsystem="persist" outcome="ok" path=/Users/shahid/.config/herdr/session.json workspaces=2
2026-08-04T06:11:03.468429Z  INFO herdr::logging: checking for updates event="update.check.start" subsystem="update" outcome="started"
2026-08-04T06:19:51.323961Z  INFO herdr::logging: tab focused event="tab.focus" subsystem="tab" outcome="ok" workspace_id="w4" tab_id="w4:t3"
2026-08-04T06:19:56.343637Z  INFO herdr::logging: session saved event="persist.save" subsystem="persist" outcome="ok" path=/Users/shahid/.config/herdr/session.json workspaces=2
2026-08-04T06:19:56.704785Z  INFO herdr::logging: tab focused event="tab.focus" subsystem="tab" outcome="ok" workspace_id="w4" tab_id="w4:t1"
2026-08-04T06:19:58.267482Z  INFO herdr::logging: tab focused event="tab.focus" subsystem="tab" outcome="ok" workspace_id="w4" tab_id="w4:t3"
2026-08-04T06:19:59.077435Z  INFO herdr::logging: tab focused event="tab.focus" subsystem="tab" outcome="ok" workspace_id="w4" tab_id="w4:t3"
2026-08-04T06:20:00.590077Z  INFO herdr::logging: tab focused event="tab.focus" subsystem="tab" outcome="ok" workspace_id="w4" tab_id="w4:t3"
2026-08-04T06:20:05.614812Z  INFO herdr::logging: session saved event="persist.save" subsystem="persist" outcome="ok" path=/Users/shahid/.config/herdr/session.json workspaces=2
2026-08-04T06:20:07.027856Z  INFO herdr::logging: tab focused event="tab.focus" subsystem="tab" outcome="ok" workspace_id="w4" tab_id="w4:t3"
2026-08-04T06:20:11.136034Z  INFO herdr::logging: tab focused event="tab.focus" subsystem="tab" outcome="ok" workspace_id="w4" tab_id="w4:t1"
2026-08-04T06:20:16.155438Z  INFO herdr::logging: session saved event="persist.save" subsystem="persist" outcome="ok" path=/Users/shahid/.config/herdr/session.json workspaces=2
2026-08-04T06:20:27.893714Z  INFO herdr::logging: tab focused event="tab.focus" subsystem="tab" outcome="ok" workspace_id="w4" tab_id="w4:t3"
2026-08-04T06:20:32.916214Z  INFO herdr::logging: session saved event="persist.save" subsystem="persist" outcome="ok" path=/Users/shahid/.config/herdr/session.json workspaces=2
2026-08-04T06:20:34.829745Z  INFO herdr::logging: tab focused event="tab.focus" subsystem="tab" outcome="ok" workspace_id="w4" tab_id="w4:t3"
2026-08-04T06:20:39.853546Z  INFO herdr::logging: session saved event="persist.save" subsystem="persist" outcome="ok" path=/Users/shahid/.config/herdr/session.json workspaces=2
2026-08-04T06:20:53.827195Z  INFO herdr::logging: workspace focused event="workspace.focus" subsystem="workspace" outcome="ok" workspace_id="w5"
2026-08-04T06:20:53.827393Z  INFO herdr::logging: tab focused event="tab.focus" subsystem="tab" outcome="ok" workspace_id="w5" tab_id="w5:t2"
2026-08-04T06:20:54.919965Z  INFO herdr::logging: workspace focused event="workspace.focus" subsystem="workspace" outcome="ok" workspace_id="w4"
2026-08-04T06:20:54.920025Z  INFO herdr::logging: tab focused event="tab.focus" subsystem="tab" outcome="ok" workspace_id="w4" tab_id="w4:t3"
2026-08-04T06:20:59.937923Z  INFO herdr::logging: session saved event="persist.save" subsystem="persist" outcome="ok" path=/Users/shahid/.config/herdr/session.json workspaces=2
2026-08-04T06:21:06.638670Z  WARN herdr::raw_input: flushing lone escape after input timeout; if this follows an alt chord or focus switch it may reach the pane as plain esc bytes=[27]
2026-08-04T06:21:06.988916Z  WARN herdr::raw_input: flushing lone escape after input timeout; if this follows an alt chord or focus switch it may reach the pane as plain esc bytes=[27]
2026-08-04T06:21:11.130540Z  WARN herdr::raw_input: flushing lone escape after input timeout; if this follows an alt chord or focus switch it may reach the pane as plain esc bytes=[27]
2026-08-04T06:21:12.186948Z  WARN herdr::raw_input: flushing lone escape after input timeout; if this follows an alt chord or focus switch it may reach the pane as plain esc bytes=[27]
2026-08-04T06:21:27.722979Z  WARN herdr::raw_input: flushing lone escape after input timeout; if this follows an alt chord or focus switch it may reach the pane as plain esc bytes=[27]
2026-08-04T06:21:32.310491Z  INFO herdr::server::headless: client resize client_id=2 cols=81 rows=40 cell_width_px=0 cell_height_px=0
2026-08-04T06:21:35.757121Z  INFO herdr::server::headless: client resize client_id=2 cols=166 rows=40 cell_width_px=0 cell_height_px=0
2026-08-04T06:21:55.310558Z  WARN herdr::raw_input: flushing lone escape after input timeout; if this follows an alt chord or focus switch it may reach the pane as plain esc bytes=[27]
2026-08-04T06:22:00.680691Z  INFO herdr::logging: spawning pane terminal event="pane.spawn.start" subsystem="pane" outcome="started" pane_id=11 rows=39 cols=81 scrollback_limit_bytes=10000000
2026-08-04T06:22:00.694160Z  INFO herdr::logging: pane child spawned event="pane.spawned" subsystem="pane" outcome="ok" pane_id=11 pid=40883
2026-08-04T06:22:00.696837Z  INFO herdr::logging: workspace created event="workspace.create" subsystem="workspace" outcome="ok" workspace_id="w6" pane_id=11
2026-08-04T06:22:00.696864Z  INFO herdr::logging: workspace focused event="workspace.focus" subsystem="workspace" outcome="ok" workspace_id="w6"
2026-08-04T06:22:00.696877Z  INFO herdr::logging: tab focused event="tab.focus" subsystem="tab" outcome="ok" workspace_id="w6" tab_id="w6:t1"
2026-08-04T06:22:05.723633Z  INFO herdr::logging: session saved event="persist.save" subsystem="persist" outcome="ok" path=/Users/shahid/.config/herdr/session.json workspaces=3
2026-08-04T06:22:45.444811Z  WARN herdr::raw_input: flushing lone escape after input timeout; if this follows an alt chord or focus switch it may reach the pane as plain esc bytes=[27]
2026-08-04T06:22:49.248172Z  WARN herdr::raw_input: flushing lone escape after input timeout; if this follows an alt chord or focus switch it may reach the pane as plain esc bytes=[27]
2026-08-04T06:22:56.373613Z  INFO herdr::logging: workspace renamed event="workspace.rename" subsystem="workspace" outcome="ok" workspace_id="w6"
2026-08-04T06:23:01.381297Z  INFO herdr::logging: session saved event="persist.save" subsystem="persist" outcome="ok" path=/Users/shahid/.config/herdr/session.json workspaces=3
2026-08-04T06:23:09.003526Z  INFO herdr::logging: workspace focused event="workspace.focus" subsystem="workspace" outcome="ok" workspace_id="w4"
2026-08-04T06:23:09.003914Z  INFO herdr::logging: tab focused event="tab.focus" subsystem="tab" outcome="ok" workspace_id="w4" tab_id="w4:t3"
2026-08-04T06:23:14.030489Z  INFO herdr::logging: session saved event="persist.save" subsystem="persist" outcome="ok" path=/Users/shahid/.config/herdr/session.json workspaces=3
2026-08-04T06:41:03.477616Z  INFO herdr::logging: checking for updates event="update.check.start" subsystem="update" outcome="started"
2026-08-04T07:06:03.800203Z  INFO herdr::server::headless: client resize client_id=2 cols=166 rows=33 cell_width_px=0 cell_height_px=0
2026-08-04T07:06:03.918679Z  INFO herdr::server::headless: client resize client_id=2 cols=166 rows=33 cell_width_px=0 cell_height_px=0
2026-08-04T07:06:04.727406Z  INFO herdr::server::headless: client resize client_id=2 cols=166 rows=33 cell_width_px=0 cell_height_px=0
2026-08-04T07:11:06.752599Z  INFO herdr::logging: checking for updates event="update.check.start" subsystem="update" outcome="started"
2026-08-04T07:16:26.133726Z  INFO herdr::server::headless: client resize client_id=2 cols=166 rows=33 cell_width_px=0 cell_height_px=0
2026-08-04T07:16:26.944003Z  INFO herdr::server::headless: client resize client_id=2 cols=166 rows=33 cell_width_px=0 cell_height_px=0
2026-08-04T07:34:15.360284Z  INFO herdr::server::headless: client resize client_id=2 cols=166 rows=33 cell_width_px=0 cell_height_px=0
2026-08-04T07:34:16.530806Z  INFO herdr::server::headless: client resize client_id=2 cols=166 rows=33 cell_width_px=0 cell_height_px=0
2026-08-04T07:45:05.499406Z  INFO herdr::logging: checking for updates event="update.check.start" subsystem="update" outcome="started"
2026-08-04T08:15:05.509673Z  INFO herdr::logging: checking for updates event="update.check.start" subsystem="update" outcome="started"
2026-08-04T08:19:08.487568Z  INFO herdr::server::headless: client resize client_id=2 cols=166 rows=33 cell_width_px=0 cell_height_px=0
2026-08-04T15:14:41.016661Z  INFO herdr::server::headless: client resize client_id=2 cols=121 rows=30 cell_width_px=0 cell_height_px=0
2026-08-04T15:14:41.831382Z  INFO herdr::server::headless: client resize client_id=2 cols=166 rows=31 cell_width_px=0 cell_height_px=0
2026-08-04T15:17:03.158558Z  INFO herdr::server::headless: client resize client_id=2 cols=121 rows=30 cell_width_px=0 cell_height_px=0
2026-08-04T15:17:06.910123Z  INFO herdr::logging: tab focused event="tab.focus" subsystem="tab" outcome="ok" workspace_id="w4" tab_id="w4:t3"
2026-08-04T15:17:09.885124Z  INFO herdr::logging: tab focused event="tab.focus" subsystem="tab" outcome="ok" workspace_id="w4" tab_id="w4:t1"
2026-08-04T15:17:10.821071Z  INFO herdr::logging: tab focused event="tab.focus" subsystem="tab" outcome="ok" workspace_id="w4" tab_id="w4:t2"
2026-08-04T15:17:12.228180Z  INFO herdr::logging: tab focused event="tab.focus" subsystem="tab" outcome="ok" workspace_id="w4" tab_id="w4:t3"
2026-08-04T15:17:15.427838Z  INFO herdr::logging: workspace focused event="workspace.focus" subsystem="workspace" outcome="ok" workspace_id="w5"
2026-08-04T15:17:15.427935Z  INFO herdr::logging: tab focused event="tab.focus" subsystem="tab" outcome="ok" workspace_id="w5" tab_id="w5:t2"
2026-08-04T15:17:18.170063Z  INFO herdr::logging: tab focused event="tab.focus" subsystem="tab" outcome="ok" workspace_id="w5" tab_id="w5:t1"
2026-08-04T15:17:19.718789Z  INFO herdr::logging: tab focused event="tab.focus" subsystem="tab" outcome="ok" workspace_id="w5" tab_id="w5:t2"
2026-08-04T15:17:24.728168Z  INFO herdr::logging: session saved event="persist.save" subsystem="persist" outcome="ok" path=/Users/shahid/.config/herdr/session.json workspaces=3
2026-08-04T15:17:35.140505Z  INFO herdr::logging: session saved event="persist.save" subsystem="persist" outcome="ok" path=/Users/shahid/.config/herdr/session.json workspaces=3
2026-08-04T15:18:06.580039Z  INFO herdr::server::headless: client resize client_id=2 cols=59 rows=30 cell_width_px=0 cell_height_px=0
2026-08-04T15:18:10.615408Z  INFO herdr::server::headless: client resize client_id=2 cols=121 rows=30 cell_width_px=0 cell_height_px=0
2026-08-04T15:23:31.784723Z  INFO herdr::logging: workspace focused event="workspace.focus" subsystem="workspace" outcome="ok" workspace_id="w6"
2026-08-04T15:23:31.786142Z  INFO herdr::logging: tab focused event="tab.focus" subsystem="tab" outcome="ok" workspace_id="w6" tab_id="w6:t1"
2026-08-04T15:23:36.790873Z  INFO herdr::logging: session saved event="persist.save" subsystem="persist" outcome="ok" path=/Users/shahid/.config/herdr/session.json workspaces=3
2026-08-04T15:27:39.451885Z  INFO herdr::logging: workspace focused event="workspace.focus" subsystem="workspace" outcome="ok" workspace_id="w5"
2026-08-04T15:27:39.453755Z  INFO herdr::logging: tab focused event="tab.focus" subsystem="tab" outcome="ok" workspace_id="w5" tab_id="w5:t2"
2026-08-04T15:27:44.464718Z  INFO herdr::logging: session saved event="persist.save" subsystem="persist" outcome="ok" path=/Users/shahid/.config/herdr/session.json workspaces=3
2026-08-04T15:34:37.175599Z  INFO herdr::logging: checking for updates event="update.check.start" subsystem="update" outcome="started"
2026-08-04T15:34:50.474245Z  INFO herdr::logging: tab focused event="tab.focus" subsystem="tab" outcome="ok" workspace_id="w5" tab_id="w5:t2"
2026-08-04T15:34:56.207896Z  INFO herdr::logging: session saved event="persist.save" subsystem="persist" outcome="ok" path=/Users/shahid/.config/herdr/session.json workspaces=3
2026-08-04T15:35:20.580338Z  INFO herdr::app::actions: copied selection to clipboard
2026-08-04T15:37:12.363047Z  INFO herdr::logging: tab focused event="tab.focus" subsystem="tab" outcome="ok" workspace_id="w5" tab_id="w5:t1"
2026-08-04T15:37:14.829574Z  INFO herdr::logging: tab focused event="tab.focus" subsystem="tab" outcome="ok" workspace_id="w5" tab_id="w5:t2"
2026-08-04T15:37:19.838925Z  INFO herdr::logging: session saved event="persist.save" subsystem="persist" outcome="ok" path=/Users/shahid/.config/herdr/session.json workspaces=3
2026-08-04T15:41:54.869892Z  INFO herdr::logging: tab focused event="tab.focus" subsystem="tab" outcome="ok" workspace_id="w5" tab_id="w5:t2"
2026-08-04T15:41:59.877916Z  INFO herdr::logging: session saved event="persist.save" subsystem="persist" outcome="ok" path=/Users/shahid/.config/herdr/session.json workspaces=3
2026-08-04T15:43:24.606043Z  INFO herdr::logging: session saved event="persist.save" subsystem="persist" outcome="ok" path=/Users/shahid/.config/herdr/session.json workspaces=3
2026-08-04T15:45:25.227391Z  INFO herdr::logging: tab focused event="tab.focus" subsystem="tab" outcome="ok" workspace_id="w5" tab_id="w5:t1"
2026-08-04T15:45:30.236439Z  INFO herdr::logging: session saved event="persist.save" subsystem="persist" outcome="ok" path=/Users/shahid/.config/herdr/session.json workspaces=3
2026-08-04T15:46:50.233418Z  INFO herdr::logging: tab focused event="tab.focus" subsystem="tab" outcome="ok" workspace_id="w5" tab_id="w5:t2"
2026-08-04T15:46:53.361471Z  INFO herdr::logging: tab focused event="tab.focus" subsystem="tab" outcome="ok" workspace_id="w5" tab_id="w5:t2"
2026-08-04T15:46:58.377894Z  INFO herdr::logging: session saved event="persist.save" subsystem="persist" outcome="ok" path=/Users/shahid/.config/herdr/session.json workspaces=3
2026-08-04T15:47:30.090025Z  INFO herdr::logging: tab focused event="tab.focus" subsystem="tab" outcome="ok" workspace_id="w5" tab_id="w5:t2"
2026-08-04T15:47:31.788928Z  INFO herdr::app::actions: copied selection to clipboard
2026-08-04T15:47:35.102720Z  INFO herdr::logging: session saved event="persist.save" subsystem="persist" outcome="ok" path=/Users/shahid/.config/herdr/session.json workspaces=3
2026-08-04T15:48:00.608941Z  INFO herdr::logging: workspace focused event="workspace.focus" subsystem="workspace" outcome="ok" workspace_id="w6"
2026-08-04T15:48:00.610800Z  INFO herdr::logging: tab focused event="tab.focus" subsystem="tab" outcome="ok" workspace_id="w6" tab_id="w6:t1"
2026-08-04T15:48:05.621758Z  INFO herdr::logging: session saved event="persist.save" subsystem="persist" outcome="ok" path=/Users/shahid/.config/herdr/session.json workspaces=3
2026-08-04T15:48:54.345774Z  INFO herdr::logging: workspace focused event="workspace.focus" subsystem="workspace" outcome="ok" workspace_id="w5"
2026-08-04T15:48:54.347277Z  INFO herdr::logging: tab focused event="tab.focus" subsystem="tab" outcome="ok" workspace_id="w5" tab_id="w5:t2"
2026-08-04T15:48:59.360374Z  INFO herdr::logging: session saved event="persist.save" subsystem="persist" outcome="ok" path=/Users/shahid/.config/herdr/session.json workspaces=3
2026-08-04T15:49:08.601493Z  INFO herdr::logging: workspace focused event="workspace.focus" subsystem="workspace" outcome="ok" workspace_id="w6"
2026-08-04T15:49:08.601615Z  INFO herdr::logging: tab focused event="tab.focus" subsystem="tab" outcome="ok" workspace_id="w6" tab_id="w6:t1"
2026-08-04T15:49:13.607869Z  INFO herdr::logging: session saved event="persist.save" subsystem="persist" outcome="ok" path=/Users/shahid/.config/herdr/session.json workspaces=3
2026-08-04T15:49:49.371755Z  INFO herdr::logging: workspace focused event="workspace.focus" subsystem="workspace" outcome="ok" workspace_id="w5"
2026-08-04T15:49:49.371907Z  INFO herdr::logging: tab focused event="tab.focus" subsystem="tab" outcome="ok" workspace_id="w5" tab_id="w5:t2"
2026-08-04T15:49:54.380109Z  INFO herdr::logging: session saved event="persist.save" subsystem="persist" outcome="ok" path=/Users/shahid/.config/herdr/session.json workspaces=3
2026-08-04T15:50:27.396289Z  INFO herdr::logging: tab focused event="tab.focus" subsystem="tab" outcome="ok" workspace_id="w5" tab_id="w5:t2"
2026-08-04T15:50:32.409775Z  INFO herdr::logging: session saved event="persist.save" subsystem="persist" outcome="ok" path=/Users/shahid/.config/herdr/session.json workspaces=3
2026-08-04T16:09:08.999169Z  INFO herdr::logging: tab focused event="tab.focus" subsystem="tab" outcome="ok" workspace_id="w5" tab_id="w5:t2"
2026-08-04T16:09:14.022061Z  INFO herdr::logging: session saved event="persist.save" subsystem="persist" outcome="ok" path=/Users/shahid/.config/herdr/session.json workspaces=3
2026-08-04T16:09:31.301380Z  INFO herdr::logging: workspace focused event="workspace.focus" subsystem="workspace" outcome="ok" workspace_id="w6"
2026-08-04T16:09:31.301452Z  INFO herdr::logging: tab focused event="tab.focus" subsystem="tab" outcome="ok" workspace_id="w6" tab_id="w6:t1"
2026-08-04T16:09:36.310580Z  INFO herdr::logging: session saved event="persist.save" subsystem="persist" outcome="ok" path=/Users/shahid/.config/herdr/session.json workspaces=3
2026-08-04T16:12:27.676156Z  INFO herdr::logging: workspace focused event="workspace.focus" subsystem="workspace" outcome="ok" workspace_id="w5"
2026-08-04T16:12:27.677592Z  INFO herdr::logging: tab focused event="tab.focus" subsystem="tab" outcome="ok" workspace_id="w5" tab_id="w5:t2"
2026-08-04T16:12:32.692379Z  INFO herdr::logging: session saved event="persist.save" subsystem="persist" outcome="ok" path=/Users/shahid/.config/herdr/session.json workspaces=3
2026-08-04T16:12:57.861905Z  INFO herdr::logging: tab focused event="tab.focus" subsystem="tab" outcome="ok" workspace_id="w5" tab_id="w5:t2"
2026-08-04T16:13:02.875204Z  INFO herdr::logging: session saved event="persist.save" subsystem="persist" outcome="ok" path=/Users/shahid/.config/herdr/session.json workspaces=3
2026-08-04T16:13:10.352794Z  INFO herdr::logging: session saved event="persist.save" subsystem="persist" outcome="ok" path=/Users/shahid/.config/herdr/session.json workspaces=3
2026-08-04T16:20:08.579083Z  INFO herdr::logging: checking for updates event="update.check.start" subsystem="update" outcome="started"
2026-08-04T16:37:11.027601Z  INFO herdr::logging: tab focused event="tab.focus" subsystem="tab" outcome="ok" workspace_id="w5" tab_id="w5:t2"
2026-08-04T16:37:16.048354Z  INFO herdr::logging: session saved event="persist.save" subsystem="persist" outcome="ok" path=/Users/shahid/.config/herdr/session.json workspaces=3
2026-08-04T16:37:17.525684Z  INFO herdr::logging: tab focused event="tab.focus" subsystem="tab" outcome="ok" workspace_id="w5" tab_id="w5:t3"
2026-08-04T16:37:20.366114Z  INFO herdr::logging: workspace focused event="workspace.focus" subsystem="workspace" outcome="ok" workspace_id="w6"
2026-08-04T16:37:20.366269Z  INFO herdr::logging: tab focused event="tab.focus" subsystem="tab" outcome="ok" workspace_id="w6" tab_id="w6:t1"
2026-08-04T16:37:25.376042Z  INFO herdr::logging: session saved event="persist.save" subsystem="persist" outcome="ok" path=/Users/shahid/.config/herdr/session.json workspaces=3
2026-08-05T13:19:44.844326Z  INFO herdr::logging: checking for updates event="update.check.start" subsystem="update" outcome="started"
2026-08-05T13:19:47.990391Z  WARN herdr::detect::manifest_update: agent detection manifest update failed: failed to fetch https://herdr.dev/agent-detection/index.toml
2026-08-05T13:19:47.994399Z  WARN herdr::logging: update check failed event="update.check.complete" subsystem="update" outcome="error" err="failed to fetch Homebrew formula JSON"
2026-08-05T13:29:32.023118Z  INFO herdr::server::headless: client resize client_id=2 cols=59 rows=30 cell_width_px=0 cell_height_px=0
2026-08-05T13:30:04.185187Z  INFO herdr::server::headless: client resize client_id=2 cols=38 rows=30 cell_width_px=0 cell_height_px=0
2026-08-05T13:30:06.474268Z  INFO herdr::server::headless: client resize client_id=2 cols=59 rows=30 cell_width_px=0 cell_height_px=0
2026-08-05T13:30:09.474803Z  INFO herdr::server::headless: client resize client_id=2 cols=121 rows=30 cell_width_px=0 cell_height_px=0
2026-08-05T13:33:28.944470Z  INFO herdr::logging: workspace focused event="workspace.focus" subsystem="workspace" outcome="ok" workspace_id="w5"
2026-08-05T13:33:28.944722Z  INFO herdr::logging: tab focused event="tab.focus" subsystem="tab" outcome="ok" workspace_id="w5" tab_id="w5:t1"
2026-08-05T13:33:33.954789Z  INFO herdr::logging: session saved event="persist.save" subsystem="persist" outcome="ok" path=/Users/shahid/.config/herdr/session.json workspaces=3
2026-08-05T13:33:43.736507Z  INFO herdr::logging: tab focused event="tab.focus" subsystem="tab" outcome="ok" workspace_id="w5" tab_id="w5:t3"
2026-08-05T13:33:48.745543Z  INFO herdr::logging: session saved event="persist.save" subsystem="persist" outcome="ok" path=/Users/shahid/.config/herdr/session.json workspaces=3
2026-08-05T13:33:52.460458Z  INFO herdr::logging: tab focused event="tab.focus" subsystem="tab" outcome="ok" workspace_id="w5" tab_id="w5:t1"
2026-08-05T13:33:57.469037Z  INFO herdr::logging: session saved event="persist.save" subsystem="persist" outcome="ok" path=/Users/shahid/.config/herdr/session.json workspaces=3
2026-08-05T13:35:30.086377Z  WARN herdr::raw_input: flushing lone escape after input timeout; if this follows an alt chord or focus switch it may reach the pane as plain esc bytes=[27]
2026-08-05T13:36:09.072292Z  WARN herdr::raw_input: flushing lone escape after input timeout; if this follows an alt chord or focus switch it may reach the pane as plain esc bytes=[27]
2026-08-05T13:37:02.887228Z  WARN herdr::raw_input: flushing lone escape after input timeout; if this follows an alt chord or focus switch it may reach the pane as plain esc bytes=[27]
2026-08-05T13:37:09.403758Z  WARN herdr::raw_input: flushing lone escape after input timeout; if this follows an alt chord or focus switch it may reach the pane as plain esc bytes=[27]
2026-08-05T13:37:45.511361Z  WARN herdr::raw_input: flushing lone escape after input timeout; if this follows an alt chord or focus switch it may reach the pane as plain esc bytes=[27]
2026-08-05T13:38:20.418324Z  WARN herdr::raw_input: flushing lone escape after input timeout; if this follows an alt chord or focus switch it may reach the pane as plain esc bytes=[27]
2026-08-05T13:38:40.295013Z  WARN herdr::raw_input: flushing lone escape after input timeout; if this follows an alt chord or focus switch it may reach the pane as plain esc bytes=[27]
2026-08-05T13:39:44.825711Z  WARN herdr::raw_input: flushing lone escape after input timeout; if this follows an alt chord or focus switch it may reach the pane as plain esc bytes=[27]
2026-08-05T13:39:59.193322Z  WARN herdr::raw_input: flushing lone escape after input timeout; if this follows an alt chord or focus switch it may reach the pane as plain esc bytes=[27]
2026-08-05T13:40:42.024799Z  WARN herdr::raw_input: flushing lone escape after input timeout; if this follows an alt chord or focus switch it may reach the pane as plain esc bytes=[27]
2026-08-05T13:40:56.374738Z  WARN herdr::raw_input: flushing lone escape after input timeout; if this follows an alt chord or focus switch it may reach the pane as plain esc bytes=[27]
2026-08-05T13:41:25.782446Z  WARN herdr::raw_input: flushing lone escape after input timeout; if this follows an alt chord or focus switch it may reach the pane as plain esc bytes=[27]
2026-08-05T13:41:39.915527Z  WARN herdr::raw_input: flushing lone escape after input timeout; if this follows an alt chord or focus switch it may reach the pane as plain esc bytes=[27]
2026-08-05T13:41:55.425993Z  WARN herdr::raw_input: flushing lone escape after input timeout; if this follows an alt chord or focus switch it may reach the pane as plain esc bytes=[27]
2026-08-05T13:42:02.800503Z  WARN herdr::raw_input: flushing lone escape after input timeout; if this follows an alt chord or focus switch it may reach the pane as plain esc bytes=[27]
2026-08-05T13:42:49.805720Z  WARN herdr::raw_input: flushing lone escape after input timeout; if this follows an alt chord or focus switch it may reach the pane as plain esc bytes=[27]
2026-08-05T13:43:55.148997Z  WARN herdr::raw_input: flushing lone escape after input timeout; if this follows an alt chord or focus switch it may reach the pane as plain esc bytes=[27]
2026-08-05T13:44:05.923941Z  WARN herdr::raw_input: flushing lone escape after input timeout; if this follows an alt chord or focus switch it may reach the pane as plain esc bytes=[27]
2026-08-05T13:44:32.734456Z  WARN herdr::raw_input: flushing lone escape after input timeout; if this follows an alt chord or focus switch it may reach the pane as plain esc bytes=[27]
2026-08-05T13:44:35.956455Z  WARN herdr::raw_input: flushing lone escape after input timeout; if this follows an alt chord or focus switch it may reach the pane as plain esc bytes=[27]
2026-08-05T13:44:45.894203Z  WARN herdr::raw_input: flushing lone escape after input timeout; if this follows an alt chord or focus switch it may reach the pane as plain esc bytes=[27]
2026-08-05T13:47:02.510715Z  WARN herdr::raw_input: flushing lone escape after input timeout; if this follows an alt chord or focus switch it may reach the pane as plain esc bytes=[27]
2026-08-05T13:49:07.216943Z  WARN herdr::raw_input: flushing lone escape after input timeout; if this follows an alt chord or focus switch it may reach the pane as plain esc bytes=[27]
2026-08-05T13:50:04.143683Z  INFO herdr::logging: checking for updates event="update.check.start" subsystem="update" outcome="started"
2026-08-05T13:50:05.382110Z  WARN herdr::raw_input: flushing lone escape after input timeout; if this follows an alt chord or focus switch it may reach the pane as plain esc bytes=[27]
2026-08-05T13:50:11.595585Z  WARN herdr::raw_input: flushing lone escape after input timeout; if this follows an alt chord or focus switch it may reach the pane as plain esc bytes=[27]
2026-08-05T13:50:19.389422Z  WARN herdr::raw_input: flushing lone escape after input timeout; if this follows an alt chord or focus switch it may reach the pane as plain esc bytes=[27]
2026-08-05T13:50:22.212545Z  WARN herdr::logging: update check failed event="update.check.complete" subsystem="update" outcome="error" err="failed to fetch Homebrew formula JSON"
2026-08-05T13:51:30.014597Z  WARN herdr::detect::manifest_update: agent detection manifest update failed for agent agent="cursor" error=fetch failed: failed to fetch https://herdr.dev/agent-detection/cursor.toml
2026-08-05T13:52:43.634383Z  WARN herdr::raw_input: flushing lone escape after input timeout; if this follows an alt chord or focus switch it may reach the pane as plain esc bytes=[27]
2026-08-05T13:53:00.844664Z  WARN herdr::raw_input: flushing lone escape after input timeout; if this follows an alt chord or focus switch it may reach the pane as plain esc bytes=[27]
2026-08-05T13:53:42.150549Z  WARN herdr::raw_input: flushing lone escape after input timeout; if this follows an alt chord or focus switch it may reach the pane as plain esc bytes=[27]
2026-08-05T13:53:58.083431Z  WARN herdr::raw_input: flushing lone escape after input timeout; if this follows an alt chord or focus switch it may reach the pane as plain esc bytes=[27]
2026-08-05T13:59:14.685993Z  WARN herdr::raw_input: flushing lone escape after input timeout; if this follows an alt chord or focus switch it may reach the pane as plain esc bytes=[27]
2026-08-05T13:59:34.412103Z  WARN herdr::raw_input: flushing lone escape after input timeout; if this follows an alt chord or focus switch it may reach the pane as plain esc bytes=[27]
2026-08-05T14:00:40.128263Z  WARN herdr::raw_input: flushing lone escape after input timeout; if this follows an alt chord or focus switch it may reach the pane as plain esc bytes=[27]
2026-08-05T14:00:47.306766Z  WARN herdr::raw_input: flushing lone escape after input timeout; if this follows an alt chord or focus switch it may reach the pane as plain esc bytes=[27]
2026-08-05T14:00:52.025489Z  WARN herdr::raw_input: flushing lone escape after input timeout; if this follows an alt chord or focus switch it may reach the pane as plain esc bytes=[27]
2026-08-05T14:00:56.458497Z  WARN herdr::raw_input: flushing lone escape after input timeout; if this follows an alt chord or focus switch it may reach the pane as plain esc bytes=[27]
2026-08-05T14:01:30.317898Z  WARN herdr::raw_input: flushing lone escape after input timeout; if this follows an alt chord or focus switch it may reach the pane as plain esc bytes=[27]
2026-08-05T14:02:29.146966Z  WARN herdr::raw_input: flushing lone escape after input timeout; if this follows an alt chord or focus switch it may reach the pane as plain esc bytes=[27]
2026-08-05T14:02:31.599843Z  WARN herdr::raw_input: flushing lone escape after input timeout; if this follows an alt chord or focus switch it may reach the pane as plain esc bytes=[27]
2026-08-05T14:02:37.154398Z  WARN herdr::raw_input: flushing lone escape after input timeout; if this follows an alt chord or focus switch it may reach the pane as plain esc bytes=[27]
2026-08-05T14:02:58.146521Z  WARN herdr::raw_input: flushing lone escape after input timeout; if this follows an alt chord or focus switch it may reach the pane as plain esc bytes=[27]
2026-08-05T14:03:23.539694Z  WARN herdr::raw_input: flushing lone escape after input timeout; if this follows an alt chord or focus switch it may reach the pane as plain esc bytes=[27]
2026-08-05T14:03:34.825711Z  WARN herdr::raw_input: flushing lone escape after input timeout; if this follows an alt chord or focus switch it may reach the pane as plain esc bytes=[27]
2026-08-05T14:04:42.488178Z  WARN herdr::raw_input: flushing lone escape after input timeout; if this follows an alt chord or focus switch it may reach the pane as plain esc bytes=[27]
2026-08-05T14:04:51.156306Z  WARN herdr::raw_input: flushing lone escape after input timeout; if this follows an alt chord or focus switch it may reach the pane as plain esc bytes=[27]
2026-08-05T14:05:24.436727Z  WARN herdr::raw_input: flushing lone escape after input timeout; if this follows an alt chord or focus switch it may reach the pane as plain esc bytes=[27]
2026-08-05T14:05:31.305541Z  WARN herdr::raw_input: flushing lone escape after input timeout; if this follows an alt chord or focus switch it may reach the pane as plain esc bytes=[27]
2026-08-05T14:09:40.859480Z  WARN herdr::raw_input: flushing lone escape after input timeout; if this follows an alt chord or focus switch it may reach the pane as plain esc bytes=[27]
2026-08-05T14:09:51.758471Z  WARN herdr::raw_input: flushing lone escape after input timeout; if this follows an alt chord or focus switch it may reach the pane as plain esc bytes=[27]
2026-08-05T14:09:56.887786Z  WARN herdr::raw_input: flushing lone escape after input timeout; if this follows an alt chord or focus switch it may reach the pane as plain esc bytes=[27]
2026-08-05T14:10:09.736219Z  WARN herdr::raw_input: flushing lone escape after input timeout; if this follows an alt chord or focus switch it may reach the pane as plain esc bytes=[27]
2026-08-05T14:10:15.296128Z  WARN herdr::raw_input: flushing lone escape after input timeout; if this follows an alt chord or focus switch it may reach the pane as plain esc bytes=[27]
2026-08-05T14:10:49.851276Z  WARN herdr::raw_input: flushing lone escape after input timeout; if this follows an alt chord or focus switch it may reach the pane as plain esc bytes=[27]
2026-08-05T14:10:55.044102Z  WARN herdr::raw_input: flushing lone escape after input timeout; if this follows an alt chord or focus switch it may reach the pane as plain esc bytes=[27]
2026-08-05T14:11:01.485080Z  WARN herdr::raw_input: flushing lone escape after input timeout; if this follows an alt chord or focus switch it may reach the pane as plain esc bytes=[27]
2026-08-05T14:11:05.379923Z  WARN herdr::raw_input: flushing lone escape after input timeout; if this follows an alt chord or focus switch it may reach the pane as plain esc bytes=[27]
2026-08-05T14:11:38.492729Z  WARN herdr::raw_input: flushing lone escape after input timeout; if this follows an alt chord or focus switch it may reach the pane as plain esc bytes=[27]
2026-08-05T14:11:58.184657Z  WARN herdr::raw_input: flushing lone escape after input timeout; if this follows an alt chord or focus switch it may reach the pane as plain esc bytes=[27]
2026-08-05T14:12:02.514604Z  WARN herdr::raw_input: flushing lone escape after input timeout; if this follows an alt chord or focus switch it may reach the pane as plain esc bytes=[27]
2026-08-05T14:13:50.678637Z  WARN herdr::raw_input: flushing lone escape after input timeout; if this follows an alt chord or focus switch it may reach the pane as plain esc bytes=[27]
2026-08-05T14:13:55.898882Z  WARN herdr::raw_input: flushing lone escape after input timeout; if this follows an alt chord or focus switch it may reach the pane as plain esc bytes=[27]
2026-08-05T14:14:06.495631Z  WARN herdr::raw_input: flushing lone escape after input timeout; if this follows an alt chord or focus switch it may reach the pane as plain esc bytes=[27]
2026-08-05T14:14:25.048776Z  WARN herdr::raw_input: flushing lone escape after input timeout; if this follows an alt chord or focus switch it may reach the pane as plain esc bytes=[27]
2026-08-05T14:14:30.547987Z  WARN herdr::raw_input: flushing lone escape after input timeout; if this follows an alt chord or focus switch it may reach the pane as plain esc bytes=[27]
2026-08-05T14:14:34.859628Z  WARN herdr::raw_input: flushing lone escape after input timeout; if this follows an alt chord or focus switch it may reach the pane as plain esc bytes=[27]
2026-08-05T14:14:38.964210Z  WARN herdr::raw_input: flushing lone escape after input timeout; if this follows an alt chord or focus switch it may reach the pane as plain esc bytes=[27]
2026-08-05T14:15:21.668244Z  WARN herdr::raw_input: flushing lone escape after input timeout; if this follows an alt chord or focus switch it may reach the pane as plain esc bytes=[27]
2026-08-05T14:20:03.756552Z  INFO herdr::logging: checking for updates event="update.check.start" subsystem="update" outcome="started"
2026-08-05T14:20:21.971884Z  WARN herdr::raw_input: flushing lone escape after input timeout; if this follows an alt chord or focus switch it may reach the pane as plain esc bytes=[27]
2026-08-05T14:20:43.658893Z  WARN herdr::raw_input: flushing lone escape after input timeout; if this follows an alt chord or focus switch it may reach the pane as plain esc bytes=[27]
2026-08-05T14:20:48.074016Z  WARN herdr::raw_input: flushing lone escape after input timeout; if this follows an alt chord or focus switch it may reach the pane as plain esc bytes=[27]
2026-08-05T14:21:05.984784Z  WARN herdr::raw_input: flushing lone escape after input timeout; if this follows an alt chord or focus switch it may reach the pane as plain esc bytes=[27]
2026-08-05T14:21:31.678527Z  WARN herdr::raw_input: flushing lone escape after input timeout; if this follows an alt chord or focus switch it may reach the pane as plain esc bytes=[27]
2026-08-05T14:21:36.349707Z  WARN herdr::raw_input: flushing lone escape after input timeout; if this follows an alt chord or focus switch it may reach the pane as plain esc bytes=[27]
2026-08-05T14:21:39.691362Z  WARN herdr::raw_input: flushing lone escape after input timeout; if this follows an alt chord or focus switch it may reach the pane as plain esc bytes=[27]
2026-08-05T14:21:48.380567Z  WARN herdr::raw_input: flushing lone escape after input timeout; if this follows an alt chord or focus switch it may reach the pane as plain esc bytes=[27]
2026-08-05T14:21:50.265602Z  WARN herdr::raw_input: flushing lone escape after input timeout; if this follows an alt chord or focus switch it may reach the pane as plain esc bytes=[27]
2026-08-05T14:23:15.560243Z  WARN herdr::raw_input: flushing lone escape after input timeout; if this follows an alt chord or focus switch it may reach the pane as plain esc bytes=[27]
2026-08-05T14:23:30.396652Z  WARN herdr::raw_input: flushing lone escape after input timeout; if this follows an alt chord or focus switch it may reach the pane as plain esc bytes=[27]
2026-08-05T14:23:45.118368Z  WARN herdr::raw_input: flushing lone escape after input timeout; if this follows an alt chord or focus switch it may reach the pane as plain esc bytes=[27]
2026-08-05T14:50:42.196854Z  INFO herdr::logging: checking for updates event="update.check.start" subsystem="update" outcome="started"
2026-08-06T02:15:13.718219Z  WARN herdr::raw_input: flushing lone escape after input timeout; if this follows an alt chord or focus switch it may reach the pane as plain esc bytes=[27]
2026-08-06T02:15:19.952427Z  WARN herdr::raw_input: flushing lone escape after input timeout; if this follows an alt chord or focus switch it may reach the pane as plain esc bytes=[27]
2026-08-06T02:15:20.622972Z  INFO herdr::logging: checking for updates event="update.check.start" subsystem="update" outcome="started"
2026-08-06T02:15:23.749968Z  WARN herdr::detect::manifest_update: agent detection manifest update failed: failed to fetch https://herdr.dev/agent-detection/index.toml
2026-08-06T02:15:23.751395Z  WARN herdr::logging: update check failed event="update.check.complete" subsystem="update" outcome="error" err="failed to fetch Homebrew formula JSON"
2026-08-06T02:15:28.681138Z  WARN herdr::raw_input: flushing lone escape after input timeout; if this follows an alt chord or focus switch it may reach the pane as plain esc bytes=[27]
2026-08-06T02:15:35.400186Z  WARN herdr::raw_input: flushing lone escape after input timeout; if this follows an alt chord or focus switch it may reach the pane as plain esc bytes=[27]
2026-08-06T02:15:44.433219Z  WARN herdr::raw_input: flushing lone escape after input timeout; if this follows an alt chord or focus switch it may reach the pane as plain esc bytes=[27]
2026-08-06T02:15:51.018175Z  WARN herdr::raw_input: flushing lone escape after input timeout; if this follows an alt chord or focus switch it may reach the pane as plain esc bytes=[27]
2026-08-06T02:15:56.672273Z  WARN herdr::raw_input: flushing lone escape after input timeout; if this follows an alt chord or focus switch it may reach the pane as plain esc bytes=[27]
2026-08-06T02:16:00.541461Z  WARN herdr::raw_input: flushing lone escape after input timeout; if this follows an alt chord or focus switch it may reach the pane as plain esc bytes=[27]
2026-08-06T02:16:55.339639Z  WARN herdr::raw_input: flushing lone escape after input timeout; if this follows an alt chord or focus switch it may reach the pane as plain esc bytes=[27]
2026-08-06T02:17:00.199776Z  WARN herdr::raw_input: flushing lone escape after input timeout; if this follows an alt chord or focus switch it may reach the pane as plain esc bytes=[27]
2026-08-06T02:17:05.060467Z  WARN herdr::raw_input: flushing lone escape after input timeout; if this follows an alt chord or focus switch it may reach the pane as plain esc bytes=[27]
2026-08-06T02:17:24.763055Z  WARN herdr::raw_input: flushing lone escape after input timeout; if this follows an alt chord or focus switch it may reach the pane as plain esc bytes=[27]
2026-08-06T02:17:34.025186Z  WARN herdr::raw_input: flushing lone escape after input timeout; if this follows an alt chord or focus switch it may reach the pane as plain esc bytes=[27]
2026-08-06T02:17:38.570778Z  WARN herdr::raw_input: flushing lone escape after input timeout; if this follows an alt chord or focus switch it may reach the pane as plain esc bytes=[27]
2026-08-06T02:17:44.601406Z  WARN herdr::raw_input: flushing lone escape after input timeout; if this follows an alt chord or focus switch it may reach the pane as plain esc bytes=[27]
2026-08-06T02:17:48.246005Z  WARN herdr::raw_input: flushing lone escape after input timeout; if this follows an alt chord or focus switch it may reach the pane as plain esc bytes=[27]
2026-08-06T02:17:54.006656Z  WARN herdr::raw_input: flushing lone escape after input timeout; if this follows an alt chord or focus switch it may reach the pane as plain esc bytes=[27]
2026-08-06T02:17:58.221478Z  WARN herdr::raw_input: flushing lone escape after input timeout; if this follows an alt chord or focus switch it may reach the pane as plain esc bytes=[27]
2026-08-06T02:18:02.750506Z  WARN herdr::raw_input: flushing lone escape after input timeout; if this follows an alt chord or focus switch it may reach the pane as plain esc bytes=[27]
2026-08-06T02:18:06.980422Z  WARN herdr::raw_input: flushing lone escape after input timeout; if this follows an alt chord or focus switch it may reach the pane as plain esc bytes=[27]
2026-08-06T02:18:29.712545Z  WARN herdr::raw_input: flushing lone escape after input timeout; if this follows an alt chord or focus switch it may reach the pane as plain esc bytes=[27]
2026-08-06T02:18:41.018069Z  WARN herdr::raw_input: flushing lone escape after input timeout; if this follows an alt chord or focus switch it may reach the pane as plain esc bytes=[27]
2026-08-06T02:18:45.111269Z  WARN herdr::raw_input: flushing lone escape after input timeout; if this follows an alt chord or focus switch it may reach the pane as plain esc bytes=[27]
2026-08-06T02:18:48.906670Z  WARN herdr::raw_input: flushing lone escape after input timeout; if this follows an alt chord or focus switch it may reach the pane as plain esc bytes=[27]
2026-08-06T02:22:04.708143Z  WARN herdr::raw_input: flushing lone escape after input timeout; if this follows an alt chord or focus switch it may reach the pane as plain esc bytes=[27]
2026-08-06T02:23:09.534786Z  WARN herdr::raw_input: flushing lone escape after input timeout; if this follows an alt chord or focus switch it may reach the pane as plain esc bytes=[27]
2026-08-06T02:25:59.782073Z  WARN herdr::raw_input: flushing lone escape after input timeout; if this follows an alt chord or focus switch it may reach the pane as plain esc bytes=[27]
2026-08-06T02:27:25.329170Z  WARN herdr::raw_input: flushing lone escape after input timeout; if this follows an alt chord or focus switch it may reach the pane as plain esc bytes=[27]
2026-08-06T02:31:05.021650Z  WARN herdr::raw_input: flushing lone escape after input timeout; if this follows an alt chord or focus switch it may reach the pane as plain esc bytes=[27]
2026-08-06T02:31:46.650564Z  WARN herdr::raw_input: flushing lone escape after input timeout; if this follows an alt chord or focus switch it may reach the pane as plain esc bytes=[27]
2026-08-06T02:31:48.280556Z  WARN herdr::raw_input: flushing lone escape after input timeout; if this follows an alt chord or focus switch it may reach the pane as plain esc bytes=[27]
2026-08-06T02:32:52.121764Z  WARN herdr::raw_input: flushing lone escape after input timeout; if this follows an alt chord or focus switch it may reach the pane as plain esc bytes=[27]
2026-08-06T02:33:22.859672Z  WARN herdr::raw_input: flushing lone escape after input timeout; if this follows an alt chord or focus switch it may reach the pane as plain esc bytes=[27]
2026-08-06T02:33:46.289209Z  WARN herdr::raw_input: flushing lone escape after input timeout; if this follows an alt chord or focus switch it may reach the pane as plain esc bytes=[27]
2026-08-06T02:34:03.283456Z  WARN herdr::raw_input: flushing lone escape after input timeout; if this follows an alt chord or focus switch it may reach the pane as plain esc bytes=[27]
2026-08-06T02:34:14.355999Z  WARN herdr::raw_input: flushing lone escape after input timeout; if this follows an alt chord or focus switch it may reach the pane as plain esc bytes=[27]
2026-08-06T02:34:33.854498Z  WARN herdr::raw_input: flushing lone escape after input timeout; if this follows an alt chord or focus switch it may reach the pane as plain esc bytes=[27]
2026-08-06T02:45:20.132733Z  INFO herdr::logging: checking for updates event="update.check.start" subsystem="update" outcome="started"
2026-08-06T02:47:16.091189Z  INFO herdr::logging: tab focused event="tab.focus" subsystem="tab" outcome="ok" workspace_id="w5" tab_id="w5:t2"
2026-08-06T02:47:21.100194Z  INFO herdr::logging: session saved event="persist.save" subsystem="persist" outcome="ok" path=/Users/shahid/.config/herdr/session.json workspaces=3
2026-08-06T02:47:29.785785Z  INFO herdr::logging: workspace focused event="workspace.focus" subsystem="workspace" outcome="ok" workspace_id="w6"
2026-08-06T02:47:29.785909Z  INFO herdr::logging: tab focused event="tab.focus" subsystem="tab" outcome="ok" workspace_id="w6" tab_id="w6:t1"
2026-08-06T02:47:34.790414Z  INFO herdr::logging: session saved event="persist.save" subsystem="persist" outcome="ok" path=/Users/shahid/.config/herdr/session.json workspaces=3
2026-08-06T02:47:47.810200Z  INFO herdr::app::actions: copied double-clicked token to clipboard
2026-08-06T02:48:23.710022Z  INFO herdr::logging: workspace focused event="workspace.focus" subsystem="workspace" outcome="ok" workspace_id="w5"
2026-08-06T02:48:23.711957Z  INFO herdr::logging: tab focused event="tab.focus" subsystem="tab" outcome="ok" workspace_id="w5" tab_id="w5:t2"
2026-08-06T02:48:28.719701Z  INFO herdr::logging: session saved event="persist.save" subsystem="persist" outcome="ok" path=/Users/shahid/.config/herdr/session.json workspaces=3
2026-08-06T02:49:03.876983Z  INFO herdr::logging: tab focused event="tab.focus" subsystem="tab" outcome="ok" workspace_id="w5" tab_id="w5:t2"
2026-08-06T02:49:08.880228Z  INFO herdr::logging: session saved event="persist.save" subsystem="persist" outcome="ok" path=/Users/shahid/.config/herdr/session.json workspaces=3
2026-08-06T02:55:43.098600Z  INFO herdr::logging: tab focused event="tab.focus" subsystem="tab" outcome="ok" workspace_id="w5" tab_id="w5:t2"
2026-08-06T02:55:48.117032Z  INFO herdr::logging: session saved event="persist.save" subsystem="persist" outcome="ok" path=/Users/shahid/.config/herdr/session.json workspaces=3
2026-08-06T02:55:58.969727Z  INFO herdr::logging: tab focused event="tab.focus" subsystem="tab" outcome="ok" workspace_id="w5" tab_id="w5:t2"
2026-08-06T02:55:59.862523Z  INFO herdr::logging: tab focused event="tab.focus" subsystem="tab" outcome="ok" workspace_id="w5" tab_id="w5:t2"
2026-08-06T02:56:03.152313Z  INFO herdr::logging: tab focused event="tab.focus" subsystem="tab" outcome="ok" workspace_id="w5" tab_id="w5:t1"
2026-08-06T02:56:08.160189Z  INFO herdr::logging: session saved event="persist.save" subsystem="persist" outcome="ok" path=/Users/shahid/.config/herdr/session.json workspaces=3
2026-08-06T02:59:54.314458Z  INFO herdr::logging: tab focused event="tab.focus" subsystem="tab" outcome="ok" workspace_id="w5" tab_id="w5:t2"
2026-08-06T02:59:59.320008Z  INFO herdr::logging: session saved event="persist.save" subsystem="persist" outcome="ok" path=/Users/shahid/.config/herdr/session.json workspaces=3
2026-08-06T03:00:28.748191Z  INFO herdr::logging: tab focused event="tab.focus" subsystem="tab" outcome="ok" workspace_id="w5" tab_id="w5:t2"
2026-08-06T03:00:33.755726Z  INFO herdr::logging: session saved event="persist.save" subsystem="persist" outcome="ok" path=/Users/shahid/.config/herdr/session.json workspaces=3
2026-08-06T03:04:34.936194Z  INFO herdr::logging: tab focused event="tab.focus" subsystem="tab" outcome="ok" workspace_id="w5" tab_id="w5:t2"
2026-08-06T03:04:38.211919Z  INFO herdr::logging: tab focused event="tab.focus" subsystem="tab" outcome="ok" workspace_id="w5" tab_id="w5:t2"
2026-08-06T03:04:43.222614Z  INFO herdr::logging: session saved event="persist.save" subsystem="persist" outcome="ok" path=/Users/shahid/.config/herdr/session.json workspaces=3
2026-08-06T03:05:08.883686Z  INFO herdr::logging: tab focused event="tab.focus" subsystem="tab" outcome="ok" workspace_id="w5" tab_id="w5:t2"
2026-08-06T03:05:13.896974Z  INFO herdr::logging: session saved event="persist.save" subsystem="persist" outcome="ok" path=/Users/shahid/.config/herdr/session.json workspaces=3
2026-08-06T03:05:18.292303Z  INFO herdr::logging: workspace focused event="workspace.focus" subsystem="workspace" outcome="ok" workspace_id="w6"
2026-08-06T03:05:18.292409Z  INFO herdr::logging: tab focused event="tab.focus" subsystem="tab" outcome="ok" workspace_id="w6" tab_id="w6:t1"
2026-08-06T03:05:23.301155Z  INFO herdr::logging: session saved event="persist.save" subsystem="persist" outcome="ok" path=/Users/shahid/.config/herdr/session.json workspaces=3
2026-08-06T03:05:32.301675Z  INFO herdr::logging: workspace focused event="workspace.focus" subsystem="workspace" outcome="ok" workspace_id="w4"
2026-08-06T03:05:32.301819Z  INFO herdr::logging: tab focused event="tab.focus" subsystem="tab" outcome="ok" workspace_id="w4" tab_id="w4:t3"
2026-08-06T03:05:37.341711Z  INFO herdr::logging: session saved event="persist.save" subsystem="persist" outcome="ok" path=/Users/shahid/.config/herdr/session.json workspaces=3
2026-08-06T03:09:37.001066Z  INFO herdr::logging: workspace focused event="workspace.focus" subsystem="workspace" outcome="ok" workspace_id="w6"
2026-08-06T03:09:37.001386Z  INFO herdr::logging: tab focused event="tab.focus" subsystem="tab" outcome="ok" workspace_id="w6" tab_id="w6:t1"
2026-08-06T03:09:42.024020Z  INFO herdr::logging: session saved event="persist.save" subsystem="persist" outcome="ok" path=/Users/shahid/.config/herdr/session.json workspaces=3
2026-08-06T03:12:53.071621Z  INFO herdr::logging: workspace focused event="workspace.focus" subsystem="workspace" outcome="ok" workspace_id="w4"
2026-08-06T03:12:53.074112Z  INFO herdr::logging: tab focused event="tab.focus" subsystem="tab" outcome="ok" workspace_id="w4" tab_id="w4:t1"
2026-08-06T03:12:57.627347Z  INFO herdr::logging: tab focused event="tab.focus" subsystem="tab" outcome="ok" workspace_id="w4" tab_id="w4:t1"
2026-08-06T03:13:02.637449Z  INFO herdr::logging: session saved event="persist.save" subsystem="persist" outcome="ok" path=/Users/shahid/.config/herdr/session.json workspaces=3
2026-08-06T03:13:40.395736Z  INFO herdr::logging: tab focused event="tab.focus" subsystem="tab" outcome="ok" workspace_id="w4" tab_id="w4:t2"
2026-08-06T03:13:43.622794Z  INFO herdr::logging: tab focused event="tab.focus" subsystem="tab" outcome="ok" workspace_id="w4" tab_id="w4:t1"
2026-08-06T03:13:48.630041Z  INFO herdr::logging: session saved event="persist.save" subsystem="persist" outcome="ok" path=/Users/shahid/.config/herdr/session.json workspaces=3
2026-08-06T03:13:51.588292Z  INFO herdr::logging: tab focused event="tab.focus" subsystem="tab" outcome="ok" workspace_id="w4" tab_id="w4:t1"
2026-08-06T03:13:56.593811Z  INFO herdr::logging: session saved event="persist.save" subsystem="persist" outcome="ok" path=/Users/shahid/.config/herdr/session.json workspaces=3
2026-08-06T03:15:02.237160Z  INFO herdr::logging: tab focused event="tab.focus" subsystem="tab" outcome="ok" workspace_id="w4" tab_id="w4:t1"
2026-08-06T03:15:07.243731Z  INFO herdr::logging: session saved event="persist.save" subsystem="persist" outcome="ok" path=/Users/shahid/.config/herdr/session.json workspaces=3
2026-08-06T03:15:10.282824Z  INFO herdr::logging: tab focused event="tab.focus" subsystem="tab" outcome="ok" workspace_id="w4" tab_id="w4:t1"
2026-08-06T03:15:11.407609Z  INFO herdr::logging: tab focused event="tab.focus" subsystem="tab" outcome="ok" workspace_id="w4" tab_id="w4:t3"
2026-08-06T03:15:12.381265Z  INFO herdr::logging: tab focused event="tab.focus" subsystem="tab" outcome="ok" workspace_id="w4" tab_id="w4:t3"
2026-08-06T03:15:13.386746Z  INFO herdr::logging: tab focused event="tab.focus" subsystem="tab" outcome="ok" workspace_id="w4" tab_id="w4:t3"
2026-08-06T03:15:18.422870Z  INFO herdr::logging: session saved event="persist.save" subsystem="persist" outcome="ok" path=/Users/shahid/.config/herdr/session.json workspaces=3
2026-08-06T03:15:20.120848Z  INFO herdr::logging: checking for updates event="update.check.start" subsystem="update" outcome="started"
2026-08-06T03:18:00.856984Z  WARN herdr::raw_input: flushing lone escape after input timeout; if this follows an alt chord or focus switch it may reach the pane as plain esc bytes=[27]
2026-08-06T03:18:02.311258Z  INFO herdr::logging: tab focused event="tab.focus" subsystem="tab" outcome="ok" workspace_id="w4" tab_id="w4:t3"
2026-08-06T03:18:07.050855Z  INFO herdr::logging: tab focused event="tab.focus" subsystem="tab" outcome="ok" workspace_id="w4" tab_id="w4:t3"
2026-08-06T03:18:12.062697Z  INFO herdr::logging: session saved event="persist.save" subsystem="persist" outcome="ok" path=/Users/shahid/.config/herdr/session.json workspaces=3
2026-08-06T03:18:35.113032Z  INFO herdr::logging: tab focused event="tab.focus" subsystem="tab" outcome="ok" workspace_id="w4" tab_id="w4:t1"
2026-08-06T03:18:40.119368Z  INFO herdr::logging: session saved event="persist.save" subsystem="persist" outcome="ok" path=/Users/shahid/.config/herdr/session.json workspaces=3
2026-08-06T03:18:51.983315Z  INFO herdr::logging: tab focused event="tab.focus" subsystem="tab" outcome="ok" workspace_id="w4" tab_id="w4:t1"
2026-08-06T03:18:56.986798Z  INFO herdr::logging: session saved event="persist.save" subsystem="persist" outcome="ok" path=/Users/shahid/.config/herdr/session.json workspaces=3
2026-08-06T03:18:59.895499Z  INFO herdr::logging: tab focused event="tab.focus" subsystem="tab" outcome="ok" workspace_id="w4" tab_id="w4:t1"
2026-08-06T03:19:04.905645Z  INFO herdr::logging: session saved event="persist.save" subsystem="persist" outcome="ok" path=/Users/shahid/.config/herdr/session.json workspaces=3
2026-08-06T03:45:20.021651Z  INFO herdr::logging: checking for updates event="update.check.start" subsystem="update" outcome="started"
2026-08-06T04:15:20.013749Z  INFO herdr::logging: checking for updates event="update.check.start" subsystem="update" outcome="started"
2026-08-06T05:18:04.236348Z  INFO herdr::logging: tab focused event="tab.focus" subsystem="tab" outcome="ok" workspace_id="w4" tab_id="w4:t1"
2026-08-06T05:18:09.247704Z  INFO herdr::logging: session saved event="persist.save" subsystem="persist" outcome="ok" path=/Users/shahid/.config/herdr/session.json workspaces=3
2026-08-06T05:25:48.218089Z  INFO herdr::logging: checking for updates event="update.check.start" subsystem="update" outcome="started"
2026-08-06T05:53:54.279926Z  INFO herdr::logging: tab focused event="tab.focus" subsystem="tab" outcome="ok" workspace_id="w4" tab_id="w4:t1"
2026-08-06T05:53:56.033248Z  INFO herdr::logging: workspace focused event="workspace.focus" subsystem="workspace" outcome="ok" workspace_id="w6"
2026-08-06T05:53:56.033363Z  INFO herdr::logging: tab focused event="tab.focus" subsystem="tab" outcome="ok" workspace_id="w6" tab_id="w6:t1"
2026-08-06T05:53:58.863032Z  INFO herdr::logging: workspace focused event="workspace.focus" subsystem="workspace" outcome="ok" workspace_id="w5"
2026-08-06T05:53:58.863248Z  INFO herdr::logging: tab focused event="tab.focus" subsystem="tab" outcome="ok" workspace_id="w5" tab_id="w5:t2"
2026-08-06T05:54:00.966119Z  INFO herdr::logging: tab focused event="tab.focus" subsystem="tab" outcome="ok" workspace_id="w5" tab_id="w5:t1"
2026-08-06T05:54:05.976579Z  INFO herdr::logging: session saved event="persist.save" subsystem="persist" outcome="ok" path=/Users/shahid/.config/herdr/session.json workspaces=3
2026-08-06T05:54:09.662121Z  INFO herdr::logging: workspace focused event="workspace.focus" subsystem="workspace" outcome="ok" workspace_id="w6"
2026-08-06T05:54:09.662235Z  INFO herdr::logging: tab focused event="tab.focus" subsystem="tab" outcome="ok" workspace_id="w6" tab_id="w6:t1"
2026-08-06T05:54:14.669610Z  INFO herdr::logging: session saved event="persist.save" subsystem="persist" outcome="ok" path=/Users/shahid/.config/herdr/session.json workspaces=3
2026-08-06T05:54:50.560295Z  INFO herdr::logging: workspace focused event="workspace.focus" subsystem="workspace" outcome="ok" workspace_id="w5"
2026-08-06T05:54:50.561030Z  INFO herdr::logging: tab focused event="tab.focus" subsystem="tab" outcome="ok" workspace_id="w5" tab_id="w5:t1"
2026-08-06T05:54:51.153022Z  INFO herdr::logging: workspace focused event="workspace.focus" subsystem="workspace" outcome="ok" workspace_id="w4"
2026-08-06T05:54:51.153118Z  INFO herdr::logging: tab focused event="tab.focus" subsystem="tab" outcome="ok" workspace_id="w4" tab_id="w4:t1"
2026-08-06T05:54:52.821809Z  INFO herdr::logging: tab focused event="tab.focus" subsystem="tab" outcome="ok" workspace_id="w4" tab_id="w4:t3"
2026-08-06T05:54:55.692725Z  INFO herdr::logging: tab focused event="tab.focus" subsystem="tab" outcome="ok" workspace_id="w4" tab_id="w4:t3"
2026-08-06T05:55:00.742694Z  INFO herdr::logging: session saved event="persist.save" subsystem="persist" outcome="ok" path=/Users/shahid/.config/herdr/session.json workspaces=3
2026-08-06T05:55:01.201648Z  INFO herdr::logging: tab focused event="tab.focus" subsystem="tab" outcome="ok" workspace_id="w4" tab_id="w4:t3"
2026-08-06T05:55:06.256261Z  INFO herdr::logging: session saved event="persist.save" subsystem="persist" outcome="ok" path=/Users/shahid/.config/herdr/session.json workspaces=3
2026-08-06T05:55:48.292593Z  INFO herdr::logging: checking for updates event="update.check.start" subsystem="update" outcome="started"
2026-08-06T05:57:47.638591Z  INFO herdr::logging: tab focused event="tab.focus" subsystem="tab" outcome="ok" workspace_id="w4" tab_id="w4:t3"
2026-08-06T05:57:51.900436Z  INFO herdr::logging: tab focused event="tab.focus" subsystem="tab" outcome="ok" workspace_id="w4" tab_id="w4:t1"
2026-08-06T05:57:54.274372Z  INFO herdr::logging: tab focused event="tab.focus" subsystem="tab" outcome="ok" workspace_id="w4" tab_id="w4:t1"
2026-08-06T05:57:59.279874Z  INFO herdr::logging: session saved event="persist.save" subsystem="persist" outcome="ok" path=/Users/shahid/.config/herdr/session.json workspaces=3
2026-08-06T05:58:02.433038Z  INFO herdr::logging: tab focused event="tab.focus" subsystem="tab" outcome="ok" workspace_id="w4" tab_id="w4:t2"
2026-08-06T05:58:05.158560Z  INFO herdr::logging: tab focused event="tab.focus" subsystem="tab" outcome="ok" workspace_id="w4" tab_id="w4:t3"
2026-08-06T05:58:05.669085Z  INFO herdr::logging: tab focused event="tab.focus" subsystem="tab" outcome="ok" workspace_id="w4" tab_id="w4:t1"
2026-08-06T05:58:10.686614Z  INFO herdr::logging: session saved event="persist.save" subsystem="persist" outcome="ok" path=/Users/shahid/.config/herdr/session.json workspaces=3
2026-08-06T05:58:12.748910Z  INFO herdr::logging: tab focused event="tab.focus" subsystem="tab" outcome="ok" workspace_id="w4" tab_id="w4:t2"
2026-08-06T05:58:17.534759Z  INFO herdr::logging: tab focused event="tab.focus" subsystem="tab" outcome="ok" workspace_id="w4" tab_id="w4:t3"
2026-08-06T05:58:20.714344Z  INFO herdr::logging: tab focused event="tab.focus" subsystem="tab" outcome="ok" workspace_id="w4" tab_id="w4:t3"
2026-08-06T05:58:25.736135Z  INFO herdr::logging: session saved event="persist.save" subsystem="persist" outcome="ok" path=/Users/shahid/.config/herdr/session.json workspaces=3
2026-08-06T05:58:26.446342Z  INFO herdr::logging: tab focused event="tab.focus" subsystem="tab" outcome="ok" workspace_id="w4" tab_id="w4:t2"
2026-08-06T05:58:27.991461Z  INFO herdr::logging: tab focused event="tab.focus" subsystem="tab" outcome="ok" workspace_id="w4" tab_id="w4:t1"
2026-08-06T05:58:32.996944Z  INFO herdr::logging: session saved event="persist.save" subsystem="persist" outcome="ok" path=/Users/shahid/.config/herdr/session.json workspaces=3
2026-08-06T06:03:51.020765Z  INFO herdr::logging: tab focused event="tab.focus" subsystem="tab" outcome="ok" workspace_id="w4" tab_id="w4:t3"
2026-08-06T06:03:54.088380Z  INFO herdr::logging: tab focused event="tab.focus" subsystem="tab" outcome="ok" workspace_id="w4" tab_id="w4:t3"
2026-08-06T06:03:59.095775Z  INFO herdr::logging: session saved event="persist.save" subsystem="persist" outcome="ok" path=/Users/shahid/.config/herdr/session.json workspaces=3
2026-08-06T06:04:06.006002Z  INFO herdr::logging: tab focused event="tab.focus" subsystem="tab" outcome="ok" workspace_id="w4" tab_id="w4:t3"
2026-08-06T06:04:11.019844Z  INFO herdr::logging: session saved event="persist.save" subsystem="persist" outcome="ok" path=/Users/shahid/.config/herdr/session.json workspaces=3
2026-08-06T06:04:12.343802Z  INFO herdr::logging: tab focused event="tab.focus" subsystem="tab" outcome="ok" workspace_id="w4" tab_id="w4:t3"
2026-08-06T06:04:17.345931Z  INFO herdr::logging: session saved event="persist.save" subsystem="persist" outcome="ok" path=/Users/shahid/.config/herdr/session.json workspaces=3
2026-08-06T06:23:41.140306Z  INFO herdr::logging: tab focused event="tab.focus" subsystem="tab" outcome="ok" workspace_id="w4" tab_id="w4:t1"
2026-08-06T06:23:42.777354Z  INFO herdr::logging: tab focused event="tab.focus" subsystem="tab" outcome="ok" workspace_id="w4" tab_id="w4:t1"
2026-08-06T06:23:47.789570Z  INFO herdr::logging: session saved event="persist.save" subsystem="persist" outcome="ok" path=/Users/shahid/.config/herdr/session.json workspaces=3
2026-08-06T06:24:43.658980Z  INFO herdr::logging: tab focused event="tab.focus" subsystem="tab" outcome="ok" workspace_id="w4" tab_id="w4:t3"
2026-08-06T06:24:44.690755Z  INFO herdr::logging: tab focused event="tab.focus" subsystem="tab" outcome="ok" workspace_id="w4" tab_id="w4:t3"
2026-08-06T06:24:49.718733Z  INFO herdr::logging: session saved event="persist.save" subsystem="persist" outcome="ok" path=/Users/shahid/.config/herdr/session.json workspaces=3
2026-08-06T06:25:48.352119Z  INFO herdr::logging: checking for updates event="update.check.start" subsystem="update" outcome="started"
2026-08-06T06:33:22.147630Z  INFO herdr::logging: tab focused event="tab.focus" subsystem="tab" outcome="ok" workspace_id="w4" tab_id="w4:t1"
2026-08-06T06:33:27.163833Z  INFO herdr::logging: session saved event="persist.save" subsystem="persist" outcome="ok" path=/Users/shahid/.config/herdr/session.json workspaces=3
2026-08-06T06:55:48.397295Z  INFO herdr::logging: checking for updates event="update.check.start" subsystem="update" outcome="started"
2026-08-06T07:34:06.910315Z  INFO herdr::logging: checking for updates event="update.check.start" subsystem="update" outcome="started"
2026-08-06T08:04:06.909591Z  INFO herdr::logging: checking for updates event="update.check.start" subsystem="update" outcome="started"
2026-08-06T09:41:52.295026Z  INFO herdr::logging: checking for updates event="update.check.start" subsystem="update" outcome="started"
2026-08-06T10:11:52.262469Z  INFO herdr::logging: checking for updates event="update.check.start" subsystem="update" outcome="started"
2026-08-06T13:11:45.922002Z  INFO herdr::logging: checking for updates event="update.check.start" subsystem="update" outcome="started"
2026-08-06T13:13:48.004460Z  INFO herdr::logging: tab focused event="tab.focus" subsystem="tab" outcome="ok" workspace_id="w4" tab_id="w4:t2"
2026-08-06T13:13:49.220379Z  INFO herdr::logging: tab focused event="tab.focus" subsystem="tab" outcome="ok" workspace_id="w4" tab_id="w4:t3"
2026-08-06T13:13:52.211051Z  INFO herdr::logging: tab focused event="tab.focus" subsystem="tab" outcome="ok" workspace_id="w4" tab_id="w4:t3"
2026-08-06T13:13:57.236274Z  INFO herdr::logging: session saved event="persist.save" subsystem="persist" outcome="ok" path=/Users/shahid/.config/herdr/session.json workspaces=3
2026-08-06T13:14:28.689898Z  INFO herdr::logging: workspace focused event="workspace.focus" subsystem="workspace" outcome="ok" workspace_id="w5"
2026-08-06T13:14:28.690166Z  INFO herdr::logging: tab focused event="tab.focus" subsystem="tab" outcome="ok" workspace_id="w5" tab_id="w5:t1"
2026-08-06T13:14:33.701591Z  INFO herdr::logging: session saved event="persist.save" subsystem="persist" outcome="ok" path=/Users/shahid/.config/herdr/session.json workspaces=3
2026-08-06T13:16:05.354149Z  WARN herdr::raw_input: flushing lone escape after input timeout; if this follows an alt chord or focus switch it may reach the pane as plain esc bytes=[27]
2026-08-06T13:16:15.254661Z  WARN herdr::raw_input: flushing lone escape after input timeout; if this follows an alt chord or focus switch it may reach the pane as plain esc bytes=[27]
2026-08-06T13:16:47.485068Z  WARN herdr::raw_input: flushing lone escape after input timeout; if this follows an alt chord or focus switch it may reach the pane as plain esc bytes=[27]
2026-08-06T13:17:35.262098Z  WARN herdr::raw_input: flushing lone escape after input timeout; if this follows an alt chord or focus switch it may reach the pane as plain esc bytes=[27]
2026-08-06T13:17:42.425017Z  WARN herdr::raw_input: flushing lone escape after input timeout; if this follows an alt chord or focus switch it may reach the pane as plain esc bytes=[27]
2026-08-06T13:23:30.725066Z  WARN herdr::raw_input: flushing lone escape after input timeout; if this follows an alt chord or focus switch it may reach the pane as plain esc bytes=[27]
2026-08-06T13:25:07.003893Z  WARN herdr::raw_input: flushing lone escape after input timeout; if this follows an alt chord or focus switch it may reach the pane as plain esc bytes=[27]
2026-08-06T13:25:58.916612Z  WARN herdr::raw_input: flushing lone escape after input timeout; if this follows an alt chord or focus switch it may reach the pane as plain esc bytes=[27]
2026-08-06T13:26:14.772428Z  WARN herdr::raw_input: flushing lone escape after input timeout; if this follows an alt chord or focus switch it may reach the pane as plain esc bytes=[27]
2026-08-06T13:26:23.186432Z  WARN herdr::raw_input: flushing lone escape after input timeout; if this follows an alt chord or focus switch it may reach the pane as plain esc bytes=[27]
2026-08-06T13:26:29.369170Z  WARN herdr::raw_input: flushing lone escape after input timeout; if this follows an alt chord or focus switch it may reach the pane as plain esc bytes=[27]
2026-08-06T13:26:33.786399Z  WARN herdr::raw_input: flushing lone escape after input timeout; if this follows an alt chord or focus switch it may reach the pane as plain esc bytes=[27]
2026-08-06T13:26:40.708973Z  WARN herdr::raw_input: flushing lone escape after input timeout; if this follows an alt chord or focus switch it may reach the pane as plain esc bytes=[27]
2026-08-06T13:26:57.097935Z  WARN herdr::raw_input: flushing lone escape after input timeout; if this follows an alt chord or focus switch it may reach the pane as plain esc bytes=[27]
2026-08-06T13:27:23.499403Z  WARN herdr::raw_input: flushing lone escape after input timeout; if this follows an alt chord or focus switch it may reach the pane as plain esc bytes=[27]
2026-08-06T13:27:34.675130Z  WARN herdr::raw_input: flushing lone escape after input timeout; if this follows an alt chord or focus switch it may reach the pane as plain esc bytes=[27]
2026-08-06T13:28:21.186082Z  WARN herdr::raw_input: flushing lone escape after input timeout; if this follows an alt chord or focus switch it may reach the pane as plain esc bytes=[27]
2026-08-06T13:28:46.139543Z  WARN herdr::raw_input: flushing lone escape after input timeout; if this follows an alt chord or focus switch it may reach the pane as plain esc bytes=[27]
2026-08-06T13:28:59.895383Z  WARN herdr::raw_input: flushing lone escape after input timeout; if this follows an alt chord or focus switch it may reach the pane as plain esc bytes=[27]
2026-08-06T13:29:11.809603Z  WARN herdr::raw_input: flushing lone escape after input timeout; if this follows an alt chord or focus switch it may reach the pane as plain esc bytes=[27]
2026-08-06T13:29:38.177569Z  WARN herdr::raw_input: flushing lone escape after input timeout; if this follows an alt chord or focus switch it may reach the pane as plain esc bytes=[27]
2026-08-06T13:29:46.144322Z  WARN herdr::raw_input: flushing lone escape after input timeout; if this follows an alt chord or focus switch it may reach the pane as plain esc bytes=[27]
2026-08-06T13:29:50.499484Z  WARN herdr::raw_input: flushing lone escape after input timeout; if this follows an alt chord or focus switch it may reach the pane as plain esc bytes=[27]
2026-08-06T13:30:09.691068Z  WARN herdr::raw_input: flushing lone escape after input timeout; if this follows an alt chord or focus switch it may reach the pane as plain esc bytes=[27]
2026-08-06T13:30:14.220773Z  WARN herdr::raw_input: flushing lone escape after input timeout; if this follows an alt chord or focus switch it may reach the pane as plain esc bytes=[27]
2026-08-06T13:30:18.103455Z  WARN herdr::raw_input: flushing lone escape after input timeout; if this follows an alt chord or focus switch it may reach the pane as plain esc bytes=[27]
2026-08-06T13:30:40.420508Z  WARN herdr::raw_input: flushing lone escape after input timeout; if this follows an alt chord or focus switch it may reach the pane as plain esc bytes=[27]
2026-08-06T13:32:39.294956Z  WARN herdr::raw_input: flushing lone escape after input timeout; if this follows an alt chord or focus switch it may reach the pane as plain esc bytes=[27]
2026-08-06T13:32:42.772419Z  WARN herdr::raw_input: flushing lone escape after input timeout; if this follows an alt chord or focus switch it may reach the pane as plain esc bytes=[27]
2026-08-06T13:32:56.910211Z  WARN herdr::raw_input: flushing lone escape after input timeout; if this follows an alt chord or focus switch it may reach the pane as plain esc bytes=[27]
2026-08-06T13:33:04.968612Z  WARN herdr::raw_input: flushing lone escape after input timeout; if this follows an alt chord or focus switch it may reach the pane as plain esc bytes=[27]
2026-08-06T13:33:26.575116Z  WARN herdr::raw_input: flushing lone escape after input timeout; if this follows an alt chord or focus switch it may reach the pane as plain esc bytes=[27]
2026-08-06T13:33:31.522378Z  WARN herdr::raw_input: flushing lone escape after input timeout; if this follows an alt chord or focus switch it may reach the pane as plain esc bytes=[27]
2026-08-06T13:45:58.653848Z  INFO herdr::logging: checking for updates event="update.check.start" subsystem="update" outcome="started"
2026-08-06T14:06:30.777658Z  WARN herdr::raw_input: flushing lone escape after input timeout; if this follows an alt chord or focus switch it may reach the pane as plain esc bytes=[27]
2026-08-06T14:06:35.633799Z  WARN herdr::raw_input: flushing lone escape after input timeout; if this follows an alt chord or focus switch it may reach the pane as plain esc bytes=[27]
2026-08-06T14:06:40.970900Z  WARN herdr::raw_input: flushing lone escape after input timeout; if this follows an alt chord or focus switch it may reach the pane as plain esc bytes=[27]
2026-08-06T14:06:49.792619Z  WARN herdr::raw_input: flushing lone escape after input timeout; if this follows an alt chord or focus switch it may reach the pane as plain esc bytes=[27]
2026-08-06T14:07:00.191467Z  WARN herdr::raw_input: flushing lone escape after input timeout; if this follows an alt chord or focus switch it may reach the pane as plain esc bytes=[27]
2026-08-06T14:07:27.890655Z  WARN herdr::raw_input: flushing lone escape after input timeout; if this follows an alt chord or focus switch it may reach the pane as plain esc bytes=[27]
2026-08-06T14:07:35.267646Z  WARN herdr::raw_input: flushing lone escape after input timeout; if this follows an alt chord or focus switch it may reach the pane as plain esc bytes=[27]
2026-08-06T14:08:23.255243Z  WARN herdr::raw_input: flushing lone escape after input timeout; if this follows an alt chord or focus switch it may reach the pane as plain esc bytes=[27]
2026-08-06T14:08:30.549505Z  WARN herdr::raw_input: flushing lone escape after input timeout; if this follows an alt chord or focus switch it may reach the pane as plain esc bytes=[27]
2026-08-06T14:08:41.680479Z  WARN herdr::raw_input: flushing lone escape after input timeout; if this follows an alt chord or focus switch it may reach the pane as plain esc bytes=[27]
2026-08-06T14:08:59.131399Z  WARN herdr::raw_input: flushing lone escape after input timeout; if this follows an alt chord or focus switch it may reach the pane as plain esc bytes=[27]
2026-08-06T14:09:00.882258Z  WARN herdr::raw_input: flushing lone escape after input timeout; if this follows an alt chord or focus switch it may reach the pane as plain esc bytes=[27]
2026-08-06T14:09:46.470875Z  WARN herdr::raw_input: flushing lone escape after input timeout; if this follows an alt chord or focus switch it may reach the pane as plain esc bytes=[27]
2026-08-06T14:09:52.868451Z  WARN herdr::raw_input: flushing lone escape after input timeout; if this follows an alt chord or focus switch it may reach the pane as plain esc bytes=[27]
2026-08-06T14:10:50.623663Z  INFO herdr::logging: tab focused event="tab.focus" subsystem="tab" outcome="ok" workspace_id="w5" tab_id="w5:t3"
2026-08-06T14:10:54.580453Z  INFO herdr::pane: agent changed pane=10 previous_agent=None agent=Some(Pi) process=pi pgid=Some(25262)
2026-08-06T14:10:55.633214Z  INFO herdr::logging: session saved event="persist.save" subsystem="persist" outcome="ok" path=/Users/shahid/.config/herdr/session.json workspaces=3
2026-08-06T14:17:54.965941Z  INFO herdr::logging: tab focused event="tab.focus" subsystem="tab" outcome="ok" workspace_id="w5" tab_id="w5:t1"
2026-08-06T14:17:56.034271Z  INFO herdr::logging: tab focused event="tab.focus" subsystem="tab" outcome="ok" workspace_id="w5" tab_id="w5:t2"
2026-08-06T14:18:01.045459Z  INFO herdr::logging: session saved event="persist.save" subsystem="persist" outcome="ok" path=/Users/shahid/.config/herdr/session.json workspaces=3
2026-08-06T14:18:09.643485Z  INFO herdr::logging: tab focused event="tab.focus" subsystem="tab" outcome="ok" workspace_id="w5" tab_id="w5:t1"
2026-08-06T14:18:14.652456Z  INFO herdr::logging: session saved event="persist.save" subsystem="persist" outcome="ok" path=/Users/shahid/.config/herdr/session.json workspaces=3
2026-08-06T14:19:19.335128Z  WARN herdr::raw_input: flushing lone escape after input timeout; if this follows an alt chord or focus switch it may reach the pane as plain esc bytes=[27]
2026-08-06T14:19:24.419397Z  WARN herdr::raw_input: flushing lone escape after input timeout; if this follows an alt chord or focus switch it may reach the pane as plain esc bytes=[27]
2026-08-06T14:21:13.569617Z  WARN herdr::raw_input: flushing lone escape after input timeout; if this follows an alt chord or focus switch it may reach the pane as plain esc bytes=[27]
2026-08-06T14:21:22.385121Z  WARN herdr::raw_input: flushing lone escape after input timeout; if this follows an alt chord or focus switch it may reach the pane as plain esc bytes=[27]
2026-08-06T14:21:29.468343Z  WARN herdr::raw_input: flushing lone escape after input timeout; if this follows an alt chord or focus switch it may reach the pane as plain esc bytes=[27]
2026-08-06T14:21:35.941760Z  INFO herdr::logging: tab focused event="tab.focus" subsystem="tab" outcome="ok" workspace_id="w5" tab_id="w5:t2"
2026-08-06T14:21:40.953025Z  INFO herdr::logging: session saved event="persist.save" subsystem="persist" outcome="ok" path=/Users/shahid/.config/herdr/session.json workspaces=3
2026-08-06T14:21:51.257707Z  INFO herdr::logging: workspace focused event="workspace.focus" subsystem="workspace" outcome="ok" workspace_id="w6"
2026-08-06T14:21:51.257907Z  INFO herdr::logging: tab focused event="tab.focus" subsystem="tab" outcome="ok" workspace_id="w6" tab_id="w6:t1"
2026-08-06T14:21:56.266862Z  INFO herdr::logging: session saved event="persist.save" subsystem="persist" outcome="ok" path=/Users/shahid/.config/herdr/session.json workspaces=3
2026-08-06T14:22:40.970899Z  INFO herdr::logging: workspace focused event="workspace.focus" subsystem="workspace" outcome="ok" workspace_id="w5"
2026-08-06T14:22:40.972166Z  INFO herdr::logging: tab focused event="tab.focus" subsystem="tab" outcome="ok" workspace_id="w5" tab_id="w5:t2"
2026-08-06T14:22:45.982850Z  INFO herdr::logging: session saved event="persist.save" subsystem="persist" outcome="ok" path=/Users/shahid/.config/herdr/session.json workspaces=3
2026-08-06T14:23:30.924716Z  INFO herdr::logging: tab focused event="tab.focus" subsystem="tab" outcome="ok" workspace_id="w5" tab_id="w5:t1"
2026-08-06T14:23:35.934875Z  INFO herdr::logging: session saved event="persist.save" subsystem="persist" outcome="ok" path=/Users/shahid/.config/herdr/session.json workspaces=3
2026-08-06T14:24:45.144764Z  WARN herdr::raw_input: flushing lone escape after input timeout; if this follows an alt chord or focus switch it may reach the pane as plain esc bytes=[27]
2026-08-06T14:24:49.611632Z  WARN herdr::raw_input: flushing lone escape after input timeout; if this follows an alt chord or focus switch it may reach the pane as plain esc bytes=[27]
2026-08-06T14:24:59.223284Z  WARN herdr::raw_input: flushing lone escape after input timeout; if this follows an alt chord or focus switch it may reach the pane as plain esc bytes=[27]
2026-08-06T14:25:03.102801Z  WARN herdr::raw_input: flushing lone escape after input timeout; if this follows an alt chord or focus switch it may reach the pane as plain esc bytes=[27]
2026-08-06T14:26:12.293667Z  INFO herdr::logging: tab focused event="tab.focus" subsystem="tab" outcome="ok" workspace_id="w5" tab_id="w5:t2"
2026-08-06T14:26:17.307135Z  INFO herdr::logging: session saved event="persist.save" subsystem="persist" outcome="ok" path=/Users/shahid/.config/herdr/session.json workspaces=3
2026-08-06T14:27:17.977898Z  INFO herdr::logging: tab focused event="tab.focus" subsystem="tab" outcome="ok" workspace_id="w5" tab_id="w5:t1"
2026-08-06T14:27:22.991165Z  INFO herdr::logging: session saved event="persist.save" subsystem="persist" outcome="ok" path=/Users/shahid/.config/herdr/session.json workspaces=3
2026-08-06T14:27:28.076698Z  WARN herdr::raw_input: flushing lone escape after input timeout; if this follows an alt chord or focus switch it may reach the pane as plain esc bytes=[27]
2026-08-06T14:27:45.489162Z  INFO herdr::logging: tab focused event="tab.focus" subsystem="tab" outcome="ok" workspace_id="w5" tab_id="w5:t2"
2026-08-06T14:27:50.496978Z  INFO herdr::logging: session saved event="persist.save" subsystem="persist" outcome="ok" path=/Users/shahid/.config/herdr/session.json workspaces=3
2026-08-06T14:28:17.061241Z  INFO herdr::logging: tab focused event="tab.focus" subsystem="tab" outcome="ok" workspace_id="w5" tab_id="w5:t1"
2026-08-06T14:28:22.068357Z  INFO herdr::logging: session saved event="persist.save" subsystem="persist" outcome="ok" path=/Users/shahid/.config/herdr/session.json workspaces=3
2026-08-06T14:28:32.452773Z  WARN herdr::raw_input: flushing lone escape after input timeout; if this follows an alt chord or focus switch it may reach the pane as plain esc bytes=[27]
2026-08-06T14:30:30.509711Z  INFO herdr::logging: checking for updates event="update.check.start" subsystem="update" outcome="started"
2026-08-06T14:34:52.973175Z  WARN herdr::raw_input: flushing lone escape after input timeout; if this follows an alt chord or focus switch it may reach the pane as plain esc bytes=[27]
2026-08-06T14:35:12.111359Z  WARN herdr::raw_input: flushing lone escape after input timeout; if this follows an alt chord or focus switch it may reach the pane as plain esc bytes=[27]
2026-08-06T14:35:16.836595Z  WARN herdr::raw_input: flushing lone escape after input timeout; if this follows an alt chord or focus switch it may reach the pane as plain esc bytes=[27]
2026-08-06T14:35:41.774867Z  WARN herdr::raw_input: flushing lone escape after input timeout; if this follows an alt chord or focus switch it may reach the pane as plain esc bytes=[27]
2026-08-06T14:36:58.608952Z  WARN herdr::raw_input: flushing lone escape after input timeout; if this follows an alt chord or focus switch it may reach the pane as plain esc bytes=[27]
2026-08-06T14:37:17.564467Z  WARN herdr::raw_input: flushing lone escape after input timeout; if this follows an alt chord or focus switch it may reach the pane as plain esc bytes=[27]
2026-08-06T14:37:26.476991Z  WARN herdr::raw_input: flushing lone escape after input timeout; if this follows an alt chord or focus switch it may reach the pane as plain esc bytes=[27]
2026-08-06T14:37:48.206429Z  INFO herdr::logging: tab focused event="tab.focus" subsystem="tab" outcome="ok" workspace_id="w5" tab_id="w5:t2"
2026-08-06T14:37:53.222457Z  INFO herdr::logging: session saved event="persist.save" subsystem="persist" outcome="ok" path=/Users/shahid/.config/herdr/session.json workspaces=3
2026-08-06T14:38:33.670382Z  INFO herdr::logging: tab focused event="tab.focus" subsystem="tab" outcome="ok" workspace_id="w5" tab_id="w5:t1"
2026-08-06T14:38:38.683200Z  INFO herdr::logging: session saved event="persist.save" subsystem="persist" outcome="ok" path=/Users/shahid/.config/herdr/session.json workspaces=3
2026-08-06T14:39:20.805417Z  WARN herdr::raw_input: flushing lone escape after input timeout; if this follows an alt chord or focus switch it may reach the pane as plain esc bytes=[27]
2026-08-06T14:39:37.216775Z  WARN herdr::raw_input: flushing lone escape after input timeout; if this follows an alt chord or focus switch it may reach the pane as plain esc bytes=[27]
2026-08-06T14:40:02.737389Z  WARN herdr::raw_input: flushing lone escape after input timeout; if this follows an alt chord or focus switch it may reach the pane as plain esc bytes=[27]
2026-08-06T14:40:47.307848Z  WARN herdr::raw_input: flushing lone escape after input timeout; if this follows an alt chord or focus switch it may reach the pane as plain esc bytes=[27]
2026-08-06T14:41:47.577774Z  WARN herdr::raw_input: flushing lone escape after input timeout; if this follows an alt chord or focus switch it may reach the pane as plain esc bytes=[27]
2026-08-06T14:41:55.051536Z  WARN herdr::raw_input: flushing lone escape after input timeout; if this follows an alt chord or focus switch it may reach the pane as plain esc bytes=[27]
2026-08-06T14:43:01.667847Z  WARN herdr::raw_input: flushing lone escape after input timeout; if this follows an alt chord or focus switch it may reach the pane as plain esc bytes=[27]
2026-08-06T14:43:23.323474Z  WARN herdr::raw_input: flushing lone escape after input timeout; if this follows an alt chord or focus switch it may reach the pane as plain esc bytes=[27]
2026-08-06T14:44:04.679379Z  WARN herdr::raw_input: flushing lone escape after input timeout; if this follows an alt chord or focus switch it may reach the pane as plain esc bytes=[27]
2026-08-06T14:44:15.434566Z  WARN herdr::raw_input: flushing lone escape after input timeout; if this follows an alt chord or focus switch it may reach the pane as plain esc bytes=[27]
2026-08-06T14:44:16.975117Z  WARN herdr::raw_input: flushing lone escape after input timeout; if this follows an alt chord or focus switch it may reach the pane as plain esc bytes=[27]
2026-08-06T14:44:20.875321Z  INFO herdr::logging: tab focused event="tab.focus" subsystem="tab" outcome="ok" workspace_id="w5" tab_id="w5:t2"
2026-08-06T14:44:25.891892Z  INFO herdr::logging: session saved event="persist.save" subsystem="persist" outcome="ok" path=/Users/shahid/.config/herdr/session.json workspaces=3
2026-08-06T14:50:28.778081Z  INFO herdr::logging: tab focused event="tab.focus" subsystem="tab" outcome="ok" workspace_id="w5" tab_id="w5:t1"
2026-08-06T14:50:33.787056Z  INFO herdr::logging: session saved event="persist.save" subsystem="persist" outcome="ok" path=/Users/shahid/.config/herdr/session.json workspaces=3
2026-08-07T01:54:45.376047Z  INFO herdr::logging: checking for updates event="update.check.start" subsystem="update" outcome="started"
2026-08-07T01:54:48.476843Z  WARN herdr::logging: update check failed event="update.check.complete" subsystem="update" outcome="error" err="failed to fetch Homebrew formula JSON"
2026-08-07T01:54:48.476929Z  WARN herdr::detect::manifest_update: agent detection manifest update failed: failed to fetch https://herdr.dev/agent-detection/index.toml
2026-08-07T02:37:09.826931Z  INFO herdr::logging: tab focused event="tab.focus" subsystem="tab" outcome="ok" workspace_id="w5" tab_id="w5:t2"
2026-08-07T02:37:13.060401Z  INFO herdr::logging: tab focused event="tab.focus" subsystem="tab" outcome="ok" workspace_id="w5" tab_id="w5:t1"
2026-08-07T02:37:18.081638Z  INFO herdr::logging: session saved event="persist.save" subsystem="persist" outcome="ok" path=/Users/shahid/.config/herdr/session.json workspaces=3
2026-08-07T02:38:54.485846Z  WARN herdr::raw_input: flushing lone escape after input timeout; if this follows an alt chord or focus switch it may reach the pane as plain esc bytes=[27]
2026-08-07T02:39:47.624310Z  WARN herdr::raw_input: flushing lone escape after input timeout; if this follows an alt chord or focus switch it may reach the pane as plain esc bytes=[27]
2026-08-07T02:39:50.704709Z  WARN herdr::raw_input: flushing lone escape after input timeout; if this follows an alt chord or focus switch it may reach the pane as plain esc bytes=[27]
2026-08-07T02:42:34.606219Z  WARN herdr::raw_input: flushing lone escape after input timeout; if this follows an alt chord or focus switch it may reach the pane as plain esc bytes=[27]
2026-08-07T02:54:02.493930Z  WARN herdr::raw_input: flushing lone escape after input timeout; if this follows an alt chord or focus switch it may reach the pane as plain esc bytes=[27]
2026-08-07T02:55:23.418533Z  WARN herdr::raw_input: flushing lone escape after input timeout; if this follows an alt chord or focus switch it may reach the pane as plain esc bytes=[27]
2026-08-07T02:56:35.482210Z  INFO herdr::logging: checking for updates event="update.check.start" subsystem="update" outcome="started"
2026-08-07T02:56:59.207374Z  WARN herdr::raw_input: flushing lone escape after input timeout; if this follows an alt chord or focus switch it may reach the pane as plain esc bytes=[27]
2026-08-07T03:03:15.895066Z  WARN herdr::raw_input: flushing lone escape after input timeout; if this follows an alt chord or focus switch it may reach the pane as plain esc bytes=[27]
2026-08-07T03:07:33.793561Z  WARN herdr::raw_input: flushing lone escape after input timeout; if this follows an alt chord or focus switch it may reach the pane as plain esc bytes=[27]
2026-08-07T03:10:21.349051Z  WARN herdr::raw_input: flushing lone escape after input timeout; if this follows an alt chord or focus switch it may reach the pane as plain esc bytes=[27]
2026-08-07T03:11:03.119939Z  WARN herdr::raw_input: flushing lone escape after input timeout; if this follows an alt chord or focus switch it may reach the pane as plain esc bytes=[27]
2026-08-07T03:11:10.374986Z  WARN herdr::raw_input: flushing lone escape after input timeout; if this follows an alt chord or focus switch it may reach the pane as plain esc bytes=[27]
2026-08-07T03:11:21.867375Z  INFO herdr::logging: tab focused event="tab.focus" subsystem="tab" outcome="ok" workspace_id="w5" tab_id="w5:t2"
2026-08-07T03:11:26.890444Z  INFO herdr::logging: session saved event="persist.save" subsystem="persist" outcome="ok" path=/Users/shahid/.config/herdr/session.json workspaces=3
2026-08-07T03:26:35.569099Z  INFO herdr::logging: checking for updates event="update.check.start" subsystem="update" outcome="started"
2026-08-07T03:41:37.461166Z  INFO herdr::logging: tab focused event="tab.focus" subsystem="tab" outcome="ok" workspace_id="w5" tab_id="w5:t1"
2026-08-07T03:41:42.491624Z  INFO herdr::logging: session saved event="persist.save" subsystem="persist" outcome="ok" path=/Users/shahid/.config/herdr/session.json workspaces=3
2026-08-07T03:42:53.516212Z  WARN herdr::raw_input: flushing lone escape after input timeout; if this follows an alt chord or focus switch it may reach the pane as plain esc bytes=[27]
2026-08-07T03:43:21.325366Z  INFO herdr::logging: tab focused event="tab.focus" subsystem="tab" outcome="ok" workspace_id="w5" tab_id="w5:t2"
2026-08-07T03:43:26.352366Z  INFO herdr::logging: session saved event="persist.save" subsystem="persist" outcome="ok" path=/Users/shahid/.config/herdr/session.json workspaces=3
2026-08-07T03:44:22.685063Z  INFO herdr::logging: tab focused event="tab.focus" subsystem="tab" outcome="ok" workspace_id="w5" tab_id="w5:t1"
2026-08-07T03:44:27.709303Z  INFO herdr::logging: session saved event="persist.save" subsystem="persist" outcome="ok" path=/Users/shahid/.config/herdr/session.json workspaces=3
2026-08-07T03:45:50.760211Z  WARN herdr::raw_input: flushing lone escape after input timeout; if this follows an alt chord or focus switch it may reach the pane as plain esc bytes=[27]
2026-08-07T03:56:35.602214Z  INFO herdr::logging: checking for updates event="update.check.start" subsystem="update" outcome="started"
2026-08-07T04:26:35.680246Z  INFO herdr::logging: checking for updates event="update.check.start" subsystem="update" outcome="started"
2026-08-07T04:56:35.729160Z  INFO herdr::logging: checking for updates event="update.check.start" subsystem="update" outcome="started"
2026-08-07T05:36:38.142683Z  INFO herdr::logging: checking for updates event="update.check.start" subsystem="update" outcome="started"
2026-08-07T05:36:41.234525Z  WARN herdr::detect::manifest_update: agent detection manifest update failed: failed to fetch https://herdr.dev/agent-detection/index.toml
2026-08-07T05:36:41.234657Z  WARN herdr::logging: update check failed event="update.check.complete" subsystem="update" outcome="error" err="failed to fetch Homebrew formula JSON"
2026-08-07T06:06:38.170726Z  INFO herdr::logging: checking for updates event="update.check.start" subsystem="update" outcome="started"
2026-08-07T06:06:41.264922Z  WARN herdr::logging: update check failed event="update.check.complete" subsystem="update" outcome="error" err="failed to fetch Homebrew formula JSON"
2026-08-07T06:06:41.268215Z  WARN herdr::detect::manifest_update: agent detection manifest update failed: failed to fetch https://herdr.dev/agent-detection/index.toml
2026-08-07T06:30:47.333769Z  INFO herdr::logging: tab focused event="tab.focus" subsystem="tab" outcome="ok" workspace_id="w5" tab_id="w5:t2"
2026-08-07T06:30:52.357464Z  INFO herdr::logging: session saved event="persist.save" subsystem="persist" outcome="ok" path=/Users/shahid/.config/herdr/session.json workspaces=3
2026-08-07T06:31:17.145284Z  INFO herdr::logging: tab focused event="tab.focus" subsystem="tab" outcome="ok" workspace_id="w5" tab_id="w5:t1"
2026-08-07T06:31:22.166875Z  INFO herdr::logging: session saved event="persist.save" subsystem="persist" outcome="ok" path=/Users/shahid/.config/herdr/session.json workspaces=3
2026-08-07T06:31:42.233380Z  INFO herdr::logging: tab focused event="tab.focus" subsystem="tab" outcome="ok" workspace_id="w5" tab_id="w5:t2"
2026-08-07T06:31:47.255631Z  INFO herdr::logging: session saved event="persist.save" subsystem="persist" outcome="ok" path=/Users/shahid/.config/herdr/session.json workspaces=3
2026-08-07T06:33:19.497885Z  INFO herdr::logging: tab focused event="tab.focus" subsystem="tab" outcome="ok" workspace_id="w5" tab_id="w5:t1"
2026-08-07T06:33:24.515315Z  INFO herdr::logging: session saved event="persist.save" subsystem="persist" outcome="ok" path=/Users/shahid/.config/herdr/session.json workspaces=3
2026-08-07T06:33:29.484615Z  WARN herdr::raw_input: flushing lone escape after input timeout; if this follows an alt chord or focus switch it may reach the pane as plain esc bytes=[27]
2026-08-07T06:33:40.603992Z  WARN herdr::raw_input: flushing lone escape after input timeout; if this follows an alt chord or focus switch it may reach the pane as plain esc bytes=[27]
2026-08-07T06:33:45.223646Z  INFO herdr::logging: tab focused event="tab.focus" subsystem="tab" outcome="ok" workspace_id="w5" tab_id="w5:t2"
2026-08-07T06:33:50.245266Z  INFO herdr::logging: session saved event="persist.save" subsystem="persist" outcome="ok" path=/Users/shahid/.config/herdr/session.json workspaces=3
2026-08-07T06:34:22.577680Z  INFO herdr::logging: tab focused event="tab.focus" subsystem="tab" outcome="ok" workspace_id="w5" tab_id="w5:t1"
2026-08-07T06:34:27.598739Z  INFO herdr::logging: session saved event="persist.save" subsystem="persist" outcome="ok" path=/Users/shahid/.config/herdr/session.json workspaces=3
2026-08-07T06:34:34.479651Z  WARN herdr::raw_input: flushing lone escape after input timeout; if this follows an alt chord or focus switch it may reach the pane as plain esc bytes=[27]
2026-08-07T06:35:09.983308Z  WARN herdr::raw_input: flushing lone escape after input timeout; if this follows an alt chord or focus switch it may reach the pane as plain esc bytes=[27]
2026-08-07T06:35:28.690643Z  WARN herdr::raw_input: flushing lone escape after input timeout; if this follows an alt chord or focus switch it may reach the pane as plain esc bytes=[27]
2026-08-07T06:35:48.147774Z  WARN herdr::raw_input: flushing lone escape after input timeout; if this follows an alt chord or focus switch it may reach the pane as plain esc bytes=[27]
2026-08-07T06:35:57.915432Z  INFO herdr::logging: tab focused event="tab.focus" subsystem="tab" outcome="ok" workspace_id="w5" tab_id="w5:t2"
2026-08-07T06:36:02.940658Z  INFO herdr::logging: session saved event="persist.save" subsystem="persist" outcome="ok" path=/Users/shahid/.config/herdr/session.json workspaces=3
2026-08-07T06:36:38.053784Z  INFO herdr::logging: checking for updates event="update.check.start" subsystem="update" outcome="started"
2026-08-07T06:37:03.716857Z  INFO herdr::logging: tab focused event="tab.focus" subsystem="tab" outcome="ok" workspace_id="w5" tab_id="w5:t1"
2026-08-07T06:37:08.739795Z  INFO herdr::logging: session saved event="persist.save" subsystem="persist" outcome="ok" path=/Users/shahid/.config/herdr/session.json workspaces=3
2026-08-07T06:37:21.288909Z  INFO herdr::logging: tab focused event="tab.focus" subsystem="tab" outcome="ok" workspace_id="w5" tab_id="w5:t2"
2026-08-07T06:37:26.304680Z  INFO herdr::logging: session saved event="persist.save" subsystem="persist" outcome="ok" path=/Users/shahid/.config/herdr/session.json workspaces=3
2026-08-07T06:40:12.669698Z  INFO herdr::logging: tab focused event="tab.focus" subsystem="tab" outcome="ok" workspace_id="w5" tab_id="w5:t1"
2026-08-07T06:40:17.686439Z  INFO herdr::logging: session saved event="persist.save" subsystem="persist" outcome="ok" path=/Users/shahid/.config/herdr/session.json workspaces=3
2026-08-07T06:42:23.398607Z  WARN herdr::raw_input: flushing lone escape after input timeout; if this follows an alt chord or focus switch it may reach the pane as plain esc bytes=[27]
2026-08-07T06:42:26.793342Z  WARN herdr::raw_input: flushing lone escape after input timeout; if this follows an alt chord or focus switch it may reach the pane as plain esc bytes=[27]
2026-08-07T06:42:47.227395Z  WARN herdr::raw_input: flushing lone escape after input timeout; if this follows an alt chord or focus switch it may reach the pane as plain esc bytes=[27]
2026-08-07T06:43:04.566177Z  WARN herdr::raw_input: flushing lone escape after input timeout; if this follows an alt chord or focus switch it may reach the pane as plain esc bytes=[27]
2026-08-07T06:43:06.140683Z  WARN herdr::raw_input: flushing lone escape after input timeout; if this follows an alt chord or focus switch it may reach the pane as plain esc bytes=[27]
2026-08-07T06:45:02.604996Z  INFO herdr::logging: tab focused event="tab.focus" subsystem="tab" outcome="ok" workspace_id="w5" tab_id="w5:t2"
2026-08-07T06:45:03.482535Z  INFO herdr::logging: tab focused event="tab.focus" subsystem="tab" outcome="ok" workspace_id="w5" tab_id="w5:t2"
2026-08-07T06:45:08.508246Z  INFO herdr::logging: session saved event="persist.save" subsystem="persist" outcome="ok" path=/Users/shahid/.config/herdr/session.json workspaces=3
2026-08-07T06:45:23.119336Z  INFO herdr::logging: tab focused event="tab.focus" subsystem="tab" outcome="ok" workspace_id="w5" tab_id="w5:t2"
2026-08-07T06:45:28.150560Z  INFO herdr::logging: session saved event="persist.save" subsystem="persist" outcome="ok" path=/Users/shahid/.config/herdr/session.json workspaces=3
2026-08-07T06:45:30.577197Z  INFO herdr::logging: tab focused event="tab.focus" subsystem="tab" outcome="ok" workspace_id="w5" tab_id="w5:t2"
2026-08-07T06:45:34.926171Z  INFO herdr::logging: tab focused event="tab.focus" subsystem="tab" outcome="ok" workspace_id="w5" tab_id="w5:t2"
2026-08-07T06:45:36.090221Z  INFO herdr::logging: tab focused event="tab.focus" subsystem="tab" outcome="ok" workspace_id="w5" tab_id="w5:t1"
2026-08-07T06:45:41.112769Z  INFO herdr::logging: session saved event="persist.save" subsystem="persist" outcome="ok" path=/Users/shahid/.config/herdr/session.json workspaces=3
2026-08-07T06:46:30.419179Z  WARN herdr::raw_input: flushing lone escape after input timeout; if this follows an alt chord or focus switch it may reach the pane as plain esc bytes=[27]
2026-08-07T06:46:47.190143Z  WARN herdr::raw_input: flushing lone escape after input timeout; if this follows an alt chord or focus switch it may reach the pane as plain esc bytes=[27]
2026-08-07T06:47:02.879239Z  WARN herdr::raw_input: flushing lone escape after input timeout; if this follows an alt chord or focus switch it may reach the pane as plain esc bytes=[27]
2026-08-07T06:47:45.806799Z  WARN herdr::raw_input: flushing lone escape after input timeout; if this follows an alt chord or focus switch it may reach the pane as plain esc bytes=[27]
2026-08-07T06:47:54.960794Z  WARN herdr::raw_input: flushing lone escape after input timeout; if this follows an alt chord or focus switch it may reach the pane as plain esc bytes=[27]
2026-08-07T06:48:07.539217Z  WARN herdr::raw_input: flushing lone escape after input timeout; if this follows an alt chord or focus switch it may reach the pane as plain esc bytes=[27]
2026-08-07T06:48:09.059285Z  WARN herdr::raw_input: flushing lone escape after input timeout; if this follows an alt chord or focus switch it may reach the pane as plain esc bytes=[27]
2026-08-07T06:48:13.502923Z  INFO herdr::logging: tab focused event="tab.focus" subsystem="tab" outcome="ok" workspace_id="w5" tab_id="w5:t2"
2026-08-07T06:48:18.533210Z  INFO herdr::logging: session saved event="persist.save" subsystem="persist" outcome="ok" path=/Users/shahid/.config/herdr/session.json workspaces=3
2026-08-07T06:52:34.475549Z  INFO herdr::logging: tab focused event="tab.focus" subsystem="tab" outcome="ok" workspace_id="w5" tab_id="w5:t1"
2026-08-07T06:52:39.501565Z  INFO herdr::logging: session saved event="persist.save" subsystem="persist" outcome="ok" path=/Users/shahid/.config/herdr/session.json workspaces=3
2026-08-07T06:52:40.967526Z  WARN herdr::raw_input: flushing lone escape after input timeout; if this follows an alt chord or focus switch it may reach the pane as plain esc bytes=[27]
2026-08-07T06:53:04.634945Z  INFO herdr::logging: tab focused event="tab.focus" subsystem="tab" outcome="ok" workspace_id="w5" tab_id="w5:t2"
2026-08-07T06:53:09.657714Z  INFO herdr::logging: session saved event="persist.save" subsystem="persist" outcome="ok" path=/Users/shahid/.config/herdr/session.json workspaces=3
2026-08-07T06:53:40.833014Z  INFO herdr::logging: tab focused event="tab.focus" subsystem="tab" outcome="ok" workspace_id="w5" tab_id="w5:t1"
2026-08-07T06:53:45.854466Z  INFO herdr::logging: session saved event="persist.save" subsystem="persist" outcome="ok" path=/Users/shahid/.config/herdr/session.json workspaces=3
2026-08-07T06:53:53.151412Z  INFO herdr::logging: tab focused event="tab.focus" subsystem="tab" outcome="ok" workspace_id="w5" tab_id="w5:t2"
2026-08-07T06:53:58.168051Z  INFO herdr::logging: session saved event="persist.save" subsystem="persist" outcome="ok" path=/Users/shahid/.config/herdr/session.json workspaces=3
2026-08-07T07:06:39.130531Z  INFO herdr::logging: checking for updates event="update.check.start" subsystem="update" outcome="started"
2026-08-07T07:36:41.339576Z  INFO herdr::logging: checking for updates event="update.check.start" subsystem="update" outcome="started"
2026-08-07T07:36:44.481388Z  WARN herdr::detect::manifest_update: agent detection manifest update failed: failed to fetch https://herdr.dev/agent-detection/index.toml
2026-08-07T07:36:44.481830Z  WARN herdr::logging: update check failed event="update.check.complete" subsystem="update" outcome="error" err="failed to fetch Homebrew formula JSON"
2026-08-07T13:00:15.432669Z  INFO herdr::logging: tab focused event="tab.focus" subsystem="tab" outcome="ok" workspace_id="w5" tab_id="w5:t1"
2026-08-07T13:00:20.460434Z  INFO herdr::logging: session saved event="persist.save" subsystem="persist" outcome="ok" path=/Users/shahid/.config/herdr/session.json workspaces=3
2026-08-07T13:01:10.549929Z  INFO herdr::logging: tab focused event="tab.focus" subsystem="tab" outcome="ok" workspace_id="w5" tab_id="w5:t2"
2026-08-07T13:01:15.577296Z  INFO herdr::logging: session saved event="persist.save" subsystem="persist" outcome="ok" path=/Users/shahid/.config/herdr/session.json workspaces=3
2026-08-07T13:03:34.354343Z  INFO herdr::logging: tab focused event="tab.focus" subsystem="tab" outcome="ok" workspace_id="w5" tab_id="w5:t1"
2026-08-07T13:03:39.378800Z  INFO herdr::logging: session saved event="persist.save" subsystem="persist" outcome="ok" path=/Users/shahid/.config/herdr/session.json workspaces=3
2026-08-07T13:03:42.709851Z  WARN herdr::raw_input: flushing lone escape after input timeout; if this follows an alt chord or focus switch it may reach the pane as plain esc bytes=[27]
2026-08-07T13:03:50.626112Z  INFO herdr::logging: tab focused event="tab.focus" subsystem="tab" outcome="ok" workspace_id="w5" tab_id="w5:t2"
2026-08-07T13:03:55.660593Z  INFO herdr::logging: session saved event="persist.save" subsystem="persist" outcome="ok" path=/Users/shahid/.config/herdr/session.json workspaces=3
2026-08-07T13:04:17.959713Z  INFO herdr::logging: tab focused event="tab.focus" subsystem="tab" outcome="ok" workspace_id="w5" tab_id="w5:t1"
2026-08-07T13:04:22.979993Z  INFO herdr::logging: session saved event="persist.save" subsystem="persist" outcome="ok" path=/Users/shahid/.config/herdr/session.json workspaces=3
2026-08-07T13:04:39.184375Z  WARN herdr::raw_input: flushing lone escape after input timeout; if this follows an alt chord or focus switch it may reach the pane as plain esc bytes=[27]
2026-08-07T13:05:05.064246Z  WARN herdr::raw_input: flushing lone escape after input timeout; if this follows an alt chord or focus switch it may reach the pane as plain esc bytes=[27]
2026-08-07T13:05:12.370150Z  INFO herdr::logging: tab focused event="tab.focus" subsystem="tab" outcome="ok" workspace_id="w5" tab_id="w5:t2"
2026-08-07T13:05:17.394588Z  INFO herdr::logging: session saved event="persist.save" subsystem="persist" outcome="ok" path=/Users/shahid/.config/herdr/session.json workspaces=3
2026-08-07T13:07:01.674280Z  INFO herdr::logging: tab focused event="tab.focus" subsystem="tab" outcome="ok" workspace_id="w5" tab_id="w5:t1"
2026-08-07T13:07:05.866192Z  WARN herdr::raw_input: flushing lone escape after input timeout; if this follows an alt chord or focus switch it may reach the pane as plain esc bytes=[27]
2026-08-07T13:07:06.091970Z  WARN herdr::raw_input: flushing lone escape after input timeout; if this follows an alt chord or focus switch it may reach the pane as plain esc bytes=[27]
2026-08-07T13:07:06.697589Z  INFO herdr::logging: session saved event="persist.save" subsystem="persist" outcome="ok" path=/Users/shahid/.config/herdr/session.json workspaces=3
2026-08-07T13:07:26.534052Z  WARN herdr::raw_input: flushing lone escape after input timeout; if this follows an alt chord or focus switch it may reach the pane as plain esc bytes=[27]
2026-08-07T13:07:48.979362Z  WARN herdr::raw_input: flushing lone escape after input timeout; if this follows an alt chord or focus switch it may reach the pane as plain esc bytes=[27]
2026-08-07T13:07:54.473851Z  INFO herdr::logging: tab focused event="tab.focus" subsystem="tab" outcome="ok" workspace_id="w5" tab_id="w5:t2"
2026-08-07T13:07:59.621553Z  INFO herdr::logging: session saved event="persist.save" subsystem="persist" outcome="ok" path=/Users/shahid/.config/herdr/session.json workspaces=3
2026-08-07T13:08:41.285604Z  INFO herdr::logging: checking for updates event="update.check.start" subsystem="update" outcome="started"
2026-08-07T13:08:59.917900Z  INFO herdr::logging: tab focused event="tab.focus" subsystem="tab" outcome="ok" workspace_id="w5" tab_id="w5:t1"
2026-08-07T13:09:04.936672Z  INFO herdr::logging: session saved event="persist.save" subsystem="persist" outcome="ok" path=/Users/shahid/.config/herdr/session.json workspaces=3
2026-08-07T13:09:43.345504Z  WARN herdr::raw_input: flushing lone escape after input timeout; if this follows an alt chord or focus switch it may reach the pane as plain esc bytes=[27]
2026-08-07T13:09:46.790893Z  INFO herdr::logging: tab focused event="tab.focus" subsystem="tab" outcome="ok" workspace_id="w5" tab_id="w5:t2"
2026-08-07T13:09:51.810772Z  INFO herdr::logging: session saved event="persist.save" subsystem="persist" outcome="ok" path=/Users/shahid/.config/herdr/session.json workspaces=3
2026-08-07T13:10:32.642569Z  INFO herdr::logging: tab focused event="tab.focus" subsystem="tab" outcome="ok" workspace_id="w5" tab_id="w5:t1"
2026-08-07T13:10:37.661879Z  INFO herdr::logging: session saved event="persist.save" subsystem="persist" outcome="ok" path=/Users/shahid/.config/herdr/session.json workspaces=3
2026-08-07T13:10:49.707364Z  INFO herdr::logging: tab focused event="tab.focus" subsystem="tab" outcome="ok" workspace_id="w5" tab_id="w5:t2"
2026-08-07T13:10:54.731424Z  INFO herdr::logging: session saved event="persist.save" subsystem="persist" outcome="ok" path=/Users/shahid/.config/herdr/session.json workspaces=3
2026-08-07T13:14:09.281596Z  INFO herdr::logging: tab focused event="tab.focus" subsystem="tab" outcome="ok" workspace_id="w5" tab_id="w5:t1"
2026-08-07T13:14:13.753193Z  WARN herdr::raw_input: flushing lone escape after input timeout; if this follows an alt chord or focus switch it may reach the pane as plain esc bytes=[27]
2026-08-07T13:14:14.308244Z  INFO herdr::logging: session saved event="persist.save" subsystem="persist" outcome="ok" path=/Users/shahid/.config/herdr/session.json workspaces=3
2026-08-07T13:14:15.828831Z  WARN herdr::raw_input: flushing lone escape after input timeout; if this follows an alt chord or focus switch it may reach the pane as plain esc bytes=[27]
2026-08-07T13:14:18.791117Z  INFO herdr::logging: tab focused event="tab.focus" subsystem="tab" outcome="ok" workspace_id="w5" tab_id="w5:t2"
2026-08-07T13:14:23.811509Z  INFO herdr::logging: session saved event="persist.save" subsystem="persist" outcome="ok" path=/Users/shahid/.config/herdr/session.json workspaces=3
2026-08-07T13:14:52.659885Z  INFO herdr::logging: tab focused event="tab.focus" subsystem="tab" outcome="ok" workspace_id="w5" tab_id="w5:t1"
2026-08-07T13:14:57.683714Z  INFO herdr::logging: session saved event="persist.save" subsystem="persist" outcome="ok" path=/Users/shahid/.config/herdr/session.json workspaces=3
2026-08-07T13:15:03.507895Z  WARN herdr::raw_input: flushing lone escape after input timeout; if this follows an alt chord or focus switch it may reach the pane as plain esc bytes=[27]
2026-08-07T13:15:09.554556Z  INFO herdr::logging: tab focused event="tab.focus" subsystem="tab" outcome="ok" workspace_id="w5" tab_id="w5:t2"
2026-08-07T13:15:14.581023Z  INFO herdr::logging: session saved event="persist.save" subsystem="persist" outcome="ok" path=/Users/shahid/.config/herdr/session.json workspaces=3
2026-08-07T13:17:52.157638Z  INFO herdr::logging: tab focused event="tab.focus" subsystem="tab" outcome="ok" workspace_id="w5" tab_id="w5:t1"
2026-08-07T13:17:57.179323Z  INFO herdr::logging: session saved event="persist.save" subsystem="persist" outcome="ok" path=/Users/shahid/.config/herdr/session.json workspaces=3
2026-08-07T13:18:15.119706Z  WARN herdr::raw_input: flushing lone escape after input timeout; if this follows an alt chord or focus switch it may reach the pane as plain esc bytes=[27]
2026-08-07T13:18:39.432373Z  INFO herdr::logging: tab focused event="tab.focus" subsystem="tab" outcome="ok" workspace_id="w5" tab_id="w5:t2"
2026-08-07T13:18:44.462342Z  INFO herdr::logging: session saved event="persist.save" subsystem="persist" outcome="ok" path=/Users/shahid/.config/herdr/session.json workspaces=3
2026-08-07T13:19:28.964248Z  INFO herdr::logging: tab focused event="tab.focus" subsystem="tab" outcome="ok" workspace_id="w5" tab_id="w5:t1"
2026-08-07T13:19:33.986229Z  INFO herdr::logging: session saved event="persist.save" subsystem="persist" outcome="ok" path=/Users/shahid/.config/herdr/session.json workspaces=3
2026-08-07T15:07:10.012060Z  INFO herdr::logging: checking for updates event="update.check.start" subsystem="update" outcome="started"
2026-08-08T01:21:27.380444Z  WARN herdr::raw_input: flushing lone escape after input timeout; if this follows an alt chord or focus switch it may reach the pane as plain esc bytes=[27]
2026-08-08T01:21:39.772154Z  WARN herdr::raw_input: flushing lone escape after input timeout; if this follows an alt chord or focus switch it may reach the pane as plain esc bytes=[27]
2026-08-08T01:22:03.477463Z  WARN herdr::raw_input: flushing lone escape after input timeout; if this follows an alt chord or focus switch it may reach the pane as plain esc bytes=[27]
2026-08-08T01:22:47.346944Z  WARN herdr::raw_input: flushing lone escape after input timeout; if this follows an alt chord or focus switch it may reach the pane as plain esc bytes=[27]
2026-08-08T01:23:28.876375Z  WARN herdr::raw_input: flushing lone escape after input timeout; if this follows an alt chord or focus switch it may reach the pane as plain esc bytes=[27]
2026-08-08T01:23:40.354880Z  WARN herdr::raw_input: flushing lone escape after input timeout; if this follows an alt chord or focus switch it may reach the pane as plain esc bytes=[27]
2026-08-08T01:23:52.020012Z  WARN herdr::raw_input: flushing lone escape after input timeout; if this follows an alt chord or focus switch it may reach the pane as plain esc bytes=[27]
2026-08-08T01:24:07.753090Z  WARN herdr::raw_input: flushing lone escape after input timeout; if this follows an alt chord or focus switch it may reach the pane as plain esc bytes=[27]
2026-08-08T01:24:35.714753Z  WARN herdr::raw_input: flushing lone escape after input timeout; if this follows an alt chord or focus switch it may reach the pane as plain esc bytes=[27]
2026-08-08T01:25:37.605770Z  WARN herdr::raw_input: flushing lone escape after input timeout; if this follows an alt chord or focus switch it may reach the pane as plain esc bytes=[27]
2026-08-08T01:26:22.308282Z  WARN herdr::raw_input: flushing lone escape after input timeout; if this follows an alt chord or focus switch it may reach the pane as plain esc bytes=[27]
2026-08-08T01:26:37.158088Z  WARN herdr::raw_input: flushing lone escape after input timeout; if this follows an alt chord or focus switch it may reach the pane as plain esc bytes=[27]
2026-08-08T01:26:43.217199Z  WARN herdr::raw_input: flushing lone escape after input timeout; if this follows an alt chord or focus switch it may reach the pane as plain esc bytes=[27]
2026-08-08T01:26:48.901887Z  WARN herdr::raw_input: flushing lone escape after input timeout; if this follows an alt chord or focus switch it may reach the pane as plain esc bytes=[27]
2026-08-08T01:26:53.598947Z  WARN herdr::raw_input: flushing lone escape after input timeout; if this follows an alt chord or focus switch it may reach the pane as plain esc bytes=[27]
2026-08-08T01:27:39.121248Z  INFO herdr::logging: tab focused event="tab.focus" subsystem="tab" outcome="ok" workspace_id="w5" tab_id="w5:t2"
2026-08-08T01:27:44.146489Z  INFO herdr::logging: session saved event="persist.save" subsystem="persist" outcome="ok" path=/Users/shahid/.config/herdr/session.json workspaces=3
2026-08-08T01:28:10.637296Z  INFO herdr::logging: tab focused event="tab.focus" subsystem="tab" outcome="ok" workspace_id="w5" tab_id="w5:t1"
2026-08-08T01:28:15.659115Z  INFO herdr::logging: session saved event="persist.save" subsystem="persist" outcome="ok" path=/Users/shahid/.config/herdr/session.json workspaces=3
2026-08-08T01:28:17.735639Z  WARN herdr::raw_input: flushing lone escape after input timeout; if this follows an alt chord or focus switch it may reach the pane as plain esc bytes=[27]
2026-08-08T01:28:24.228454Z  WARN herdr::raw_input: flushing lone escape after input timeout; if this follows an alt chord or focus switch it may reach the pane as plain esc bytes=[27]
2026-08-08T01:28:29.735385Z  INFO herdr::logging: tab focused event="tab.focus" subsystem="tab" outcome="ok" workspace_id="w5" tab_id="w5:t2"
2026-08-08T01:28:34.764692Z  INFO herdr::logging: session saved event="persist.save" subsystem="persist" outcome="ok" path=/Users/shahid/.config/herdr/session.json workspaces=3
2026-08-08T01:29:32.386708Z  INFO herdr::logging: tab focused event="tab.focus" subsystem="tab" outcome="ok" workspace_id="w5" tab_id="w5:t1"
2026-08-08T01:29:37.402225Z  INFO herdr::logging: session saved event="persist.save" subsystem="persist" outcome="ok" path=/Users/shahid/.config/herdr/session.json workspaces=3
2026-08-08T01:31:39.324058Z  WARN herdr::raw_input: flushing lone escape after input timeout; if this follows an alt chord or focus switch it may reach the pane as plain esc bytes=[27]
2026-08-08T01:31:57.739031Z  WARN herdr::raw_input: flushing lone escape after input timeout; if this follows an alt chord or focus switch it may reach the pane as plain esc bytes=[27]
2026-08-08T01:32:03.942254Z  WARN herdr::raw_input: flushing lone escape after input timeout; if this follows an alt chord or focus switch it may reach the pane as plain esc bytes=[27]
2026-08-08T01:32:11.804556Z  INFO herdr::logging: tab focused event="tab.focus" subsystem="tab" outcome="ok" workspace_id="w5" tab_id="w5:t2"
2026-08-08T01:32:16.822256Z  INFO herdr::logging: session saved event="persist.save" subsystem="persist" outcome="ok" path=/Users/shahid/.config/herdr/session.json workspaces=3
2026-08-08T01:33:18.920619Z  INFO herdr::logging: tab focused event="tab.focus" subsystem="tab" outcome="ok" workspace_id="w5" tab_id="w5:t1"
2026-08-08T01:33:23.964276Z  INFO herdr::logging: session saved event="persist.save" subsystem="persist" outcome="ok" path=/Users/shahid/.config/herdr/session.json workspaces=3
2026-08-08T01:33:30.619635Z  INFO herdr::logging: tab focused event="tab.focus" subsystem="tab" outcome="ok" workspace_id="w5" tab_id="w5:t2"
2026-08-08T01:33:35.639214Z  INFO herdr::logging: session saved event="persist.save" subsystem="persist" outcome="ok" path=/Users/shahid/.config/herdr/session.json workspaces=3
2026-08-08T01:37:31.625359Z  INFO herdr::logging: tab focused event="tab.focus" subsystem="tab" outcome="ok" workspace_id="w5" tab_id="w5:t1"
2026-08-08T01:37:36.648981Z  INFO herdr::logging: session saved event="persist.save" subsystem="persist" outcome="ok" path=/Users/shahid/.config/herdr/session.json workspaces=3
2026-08-08T01:37:42.643573Z  INFO herdr::logging: tab focused event="tab.focus" subsystem="tab" outcome="ok" workspace_id="w5" tab_id="w5:t2"
2026-08-08T01:37:44.060132Z  INFO herdr::logging: tab focused event="tab.focus" subsystem="tab" outcome="ok" workspace_id="w5" tab_id="w5:t1"
2026-08-08T01:37:49.079401Z  INFO herdr::logging: session saved event="persist.save" subsystem="persist" outcome="ok" path=/Users/shahid/.config/herdr/session.json workspaces=3
2026-08-08T01:37:56.288991Z  WARN herdr::raw_input: flushing lone escape after input timeout; if this follows an alt chord or focus switch it may reach the pane as plain esc bytes=[27]
2026-08-08T01:38:03.900468Z  WARN herdr::raw_input: flushing lone escape after input timeout; if this follows an alt chord or focus switch it may reach the pane as plain esc bytes=[27]
2026-08-08T01:38:18.057426Z  WARN herdr::raw_input: flushing lone escape after input timeout; if this follows an alt chord or focus switch it may reach the pane as plain esc bytes=[27]
2026-08-08T01:38:44.619211Z  INFO herdr::logging: tab focused event="tab.focus" subsystem="tab" outcome="ok" workspace_id="w5" tab_id="w5:t2"
2026-08-08T01:38:49.637406Z  INFO herdr::logging: session saved event="persist.save" subsystem="persist" outcome="ok" path=/Users/shahid/.config/herdr/session.json workspaces=3
2026-08-08T01:39:10.409205Z  INFO herdr::logging: tab focused event="tab.focus" subsystem="tab" outcome="ok" workspace_id="w5" tab_id="w5:t1"
2026-08-08T01:39:15.428099Z  INFO herdr::logging: session saved event="persist.save" subsystem="persist" outcome="ok" path=/Users/shahid/.config/herdr/session.json workspaces=3
2026-08-08T01:39:32.971695Z  INFO herdr::logging: tab focused event="tab.focus" subsystem="tab" outcome="ok" workspace_id="w5" tab_id="w5:t2"
2026-08-08T01:39:34.308533Z  INFO herdr::logging: tab focused event="tab.focus" subsystem="tab" outcome="ok" workspace_id="w5" tab_id="w5:t1"
2026-08-08T01:39:39.332977Z  INFO herdr::logging: session saved event="persist.save" subsystem="persist" outcome="ok" path=/Users/shahid/.config/herdr/session.json workspaces=3
2026-08-08T01:40:29.285940Z  WARN herdr::raw_input: flushing lone escape after input timeout; if this follows an alt chord or focus switch it may reach the pane as plain esc bytes=[27]
2026-08-08T01:40:35.184656Z  WARN herdr::raw_input: flushing lone escape after input timeout; if this follows an alt chord or focus switch it may reach the pane as plain esc bytes=[27]
2026-08-08T01:41:01.873615Z  INFO herdr::logging: tab focused event="tab.focus" subsystem="tab" outcome="ok" workspace_id="w5" tab_id="w5:t2"
2026-08-08T01:41:06.896265Z  INFO herdr::logging: session saved event="persist.save" subsystem="persist" outcome="ok" path=/Users/shahid/.config/herdr/session.json workspaces=3
2026-08-08T01:41:23.780754Z  INFO herdr::logging: tab focused event="tab.focus" subsystem="tab" outcome="ok" workspace_id="w5" tab_id="w5:t1"
2026-08-08T01:41:28.796399Z  INFO herdr::logging: session saved event="persist.save" subsystem="persist" outcome="ok" path=/Users/shahid/.config/herdr/session.json workspaces=3
2026-08-08T01:42:01.830099Z  INFO herdr::logging: tab focused event="tab.focus" subsystem="tab" outcome="ok" workspace_id="w5" tab_id="w5:t2"
2026-08-08T01:42:06.848660Z  INFO herdr::logging: session saved event="persist.save" subsystem="persist" outcome="ok" path=/Users/shahid/.config/herdr/session.json workspaces=3
2026-08-08T01:42:21.694838Z  INFO herdr::logging: tab focused event="tab.focus" subsystem="tab" outcome="ok" workspace_id="w5" tab_id="w5:t1"
2026-08-08T01:42:26.710901Z  INFO herdr::logging: session saved event="persist.save" subsystem="persist" outcome="ok" path=/Users/shahid/.config/herdr/session.json workspaces=3
2026-08-08T01:42:29.762498Z  INFO herdr::logging: tab focused event="tab.focus" subsystem="tab" outcome="ok" workspace_id="w5" tab_id="w5:t2"
2026-08-08T01:42:31.252119Z  INFO herdr::logging: tab focused event="tab.focus" subsystem="tab" outcome="ok" workspace_id="w5" tab_id="w5:t1"
2026-08-08T01:42:36.273542Z  INFO herdr::logging: session saved event="persist.save" subsystem="persist" outcome="ok" path=/Users/shahid/.config/herdr/session.json workspaces=3
2026-08-08T01:42:46.936798Z  INFO herdr::logging: checking for updates event="update.check.start" subsystem="update" outcome="started"
2026-08-08T01:42:53.057708Z  WARN herdr::raw_input: flushing lone escape after input timeout; if this follows an alt chord or focus switch it may reach the pane as plain esc bytes=[27]
2026-08-08T01:43:02.050431Z  WARN herdr::raw_input: flushing lone escape after input timeout; if this follows an alt chord or focus switch it may reach the pane as plain esc bytes=[27]
2026-08-08T01:43:12.170992Z  INFO herdr::logging: tab focused event="tab.focus" subsystem="tab" outcome="ok" workspace_id="w5" tab_id="w5:t2"
2026-08-08T01:43:17.192391Z  INFO herdr::logging: session saved event="persist.save" subsystem="persist" outcome="ok" path=/Users/shahid/.config/herdr/session.json workspaces=3
2026-08-08T01:44:10.635849Z  INFO herdr::logging: tab focused event="tab.focus" subsystem="tab" outcome="ok" workspace_id="w5" tab_id="w5:t1"
2026-08-08T01:44:15.661107Z  INFO herdr::logging: session saved event="persist.save" subsystem="persist" outcome="ok" path=/Users/shahid/.config/herdr/session.json workspaces=3
2026-08-08T01:45:37.995789Z  INFO herdr::logging: tab focused event="tab.focus" subsystem="tab" outcome="ok" workspace_id="w5" tab_id="w5:t2"
2026-08-08T01:45:43.019485Z  INFO herdr::logging: session saved event="persist.save" subsystem="persist" outcome="ok" path=/Users/shahid/.config/herdr/session.json workspaces=3
2026-08-08T01:45:45.331075Z  INFO herdr::logging: tab focused event="tab.focus" subsystem="tab" outcome="ok" workspace_id="w5" tab_id="w5:t1"
2026-08-08T01:45:50.351034Z  INFO herdr::logging: session saved event="persist.save" subsystem="persist" outcome="ok" path=/Users/shahid/.config/herdr/session.json workspaces=3
2026-08-08T01:46:50.074197Z  WARN herdr::raw_input: flushing lone escape after input timeout; if this follows an alt chord or focus switch it may reach the pane as plain esc bytes=[27]
2026-08-08T01:46:53.130315Z  WARN herdr::raw_input: flushing lone escape after input timeout; if this follows an alt chord or focus switch it may reach the pane as plain esc bytes=[27]
2026-08-08T01:47:17.080416Z  INFO herdr::logging: tab focused event="tab.focus" subsystem="tab" outcome="ok" workspace_id="w5" tab_id="w5:t2"
2026-08-08T01:47:22.096124Z  INFO herdr::logging: session saved event="persist.save" subsystem="persist" outcome="ok" path=/Users/shahid/.config/herdr/session.json workspaces=3
2026-08-08T01:47:41.297526Z  INFO herdr::logging: tab focused event="tab.focus" subsystem="tab" outcome="ok" workspace_id="w5" tab_id="w5:t1"
2026-08-08T01:47:46.318788Z  INFO herdr::logging: session saved event="persist.save" subsystem="persist" outcome="ok" path=/Users/shahid/.config/herdr/session.json workspaces=3
2026-08-08T01:48:35.729368Z  WARN herdr::raw_input: flushing lone escape after input timeout; if this follows an alt chord or focus switch it may reach the pane as plain esc bytes=[27]
2026-08-08T01:48:38.500732Z  INFO herdr::logging: tab focused event="tab.focus" subsystem="tab" outcome="ok" workspace_id="w5" tab_id="w5:t2"
2026-08-08T01:48:43.522738Z  INFO herdr::logging: session saved event="persist.save" subsystem="persist" outcome="ok" path=/Users/shahid/.config/herdr/session.json workspaces=3
2026-08-08T01:48:55.771571Z  INFO herdr::logging: tab focused event="tab.focus" subsystem="tab" outcome="ok" workspace_id="w5" tab_id="w5:t1"
2026-08-08T01:49:00.790044Z  INFO herdr::logging: session saved event="persist.save" subsystem="persist" outcome="ok" path=/Users/shahid/.config/herdr/session.json workspaces=3
2026-08-08T01:49:52.546914Z  WARN herdr::raw_input: flushing lone escape after input timeout; if this follows an alt chord or focus switch it may reach the pane as plain esc bytes=[27]
2026-08-08T01:49:55.935530Z  INFO herdr::logging: tab focused event="tab.focus" subsystem="tab" outcome="ok" workspace_id="w5" tab_id="w5:t2"
2026-08-08T01:50:00.960394Z  INFO herdr::logging: session saved event="persist.save" subsystem="persist" outcome="ok" path=/Users/shahid/.config/herdr/session.json workspaces=3
2026-08-08T01:50:50.372510Z  INFO herdr::logging: tab focused event="tab.focus" subsystem="tab" outcome="ok" workspace_id="w5" tab_id="w5:t1"
2026-08-08T01:50:55.390785Z  INFO herdr::logging: session saved event="persist.save" subsystem="persist" outcome="ok" path=/Users/shahid/.config/herdr/session.json workspaces=3
2026-08-08T01:51:01.334587Z  WARN herdr::raw_input: flushing lone escape after input timeout; if this follows an alt chord or focus switch it may reach the pane as plain esc bytes=[27]
2026-08-08T01:51:04.171395Z  INFO herdr::logging: tab focused event="tab.focus" subsystem="tab" outcome="ok" workspace_id="w5" tab_id="w5:t2"
2026-08-08T01:51:09.185872Z  INFO herdr::logging: session saved event="persist.save" subsystem="persist" outcome="ok" path=/Users/shahid/.config/herdr/session.json workspaces=3
2026-08-08T01:52:22.688980Z  INFO herdr::logging: tab focused event="tab.focus" subsystem="tab" outcome="ok" workspace_id="w5" tab_id="w5:t1"
2026-08-08T01:52:27.703533Z  INFO herdr::logging: session saved event="persist.save" subsystem="persist" outcome="ok" path=/Users/shahid/.config/herdr/session.json workspaces=3
2026-08-08T01:52:30.644187Z  WARN herdr::raw_input: flushing lone escape after input timeout; if this follows an alt chord or focus switch it may reach the pane as plain esc bytes=[27]
2026-08-08T01:52:34.329219Z  INFO herdr::logging: tab focused event="tab.focus" subsystem="tab" outcome="ok" workspace_id="w5" tab_id="w5:t2"
2026-08-08T01:52:39.350357Z  INFO herdr::logging: session saved event="persist.save" subsystem="persist" outcome="ok" path=/Users/shahid/.config/herdr/session.json workspaces=3
2026-08-08T02:12:47.674811Z  INFO herdr::logging: checking for updates event="update.check.start" subsystem="update" outcome="started"
2026-08-08T05:10:04.067291Z  INFO herdr::logging: checking for updates event="update.check.start" subsystem="update" outcome="started"
2026-08-08T05:10:07.184896Z  WARN herdr::detect::manifest_update: agent detection manifest update failed: failed to fetch https://herdr.dev/agent-detection/index.toml
2026-08-08T05:10:07.189127Z  WARN herdr::logging: update check failed event="update.check.complete" subsystem="update" outcome="error" err="failed to fetch Homebrew formula JSON"
2026-08-08T11:59:24.204383Z  INFO herdr::logging: checking for updates event="update.check.start" subsystem="update" outcome="started"
2026-08-08T11:59:27.322491Z  WARN herdr::detect::manifest_update: agent detection manifest update failed: failed to fetch https://herdr.dev/agent-detection/index.toml
2026-08-08T11:59:27.323139Z  WARN herdr::logging: update check failed event="update.check.complete" subsystem="update" outcome="error" err="failed to fetch Homebrew formula JSON"
2026-08-08T13:00:06.814190Z  INFO herdr::logging: checking for updates event="update.check.start" subsystem="update" outcome="started"
2026-08-08T13:00:09.936493Z  WARN herdr::detect::manifest_update: agent detection manifest update failed: failed to fetch https://herdr.dev/agent-detection/index.toml
2026-08-08T13:00:09.936696Z  WARN herdr::logging: update check failed event="update.check.complete" subsystem="update" outcome="error" err="failed to fetch Homebrew formula JSON"
2026-08-09T14:31:39.254126Z  INFO herdr::logging: checking for updates event="update.check.start" subsystem="update" outcome="started"
2026-08-09T14:41:19.036054Z  WARN herdr::detect::manifest_update: agent detection manifest update failed: failed to fetch https://herdr.dev/agent-detection/index.toml
2026-08-09T14:41:19.036140Z  WARN herdr::logging: update check failed event="update.check.complete" subsystem="update" outcome="error" err="failed to fetch Homebrew formula JSON"
2026-08-10T01:32:44.550603Z  INFO herdr::logging: tab focused event="tab.focus" subsystem="tab" outcome="ok" workspace_id="w5" tab_id="w5:t1"
2026-08-10T01:32:49.571869Z  INFO herdr::logging: session saved event="persist.save" subsystem="persist" outcome="ok" path=/Users/shahid/.config/herdr/session.json workspaces=3
2026-08-10T01:35:01.447271Z  WARN herdr::raw_input: flushing lone escape after input timeout; if this follows an alt chord or focus switch it may reach the pane as plain esc bytes=[27]
2026-08-10T01:35:36.781790Z  WARN herdr::raw_input: flushing lone escape after input timeout; if this follows an alt chord or focus switch it may reach the pane as plain esc bytes=[27]
2026-08-10T01:38:44.427029Z  INFO herdr::logging: tab focused event="tab.focus" subsystem="tab" outcome="ok" workspace_id="w5" tab_id="w5:t2"
2026-08-10T01:38:49.454632Z  INFO herdr::logging: session saved event="persist.save" subsystem="persist" outcome="ok" path=/Users/shahid/.config/herdr/session.json workspaces=3
2026-08-10T01:39:07.376930Z  INFO herdr::logging: session saved event="persist.save" subsystem="persist" outcome="ok" path=/Users/shahid/.config/herdr/session.json workspaces=3
2026-08-10T01:39:19.273821Z  INFO herdr::logging: tab focused event="tab.focus" subsystem="tab" outcome="ok" workspace_id="w5" tab_id="w5:t1"
2026-08-10T01:39:24.280944Z  INFO herdr::logging: session saved event="persist.save" subsystem="persist" outcome="ok" path=/Users/shahid/.config/herdr/session.json workspaces=3
2026-08-10T01:40:08.597254Z  INFO herdr::logging: tab focused event="tab.focus" subsystem="tab" outcome="ok" workspace_id="w5" tab_id="w5:t2"
2026-08-10T01:40:13.609082Z  INFO herdr::logging: session saved event="persist.save" subsystem="persist" outcome="ok" path=/Users/shahid/.config/herdr/session.json workspaces=3
2026-08-10T01:40:34.825551Z  INFO herdr::logging: workspace focused event="workspace.focus" subsystem="workspace" outcome="ok" workspace_id="w6"
2026-08-10T01:40:34.825799Z  INFO herdr::logging: tab focused event="tab.focus" subsystem="tab" outcome="ok" workspace_id="w6" tab_id="w6:t1"
2026-08-10T01:40:39.829760Z  INFO herdr::logging: session saved event="persist.save" subsystem="persist" outcome="ok" path=/Users/shahid/.config/herdr/session.json workspaces=3
2026-08-10T01:41:57.547784Z  INFO herdr::logging: workspace focused event="workspace.focus" subsystem="workspace" outcome="ok" workspace_id="w5"
2026-08-10T01:41:57.548776Z  INFO herdr::logging: tab focused event="tab.focus" subsystem="tab" outcome="ok" workspace_id="w5" tab_id="w5:t2"
2026-08-10T01:42:02.556622Z  INFO herdr::logging: session saved event="persist.save" subsystem="persist" outcome="ok" path=/Users/shahid/.config/herdr/session.json workspaces=3
2026-08-10T01:42:08.870242Z  INFO herdr::logging: tab focused event="tab.focus" subsystem="tab" outcome="ok" workspace_id="w5" tab_id="w5:t1"
2026-08-10T01:42:13.872413Z  INFO herdr::logging: session saved event="persist.save" subsystem="persist" outcome="ok" path=/Users/shahid/.config/herdr/session.json workspaces=3
2026-08-10T01:47:19.309885Z  WARN herdr::raw_input: flushing lone escape after input timeout; if this follows an alt chord or focus switch it may reach the pane as plain esc bytes=[27]
2026-08-10T01:47:33.214290Z  INFO herdr::logging: tab focused event="tab.focus" subsystem="tab" outcome="ok" workspace_id="w5" tab_id="w5:t2"
2026-08-10T01:47:38.229014Z  INFO herdr::logging: session saved event="persist.save" subsystem="persist" outcome="ok" path=/Users/shahid/.config/herdr/session.json workspaces=3
2026-08-10T01:49:11.518170Z  INFO herdr::logging: workspace focused event="workspace.focus" subsystem="workspace" outcome="ok" workspace_id="w6"
2026-08-10T01:49:11.518571Z  INFO herdr::logging: tab focused event="tab.focus" subsystem="tab" outcome="ok" workspace_id="w6" tab_id="w6:t1"
2026-08-10T01:49:16.526184Z  INFO herdr::logging: session saved event="persist.save" subsystem="persist" outcome="ok" path=/Users/shahid/.config/herdr/session.json workspaces=3
2026-08-10T01:49:29.415892Z  INFO herdr::logging: workspace focused event="workspace.focus" subsystem="workspace" outcome="ok" workspace_id="w5"
2026-08-10T01:49:29.416159Z  INFO herdr::logging: tab focused event="tab.focus" subsystem="tab" outcome="ok" workspace_id="w5" tab_id="w5:t2"
2026-08-10T01:49:34.422841Z  INFO herdr::logging: session saved event="persist.save" subsystem="persist" outcome="ok" path=/Users/shahid/.config/herdr/session.json workspaces=3
2026-08-10T01:51:15.328635Z  INFO herdr::logging: workspace focused event="workspace.focus" subsystem="workspace" outcome="ok" workspace_id="w6"
2026-08-10T01:51:15.329003Z  INFO herdr::logging: tab focused event="tab.focus" subsystem="tab" outcome="ok" workspace_id="w6" tab_id="w6:t1"
2026-08-10T01:51:20.340453Z  INFO herdr::logging: session saved event="persist.save" subsystem="persist" outcome="ok" path=/Users/shahid/.config/herdr/session.json workspaces=3
2026-08-10T01:51:34.920326Z  INFO herdr::logging: workspace focused event="workspace.focus" subsystem="workspace" outcome="ok" workspace_id="w5"
2026-08-10T01:51:34.920420Z  INFO herdr::logging: tab focused event="tab.focus" subsystem="tab" outcome="ok" workspace_id="w5" tab_id="w5:t2"
2026-08-10T01:51:39.930024Z  INFO herdr::logging: session saved event="persist.save" subsystem="persist" outcome="ok" path=/Users/shahid/.config/herdr/session.json workspaces=3
2026-08-10T01:52:02.304798Z  INFO herdr::logging: tab focused event="tab.focus" subsystem="tab" outcome="ok" workspace_id="w5" tab_id="w5:t1"
2026-08-10T01:52:07.309578Z  INFO herdr::logging: session saved event="persist.save" subsystem="persist" outcome="ok" path=/Users/shahid/.config/herdr/session.json workspaces=3
2026-08-10T01:52:44.982311Z  INFO herdr::logging: tab focused event="tab.focus" subsystem="tab" outcome="ok" workspace_id="w5" tab_id="w5:t2"
2026-08-10T01:52:49.988803Z  INFO herdr::logging: session saved event="persist.save" subsystem="persist" outcome="ok" path=/Users/shahid/.config/herdr/session.json workspaces=3
2026-08-10T01:52:55.210897Z  INFO herdr::logging: tab focused event="tab.focus" subsystem="tab" outcome="ok" workspace_id="w5" tab_id="w5:t2"
2026-08-10T01:53:00.225900Z  INFO herdr::logging: session saved event="persist.save" subsystem="persist" outcome="ok" path=/Users/shahid/.config/herdr/session.json workspaces=3
2026-08-10T01:53:15.227766Z  INFO herdr::logging: session saved event="persist.save" subsystem="persist" outcome="ok" path=/Users/shahid/.config/herdr/session.json workspaces=3
2026-08-10T01:53:19.107099Z  INFO herdr::app::actions: copied selection to clipboard
2026-08-10T01:53:43.463663Z  INFO herdr::logging: tab focused event="tab.focus" subsystem="tab" outcome="ok" workspace_id="w5" tab_id="w5:t1"
2026-08-10T01:53:48.474251Z  INFO herdr::logging: session saved event="persist.save" subsystem="persist" outcome="ok" path=/Users/shahid/.config/herdr/session.json workspaces=3
2026-08-10T01:53:59.112551Z  WARN herdr::raw_input: flushing lone escape after input timeout; if this follows an alt chord or focus switch it may reach the pane as plain esc bytes=[27]
2026-08-10T01:54:03.169072Z  INFO herdr::logging: tab focused event="tab.focus" subsystem="tab" outcome="ok" workspace_id="w5" tab_id="w5:t2"
2026-08-10T01:54:08.179660Z  INFO herdr::logging: session saved event="persist.save" subsystem="persist" outcome="ok" path=/Users/shahid/.config/herdr/session.json workspaces=3
2026-08-10T01:54:32.646685Z  INFO herdr::app::actions: copied selection to clipboard
2026-08-10T01:55:47.232553Z  INFO herdr::logging: tab focused event="tab.focus" subsystem="tab" outcome="ok" workspace_id="w5" tab_id="w5:t1"
2026-08-10T01:55:52.236233Z  INFO herdr::logging: session saved event="persist.save" subsystem="persist" outcome="ok" path=/Users/shahid/.config/herdr/session.json workspaces=3
2026-08-10T01:58:01.682257Z  INFO herdr::logging: checking for updates event="update.check.start" subsystem="update" outcome="started"
2026-08-10T01:58:53.827392Z  INFO herdr::logging: tab focused event="tab.focus" subsystem="tab" outcome="ok" workspace_id="w5" tab_id="w5:t2"
2026-08-10T01:58:58.835197Z  INFO herdr::logging: session saved event="persist.save" subsystem="persist" outcome="ok" path=/Users/shahid/.config/herdr/session.json workspaces=3
2026-08-10T01:59:18.491620Z  INFO herdr::logging: tab focused event="tab.focus" subsystem="tab" outcome="ok" workspace_id="w5" tab_id="w5:t1"
2026-08-10T01:59:20.682776Z  INFO herdr::logging: tab focused event="tab.focus" subsystem="tab" outcome="ok" workspace_id="w5" tab_id="w5:t2"
2026-08-10T01:59:25.688617Z  INFO herdr::logging: session saved event="persist.save" subsystem="persist" outcome="ok" path=/Users/shahid/.config/herdr/session.json workspaces=3
2026-08-10T02:00:31.390678Z  INFO herdr::logging: tab focused event="tab.focus" subsystem="tab" outcome="ok" workspace_id="w5" tab_id="w5:t1"
2026-08-10T02:00:32.574925Z  INFO herdr::logging: tab focused event="tab.focus" subsystem="tab" outcome="ok" workspace_id="w5" tab_id="w5:t2"
2026-08-10T02:00:33.824091Z  INFO herdr::logging: workspace focused event="workspace.focus" subsystem="workspace" outcome="ok" workspace_id="w6"
2026-08-10T02:00:33.824202Z  INFO herdr::logging: tab focused event="tab.focus" subsystem="tab" outcome="ok" workspace_id="w6" tab_id="w6:t1"
2026-08-10T02:00:38.006524Z  INFO herdr::logging: workspace focused event="workspace.focus" subsystem="workspace" outcome="ok" workspace_id="w6"
2026-08-10T02:00:38.006615Z  INFO herdr::logging: tab focused event="tab.focus" subsystem="tab" outcome="ok" workspace_id="w6" tab_id="w6:t1"
2026-08-10T02:00:38.582918Z  INFO herdr::logging: workspace focused event="workspace.focus" subsystem="workspace" outcome="ok" workspace_id="w5"
2026-08-10T02:00:38.583107Z  INFO herdr::logging: tab focused event="tab.focus" subsystem="tab" outcome="ok" workspace_id="w5" tab_id="w5:t2"
2026-08-10T02:00:42.556554Z  INFO herdr::logging: tab focused event="tab.focus" subsystem="tab" outcome="ok" workspace_id="w5" tab_id="w5:t2"
2026-08-10T02:00:47.566686Z  INFO herdr::logging: session saved event="persist.save" subsystem="persist" outcome="ok" path=/Users/shahid/.config/herdr/session.json workspaces=3
2026-08-10T02:01:59.019585Z  INFO herdr::logging: workspace focused event="workspace.focus" subsystem="workspace" outcome="ok" workspace_id="w6"
2026-08-10T02:01:59.021013Z  INFO herdr::logging: tab focused event="tab.focus" subsystem="tab" outcome="ok" workspace_id="w6" tab_id="w6:t1"
2026-08-10T02:02:04.031348Z  INFO herdr::logging: session saved event="persist.save" subsystem="persist" outcome="ok" path=/Users/shahid/.config/herdr/session.json workspaces=3
2026-08-10T02:02:38.544901Z  INFO herdr::logging: workspace focused event="workspace.focus" subsystem="workspace" outcome="ok" workspace_id="w5"
2026-08-10T02:02:38.545044Z  INFO herdr::logging: tab focused event="tab.focus" subsystem="tab" outcome="ok" workspace_id="w5" tab_id="w5:t2"
2026-08-10T02:02:43.553961Z  INFO herdr::logging: session saved event="persist.save" subsystem="persist" outcome="ok" path=/Users/shahid/.config/herdr/session.json workspaces=3
2026-08-10T02:02:52.750911Z  INFO herdr::logging: session saved event="persist.save" subsystem="persist" outcome="ok" path=/Users/shahid/.config/herdr/session.json workspaces=3
2026-08-10T02:03:02.113711Z  INFO herdr::logging: tab focused event="tab.focus" subsystem="tab" outcome="ok" workspace_id="w5" tab_id="w5:t1"
2026-08-10T02:03:07.115541Z  INFO herdr::logging: session saved event="persist.save" subsystem="persist" outcome="ok" path=/Users/shahid/.config/herdr/session.json workspaces=3
2026-08-10T02:03:18.476752Z  WARN herdr::raw_input: flushing lone escape after input timeout; if this follows an alt chord or focus switch it may reach the pane as plain esc bytes=[27]
2026-08-10T02:03:40.475190Z  WARN herdr::raw_input: flushing lone escape after input timeout; if this follows an alt chord or focus switch it may reach the pane as plain esc bytes=[27]
2026-08-10T02:03:50.111071Z  INFO herdr::logging: tab focused event="tab.focus" subsystem="tab" outcome="ok" workspace_id="w5" tab_id="w5:t2"
2026-08-10T02:03:55.121870Z  INFO herdr::logging: session saved event="persist.save" subsystem="persist" outcome="ok" path=/Users/shahid/.config/herdr/session.json workspaces=3
2026-08-10T02:07:22.730876Z  INFO herdr::logging: tab focused event="tab.focus" subsystem="tab" outcome="ok" workspace_id="w5" tab_id="w5:t2"
2026-08-10T02:07:27.746160Z  INFO herdr::logging: session saved event="persist.save" subsystem="persist" outcome="ok" path=/Users/shahid/.config/herdr/session.json workspaces=3
2026-08-10T02:07:41.630873Z  INFO herdr::logging: session saved event="persist.save" subsystem="persist" outcome="ok" path=/Users/shahid/.config/herdr/session.json workspaces=3
2026-08-10T02:10:37.201842Z  INFO herdr::logging: tab focused event="tab.focus" subsystem="tab" outcome="ok" workspace_id="w5" tab_id="w5:t1"
2026-08-10T02:10:42.217422Z  INFO herdr::logging: session saved event="persist.save" subsystem="persist" outcome="ok" path=/Users/shahid/.config/herdr/session.json workspaces=3
2026-08-10T02:11:10.690367Z  INFO herdr::logging: tab focused event="tab.focus" subsystem="tab" outcome="ok" workspace_id="w5" tab_id="w5:t2"
2026-08-10T02:11:15.698301Z  INFO herdr::logging: session saved event="persist.save" subsystem="persist" outcome="ok" path=/Users/shahid/.config/herdr/session.json workspaces=3
2026-08-10T02:11:35.501673Z  INFO herdr::logging: tab focused event="tab.focus" subsystem="tab" outcome="ok" workspace_id="w5" tab_id="w5:t1"
2026-08-10T02:11:40.509945Z  INFO herdr::logging: session saved event="persist.save" subsystem="persist" outcome="ok" path=/Users/shahid/.config/herdr/session.json workspaces=3
2026-08-10T02:11:44.743746Z  WARN herdr::raw_input: flushing lone escape after input timeout; if this follows an alt chord or focus switch it may reach the pane as plain esc bytes=[27]
2026-08-10T02:11:47.814871Z  INFO herdr::logging: tab focused event="tab.focus" subsystem="tab" outcome="ok" workspace_id="w5" tab_id="w5:t2"
2026-08-10T02:11:52.820055Z  INFO herdr::logging: session saved event="persist.save" subsystem="persist" outcome="ok" path=/Users/shahid/.config/herdr/session.json workspaces=3
2026-08-10T02:13:45.554143Z  INFO herdr::logging: tab focused event="tab.focus" subsystem="tab" outcome="ok" workspace_id="w5" tab_id="w5:t1"
2026-08-10T02:13:50.567833Z  INFO herdr::logging: session saved event="persist.save" subsystem="persist" outcome="ok" path=/Users/shahid/.config/herdr/session.json workspaces=3
2026-08-10T02:14:07.719778Z  WARN herdr::raw_input: flushing lone escape after input timeout; if this follows an alt chord or focus switch it may reach the pane as plain esc bytes=[27]
2026-08-10T02:14:12.207318Z  INFO herdr::logging: tab focused event="tab.focus" subsystem="tab" outcome="ok" workspace_id="w5" tab_id="w5:t2"
2026-08-10T02:14:14.548246Z  INFO herdr::logging: tab focused event="tab.focus" subsystem="tab" outcome="ok" workspace_id="w5" tab_id="w5:t2"
2026-08-10T02:14:19.555367Z  INFO herdr::logging: session saved event="persist.save" subsystem="persist" outcome="ok" path=/Users/shahid/.config/herdr/session.json workspaces=3
2026-08-10T02:14:46.283794Z  INFO herdr::logging: tab focused event="tab.focus" subsystem="tab" outcome="ok" workspace_id="w5" tab_id="w5:t2"
2026-08-10T02:14:51.292672Z  INFO herdr::logging: session saved event="persist.save" subsystem="persist" outcome="ok" path=/Users/shahid/.config/herdr/session.json workspaces=3
2026-08-10T02:16:55.180810Z  INFO herdr::app::actions: copied selection to clipboard
2026-08-10T02:17:28.048515Z  INFO herdr::logging: tab focused event="tab.focus" subsystem="tab" outcome="ok" workspace_id="w5" tab_id="w5:t2"
2026-08-10T02:17:33.060689Z  INFO herdr::logging: session saved event="persist.save" subsystem="persist" outcome="ok" path=/Users/shahid/.config/herdr/session.json workspaces=3
2026-08-10T02:17:34.072596Z  INFO herdr::logging: tab focused event="tab.focus" subsystem="tab" outcome="ok" workspace_id="w5" tab_id="w5:t2"
2026-08-10T02:17:38.067072Z  INFO herdr::app::actions: copied selection to clipboard
2026-08-10T02:17:39.092658Z  INFO herdr::logging: session saved event="persist.save" subsystem="persist" outcome="ok" path=/Users/shahid/.config/herdr/session.json workspaces=3
2026-08-10T02:17:47.376547Z  INFO herdr::logging: tab focused event="tab.focus" subsystem="tab" outcome="ok" workspace_id="w5" tab_id="w5:t2"
2026-08-10T02:17:48.231287Z  INFO herdr::logging: tab focused event="tab.focus" subsystem="tab" outcome="ok" workspace_id="w5" tab_id="w5:t1"
2026-08-10T02:17:53.238589Z  INFO herdr::logging: session saved event="persist.save" subsystem="persist" outcome="ok" path=/Users/shahid/.config/herdr/session.json workspaces=3
2026-08-10T02:19:41.541284Z  WARN herdr::raw_input: flushing lone escape after input timeout; if this follows an alt chord or focus switch it may reach the pane as plain esc bytes=[27]
2026-08-10T02:19:59.927645Z  WARN herdr::raw_input: flushing lone escape after input timeout; if this follows an alt chord or focus switch it may reach the pane as plain esc bytes=[27]
2026-08-10T02:20:02.009265Z  WARN herdr::raw_input: flushing lone escape after input timeout; if this follows an alt chord or focus switch it may reach the pane as plain esc bytes=[27]
2026-08-10T02:20:14.413866Z  WARN herdr::raw_input: flushing lone escape after input timeout; if this follows an alt chord or focus switch it may reach the pane as plain esc bytes=[27]
2026-08-10T02:20:25.437803Z  WARN herdr::raw_input: flushing lone escape after input timeout; if this follows an alt chord or focus switch it may reach the pane as plain esc bytes=[27]
2026-08-10T02:20:28.406947Z  WARN herdr::raw_input: flushing lone escape after input timeout; if this follows an alt chord or focus switch it may reach the pane as plain esc bytes=[27]
2026-08-10T02:20:45.183045Z  WARN herdr::raw_input: flushing lone escape after input timeout; if this follows an alt chord or focus switch it may reach the pane as plain esc bytes=[27]
2026-08-10T02:20:48.686685Z  WARN herdr::raw_input: flushing lone escape after input timeout; if this follows an alt chord or focus switch it may reach the pane as plain esc bytes=[27]
2026-08-10T02:21:03.090900Z  WARN herdr::raw_input: flushing lone escape after input timeout; if this follows an alt chord or focus switch it may reach the pane as plain esc bytes=[27]
2026-08-10T02:21:12.327486Z  WARN herdr::raw_input: flushing lone escape after input timeout; if this follows an alt chord or focus switch it may reach the pane as plain esc bytes=[27]
2026-08-10T02:21:12.868031Z  WARN herdr::raw_input: flushing lone escape after input timeout; if this follows an alt chord or focus switch it may reach the pane as plain esc bytes=[27]
2026-08-10T02:21:13.398847Z  WARN herdr::raw_input: flushing lone escape after input timeout; if this follows an alt chord or focus switch it may reach the pane as plain esc bytes=[27]
2026-08-10T02:21:16.331534Z  WARN herdr::raw_input: flushing lone escape after input timeout; if this follows an alt chord or focus switch it may reach the pane as plain esc bytes=[27]
2026-08-10T02:21:16.665404Z  WARN herdr::raw_input: flushing lone escape after input timeout; if this follows an alt chord or focus switch it may reach the pane as plain esc bytes=[27]
2026-08-10T02:21:17.445384Z  WARN herdr::raw_input: flushing lone escape after input timeout; if this follows an alt chord or focus switch it may reach the pane as plain esc bytes=[27]
2026-08-10T02:21:18.166049Z  WARN herdr::raw_input: flushing lone escape after input timeout; if this follows an alt chord or focus switch it may reach the pane as plain esc bytes=[27]
2026-08-10T02:21:39.515692Z  WARN herdr::raw_input: flushing lone escape after input timeout; if this follows an alt chord or focus switch it may reach the pane as plain esc bytes=[27]
2026-08-10T02:22:00.597861Z  WARN herdr::raw_input: flushing lone escape after input timeout; if this follows an alt chord or focus switch it may reach the pane as plain esc bytes=[27]
2026-08-10T02:24:38.786751Z  WARN herdr::raw_input: flushing lone escape after input timeout; if this follows an alt chord or focus switch it may reach the pane as plain esc bytes=[27]
2026-08-10T02:24:44.799126Z  WARN herdr::raw_input: flushing lone escape after input timeout; if this follows an alt chord or focus switch it may reach the pane as plain esc bytes=[27]
2026-08-10T02:24:49.343050Z  WARN herdr::raw_input: flushing lone escape after input timeout; if this follows an alt chord or focus switch it may reach the pane as plain esc bytes=[27]
2026-08-10T02:24:51.503366Z  WARN herdr::raw_input: flushing lone escape after input timeout; if this follows an alt chord or focus switch it may reach the pane as plain esc bytes=[27]
2026-08-10T02:24:55.163610Z  WARN herdr::raw_input: flushing lone escape after input timeout; if this follows an alt chord or focus switch it may reach the pane as plain esc bytes=[27]
2026-08-10T02:25:03.807059Z  WARN herdr::raw_input: flushing lone escape after input timeout; if this follows an alt chord or focus switch it may reach the pane as plain esc bytes=[27]
2026-08-10T02:26:09.612676Z  WARN herdr::raw_input: flushing lone escape after input timeout; if this follows an alt chord or focus switch it may reach the pane as plain esc bytes=[27]
2026-08-10T02:26:16.374906Z  WARN herdr::raw_input: flushing lone escape after input timeout; if this follows an alt chord or focus switch it may reach the pane as plain esc bytes=[27]
2026-08-10T02:26:18.907898Z  WARN herdr::raw_input: flushing lone escape after input timeout; if this follows an alt chord or focus switch it may reach the pane as plain esc bytes=[27]
2026-08-10T02:26:34.394735Z  WARN herdr::raw_input: flushing lone escape after input timeout; if this follows an alt chord or focus switch it may reach the pane as plain esc bytes=[27]
2026-08-10T02:27:16.168721Z  WARN herdr::raw_input: flushing lone escape after input timeout; if this follows an alt chord or focus switch it may reach the pane as plain esc bytes=[27]
2026-08-10T02:27:31.992632Z  WARN herdr::raw_input: flushing lone escape after input timeout; if this follows an alt chord or focus switch it may reach the pane as plain esc bytes=[27]
2026-08-10T02:27:42.251357Z  WARN herdr::raw_input: flushing lone escape after input timeout; if this follows an alt chord or focus switch it may reach the pane as plain esc bytes=[27]
2026-08-10T02:28:01.697198Z  INFO herdr::logging: checking for updates event="update.check.start" subsystem="update" outcome="started"
2026-08-10T02:28:49.018765Z  WARN herdr::raw_input: flushing lone escape after input timeout; if this follows an alt chord or focus switch it may reach the pane as plain esc bytes=[27]
2026-08-10T02:28:53.215792Z  WARN herdr::raw_input: flushing lone escape after input timeout; if this follows an alt chord or focus switch it may reach the pane as plain esc bytes=[27]
2026-08-10T02:28:57.205796Z  WARN herdr::raw_input: flushing lone escape after input timeout; if this follows an alt chord or focus switch it may reach the pane as plain esc bytes=[27]
2026-08-10T02:29:01.660254Z  WARN herdr::raw_input: flushing lone escape after input timeout; if this follows an alt chord or focus switch it may reach the pane as plain esc bytes=[27]
2026-08-10T02:29:10.542434Z  WARN herdr::raw_input: flushing lone escape after input timeout; if this follows an alt chord or focus switch it may reach the pane as plain esc bytes=[27]
2026-08-10T02:30:42.347237Z  WARN herdr::raw_input: flushing lone escape after input timeout; if this follows an alt chord or focus switch it may reach the pane as plain esc bytes=[27]
2026-08-10T02:31:08.111433Z  WARN herdr::raw_input: flushing lone escape after input timeout; if this follows an alt chord or focus switch it may reach the pane as plain esc bytes=[27]
2026-08-10T02:32:38.331542Z  WARN herdr::raw_input: flushing lone escape after input timeout; if this follows an alt chord or focus switch it may reach the pane as plain esc bytes=[27]
2026-08-10T02:32:49.834408Z  WARN herdr::raw_input: flushing lone escape after input timeout; if this follows an alt chord or focus switch it may reach the pane as plain esc bytes=[27]
2026-08-10T02:33:18.901436Z  INFO herdr::logging: tab focused event="tab.focus" subsystem="tab" outcome="ok" workspace_id="w5" tab_id="w5:t2"
2026-08-10T02:33:20.792008Z  INFO herdr::logging: tab focused event="tab.focus" subsystem="tab" outcome="ok" workspace_id="w5" tab_id="w5:t2"
2026-08-10T02:33:23.268037Z  INFO herdr::logging: tab focused event="tab.focus" subsystem="tab" outcome="ok" workspace_id="w5" tab_id="w5:t2"
2026-08-10T02:33:28.280430Z  INFO herdr::logging: session saved event="persist.save" subsystem="persist" outcome="ok" path=/Users/shahid/.config/herdr/session.json workspaces=3
2026-08-10T02:34:11.808969Z  INFO herdr::logging: tab focused event="tab.focus" subsystem="tab" outcome="ok" workspace_id="w5" tab_id="w5:t2"
2026-08-10T02:34:16.821578Z  INFO herdr::logging: session saved event="persist.save" subsystem="persist" outcome="ok" path=/Users/shahid/.config/herdr/session.json workspaces=3
2026-08-10T02:37:08.728772Z  INFO herdr::logging: workspace focused event="workspace.focus" subsystem="workspace" outcome="ok" workspace_id="w6"
2026-08-10T02:37:08.731164Z  INFO herdr::logging: tab focused event="tab.focus" subsystem="tab" outcome="ok" workspace_id="w6" tab_id="w6:t1"
2026-08-10T02:37:13.742572Z  INFO herdr::logging: session saved event="persist.save" subsystem="persist" outcome="ok" path=/Users/shahid/.config/herdr/session.json workspaces=3
2026-08-10T02:42:00.287937Z  INFO herdr::logging: workspace focused event="workspace.focus" subsystem="workspace" outcome="ok" workspace_id="w5"
2026-08-10T02:42:00.289353Z  INFO herdr::logging: tab focused event="tab.focus" subsystem="tab" outcome="ok" workspace_id="w5" tab_id="w5:t2"
2026-08-10T02:42:00.723445Z  INFO herdr::logging: workspace focused event="workspace.focus" subsystem="workspace" outcome="ok" workspace_id="w4"
2026-08-10T02:42:00.723646Z  INFO herdr::logging: tab focused event="tab.focus" subsystem="tab" outcome="ok" workspace_id="w4" tab_id="w4:t3"
2026-08-10T02:42:05.729869Z  INFO herdr::logging: session saved event="persist.save" subsystem="persist" outcome="ok" path=/Users/shahid/.config/herdr/session.json workspaces=3
2026-08-10T02:42:05.813952Z  INFO herdr::logging: tab focused event="tab.focus" subsystem="tab" outcome="ok" workspace_id="w4" tab_id="w4:t1"
2026-08-10T02:42:10.823134Z  INFO herdr::logging: session saved event="persist.save" subsystem="persist" outcome="ok" path=/Users/shahid/.config/herdr/session.json workspaces=3
2026-08-10T02:44:37.210268Z  INFO herdr::logging: workspace focused event="workspace.focus" subsystem="workspace" outcome="ok" workspace_id="w6"
2026-08-10T02:44:37.210544Z  INFO herdr::logging: tab focused event="tab.focus" subsystem="tab" outcome="ok" workspace_id="w6" tab_id="w6:t1"
2026-08-10T02:44:40.888423Z  INFO herdr::logging: workspace focused event="workspace.focus" subsystem="workspace" outcome="ok" workspace_id="w4"
2026-08-10T02:44:40.888590Z  INFO herdr::logging: tab focused event="tab.focus" subsystem="tab" outcome="ok" workspace_id="w4" tab_id="w4:t1"
2026-08-10T02:44:45.900134Z  INFO herdr::logging: session saved event="persist.save" subsystem="persist" outcome="ok" path=/Users/shahid/.config/herdr/session.json workspaces=3
2026-08-10T02:44:50.579500Z  INFO herdr::logging: tab focused event="tab.focus" subsystem="tab" outcome="ok" workspace_id="w4" tab_id="w4:t1"
2026-08-10T02:44:55.592144Z  INFO herdr::logging: session saved event="persist.save" subsystem="persist" outcome="ok" path=/Users/shahid/.config/herdr/session.json workspaces=3
2026-08-10T02:45:05.021533Z  INFO herdr::logging: tab focused event="tab.focus" subsystem="tab" outcome="ok" workspace_id="w4" tab_id="w4:t1"
2026-08-10T02:45:08.410577Z  INFO herdr::logging: tab focused event="tab.focus" subsystem="tab" outcome="ok" workspace_id="w4" tab_id="w4:t1"
2026-08-10T02:45:13.413654Z  INFO herdr::logging: session saved event="persist.save" subsystem="persist" outcome="ok" path=/Users/shahid/.config/herdr/session.json workspaces=3
2026-08-10T02:45:20.894799Z  INFO herdr::logging: tab focused event="tab.focus" subsystem="tab" outcome="ok" workspace_id="w4" tab_id="w4:t1"
2026-08-10T02:45:25.904644Z  INFO herdr::logging: session saved event="persist.save" subsystem="persist" outcome="ok" path=/Users/shahid/.config/herdr/session.json workspaces=3
2026-08-10T02:58:01.738716Z  INFO herdr::logging: checking for updates event="update.check.start" subsystem="update" outcome="started"
2026-08-10T03:04:45.855025Z  INFO herdr::logging: tab focused event="tab.focus" subsystem="tab" outcome="ok" workspace_id="w4" tab_id="w4:t2"
2026-08-10T03:04:49.009510Z  INFO herdr::logging: tab focused event="tab.focus" subsystem="tab" outcome="ok" workspace_id="w4" tab_id="w4:t1"
2026-08-10T03:04:54.020813Z  INFO herdr::logging: session saved event="persist.save" subsystem="persist" outcome="ok" path=/Users/shahid/.config/herdr/session.json workspaces=3
2026-08-10T03:04:54.978201Z  INFO herdr::logging: tab focused event="tab.focus" subsystem="tab" outcome="ok" workspace_id="w4" tab_id="w4:t3"
2026-08-10T03:04:59.986856Z  INFO herdr::logging: session saved event="persist.save" subsystem="persist" outcome="ok" path=/Users/shahid/.config/herdr/session.json workspaces=3
2026-08-10T03:05:01.065503Z  INFO herdr::logging: tab focused event="tab.focus" subsystem="tab" outcome="ok" workspace_id="w4" tab_id="w4:t1"
2026-08-10T03:05:04.843487Z  INFO herdr::logging: tab focused event="tab.focus" subsystem="tab" outcome="ok" workspace_id="w4" tab_id="w4:t3"
2026-08-10T03:05:05.921480Z  INFO herdr::logging: tab focused event="tab.focus" subsystem="tab" outcome="ok" workspace_id="w4" tab_id="w4:t3"
2026-08-10T03:05:10.946840Z  INFO herdr::logging: session saved event="persist.save" subsystem="persist" outcome="ok" path=/Users/shahid/.config/herdr/session.json workspaces=3
2026-08-10T03:05:20.686690Z  INFO herdr::logging: tab focused event="tab.focus" subsystem="tab" outcome="ok" workspace_id="w4" tab_id="w4:t3"
2026-08-10T03:05:25.694197Z  INFO herdr::logging: session saved event="persist.save" subsystem="persist" outcome="ok" path=/Users/shahid/.config/herdr/session.json workspaces=3
2026-08-10T03:05:25.841073Z  INFO herdr::logging: tab focused event="tab.focus" subsystem="tab" outcome="ok" workspace_id="w4" tab_id="w4:t1"
2026-08-10T03:05:27.370734Z  INFO herdr::logging: tab focused event="tab.focus" subsystem="tab" outcome="ok" workspace_id="w4" tab_id="w4:t3"
2026-08-10T03:05:28.631755Z  INFO herdr::logging: tab focused event="tab.focus" subsystem="tab" outcome="ok" workspace_id="w4" tab_id="w4:t3"
2026-08-10T03:05:33.634534Z  INFO herdr::logging: session saved event="persist.save" subsystem="persist" outcome="ok" path=/Users/shahid/.config/herdr/session.json workspaces=3
2026-08-10T03:05:52.397391Z  WARN herdr::raw_input: flushing lone escape after input timeout; if this follows an alt chord or focus switch it may reach the pane as plain esc bytes=[27]
2026-08-10T03:05:54.120066Z  WARN herdr::raw_input: flushing lone escape after input timeout; if this follows an alt chord or focus switch it may reach the pane as plain esc bytes=[27]
2026-08-10T03:05:57.002260Z  INFO herdr::logging: tab focused event="tab.focus" subsystem="tab" outcome="ok" workspace_id="w4" tab_id="w4:t3"
2026-08-10T03:06:02.011045Z  INFO herdr::logging: session saved event="persist.save" subsystem="persist" outcome="ok" path=/Users/shahid/.config/herdr/session.json workspaces=3
2026-08-10T03:06:06.451116Z  WARN herdr::raw_input: flushing lone escape after input timeout; if this follows an alt chord or focus switch it may reach the pane as plain esc bytes=[27]
2026-08-10T03:06:10.653259Z  INFO herdr::logging: tab focused event="tab.focus" subsystem="tab" outcome="ok" workspace_id="w4" tab_id="w4:t3"
2026-08-10T03:06:15.659551Z  INFO herdr::logging: session saved event="persist.save" subsystem="persist" outcome="ok" path=/Users/shahid/.config/herdr/session.json workspaces=3
2026-08-10T03:06:16.753431Z  INFO herdr::logging: tab focused event="tab.focus" subsystem="tab" outcome="ok" workspace_id="w4" tab_id="w4:t3"
2026-08-10T03:06:21.758583Z  INFO herdr::logging: session saved event="persist.save" subsystem="persist" outcome="ok" path=/Users/shahid/.config/herdr/session.json workspaces=3
2026-08-10T03:28:01.738843Z  INFO herdr::logging: checking for updates event="update.check.start" subsystem="update" outcome="started"
2026-08-10T03:58:01.768065Z  INFO herdr::logging: checking for updates event="update.check.start" subsystem="update" outcome="started"
2026-08-10T04:28:01.741627Z  INFO herdr::logging: checking for updates event="update.check.start" subsystem="update" outcome="started"
2026-08-10T04:58:01.727947Z  INFO herdr::logging: checking for updates event="update.check.start" subsystem="update" outcome="started"
2026-08-10T05:28:01.758588Z  INFO herdr::logging: checking for updates event="update.check.start" subsystem="update" outcome="started"
2026-08-10T05:58:01.752217Z  INFO herdr::logging: checking for updates event="update.check.start" subsystem="update" outcome="started"
2026-08-10T06:28:02.670867Z  INFO herdr::logging: checking for updates event="update.check.start" subsystem="update" outcome="started"
2026-08-10T06:38:34.187996Z  INFO herdr::logging: tab focused event="tab.focus" subsystem="tab" outcome="ok" workspace_id="w4" tab_id="w4:t3"
2026-08-10T06:38:39.216266Z  INFO herdr::logging: session saved event="persist.save" subsystem="persist" outcome="ok" path=/Users/shahid/.config/herdr/session.json workspaces=3
2026-08-10T06:38:39.731220Z  INFO herdr::logging: tab focused event="tab.focus" subsystem="tab" outcome="ok" workspace_id="w4" tab_id="w4:t3"
2026-08-10T06:38:44.744910Z  INFO herdr::logging: session saved event="persist.save" subsystem="persist" outcome="ok" path=/Users/shahid/.config/herdr/session.json workspaces=3
2026-08-10T06:38:57.584442Z  INFO herdr::logging: tab focused event="tab.focus" subsystem="tab" outcome="ok" workspace_id="w4" tab_id="w4:t3"
2026-08-10T06:39:02.600853Z  INFO herdr::logging: session saved event="persist.save" subsystem="persist" outcome="ok" path=/Users/shahid/.config/herdr/session.json workspaces=3
2026-08-10T06:39:16.084407Z  WARN herdr::raw_input: flushing lone escape after input timeout; if this follows an alt chord or focus switch it may reach the pane as plain esc bytes=[27]
2026-08-10T06:39:16.533357Z  WARN herdr::raw_input: flushing lone escape after input timeout; if this follows an alt chord or focus switch it may reach the pane as plain esc bytes=[27]
2026-08-10T06:42:59.512092Z  INFO herdr::logging: tab focused event="tab.focus" subsystem="tab" outcome="ok" workspace_id="w4" tab_id="w4:t1"
2026-08-10T06:43:04.523705Z  INFO herdr::logging: session saved event="persist.save" subsystem="persist" outcome="ok" path=/Users/shahid/.config/herdr/session.json workspaces=3
2026-08-10T06:48:00.104023Z  INFO herdr::logging: tab focused event="tab.focus" subsystem="tab" outcome="ok" workspace_id="w4" tab_id="w4:t1"
2026-08-10T06:48:05.118120Z  INFO herdr::logging: session saved event="persist.save" subsystem="persist" outcome="ok" path=/Users/shahid/.config/herdr/session.json workspaces=3
2026-08-10T06:48:07.976382Z  INFO herdr::logging: tab focused event="tab.focus" subsystem="tab" outcome="ok" workspace_id="w4" tab_id="w4:t1"
2026-08-10T06:48:12.983662Z  INFO herdr::logging: session saved event="persist.save" subsystem="persist" outcome="ok" path=/Users/shahid/.config/herdr/session.json workspaces=3
2026-08-10T06:48:48.787632Z  INFO herdr::logging: tab focused event="tab.focus" subsystem="tab" outcome="ok" workspace_id="w4" tab_id="w4:t3"
2026-08-10T06:48:52.365630Z  INFO herdr::logging: tab focused event="tab.focus" subsystem="tab" outcome="ok" workspace_id="w4" tab_id="w4:t2"
2026-08-10T06:48:54.900153Z  INFO herdr::logging: tab focused event="tab.focus" subsystem="tab" outcome="ok" workspace_id="w4" tab_id="w4:t1"
2026-08-10T06:48:59.904393Z  INFO herdr::logging: session saved event="persist.save" subsystem="persist" outcome="ok" path=/Users/shahid/.config/herdr/session.json workspaces=3
2026-08-10T06:49:08.337037Z  INFO herdr::logging: tab focused event="tab.focus" subsystem="tab" outcome="ok" workspace_id="w4" tab_id="w4:t3"
2026-08-10T06:49:13.342225Z  INFO herdr::logging: session saved event="persist.save" subsystem="persist" outcome="ok" path=/Users/shahid/.config/herdr/session.json workspaces=3
2026-08-10T06:51:35.630009Z  INFO herdr::logging: tab focused event="tab.focus" subsystem="tab" outcome="ok" workspace_id="w4" tab_id="w4:t1"
2026-08-10T06:51:40.638147Z  INFO herdr::logging: session saved event="persist.save" subsystem="persist" outcome="ok" path=/Users/shahid/.config/herdr/session.json workspaces=3
2026-08-10T06:52:27.385988Z  INFO herdr::logging: tab focused event="tab.focus" subsystem="tab" outcome="ok" workspace_id="w4" tab_id="w4:t3"
2026-08-10T06:52:32.395621Z  INFO herdr::logging: session saved event="persist.save" subsystem="persist" outcome="ok" path=/Users/shahid/.config/herdr/session.json workspaces=3
2026-08-10T06:52:42.198272Z  INFO herdr::logging: tab focused event="tab.focus" subsystem="tab" outcome="ok" workspace_id="w4" tab_id="w4:t3"
2026-08-10T06:52:47.205235Z  INFO herdr::logging: session saved event="persist.save" subsystem="persist" outcome="ok" path=/Users/shahid/.config/herdr/session.json workspaces=3
2026-08-10T06:52:53.009247Z  INFO herdr::logging: tab focused event="tab.focus" subsystem="tab" outcome="ok" workspace_id="w4" tab_id="w4:t3"
2026-08-10T06:52:58.017232Z  INFO herdr::logging: session saved event="persist.save" subsystem="persist" outcome="ok" path=/Users/shahid/.config/herdr/session.json workspaces=3
2026-08-10T06:53:00.856214Z  INFO herdr::logging: tab focused event="tab.focus" subsystem="tab" outcome="ok" workspace_id="w4" tab_id="w4:t3"
2026-08-10T06:53:05.865267Z  INFO herdr::logging: session saved event="persist.save" subsystem="persist" outcome="ok" path=/Users/shahid/.config/herdr/session.json workspaces=3
2026-08-10T06:53:07.600633Z  WARN herdr::raw_input: flushing lone escape after input timeout; if this follows an alt chord or focus switch it may reach the pane as plain esc bytes=[27]
2026-08-10T06:53:15.323579Z  INFO herdr::logging: tab focused event="tab.focus" subsystem="tab" outcome="ok" workspace_id="w4" tab_id="w4:t3"
2026-08-10T06:53:20.330712Z  INFO herdr::logging: session saved event="persist.save" subsystem="persist" outcome="ok" path=/Users/shahid/.config/herdr/session.json workspaces=3
2026-08-10T06:55:03.930552Z  INFO herdr::logging: tab focused event="tab.focus" subsystem="tab" outcome="ok" workspace_id="w4" tab_id="w4:t3"
2026-08-10T06:55:08.944143Z  INFO herdr::logging: session saved event="persist.save" subsystem="persist" outcome="ok" path=/Users/shahid/.config/herdr/session.json workspaces=3
2026-08-10T06:55:09.639886Z  INFO herdr::logging: tab focused event="tab.focus" subsystem="tab" outcome="ok" workspace_id="w4" tab_id="w4:t3"
2026-08-10T06:55:14.682165Z  INFO herdr::logging: session saved event="persist.save" subsystem="persist" outcome="ok" path=/Users/shahid/.config/herdr/session.json workspaces=3
2026-08-10T06:56:07.257879Z  INFO herdr::logging: tab focused event="tab.focus" subsystem="tab" outcome="ok" workspace_id="w4" tab_id="w4:t3"
2026-08-10T06:56:11.932551Z  INFO herdr::logging: tab focused event="tab.focus" subsystem="tab" outcome="ok" workspace_id="w4" tab_id="w4:t1"
2026-08-10T06:56:16.684995Z  INFO herdr::logging: tab focused event="tab.focus" subsystem="tab" outcome="ok" workspace_id="w4" tab_id="w4:t3"
2026-08-10T06:56:21.702703Z  INFO herdr::logging: session saved event="persist.save" subsystem="persist" outcome="ok" path=/Users/shahid/.config/herdr/session.json workspaces=3
2026-08-10T06:56:37.054492Z  INFO herdr::logging: tab focused event="tab.focus" subsystem="tab" outcome="ok" workspace_id="w4" tab_id="w4:t3"
2026-08-10T06:56:42.061437Z  INFO herdr::logging: session saved event="persist.save" subsystem="persist" outcome="ok" path=/Users/shahid/.config/herdr/session.json workspaces=3
2026-08-10T06:56:53.806201Z  INFO herdr::logging: tab focused event="tab.focus" subsystem="tab" outcome="ok" workspace_id="w4" tab_id="w4:t3"
2026-08-10T06:56:58.814181Z  INFO herdr::logging: session saved event="persist.save" subsystem="persist" outcome="ok" path=/Users/shahid/.config/herdr/session.json workspaces=3
2026-08-10T06:58:03.095392Z  INFO herdr::logging: checking for updates event="update.check.start" subsystem="update" outcome="started"
2026-08-10T06:59:36.947095Z  INFO herdr::logging: tab focused event="tab.focus" subsystem="tab" outcome="ok" workspace_id="w4" tab_id="w4:t1"
2026-08-10T06:59:38.654164Z  INFO herdr::logging: tab focused event="tab.focus" subsystem="tab" outcome="ok" workspace_id="w4" tab_id="w4:t3"
2026-08-10T06:59:40.709424Z  INFO herdr::logging: tab focused event="tab.focus" subsystem="tab" outcome="ok" workspace_id="w4" tab_id="w4:t3"
2026-08-10T06:59:45.727246Z  INFO herdr::logging: session saved event="persist.save" subsystem="persist" outcome="ok" path=/Users/shahid/.config/herdr/session.json workspaces=3
2026-08-10T07:02:57.641332Z  INFO herdr::logging: tab focused event="tab.focus" subsystem="tab" outcome="ok" workspace_id="w4" tab_id="w4:t1"
2026-08-10T07:02:59.816802Z  INFO herdr::logging: tab focused event="tab.focus" subsystem="tab" outcome="ok" workspace_id="w4" tab_id="w4:t1"
2026-08-10T07:03:04.825811Z  INFO herdr::logging: session saved event="persist.save" subsystem="persist" outcome="ok" path=/Users/shahid/.config/herdr/session.json workspaces=3
2026-08-10T07:03:45.435586Z  INFO herdr::logging: tab focused event="tab.focus" subsystem="tab" outcome="ok" workspace_id="w4" tab_id="w4:t3"
2026-08-10T07:03:47.312275Z  INFO herdr::logging: tab focused event="tab.focus" subsystem="tab" outcome="ok" workspace_id="w4" tab_id="w4:t3"
2026-08-10T07:03:49.251727Z  INFO herdr::logging: tab focused event="tab.focus" subsystem="tab" outcome="ok" workspace_id="w4" tab_id="w4:t3"
2026-08-10T07:03:54.263613Z  INFO herdr::logging: session saved event="persist.save" subsystem="persist" outcome="ok" path=/Users/shahid/.config/herdr/session.json workspaces=3
2026-08-10T07:03:57.714961Z  INFO herdr::logging: tab focused event="tab.focus" subsystem="tab" outcome="ok" workspace_id="w4" tab_id="w4:t1"
2026-08-10T07:04:00.121040Z  INFO herdr::logging: tab focused event="tab.focus" subsystem="tab" outcome="ok" workspace_id="w4" tab_id="w4:t1"
2026-08-10T07:04:05.130674Z  INFO herdr::logging: session saved event="persist.save" subsystem="persist" outcome="ok" path=/Users/shahid/.config/herdr/session.json workspaces=3
2026-08-10T07:04:17.126241Z  INFO herdr::logging: tab focused event="tab.focus" subsystem="tab" outcome="ok" workspace_id="w4" tab_id="w4:t3"
2026-08-10T07:04:18.545041Z  INFO herdr::logging: tab focused event="tab.focus" subsystem="tab" outcome="ok" workspace_id="w4" tab_id="w4:t3"
2026-08-10T07:04:23.565004Z  INFO herdr::logging: session saved event="persist.save" subsystem="persist" outcome="ok" path=/Users/shahid/.config/herdr/session.json workspaces=3
2026-08-10T07:04:24.406108Z  INFO herdr::logging: tab focused event="tab.focus" subsystem="tab" outcome="ok" workspace_id="w4" tab_id="w4:t3"
2026-08-10T07:04:28.211058Z  INFO herdr::logging: tab focused event="tab.focus" subsystem="tab" outcome="ok" workspace_id="w4" tab_id="w4:t1"
2026-08-10T07:04:33.257186Z  INFO herdr::logging: session saved event="persist.save" subsystem="persist" outcome="ok" path=/Users/shahid/.config/herdr/session.json workspaces=3
2026-08-10T07:05:08.481155Z  INFO herdr::logging: tab focused event="tab.focus" subsystem="tab" outcome="ok" workspace_id="w4" tab_id="w4:t3"
2026-08-10T07:05:11.470633Z  INFO herdr::logging: tab focused event="tab.focus" subsystem="tab" outcome="ok" workspace_id="w4" tab_id="w4:t3"
2026-08-10T07:05:16.497045Z  INFO herdr::logging: session saved event="persist.save" subsystem="persist" outcome="ok" path=/Users/shahid/.config/herdr/session.json workspaces=3
2026-08-10T07:05:43.732800Z  INFO herdr::logging: tab focused event="tab.focus" subsystem="tab" outcome="ok" workspace_id="w4" tab_id="w4:t3"
2026-08-10T07:05:48.752768Z  INFO herdr::logging: session saved event="persist.save" subsystem="persist" outcome="ok" path=/Users/shahid/.config/herdr/session.json workspaces=3
2026-08-10T07:05:54.105868Z  INFO herdr::logging: tab focused event="tab.focus" subsystem="tab" outcome="ok" workspace_id="w4" tab_id="w4:t3"
2026-08-10T07:05:59.111259Z  INFO herdr::logging: session saved event="persist.save" subsystem="persist" outcome="ok" path=/Users/shahid/.config/herdr/session.json workspaces=3
2026-08-10T07:06:00.557528Z  INFO herdr::logging: tab focused event="tab.focus" subsystem="tab" outcome="ok" workspace_id="w4" tab_id="w4:t3"
2026-08-10T07:06:05.565492Z  INFO herdr::logging: session saved event="persist.save" subsystem="persist" outcome="ok" path=/Users/shahid/.config/herdr/session.json workspaces=3
2026-08-10T07:09:13.727553Z  INFO herdr::logging: tab focused event="tab.focus" subsystem="tab" outcome="ok" workspace_id="w4" tab_id="w4:t3"
2026-08-10T07:09:15.892137Z  INFO herdr::logging: tab focused event="tab.focus" subsystem="tab" outcome="ok" workspace_id="w4" tab_id="w4:t3"
2026-08-10T07:09:20.908610Z  INFO herdr::logging: session saved event="persist.save" subsystem="persist" outcome="ok" path=/Users/shahid/.config/herdr/session.json workspaces=3
2026-08-10T07:09:22.211543Z  INFO herdr::logging: tab focused event="tab.focus" subsystem="tab" outcome="ok" workspace_id="w4" tab_id="w4:t3"
2026-08-10T07:09:27.226491Z  INFO herdr::logging: session saved event="persist.save" subsystem="persist" outcome="ok" path=/Users/shahid/.config/herdr/session.json workspaces=3
2026-08-10T07:09:31.031087Z  INFO herdr::logging: tab focused event="tab.focus" subsystem="tab" outcome="ok" workspace_id="w4" tab_id="w4:t3"
2026-08-10T07:09:36.048695Z  INFO herdr::logging: session saved event="persist.save" subsystem="persist" outcome="ok" path=/Users/shahid/.config/herdr/session.json workspaces=3
2026-08-10T07:09:42.390047Z  INFO herdr::logging: tab focused event="tab.focus" subsystem="tab" outcome="ok" workspace_id="w4" tab_id="w4:t3"
2026-08-10T07:09:47.397625Z  INFO herdr::logging: session saved event="persist.save" subsystem="persist" outcome="ok" path=/Users/shahid/.config/herdr/session.json workspaces=3
2026-08-10T07:12:24.048689Z  INFO herdr::logging: tab focused event="tab.focus" subsystem="tab" outcome="ok" workspace_id="w4" tab_id="w4:t3"
2026-08-10T07:12:25.679667Z  INFO herdr::logging: tab focused event="tab.focus" subsystem="tab" outcome="ok" workspace_id="w4" tab_id="w4:t3"
2026-08-10T07:12:28.277573Z  INFO herdr::logging: tab focused event="tab.focus" subsystem="tab" outcome="ok" workspace_id="w4" tab_id="w4:t3"
2026-08-10T07:12:33.291220Z  INFO herdr::logging: session saved event="persist.save" subsystem="persist" outcome="ok" path=/Users/shahid/.config/herdr/session.json workspaces=3
2026-08-10T07:12:34.469915Z  WARN herdr::raw_input: flushing lone escape after input timeout; if this follows an alt chord or focus switch it may reach the pane as plain esc bytes=[27]
2026-08-10T07:12:41.171997Z  INFO herdr::logging: tab focused event="tab.focus" subsystem="tab" outcome="ok" workspace_id="w4" tab_id="w4:t3"
2026-08-10T07:12:46.182029Z  INFO herdr::logging: session saved event="persist.save" subsystem="persist" outcome="ok" path=/Users/shahid/.config/herdr/session.json workspaces=3
2026-08-10T07:12:48.581361Z  INFO herdr::logging: tab focused event="tab.focus" subsystem="tab" outcome="ok" workspace_id="w4" tab_id="w4:t3"
2026-08-10T07:12:50.062633Z  INFO herdr::logging: tab focused event="tab.focus" subsystem="tab" outcome="ok" workspace_id="w4" tab_id="w4:t1"
2026-08-10T07:12:55.071419Z  INFO herdr::logging: session saved event="persist.save" subsystem="persist" outcome="ok" path=/Users/shahid/.config/herdr/session.json workspaces=3
2026-08-10T07:12:57.822334Z  INFO herdr::logging: tab focused event="tab.focus" subsystem="tab" outcome="ok" workspace_id="w4" tab_id="w4:t1"
2026-08-10T07:13:02.828376Z  INFO herdr::logging: session saved event="persist.save" subsystem="persist" outcome="ok" path=/Users/shahid/.config/herdr/session.json workspaces=3
2026-08-10T07:13:12.595804Z  INFO herdr::logging: tab focused event="tab.focus" subsystem="tab" outcome="ok" workspace_id="w4" tab_id="w4:t3"
2026-08-10T07:13:17.601386Z  INFO herdr::logging: session saved event="persist.save" subsystem="persist" outcome="ok" path=/Users/shahid/.config/herdr/session.json workspaces=3
2026-08-10T07:28:03.102892Z  INFO herdr::logging: checking for updates event="update.check.start" subsystem="update" outcome="started"
2026-08-10T07:58:05.163239Z  INFO herdr::logging: checking for updates event="update.check.start" subsystem="update" outcome="started"
2026-08-10T08:28:10.997802Z  INFO herdr::logging: checking for updates event="update.check.start" subsystem="update" outcome="started"
2026-08-10T08:58:18.487500Z  INFO herdr::logging: checking for updates event="update.check.start" subsystem="update" outcome="started"
2026-08-10T08:58:21.643343Z  WARN herdr::logging: update check failed event="update.check.complete" subsystem="update" outcome="error" err="failed to fetch Homebrew formula JSON"
2026-08-10T08:58:21.644270Z  WARN herdr::detect::manifest_update: agent detection manifest update failed: failed to fetch https://herdr.dev/agent-detection/index.toml
2026-08-11T01:14:46.351268Z  INFO herdr::logging: checking for updates event="update.check.start" subsystem="update" outcome="started"
2026-08-11T01:16:11.055001Z  INFO herdr::logging: tab focused event="tab.focus" subsystem="tab" outcome="ok" workspace_id="w4" tab_id="w4:t1"
2026-08-11T01:16:15.311093Z  INFO herdr::logging: tab focused event="tab.focus" subsystem="tab" outcome="ok" workspace_id="w4" tab_id="w4:t2"
2026-08-11T01:16:15.919478Z  INFO herdr::logging: tab focused event="tab.focus" subsystem="tab" outcome="ok" workspace_id="w4" tab_id="w4:t3"
2026-08-11T01:16:16.865087Z  INFO herdr::logging: tab focused event="tab.focus" subsystem="tab" outcome="ok" workspace_id="w4" tab_id="w4:t3"
2026-08-11T01:16:18.467233Z  INFO herdr::logging: tab focused event="tab.focus" subsystem="tab" outcome="ok" workspace_id="w4" tab_id="w4:t3"
2026-08-11T01:16:23.471586Z  INFO herdr::logging: session saved event="persist.save" subsystem="persist" outcome="ok" path=/Users/shahid/.config/herdr/session.json workspaces=3
2026-08-11T01:16:34.454882Z  INFO herdr::logging: tab focused event="tab.focus" subsystem="tab" outcome="ok" workspace_id="w4" tab_id="w4:t3"
2026-08-11T01:16:39.466298Z  INFO herdr::logging: session saved event="persist.save" subsystem="persist" outcome="ok" path=/Users/shahid/.config/herdr/session.json workspaces=3
2026-08-11T01:20:18.728351Z  INFO herdr::logging: tab focused event="tab.focus" subsystem="tab" outcome="ok" workspace_id="w4" tab_id="w4:t1"
2026-08-11T01:20:23.132598Z  INFO herdr::logging: tab focused event="tab.focus" subsystem="tab" outcome="ok" workspace_id="w4" tab_id="w4:t1"
2026-08-11T01:20:28.141278Z  INFO herdr::logging: session saved event="persist.save" subsystem="persist" outcome="ok" path=/Users/shahid/.config/herdr/session.json workspaces=3
2026-08-11T01:20:35.505605Z  INFO herdr::logging: tab focused event="tab.focus" subsystem="tab" outcome="ok" workspace_id="w4" tab_id="w4:t1"
2026-08-11T01:20:39.388579Z  INFO herdr::logging: tab focused event="tab.focus" subsystem="tab" outcome="ok" workspace_id="w4" tab_id="w4:t1"
2026-08-11T01:20:44.402907Z  INFO herdr::logging: session saved event="persist.save" subsystem="persist" outcome="ok" path=/Users/shahid/.config/herdr/session.json workspaces=3
2026-08-11T01:20:49.557798Z  INFO herdr::logging: tab focused event="tab.focus" subsystem="tab" outcome="ok" workspace_id="w4" tab_id="w4:t3"
2026-08-11T01:20:51.458867Z  INFO herdr::logging: tab focused event="tab.focus" subsystem="tab" outcome="ok" workspace_id="w4" tab_id="w4:t1"
2026-08-11T01:20:56.464074Z  INFO herdr::logging: session saved event="persist.save" subsystem="persist" outcome="ok" path=/Users/shahid/.config/herdr/session.json workspaces=3
2026-08-11T01:22:20.740362Z  INFO herdr::logging: tab focused event="tab.focus" subsystem="tab" outcome="ok" workspace_id="w4" tab_id="w4:t3"
2026-08-11T01:22:25.497091Z  INFO herdr::logging: tab focused event="tab.focus" subsystem="tab" outcome="ok" workspace_id="w4" tab_id="w4:t3"
2026-08-11T01:22:30.506902Z  INFO herdr::logging: session saved event="persist.save" subsystem="persist" outcome="ok" path=/Users/shahid/.config/herdr/session.json workspaces=3
2026-08-11T01:23:22.993764Z  INFO herdr::logging: tab focused event="tab.focus" subsystem="tab" outcome="ok" workspace_id="w4" tab_id="w4:t3"
2026-08-11T01:23:27.667446Z  INFO herdr::logging: tab focused event="tab.focus" subsystem="tab" outcome="ok" workspace_id="w4" tab_id="w4:t3"
2026-08-11T01:23:32.675401Z  INFO herdr::logging: session saved event="persist.save" subsystem="persist" outcome="ok" path=/Users/shahid/.config/herdr/session.json workspaces=3
2026-08-11T01:23:33.098055Z  INFO herdr::logging: workspace focused event="workspace.focus" subsystem="workspace" outcome="ok" workspace_id="w6"
2026-08-11T01:23:33.098099Z  INFO herdr::logging: tab focused event="tab.focus" subsystem="tab" outcome="ok" workspace_id="w6" tab_id="w6:t1"
2026-08-11T01:23:38.104103Z  INFO herdr::logging: session saved event="persist.save" subsystem="persist" outcome="ok" path=/Users/shahid/.config/herdr/session.json workspaces=3
2026-08-11T01:28:53.429981Z  INFO herdr::logging: workspace focused event="workspace.focus" subsystem="workspace" outcome="ok" workspace_id="w5"
2026-08-11T01:28:53.431720Z  INFO herdr::logging: tab focused event="tab.focus" subsystem="tab" outcome="ok" workspace_id="w5" tab_id="w5:t2"
2026-08-11T01:28:55.994676Z  INFO herdr::logging: workspace focused event="workspace.focus" subsystem="workspace" outcome="ok" workspace_id="w4"
2026-08-11T01:28:55.994749Z  INFO herdr::logging: tab focused event="tab.focus" subsystem="tab" outcome="ok" workspace_id="w4" tab_id="w4:t3"
2026-08-11T01:28:57.718345Z  INFO herdr::logging: tab focused event="tab.focus" subsystem="tab" outcome="ok" workspace_id="w4" tab_id="w4:t1"
2026-08-11T01:29:02.729315Z  INFO herdr::logging: session saved event="persist.save" subsystem="persist" outcome="ok" path=/Users/shahid/.config/herdr/session.json workspaces=3
2026-08-11T01:32:10.423155Z  INFO herdr::logging: tab focused event="tab.focus" subsystem="tab" outcome="ok" workspace_id="w4" tab_id="w4:t3"
2026-08-11T01:32:11.167910Z  INFO herdr::logging: tab focused event="tab.focus" subsystem="tab" outcome="ok" workspace_id="w4" tab_id="w4:t3"
2026-08-11T01:32:12.596947Z  INFO herdr::logging: tab focused event="tab.focus" subsystem="tab" outcome="ok" workspace_id="w4" tab_id="w4:t3"
2026-08-11T01:32:17.607027Z  INFO herdr::logging: session saved event="persist.save" subsystem="persist" outcome="ok" path=/Users/shahid/.config/herdr/session.json workspaces=3
2026-08-11T01:32:19.989487Z  INFO herdr::logging: tab focused event="tab.focus" subsystem="tab" outcome="ok" workspace_id="w4" tab_id="w4:t3"
2026-08-11T01:32:24.998094Z  INFO herdr::logging: session saved event="persist.save" subsystem="persist" outcome="ok" path=/Users/shahid/.config/herdr/session.json workspaces=3
2026-08-11T01:32:28.224911Z  INFO herdr::logging: tab focused event="tab.focus" subsystem="tab" outcome="ok" workspace_id="w4" tab_id="w4:t3"
2026-08-11T01:32:33.234495Z  INFO herdr::logging: session saved event="persist.save" subsystem="persist" outcome="ok" path=/Users/shahid/.config/herdr/session.json workspaces=3
2026-08-11T01:33:33.770848Z  INFO herdr::logging: tab focused event="tab.focus" subsystem="tab" outcome="ok" workspace_id="w4" tab_id="w4:t3"
2026-08-11T01:33:35.923744Z  INFO herdr::logging: tab focused event="tab.focus" subsystem="tab" outcome="ok" workspace_id="w4" tab_id="w4:t3"
2026-08-11T01:33:39.411956Z  INFO herdr::logging: tab focused event="tab.focus" subsystem="tab" outcome="ok" workspace_id="w4" tab_id="w4:t3"
2026-08-11T01:33:44.419828Z  INFO herdr::logging: session saved event="persist.save" subsystem="persist" outcome="ok" path=/Users/shahid/.config/herdr/session.json workspaces=3
2026-08-11T01:44:46.363904Z  INFO herdr::logging: checking for updates event="update.check.start" subsystem="update" outcome="started"
2026-08-11T01:56:01.521455Z  INFO herdr::logging: tab focused event="tab.focus" subsystem="tab" outcome="ok" workspace_id="w4" tab_id="w4:t1"
2026-08-11T01:56:03.138394Z  INFO herdr::logging: tab focused event="tab.focus" subsystem="tab" outcome="ok" workspace_id="w4" tab_id="w4:t2"
2026-08-11T01:56:08.148684Z  INFO herdr::logging: session saved event="persist.save" subsystem="persist" outcome="ok" path=/Users/shahid/.config/herdr/session.json workspaces=3
2026-08-11T01:56:16.570259Z  INFO herdr::logging: tab focused event="tab.focus" subsystem="tab" outcome="ok" workspace_id="w4" tab_id="w4:t3"
2026-08-11T01:56:18.293603Z  INFO herdr::logging: tab focused event="tab.focus" subsystem="tab" outcome="ok" workspace_id="w4" tab_id="w4:t2"
2026-08-11T01:56:19.745721Z  INFO herdr::logging: tab focused event="tab.focus" subsystem="tab" outcome="ok" workspace_id="w4" tab_id="w4:t2"
2026-08-11T01:56:24.756675Z  INFO herdr::logging: session saved event="persist.save" subsystem="persist" outcome="ok" path=/Users/shahid/.config/herdr/session.json workspaces=3
2026-08-11T01:56:32.873772Z  INFO herdr::logging: tab focused event="tab.focus" subsystem="tab" outcome="ok" workspace_id="w4" tab_id="w4:t2"
2026-08-11T01:56:37.879940Z  INFO herdr::logging: session saved event="persist.save" subsystem="persist" outcome="ok" path=/Users/shahid/.config/herdr/session.json workspaces=3
2026-08-11T01:56:44.984581Z  INFO herdr::logging: tab focused event="tab.focus" subsystem="tab" outcome="ok" workspace_id="w4" tab_id="w4:t2"
2026-08-11T01:56:49.988797Z  INFO herdr::logging: session saved event="persist.save" subsystem="persist" outcome="ok" path=/Users/shahid/.config/herdr/session.json workspaces=3
2026-08-11T01:56:55.361003Z  INFO herdr::logging: tab focused event="tab.focus" subsystem="tab" outcome="ok" workspace_id="w4" tab_id="w4:t2"
2026-08-11T01:57:00.368853Z  INFO herdr::logging: session saved event="persist.save" subsystem="persist" outcome="ok" path=/Users/shahid/.config/herdr/session.json workspaces=3
2026-08-11T01:57:02.195109Z  INFO herdr::logging: tab focused event="tab.focus" subsystem="tab" outcome="ok" workspace_id="w4" tab_id="w4:t2"
2026-08-11T01:57:07.202669Z  INFO herdr::logging: session saved event="persist.save" subsystem="persist" outcome="ok" path=/Users/shahid/.config/herdr/session.json workspaces=3
2026-08-11T02:14:46.375934Z  INFO herdr::logging: checking for updates event="update.check.start" subsystem="update" outcome="started"
2026-08-11T02:44:46.365142Z  INFO herdr::logging: checking for updates event="update.check.start" subsystem="update" outcome="started"
2026-08-11T03:14:46.346978Z  INFO herdr::logging: checking for updates event="update.check.start" subsystem="update" outcome="started"
2026-08-11T03:44:46.311646Z  INFO herdr::logging: checking for updates event="update.check.start" subsystem="update" outcome="started"
2026-08-11T04:14:46.293101Z  INFO herdr::logging: checking for updates event="update.check.start" subsystem="update" outcome="started"
2026-08-11T04:44:46.263808Z  INFO herdr::logging: checking for updates event="update.check.start" subsystem="update" outcome="started"
2026-08-11T05:14:46.235806Z  INFO herdr::logging: checking for updates event="update.check.start" subsystem="update" outcome="started"
2026-08-11T05:20:38.599318Z  INFO herdr::logging: tab focused event="tab.focus" subsystem="tab" outcome="ok" workspace_id="w4" tab_id="w4:t1"
2026-08-11T05:20:39.708798Z  INFO herdr::logging: tab focused event="tab.focus" subsystem="tab" outcome="ok" workspace_id="w4" tab_id="w4:t3"
2026-08-11T05:20:42.378345Z  INFO herdr::logging: tab focused event="tab.focus" subsystem="tab" outcome="ok" workspace_id="w4" tab_id="w4:t3"
2026-08-11T05:20:44.824902Z  INFO herdr::logging: tab focused event="tab.focus" subsystem="tab" outcome="ok" workspace_id="w4" tab_id="w4:t1"
2026-08-11T05:20:48.080367Z  INFO herdr::logging: tab focused event="tab.focus" subsystem="tab" outcome="ok" workspace_id="w4" tab_id="w4:t3"
2026-08-11T05:20:53.094046Z  INFO herdr::logging: session saved event="persist.save" subsystem="persist" outcome="ok" path=/Users/shahid/.config/herdr/session.json workspaces=3
2026-08-11T05:44:46.302893Z  INFO herdr::logging: checking for updates event="update.check.start" subsystem="update" outcome="started"
2026-08-11T05:48:39.041255Z  INFO herdr::app::actions: copied selection to clipboard
2026-08-11T06:14:46.337851Z  INFO herdr::logging: checking for updates event="update.check.start" subsystem="update" outcome="started"
2026-08-11T06:44:46.395267Z  INFO herdr::logging: checking for updates event="update.check.start" subsystem="update" outcome="started"
2026-08-11T07:18:59.247001Z  INFO herdr::logging: checking for updates event="update.check.start" subsystem="update" outcome="started"
2026-08-12T01:44:46.419559Z  INFO herdr::logging: checking for updates event="update.check.start" subsystem="update" outcome="started"
2026-08-12T01:48:12.211761Z  INFO herdr::logging: tab focused event="tab.focus" subsystem="tab" outcome="ok" workspace_id="w4" tab_id="w4:t3"
2026-08-12T01:48:17.228729Z  INFO herdr::logging: session saved event="persist.save" subsystem="persist" outcome="ok" path=/Users/shahid/.config/herdr/session.json workspaces=3
2026-08-12T01:48:40.110568Z  INFO herdr::logging: tab focused event="tab.focus" subsystem="tab" outcome="ok" workspace_id="w4" tab_id="w4:t1"
2026-08-12T01:48:41.926974Z  INFO herdr::logging: tab focused event="tab.focus" subsystem="tab" outcome="ok" workspace_id="w4" tab_id="w4:t1"
2026-08-12T01:48:45.689677Z  INFO herdr::logging: tab focused event="tab.focus" subsystem="tab" outcome="ok" workspace_id="w4" tab_id="w4:t1"
2026-08-12T01:48:50.050305Z  INFO herdr::logging: tab focused event="tab.focus" subsystem="tab" outcome="ok" workspace_id="w4" tab_id="w4:t1"
2026-08-12T01:48:55.136138Z  INFO herdr::logging: session saved event="persist.save" subsystem="persist" outcome="ok" path=/Users/shahid/.config/herdr/session.json workspaces=3
2026-08-12T01:49:05.414335Z  INFO herdr::logging: tab focused event="tab.focus" subsystem="tab" outcome="ok" workspace_id="w4" tab_id="w4:t1"
2026-08-12T01:49:10.418724Z  INFO herdr::logging: session saved event="persist.save" subsystem="persist" outcome="ok" path=/Users/shahid/.config/herdr/session.json workspaces=3
2026-08-12T01:49:40.962802Z  INFO herdr::logging: tab focused event="tab.focus" subsystem="tab" outcome="ok" workspace_id="w4" tab_id="w4:t2"
2026-08-12T01:49:42.071858Z  INFO herdr::logging: tab focused event="tab.focus" subsystem="tab" outcome="ok" workspace_id="w4" tab_id="w4:t3"
2026-08-12T01:49:47.076543Z  INFO herdr::logging: session saved event="persist.save" subsystem="persist" outcome="ok" path=/Users/shahid/.config/herdr/session.json workspaces=3
2026-08-12T01:49:47.391889Z  INFO herdr::logging: tab focused event="tab.focus" subsystem="tab" outcome="ok" workspace_id="w4" tab_id="w4:t2"
2026-08-12T01:49:49.098060Z  INFO herdr::logging: tab focused event="tab.focus" subsystem="tab" outcome="ok" workspace_id="w4" tab_id="w4:t1"
2026-08-12T01:49:52.843910Z  INFO herdr::logging: tab focused event="tab.focus" subsystem="tab" outcome="ok" workspace_id="w4" tab_id="w4:t3"
2026-08-12T01:49:54.648647Z  INFO herdr::logging: tab focused event="tab.focus" subsystem="tab" outcome="ok" workspace_id="w4" tab_id="w4:t1"
2026-08-12T01:49:56.487842Z  INFO herdr::logging: tab focused event="tab.focus" subsystem="tab" outcome="ok" workspace_id="w4" tab_id="w4:t3"
2026-08-12T01:49:58.999153Z  INFO herdr::logging: tab focused event="tab.focus" subsystem="tab" outcome="ok" workspace_id="w4" tab_id="w4:t3"
2026-08-12T01:50:04.005806Z  INFO herdr::logging: session saved event="persist.save" subsystem="persist" outcome="ok" path=/Users/shahid/.config/herdr/session.json workspaces=3
2026-08-12T01:50:39.414327Z  INFO herdr::logging: tab focused event="tab.focus" subsystem="tab" outcome="ok" workspace_id="w4" tab_id="w4:t2"
2026-08-12T01:50:44.420952Z  INFO herdr::logging: session saved event="persist.save" subsystem="persist" outcome="ok" path=/Users/shahid/.config/herdr/session.json workspaces=3
2026-08-12T01:50:46.005401Z  INFO herdr::logging: tab focused event="tab.focus" subsystem="tab" outcome="ok" workspace_id="w4" tab_id="w4:t2"
2026-08-12T01:50:51.011286Z  INFO herdr::logging: session saved event="persist.save" subsystem="persist" outcome="ok" path=/Users/shahid/.config/herdr/session.json workspaces=3
2026-08-12T01:52:42.563631Z  INFO herdr::logging: workspace focused event="workspace.focus" subsystem="workspace" outcome="ok" workspace_id="w6"
2026-08-12T01:52:42.563808Z  INFO herdr::logging: tab focused event="tab.focus" subsystem="tab" outcome="ok" workspace_id="w6" tab_id="w6:t1"
2026-08-12T01:52:47.574463Z  INFO herdr::logging: session saved event="persist.save" subsystem="persist" outcome="ok" path=/Users/shahid/.config/herdr/session.json workspaces=3
2026-08-12T01:54:18.156162Z  INFO herdr::logging: workspace focused event="workspace.focus" subsystem="workspace" outcome="ok" workspace_id="w5"
2026-08-12T01:54:18.157000Z  INFO herdr::logging: tab focused event="tab.focus" subsystem="tab" outcome="ok" workspace_id="w5" tab_id="w5:t2"
2026-08-12T01:54:19.744009Z  INFO herdr::logging: tab focused event="tab.focus" subsystem="tab" outcome="ok" workspace_id="w5" tab_id="w5:t2"
2026-08-12T01:54:24.753453Z  INFO herdr::logging: session saved event="persist.save" subsystem="persist" outcome="ok" path=/Users/shahid/.config/herdr/session.json workspaces=3
2026-08-12T02:01:20.191391Z  INFO herdr::logging: workspace focused event="workspace.focus" subsystem="workspace" outcome="ok" workspace_id="w6"
2026-08-12T02:01:20.192216Z  INFO herdr::logging: tab focused event="tab.focus" subsystem="tab" outcome="ok" workspace_id="w6" tab_id="w6:t1"
2026-08-12T02:01:21.411861Z  INFO herdr::logging: workspace focused event="workspace.focus" subsystem="workspace" outcome="ok" workspace_id="w4"
2026-08-12T02:01:21.411991Z  INFO herdr::logging: tab focused event="tab.focus" subsystem="tab" outcome="ok" workspace_id="w4" tab_id="w4:t2"
2026-08-12T02:01:26.434808Z  INFO herdr::logging: session saved event="persist.save" subsystem="persist" outcome="ok" path=/Users/shahid/.config/herdr/session.json workspaces=3
2026-08-12T02:01:36.417270Z  INFO herdr::logging: tab focused event="tab.focus" subsystem="tab" outcome="ok" workspace_id="w4" tab_id="w4:t3"
2026-08-12T02:01:37.325713Z  INFO herdr::logging: tab focused event="tab.focus" subsystem="tab" outcome="ok" workspace_id="w4" tab_id="w4:t3"
2026-08-12T02:01:42.332869Z  INFO herdr::logging: session saved event="persist.save" subsystem="persist" outcome="ok" path=/Users/shahid/.config/herdr/session.json workspaces=3
2026-08-12T02:01:51.472776Z  INFO herdr::logging: tab focused event="tab.focus" subsystem="tab" outcome="ok" workspace_id="w4" tab_id="w4:t3"
2026-08-12T02:01:56.477804Z  INFO herdr::logging: session saved event="persist.save" subsystem="persist" outcome="ok" path=/Users/shahid/.config/herdr/session.json workspaces=3
2026-08-12T02:02:01.342181Z  INFO herdr::logging: tab focused event="tab.focus" subsystem="tab" outcome="ok" workspace_id="w4" tab_id="w4:t3"
2026-08-12T02:02:06.349884Z  INFO herdr::logging: session saved event="persist.save" subsystem="persist" outcome="ok" path=/Users/shahid/.config/herdr/session.json workspaces=3
2026-08-12T02:02:15.546326Z  INFO herdr::logging: tab focused event="tab.focus" subsystem="tab" outcome="ok" workspace_id="w4" tab_id="w4:t3"
2026-08-12T02:02:20.557228Z  INFO herdr::logging: session saved event="persist.save" subsystem="persist" outcome="ok" path=/Users/shahid/.config/herdr/session.json workspaces=3
2026-08-12T02:02:47.569228Z  INFO herdr::logging: tab focused event="tab.focus" subsystem="tab" outcome="ok" workspace_id="w4" tab_id="w4:t3"
2026-08-12T02:02:52.583705Z  INFO herdr::logging: session saved event="persist.save" subsystem="persist" outcome="ok" path=/Users/shahid/.config/herdr/session.json workspaces=3
2026-08-12T02:04:00.059323Z  INFO herdr::logging: tab focused event="tab.focus" subsystem="tab" outcome="ok" workspace_id="w4" tab_id="w4:t2"
2026-08-12T02:04:05.080877Z  INFO herdr::logging: session saved event="persist.save" subsystem="persist" outcome="ok" path=/Users/shahid/.config/herdr/session.json workspaces=3
2026-08-12T02:04:19.532831Z  INFO herdr::logging: tab focused event="tab.focus" subsystem="tab" outcome="ok" workspace_id="w4" tab_id="w4:t3"
2026-08-12T02:04:26.292645Z  INFO herdr::logging: session saved event="persist.save" subsystem="persist" outcome="ok" path=/Users/shahid/.config/herdr/session.json workspaces=3
2026-08-12T02:05:04.457479Z  INFO herdr::app::actions: copied selection to clipboard
2026-08-12T02:08:06.819459Z  INFO herdr::app::actions: copied selection to clipboard
2026-08-12T02:11:54.630902Z  INFO herdr::logging: session saved event="persist.save" subsystem="persist" outcome="ok" path=/Users/shahid/.config/herdr/session.json workspaces=3
2026-08-12T02:13:39.448312Z  INFO herdr::logging: tab focused event="tab.focus" subsystem="tab" outcome="ok" workspace_id="w4" tab_id="w4:t3"
2026-08-12T02:13:44.457509Z  INFO herdr::logging: session saved event="persist.save" subsystem="persist" outcome="ok" path=/Users/shahid/.config/herdr/session.json workspaces=3
2026-08-12T02:14:46.638548Z  INFO herdr::logging: checking for updates event="update.check.start" subsystem="update" outcome="started"
2026-08-12T02:14:49.538469Z  INFO herdr::app::actions: copied selection to clipboard
2026-08-12T02:16:26.879577Z  INFO herdr::logging: session saved event="persist.save" subsystem="persist" outcome="ok" path=/Users/shahid/.config/herdr/session.json workspaces=3
2026-08-12T02:17:41.394535Z  INFO herdr::logging: workspace focused event="workspace.focus" subsystem="workspace" outcome="ok" workspace_id="w6"
2026-08-12T02:17:41.394713Z  INFO herdr::logging: tab focused event="tab.focus" subsystem="tab" outcome="ok" workspace_id="w6" tab_id="w6:t1"
2026-08-12T02:17:46.399476Z  INFO herdr::logging: session saved event="persist.save" subsystem="persist" outcome="ok" path=/Users/shahid/.config/herdr/session.json workspaces=3
2026-08-12T02:18:33.476531Z  WARN herdr::raw_input: flushing lone escape after input timeout; if this follows an alt chord or focus switch it may reach the pane as plain esc bytes=[27]
2026-08-12T02:18:44.624664Z  INFO herdr::logging: workspace focused event="workspace.focus" subsystem="workspace" outcome="ok" workspace_id="w5"
2026-08-12T02:18:44.624823Z  INFO herdr::logging: tab focused event="tab.focus" subsystem="tab" outcome="ok" workspace_id="w5" tab_id="w5:t2"
2026-08-12T02:18:46.511675Z  INFO herdr::logging: workspace focused event="workspace.focus" subsystem="workspace" outcome="ok" workspace_id="w4"
2026-08-12T02:18:46.511766Z  INFO herdr::logging: tab focused event="tab.focus" subsystem="tab" outcome="ok" workspace_id="w4" tab_id="w4:t3"
2026-08-12T02:18:51.520347Z  INFO herdr::logging: session saved event="persist.save" subsystem="persist" outcome="ok" path=/Users/shahid/.config/herdr/session.json workspaces=3
2026-08-12T02:23:32.780125Z  INFO herdr::logging: tab focused event="tab.focus" subsystem="tab" outcome="ok" workspace_id="w4" tab_id="w4:t3"
2026-08-12T02:23:35.032338Z  INFO herdr::logging: tab focused event="tab.focus" subsystem="tab" outcome="ok" workspace_id="w4" tab_id="w4:t3"
2026-08-12T02:23:40.039210Z  INFO herdr::logging: session saved event="persist.save" subsystem="persist" outcome="ok" path=/Users/shahid/.config/herdr/session.json workspaces=3
2026-08-12T02:23:47.153701Z  INFO herdr::logging: session saved event="persist.save" subsystem="persist" outcome="ok" path=/Users/shahid/.config/herdr/session.json workspaces=3
2026-08-12T02:27:33.569216Z  INFO herdr::logging: tab focused event="tab.focus" subsystem="tab" outcome="ok" workspace_id="w4" tab_id="w4:t3"
2026-08-12T02:27:35.109094Z  INFO herdr::logging: tab focused event="tab.focus" subsystem="tab" outcome="ok" workspace_id="w4" tab_id="w4:t3"
2026-08-12T02:27:40.116205Z  INFO herdr::logging: session saved event="persist.save" subsystem="persist" outcome="ok" path=/Users/shahid/.config/herdr/session.json workspaces=3
2026-08-12T02:27:51.935207Z  INFO herdr::logging: session saved event="persist.save" subsystem="persist" outcome="ok" path=/Users/shahid/.config/herdr/session.json workspaces=3
2026-08-12T02:39:13.164482Z  INFO herdr::logging: tab focused event="tab.focus" subsystem="tab" outcome="ok" workspace_id="w4" tab_id="w4:t3"
2026-08-12T02:39:14.650856Z  INFO herdr::logging: tab focused event="tab.focus" subsystem="tab" outcome="ok" workspace_id="w4" tab_id="w4:t3"
2026-08-12T02:39:19.666464Z  INFO herdr::logging: session saved event="persist.save" subsystem="persist" outcome="ok" path=/Users/shahid/.config/herdr/session.json workspaces=3
2026-08-12T02:44:46.692634Z  INFO herdr::logging: checking for updates event="update.check.start" subsystem="update" outcome="started"
2026-08-12T02:54:44.445094Z  INFO herdr::logging: tab focused event="tab.focus" subsystem="tab" outcome="ok" workspace_id="w4" tab_id="w4:t1"
2026-08-12T02:54:46.127150Z  INFO herdr::logging: tab focused event="tab.focus" subsystem="tab" outcome="ok" workspace_id="w4" tab_id="w4:t2"
2026-08-12T02:54:47.951740Z  INFO herdr::logging: tab focused event="tab.focus" subsystem="tab" outcome="ok" workspace_id="w4" tab_id="w4:t3"
2026-08-12T02:54:49.609031Z  INFO herdr::logging: tab focused event="tab.focus" subsystem="tab" outcome="ok" workspace_id="w4" tab_id="w4:t3"
2026-08-12T02:54:54.621978Z  INFO herdr::logging: session saved event="persist.save" subsystem="persist" outcome="ok" path=/Users/shahid/.config/herdr/session.json workspaces=3
2026-08-12T02:56:05.509764Z  INFO herdr::logging: tab focused event="tab.focus" subsystem="tab" outcome="ok" workspace_id="w4" tab_id="w4:t3"
2026-08-12T02:56:12.470504Z  INFO herdr::logging: session saved event="persist.save" subsystem="persist" outcome="ok" path=/Users/shahid/.config/herdr/session.json workspaces=3
2026-08-12T03:05:56.883144Z  INFO herdr::logging: tab focused event="tab.focus" subsystem="tab" outcome="ok" workspace_id="w4" tab_id="w4:t3"
2026-08-12T03:05:58.547383Z  INFO herdr::logging: tab focused event="tab.focus" subsystem="tab" outcome="ok" workspace_id="w4" tab_id="w4:t3"
2026-08-12T03:06:06.043796Z  INFO herdr::logging: session saved event="persist.save" subsystem="persist" outcome="ok" path=/Users/shahid/.config/herdr/session.json workspaces=3
2026-08-12T03:14:46.774904Z  INFO herdr::logging: checking for updates event="update.check.start" subsystem="update" outcome="started"
2026-08-12T03:15:35.870796Z  INFO herdr::logging: tab focused event="tab.focus" subsystem="tab" outcome="ok" workspace_id="w4" tab_id="w4:t3"
2026-08-12T03:15:40.882783Z  INFO herdr::logging: session saved event="persist.save" subsystem="persist" outcome="ok" path=/Users/shahid/.config/herdr/session.json workspaces=3
2026-08-12T03:20:03.216083Z  INFO herdr::logging: tab focused event="tab.focus" subsystem="tab" outcome="ok" workspace_id="w4" tab_id="w4:t1"
2026-08-12T03:20:06.757061Z  INFO herdr::logging: tab focused event="tab.focus" subsystem="tab" outcome="ok" workspace_id="w4" tab_id="w4:t3"
2026-08-12T03:20:11.759267Z  INFO herdr::logging: session saved event="persist.save" subsystem="persist" outcome="ok" path=/Users/shahid/.config/herdr/session.json workspaces=3
2026-08-12T03:20:14.688816Z  INFO herdr::logging: tab focused event="tab.focus" subsystem="tab" outcome="ok" workspace_id="w4" tab_id="w4:t3"
2026-08-12T03:20:19.698790Z  INFO herdr::logging: session saved event="persist.save" subsystem="persist" outcome="ok" path=/Users/shahid/.config/herdr/session.json workspaces=3
2026-08-12T03:20:20.980279Z  INFO herdr::logging: tab focused event="tab.focus" subsystem="tab" outcome="ok" workspace_id="w4" tab_id="w4:t3"
2026-08-12T03:20:25.338289Z  INFO herdr::logging: tab focused event="tab.focus" subsystem="tab" outcome="ok" workspace_id="w4" tab_id="w4:t3"
2026-08-12T03:20:30.341053Z  INFO herdr::logging: session saved event="persist.save" subsystem="persist" outcome="ok" path=/Users/shahid/.config/herdr/session.json workspaces=3
2026-08-12T03:47:02.875555Z  INFO herdr::logging: checking for updates event="update.check.start" subsystem="update" outcome="started"
2026-08-12T03:56:07.550697Z  INFO herdr::logging: tab focused event="tab.focus" subsystem="tab" outcome="ok" workspace_id="w4" tab_id="w4:t3"
2026-08-12T03:56:12.582811Z  INFO herdr::logging: session saved event="persist.save" subsystem="persist" outcome="ok" path=/Users/shahid/.config/herdr/session.json workspaces=3
2026-08-12T04:17:02.925877Z  INFO herdr::logging: checking for updates event="update.check.start" subsystem="update" outcome="started"
2026-08-12T04:26:55.084823Z  INFO herdr::logging: tab focused event="tab.focus" subsystem="tab" outcome="ok" workspace_id="w4" tab_id="w4:t1"
2026-08-12T04:27:00.097852Z  INFO herdr::logging: session saved event="persist.save" subsystem="persist" outcome="ok" path=/Users/shahid/.config/herdr/session.json workspaces=3
2026-08-12T04:28:57.133044Z  INFO herdr::logging: tab focused event="tab.focus" subsystem="tab" outcome="ok" workspace_id="w4" tab_id="w4:t2"
2026-08-12T04:28:58.707639Z  INFO herdr::logging: tab focused event="tab.focus" subsystem="tab" outcome="ok" workspace_id="w4" tab_id="w4:t3"
2026-08-12T04:29:02.050739Z  INFO herdr::logging: tab focused event="tab.focus" subsystem="tab" outcome="ok" workspace_id="w4" tab_id="w4:t1"
2026-08-12T04:29:07.063817Z  INFO herdr::logging: session saved event="persist.save" subsystem="persist" outcome="ok" path=/Users/shahid/.config/herdr/session.json workspaces=3
2026-08-12T04:38:35.004185Z  INFO herdr::logging: tab focused event="tab.focus" subsystem="tab" outcome="ok" workspace_id="w4" tab_id="w4:t1"
2026-08-12T04:38:36.987263Z  INFO herdr::logging: tab focused event="tab.focus" subsystem="tab" outcome="ok" workspace_id="w4" tab_id="w4:t3"
2026-08-12T04:38:39.651306Z  INFO herdr::logging: tab focused event="tab.focus" subsystem="tab" outcome="ok" workspace_id="w4" tab_id="w4:t3"
2026-08-12T04:38:44.669951Z  INFO herdr::logging: session saved event="persist.save" subsystem="persist" outcome="ok" path=/Users/shahid/.config/herdr/session.json workspaces=3
2026-08-12T04:38:58.401105Z  INFO herdr::logging: tab focused event="tab.focus" subsystem="tab" outcome="ok" workspace_id="w4" tab_id="w4:t3"
2026-08-12T04:39:03.423941Z  INFO herdr::logging: session saved event="persist.save" subsystem="persist" outcome="ok" path=/Users/shahid/.config/herdr/session.json workspaces=3
2026-08-12T04:47:02.912961Z  INFO herdr::logging: checking for updates event="update.check.start" subsystem="update" outcome="started"
2026-08-12T05:17:04.663240Z  INFO herdr::logging: checking for updates event="update.check.start" subsystem="update" outcome="started"
2026-08-12T05:30:11.305836Z  INFO herdr::logging: tab focused event="tab.focus" subsystem="tab" outcome="ok" workspace_id="w4" tab_id="w4:t1"
2026-08-12T05:30:16.315686Z  INFO herdr::logging: session saved event="persist.save" subsystem="persist" outcome="ok" path=/Users/shahid/.config/herdr/session.json workspaces=3
2026-08-12T05:30:39.974477Z  INFO herdr::logging: tab focused event="tab.focus" subsystem="tab" outcome="ok" workspace_id="w4" tab_id="w4:t1"
2026-08-12T05:30:44.984802Z  INFO herdr::logging: session saved event="persist.save" subsystem="persist" outcome="ok" path=/Users/shahid/.config/herdr/session.json workspaces=3
2026-08-12T05:31:02.147348Z  INFO herdr::logging: tab focused event="tab.focus" subsystem="tab" outcome="ok" workspace_id="w4" tab_id="w4:t2"
2026-08-12T05:31:04.815870Z  INFO herdr::logging: tab focused event="tab.focus" subsystem="tab" outcome="ok" workspace_id="w4" tab_id="w4:t3"
2026-08-12T05:31:09.834603Z  INFO herdr::logging: session saved event="persist.save" subsystem="persist" outcome="ok" path=/Users/shahid/.config/herdr/session.json workspaces=3
2026-08-12T05:31:43.138014Z  INFO herdr::logging: tab focused event="tab.focus" subsystem="tab" outcome="ok" workspace_id="w4" tab_id="w4:t3"
2026-08-12T05:31:48.144420Z  INFO herdr::logging: session saved event="persist.save" subsystem="persist" outcome="ok" path=/Users/shahid/.config/herdr/session.json workspaces=3
2026-08-12T05:31:50.023957Z  INFO herdr::logging: tab focused event="tab.focus" subsystem="tab" outcome="ok" workspace_id="w4" tab_id="w4:t3"
2026-08-12T05:31:55.025899Z  INFO herdr::logging: session saved event="persist.save" subsystem="persist" outcome="ok" path=/Users/shahid/.config/herdr/session.json workspaces=3
2026-08-12T05:47:04.697070Z  INFO herdr::logging: checking for updates event="update.check.start" subsystem="update" outcome="started"
2026-08-12T06:17:04.711780Z  INFO herdr::logging: checking for updates event="update.check.start" subsystem="update" outcome="started"
2026-08-12T06:47:06.052068Z  INFO herdr::logging: checking for updates event="update.check.start" subsystem="update" outcome="started"
2026-08-12T07:36:15.486803Z  INFO herdr::logging: checking for updates event="update.check.start" subsystem="update" outcome="started"
2026-08-12T08:30:05.348843Z  INFO herdr::logging: checking for updates event="update.check.start" subsystem="update" outcome="started"
2026-08-12T08:30:08.465361Z  WARN herdr::detect::manifest_update: agent detection manifest update failed: failed to fetch https://herdr.dev/agent-detection/index.toml
2026-08-12T08:30:08.481028Z  WARN herdr::logging: update check failed event="update.check.complete" subsystem="update" outcome="error" err="failed to fetch Homebrew formula JSON"
2026-08-12T09:48:41.930298Z  INFO herdr::logging: tab focused event="tab.focus" subsystem="tab" outcome="ok" workspace_id="w4" tab_id="w4:t3"
2026-08-12T09:48:44.006200Z  INFO herdr::logging: tab focused event="tab.focus" subsystem="tab" outcome="ok" workspace_id="w4" tab_id="w4:t1"
2026-08-12T09:48:49.017081Z  INFO herdr::logging: session saved event="persist.save" subsystem="persist" outcome="ok" path=/Users/shahid/.config/herdr/session.json workspaces=3
2026-08-12T09:50:49.354402Z  INFO herdr::logging: tab focused event="tab.focus" subsystem="tab" outcome="ok" workspace_id="w4" tab_id="w4:t1"
2026-08-12T09:50:54.358468Z  INFO herdr::logging: session saved event="persist.save" subsystem="persist" outcome="ok" path=/Users/shahid/.config/herdr/session.json workspaces=3
2026-08-12T10:00:46.674976Z  INFO herdr::logging: checking for updates event="update.check.start" subsystem="update" outcome="started"
2026-08-12T10:30:46.596141Z  INFO herdr::logging: checking for updates event="update.check.start" subsystem="update" outcome="started"
2026-08-12T10:36:56.747359Z  INFO herdr::logging: tab focused event="tab.focus" subsystem="tab" outcome="ok" workspace_id="w4" tab_id="w4:t1"
2026-08-12T10:37:01.758922Z  INFO herdr::logging: session saved event="persist.save" subsystem="persist" outcome="ok" path=/Users/shahid/.config/herdr/session.json workspaces=3
2026-08-12T10:37:22.230084Z  INFO herdr::logging: tab focused event="tab.focus" subsystem="tab" outcome="ok" workspace_id="w4" tab_id="w4:t3"
2026-08-12T10:37:27.234244Z  INFO herdr::logging: session saved event="persist.save" subsystem="persist" outcome="ok" path=/Users/shahid/.config/herdr/session.json workspaces=3
2026-08-12T10:37:28.001166Z  INFO herdr::logging: tab focused event="tab.focus" subsystem="tab" outcome="ok" workspace_id="w4" tab_id="w4:t3"
2026-08-12T10:37:33.022430Z  INFO herdr::logging: session saved event="persist.save" subsystem="persist" outcome="ok" path=/Users/shahid/.config/herdr/session.json workspaces=3
2026-08-12T10:37:54.327489Z  INFO herdr::logging: tab focused event="tab.focus" subsystem="tab" outcome="ok" workspace_id="w4" tab_id="w4:t1"
2026-08-12T10:37:58.709224Z  INFO herdr::logging: tab focused event="tab.focus" subsystem="tab" outcome="ok" workspace_id="w4" tab_id="w4:t3"
2026-08-12T10:38:00.755469Z  INFO herdr::logging: tab focused event="tab.focus" subsystem="tab" outcome="ok" workspace_id="w4" tab_id="w4:t1"
2026-08-12T10:38:05.781636Z  INFO herdr::logging: session saved event="persist.save" subsystem="persist" outcome="ok" path=/Users/shahid/.config/herdr/session.json workspaces=3
2026-08-12T10:44:14.484473Z  INFO herdr::logging: tab focused event="tab.focus" subsystem="tab" outcome="ok" workspace_id="w4" tab_id="w4:t3"
2026-08-12T10:44:19.499386Z  INFO herdr::logging: session saved event="persist.save" subsystem="persist" outcome="ok" path=/Users/shahid/.config/herdr/session.json workspaces=3
2026-08-12T10:44:31.303885Z  INFO herdr::logging: tab focused event="tab.focus" subsystem="tab" outcome="ok" workspace_id="w4" tab_id="w4:t3"
2026-08-12T10:44:36.315040Z  INFO herdr::logging: session saved event="persist.save" subsystem="persist" outcome="ok" path=/Users/shahid/.config/herdr/session.json workspaces=3
2026-08-12T17:02:36.092133Z  INFO herdr::logging: checking for updates event="update.check.start" subsystem="update" outcome="started"
2026-08-12T17:07:03.164320Z  WARN herdr::detect::manifest_update: agent detection manifest update failed: failed to fetch https://herdr.dev/agent-detection/index.toml
2026-08-12T17:07:03.165056Z  WARN herdr::logging: update check failed event="update.check.complete" subsystem="update" outcome="error" err="failed to fetch Homebrew formula JSON"
2026-08-13T01:31:16.106680Z  INFO herdr::logging: checking for updates event="update.check.start" subsystem="update" outcome="started"
2026-08-13T01:31:16.739731Z  WARN herdr::detect::manifest_update: skipping unknown remote manifest agent agent="qwen"
2026-08-13T01:58:12.462687Z  INFO herdr::logging: tab focused event="tab.focus" subsystem="tab" outcome="ok" workspace_id="w4" tab_id="w4:t1"
2026-08-13T01:58:17.479506Z  INFO herdr::logging: session saved event="persist.save" subsystem="persist" outcome="ok" path=/Users/shahid/.config/herdr/session.json workspaces=3
2026-08-13T02:01:16.438562Z  INFO herdr::logging: checking for updates event="update.check.start" subsystem="update" outcome="started"
2026-08-13T02:01:16.736270Z  WARN herdr::detect::manifest_update: skipping unknown remote manifest agent agent="qwen"
2026-08-13T02:13:06.729359Z  INFO herdr::logging: tab focused event="tab.focus" subsystem="tab" outcome="ok" workspace_id="w4" tab_id="w4:t3"
2026-08-13T02:13:09.560432Z  INFO herdr::logging: tab focused event="tab.focus" subsystem="tab" outcome="ok" workspace_id="w4" tab_id="w4:t1"
2026-08-13T02:13:10.466342Z  INFO herdr::logging: tab focused event="tab.focus" subsystem="tab" outcome="ok" workspace_id="w4" tab_id="w4:t1"
2026-08-13T02:13:15.477857Z  INFO herdr::logging: session saved event="persist.save" subsystem="persist" outcome="ok" path=/Users/shahid/.config/herdr/session.json workspaces=3
2026-08-13T02:13:18.779641Z  INFO herdr::logging: tab focused event="tab.focus" subsystem="tab" outcome="ok" workspace_id="w4" tab_id="w4:t3"
2026-08-13T02:13:20.423813Z  INFO herdr::logging: tab focused event="tab.focus" subsystem="tab" outcome="ok" workspace_id="w4" tab_id="w4:t3"
2026-08-13T02:13:25.499384Z  INFO herdr::logging: session saved event="persist.save" subsystem="persist" outcome="ok" path=/Users/shahid/.config/herdr/session.json workspaces=3
2026-08-13T02:13:27.861899Z  INFO herdr::logging: tab focused event="tab.focus" subsystem="tab" outcome="ok" workspace_id="w4" tab_id="w4:t1"
2026-08-13T02:13:32.875528Z  INFO herdr::logging: session saved event="persist.save" subsystem="persist" outcome="ok" path=/Users/shahid/.config/herdr/session.json workspaces=3
2026-08-13T02:13:45.995452Z  INFO herdr::logging: tab focused event="tab.focus" subsystem="tab" outcome="ok" workspace_id="w4" tab_id="w4:t1"
2026-08-13T02:13:51.006771Z  INFO herdr::logging: session saved event="persist.save" subsystem="persist" outcome="ok" path=/Users/shahid/.config/herdr/session.json workspaces=3
2026-08-13T02:14:05.360836Z  INFO herdr::logging: tab focused event="tab.focus" subsystem="tab" outcome="ok" workspace_id="w4" tab_id="w4:t3"
2026-08-13T02:14:07.193148Z  INFO herdr::logging: tab focused event="tab.focus" subsystem="tab" outcome="ok" workspace_id="w4" tab_id="w4:t3"
2026-08-13T02:14:12.226433Z  INFO herdr::logging: session saved event="persist.save" subsystem="persist" outcome="ok" path=/Users/shahid/.config/herdr/session.json workspaces=3
2026-08-13T02:14:12.350752Z  INFO herdr::logging: tab focused event="tab.focus" subsystem="tab" outcome="ok" workspace_id="w4" tab_id="w4:t3"
2026-08-13T02:14:17.370228Z  INFO herdr::logging: session saved event="persist.save" subsystem="persist" outcome="ok" path=/Users/shahid/.config/herdr/session.json workspaces=3
2026-08-13T02:14:18.924990Z  INFO herdr::logging: tab focused event="tab.focus" subsystem="tab" outcome="ok" workspace_id="w4" tab_id="w4:t1"
2026-08-13T02:14:23.938506Z  INFO herdr::logging: session saved event="persist.save" subsystem="persist" outcome="ok" path=/Users/shahid/.config/herdr/session.json workspaces=3
2026-08-13T02:15:09.640852Z  INFO herdr::logging: tab focused event="tab.focus" subsystem="tab" outcome="ok" workspace_id="w4" tab_id="w4:t3"
2026-08-13T02:15:10.717913Z  INFO herdr::logging: tab focused event="tab.focus" subsystem="tab" outcome="ok" workspace_id="w4" tab_id="w4:t3"
2026-08-13T02:15:13.577707Z  INFO herdr::logging: tab focused event="tab.focus" subsystem="tab" outcome="ok" workspace_id="w4" tab_id="w4:t3"
2026-08-13T02:15:18.600086Z  INFO herdr::logging: session saved event="persist.save" subsystem="persist" outcome="ok" path=/Users/shahid/.config/herdr/session.json workspaces=3
2026-08-13T02:16:33.216334Z  INFO herdr::logging: tab focused event="tab.focus" subsystem="tab" outcome="ok" workspace_id="w4" tab_id="w4:t3"
2026-08-13T02:16:38.225364Z  INFO herdr::logging: session saved event="persist.save" subsystem="persist" outcome="ok" path=/Users/shahid/.config/herdr/session.json workspaces=3
2026-08-13T02:28:56.097272Z  INFO herdr::logging: tab focused event="tab.focus" subsystem="tab" outcome="ok" workspace_id="w4" tab_id="w4:t1"
2026-08-13T02:28:59.207724Z  INFO herdr::logging: tab focused event="tab.focus" subsystem="tab" outcome="ok" workspace_id="w4" tab_id="w4:t3"
2026-08-13T02:29:04.225853Z  INFO herdr::logging: session saved event="persist.save" subsystem="persist" outcome="ok" path=/Users/shahid/.config/herdr/session.json workspaces=3
2026-08-13T02:31:16.503420Z  INFO herdr::logging: checking for updates event="update.check.start" subsystem="update" outcome="started"
2026-08-13T02:31:17.025013Z  WARN herdr::detect::manifest_update: skipping unknown remote manifest agent agent="qwen"
2026-08-13T03:00:15.634219Z  INFO herdr::logging: tab focused event="tab.focus" subsystem="tab" outcome="ok" workspace_id="w4" tab_id="w4:t1"
2026-08-13T03:00:20.653719Z  INFO herdr::logging: session saved event="persist.save" subsystem="persist" outcome="ok" path=/Users/shahid/.config/herdr/session.json workspaces=3
2026-08-13T03:01:16.537231Z  INFO herdr::logging: checking for updates event="update.check.start" subsystem="update" outcome="started"
2026-08-13T03:01:17.021371Z  WARN herdr::detect::manifest_update: skipping unknown remote manifest agent agent="qwen"
2026-08-13T03:02:22.175906Z  INFO herdr::logging: tab focused event="tab.focus" subsystem="tab" outcome="ok" workspace_id="w4" tab_id="w4:t1"
2026-08-13T03:02:27.229864Z  INFO herdr::logging: session saved event="persist.save" subsystem="persist" outcome="ok" path=/Users/shahid/.config/herdr/session.json workspaces=3
2026-08-13T03:31:16.479039Z  INFO herdr::logging: checking for updates event="update.check.start" subsystem="update" outcome="started"
2026-08-13T03:31:16.917654Z  WARN herdr::detect::manifest_update: skipping unknown remote manifest agent agent="qwen"
2026-08-13T03:45:43.719089Z  INFO herdr::logging: tab focused event="tab.focus" subsystem="tab" outcome="ok" workspace_id="w4" tab_id="w4:t3"
2026-08-13T03:45:45.726165Z  INFO herdr::logging: tab focused event="tab.focus" subsystem="tab" outcome="ok" workspace_id="w4" tab_id="w4:t3"
2026-08-13T03:45:47.834169Z  INFO herdr::logging: tab focused event="tab.focus" subsystem="tab" outcome="ok" workspace_id="w4" tab_id="w4:t3"
2026-08-13T03:45:52.853359Z  INFO herdr::logging: session saved event="persist.save" subsystem="persist" outcome="ok" path=/Users/shahid/.config/herdr/session.json workspaces=3
2026-08-13T03:45:55.993964Z  WARN herdr::raw_input: flushing lone escape after input timeout; if this follows an alt chord or focus switch it may reach the pane as plain esc bytes=[27]
2026-08-13T03:46:03.945505Z  INFO herdr::logging: tab focused event="tab.focus" subsystem="tab" outcome="ok" workspace_id="w4" tab_id="w4:t3"
2026-08-13T03:46:08.964177Z  INFO herdr::logging: session saved event="persist.save" subsystem="persist" outcome="ok" path=/Users/shahid/.config/herdr/session.json workspaces=3
2026-08-13T03:46:17.097649Z  WARN herdr::raw_input: flushing lone escape after input timeout; if this follows an alt chord or focus switch it may reach the pane as plain esc bytes=[27]
2026-08-13T03:47:01.898645Z  INFO herdr::logging: tab focused event="tab.focus" subsystem="tab" outcome="ok" workspace_id="w4" tab_id="w4:t3"
2026-08-13T03:47:06.905505Z  INFO herdr::logging: session saved event="persist.save" subsystem="persist" outcome="ok" path=/Users/shahid/.config/herdr/session.json workspaces=3
2026-08-13T03:52:31.264601Z  INFO herdr::logging: tab focused event="tab.focus" subsystem="tab" outcome="ok" workspace_id="w4" tab_id="w4:t1"
2026-08-13T03:52:36.283237Z  INFO herdr::logging: session saved event="persist.save" subsystem="persist" outcome="ok" path=/Users/shahid/.config/herdr/session.json workspaces=3
2026-08-13T03:54:55.573365Z  INFO herdr::logging: tab focused event="tab.focus" subsystem="tab" outcome="ok" workspace_id="w4" tab_id="w4:t3"
2026-08-13T03:54:57.548795Z  INFO herdr::logging: tab focused event="tab.focus" subsystem="tab" outcome="ok" workspace_id="w4" tab_id="w4:t3"
2026-08-13T03:54:59.200738Z  INFO herdr::logging: tab focused event="tab.focus" subsystem="tab" outcome="ok" workspace_id="w4" tab_id="w4:t1"
2026-08-13T03:55:04.215578Z  INFO herdr::logging: session saved event="persist.save" subsystem="persist" outcome="ok" path=/Users/shahid/.config/herdr/session.json workspaces=3
2026-08-13T03:56:51.987207Z  INFO herdr::logging: tab focused event="tab.focus" subsystem="tab" outcome="ok" workspace_id="w4" tab_id="w4:t1"
2026-08-13T03:56:56.998318Z  INFO herdr::logging: session saved event="persist.save" subsystem="persist" outcome="ok" path=/Users/shahid/.config/herdr/session.json workspaces=3
2026-08-13T03:56:58.880969Z  INFO herdr::logging: tab focused event="tab.focus" subsystem="tab" outcome="ok" workspace_id="w4" tab_id="w4:t3"
2026-08-13T03:57:03.895695Z  INFO herdr::logging: session saved event="persist.save" subsystem="persist" outcome="ok" path=/Users/shahid/.config/herdr/session.json workspaces=3
2026-08-13T03:57:08.211879Z  WARN herdr::raw_input: flushing lone escape after input timeout; if this follows an alt chord or focus switch it may reach the pane as plain esc bytes=[27]
2026-08-13T03:57:14.289986Z  INFO herdr::logging: tab focused event="tab.focus" subsystem="tab" outcome="ok" workspace_id="w4" tab_id="w4:t3"
2026-08-13T03:57:19.297153Z  INFO herdr::logging: session saved event="persist.save" subsystem="persist" outcome="ok" path=/Users/shahid/.config/herdr/session.json workspaces=3
2026-08-13T03:57:25.884318Z  INFO herdr::logging: tab focused event="tab.focus" subsystem="tab" outcome="ok" workspace_id="w4" tab_id="w4:t1"
2026-08-13T03:57:28.405244Z  INFO herdr::logging: tab focused event="tab.focus" subsystem="tab" outcome="ok" workspace_id="w4" tab_id="w4:t1"
2026-08-13T03:57:33.410247Z  INFO herdr::logging: session saved event="persist.save" subsystem="persist" outcome="ok" path=/Users/shahid/.config/herdr/session.json workspaces=3
2026-08-13T03:57:38.481305Z  INFO herdr::logging: tab focused event="tab.focus" subsystem="tab" outcome="ok" workspace_id="w4" tab_id="w4:t1"
2026-08-13T03:57:43.488933Z  INFO herdr::logging: session saved event="persist.save" subsystem="persist" outcome="ok" path=/Users/shahid/.config/herdr/session.json workspaces=3
2026-08-13T03:58:31.999004Z  INFO herdr::logging: tab focused event="tab.focus" subsystem="tab" outcome="ok" workspace_id="w4" tab_id="w4:t1"
2026-08-13T03:58:37.003833Z  INFO herdr::logging: session saved event="persist.save" subsystem="persist" outcome="ok" path=/Users/shahid/.config/herdr/session.json workspaces=3
2026-08-13T03:58:41.763179Z  INFO herdr::logging: tab focused event="tab.focus" subsystem="tab" outcome="ok" workspace_id="w4" tab_id="w4:t2"
2026-08-13T03:58:43.078762Z  INFO herdr::logging: tab focused event="tab.focus" subsystem="tab" outcome="ok" workspace_id="w4" tab_id="w4:t3"
2026-08-13T03:58:45.593025Z  INFO herdr::logging: tab focused event="tab.focus" subsystem="tab" outcome="ok" workspace_id="w4" tab_id="w4:t3"
2026-08-13T03:58:50.611690Z  INFO herdr::logging: session saved event="persist.save" subsystem="persist" outcome="ok" path=/Users/shahid/.config/herdr/session.json workspaces=3
2026-08-13T04:01:16.522935Z  INFO herdr::logging: checking for updates event="update.check.start" subsystem="update" outcome="started"
2026-08-13T04:01:16.829091Z  WARN herdr::detect::manifest_update: skipping unknown remote manifest agent agent="qwen"
2026-08-13T04:46:38.753273Z  INFO herdr::logging: tab focused event="tab.focus" subsystem="tab" outcome="ok" workspace_id="w4" tab_id="w4:t3"
2026-08-13T04:46:39.292680Z  INFO herdr::logging: tab focused event="tab.focus" subsystem="tab" outcome="ok" workspace_id="w4" tab_id="w4:t3"
2026-08-13T04:46:44.301967Z  INFO herdr::logging: session saved event="persist.save" subsystem="persist" outcome="ok" path=/Users/shahid/.config/herdr/session.json workspaces=3
2026-08-13T05:09:24.033762Z  INFO herdr::logging: checking for updates event="update.check.start" subsystem="update" outcome="started"
2026-08-13T05:09:25.309433Z  WARN herdr::detect::manifest_update: skipping unknown remote manifest agent agent="qwen"
2026-08-13T05:39:24.053251Z  INFO herdr::logging: checking for updates event="update.check.start" subsystem="update" outcome="started"
2026-08-13T05:39:24.414781Z  WARN herdr::detect::manifest_update: skipping unknown remote manifest agent agent="qwen"
2026-08-13T06:09:24.054299Z  INFO herdr::logging: checking for updates event="update.check.start" subsystem="update" outcome="started"
2026-08-13T06:09:27.150633Z  WARN herdr::detect::manifest_update: agent detection manifest update failed: failed to fetch https://herdr.dev/agent-detection/index.toml
2026-08-13T06:09:27.150725Z  WARN herdr::logging: update check failed event="update.check.complete" subsystem="update" outcome="error" err="failed to fetch Homebrew formula JSON"
2026-08-13T07:09:41.180111Z  INFO herdr::logging: checking for updates event="update.check.start" subsystem="update" outcome="started"
2026-08-13T07:09:44.282053Z  WARN herdr::detect::manifest_update: agent detection manifest update failed: failed to fetch https://herdr.dev/agent-detection/index.toml
2026-08-13T07:09:44.282124Z  WARN herdr::logging: update check failed event="update.check.complete" subsystem="update" outcome="error" err="failed to fetch Homebrew formula JSON"
2026-08-13T13:06:06.876249Z  INFO herdr::logging: checking for updates event="update.check.start" subsystem="update" outcome="started"
2026-08-13T13:06:09.961321Z  WARN herdr::logging: update check failed event="update.check.complete" subsystem="update" outcome="error" err="failed to fetch Homebrew formula JSON"
2026-08-13T13:06:09.964563Z  WARN herdr::detect::manifest_update: agent detection manifest update failed: failed to fetch https://herdr.dev/agent-detection/index.toml
2026-08-13T13:19:53.962279Z  INFO herdr::logging: tab focused event="tab.focus" subsystem="tab" outcome="ok" workspace_id="w4" tab_id="w4:t1"
2026-08-13T13:19:58.976414Z  INFO herdr::logging: session saved event="persist.save" subsystem="persist" outcome="ok" path=/Users/shahid/.config/herdr/session.json workspaces=3
2026-08-13T13:20:08.308577Z  INFO herdr::logging: tab focused event="tab.focus" subsystem="tab" outcome="ok" workspace_id="w4" tab_id="w4:t1"
2026-08-13T13:20:13.320141Z  INFO herdr::logging: session saved event="persist.save" subsystem="persist" outcome="ok" path=/Users/shahid/.config/herdr/session.json workspaces=3
2026-08-13T13:21:01.797196Z  INFO herdr::logging: tab focused event="tab.focus" subsystem="tab" outcome="ok" workspace_id="w4" tab_id="w4:t3"
2026-08-13T13:21:06.804700Z  INFO herdr::logging: session saved event="persist.save" subsystem="persist" outcome="ok" path=/Users/shahid/.config/herdr/session.json workspaces=3
2026-08-13T13:25:09.281110Z  INFO herdr::logging: tab focused event="tab.focus" subsystem="tab" outcome="ok" workspace_id="w4" tab_id="w4:t3"
2026-08-13T13:25:14.291592Z  INFO herdr::logging: session saved event="persist.save" subsystem="persist" outcome="ok" path=/Users/shahid/.config/herdr/session.json workspaces=3
2026-08-13T13:25:38.911491Z  INFO herdr::logging: tab focused event="tab.focus" subsystem="tab" outcome="ok" workspace_id="w4" tab_id="w4:t3"
2026-08-13T13:25:43.918534Z  INFO herdr::logging: session saved event="persist.save" subsystem="persist" outcome="ok" path=/Users/shahid/.config/herdr/session.json workspaces=3
2026-08-13T13:25:48.074491Z  INFO herdr::logging: tab focused event="tab.focus" subsystem="tab" outcome="ok" workspace_id="w4" tab_id="w4:t3"
2026-08-13T13:25:53.082853Z  INFO herdr::logging: session saved event="persist.save" subsystem="persist" outcome="ok" path=/Users/shahid/.config/herdr/session.json workspaces=3
2026-08-13T15:36:27.619400Z  INFO herdr::logging: checking for updates event="update.check.start" subsystem="update" outcome="started"
2026-08-13T15:36:30.755086Z  WARN herdr::detect::manifest_update: agent detection manifest update failed: failed to fetch https://herdr.dev/agent-detection/index.toml
2026-08-13T15:36:30.755367Z  WARN herdr::logging: update check failed event="update.check.complete" subsystem="update" outcome="error" err="failed to fetch Homebrew formula JSON"
2026-08-14T01:46:43.456639Z  INFO herdr::logging: checking for updates event="update.check.start" subsystem="update" outcome="started"
2026-08-14T01:46:43.894121Z  WARN herdr::detect::manifest_update: skipping unknown remote manifest agent agent="qwen"
2026-08-14T01:50:53.800044Z  INFO herdr::logging: tab focused event="tab.focus" subsystem="tab" outcome="ok" workspace_id="w4" tab_id="w4:t1"
2026-08-14T01:50:58.818719Z  INFO herdr::logging: session saved event="persist.save" subsystem="persist" outcome="ok" path=/Users/shahid/.config/herdr/session.json workspaces=3
2026-08-14T01:51:41.076036Z  INFO herdr::logging: tab focused event="tab.focus" subsystem="tab" outcome="ok" workspace_id="w4" tab_id="w4:t3"
2026-08-14T01:51:43.714180Z  INFO herdr::logging: tab focused event="tab.focus" subsystem="tab" outcome="ok" workspace_id="w4" tab_id="w4:t1"
2026-08-14T01:51:48.721557Z  INFO herdr::logging: session saved event="persist.save" subsystem="persist" outcome="ok" path=/Users/shahid/.config/herdr/session.json workspaces=3
2026-08-14T01:51:50.841014Z  INFO herdr::logging: tab focused event="tab.focus" subsystem="tab" outcome="ok" workspace_id="w4" tab_id="w4:t3"
2026-08-14T01:51:55.847781Z  INFO herdr::logging: session saved event="persist.save" subsystem="persist" outcome="ok" path=/Users/shahid/.config/herdr/session.json workspaces=3
2026-08-14T01:57:23.680140Z  INFO herdr::logging: tab focused event="tab.focus" subsystem="tab" outcome="ok" workspace_id="w4" tab_id="w4:t1"
2026-08-14T01:57:28.690771Z  INFO herdr::logging: session saved event="persist.save" subsystem="persist" outcome="ok" path=/Users/shahid/.config/herdr/session.json workspaces=3
2026-08-14T02:16:43.521220Z  INFO herdr::logging: checking for updates event="update.check.start" subsystem="update" outcome="started"
2026-08-14T02:16:44.016253Z  WARN herdr::detect::manifest_update: skipping unknown remote manifest agent agent="qwen"
2026-08-14T02:46:43.419562Z  INFO herdr::logging: checking for updates event="update.check.start" subsystem="update" outcome="started"
2026-08-14T02:46:43.802959Z  WARN herdr::detect::manifest_update: skipping unknown remote manifest agent agent="qwen"
2026-08-14T03:16:43.455197Z  INFO herdr::logging: checking for updates event="update.check.start" subsystem="update" outcome="started"
2026-08-14T03:16:43.819502Z  WARN herdr::detect::manifest_update: skipping unknown remote manifest agent agent="qwen"
2026-08-14T03:34:52.628721Z  INFO herdr::logging: workspace focused event="workspace.focus" subsystem="workspace" outcome="ok" workspace_id="w6"
2026-08-14T03:34:52.629466Z  INFO herdr::logging: tab focused event="tab.focus" subsystem="tab" outcome="ok" workspace_id="w6" tab_id="w6:t1"
2026-08-14T03:34:57.644493Z  INFO herdr::logging: session saved event="persist.save" subsystem="persist" outcome="ok" path=/Users/shahid/.config/herdr/session.json workspaces=3
2026-08-14T03:46:43.457863Z  INFO herdr::logging: checking for updates event="update.check.start" subsystem="update" outcome="started"
2026-08-14T03:46:43.864015Z  WARN herdr::detect::manifest_update: skipping unknown remote manifest agent agent="qwen"
2026-08-14T04:16:43.450878Z  INFO herdr::logging: checking for updates event="update.check.start" subsystem="update" outcome="started"
2026-08-14T04:16:43.804851Z  WARN herdr::detect::manifest_update: skipping unknown remote manifest agent agent="qwen"
2026-08-14T04:46:43.417718Z  INFO herdr::logging: checking for updates event="update.check.start" subsystem="update" outcome="started"
2026-08-14T04:46:43.952431Z  WARN herdr::detect::manifest_update: skipping unknown remote manifest agent agent="qwen"
2026-08-14T05:16:43.464834Z  INFO herdr::logging: checking for updates event="update.check.start" subsystem="update" outcome="started"
2026-08-14T05:16:43.887383Z  WARN herdr::detect::manifest_update: skipping unknown remote manifest agent agent="qwen"
2026-08-14T06:27:41.355102Z  INFO herdr::logging: checking for updates event="update.check.start" subsystem="update" outcome="started"
2026-08-14T06:27:41.728608Z  WARN herdr::detect::manifest_update: skipping unknown remote manifest agent agent="qwen"
2026-08-15T06:41:45.255574Z  INFO herdr::logging: checking for updates event="update.check.start" subsystem="update" outcome="started"
2026-08-15T06:41:48.380432Z  WARN herdr::detect::manifest_update: agent detection manifest update failed: failed to fetch https://herdr.dev/agent-detection/index.toml
2026-08-15T06:41:48.380432Z  WARN herdr::logging: update check failed event="update.check.complete" subsystem="update" outcome="error" err="failed to fetch Homebrew formula JSON"
2026-08-15T07:11:52.836814Z  INFO herdr::logging: checking for updates event="update.check.start" subsystem="update" outcome="started"
2026-08-15T07:11:55.961651Z  WARN herdr::detect::manifest_update: agent detection manifest update failed: failed to fetch https://herdr.dev/agent-detection/index.toml
2026-08-15T07:11:55.971247Z  WARN herdr::logging: update check failed event="update.check.complete" subsystem="update" outcome="error" err="failed to fetch Homebrew formula JSON"
2026-08-15T07:42:01.240731Z  INFO herdr::logging: checking for updates event="update.check.start" subsystem="update" outcome="started"
2026-08-15T07:42:04.366130Z  WARN herdr::detect::manifest_update: agent detection manifest update failed: failed to fetch https://herdr.dev/agent-detection/index.toml
2026-08-15T07:42:04.366385Z  WARN herdr::logging: update check failed event="update.check.complete" subsystem="update" outcome="error" err="failed to fetch Homebrew formula JSON"
2026-08-15T08:12:08.367640Z  INFO herdr::logging: checking for updates event="update.check.start" subsystem="update" outcome="started"
2026-08-15T08:12:11.464276Z  WARN herdr::detect::manifest_update: agent detection manifest update failed: failed to fetch https://herdr.dev/agent-detection/index.toml
2026-08-15T08:12:11.471377Z  WARN herdr::logging: update check failed event="update.check.complete" subsystem="update" outcome="error" err="failed to fetch Homebrew formula JSON"
2026-08-15T08:42:16.650709Z  INFO herdr::logging: checking for updates event="update.check.start" subsystem="update" outcome="started"
2026-08-15T08:42:19.770504Z  WARN herdr::logging: update check failed event="update.check.complete" subsystem="update" outcome="error" err="failed to fetch Homebrew formula JSON"
2026-08-15T08:42:19.770659Z  WARN herdr::detect::manifest_update: agent detection manifest update failed: failed to fetch https://herdr.dev/agent-detection/index.toml
2026-08-15T09:12:24.117468Z  INFO herdr::logging: checking for updates event="update.check.start" subsystem="update" outcome="started"
2026-08-15T09:12:27.242782Z  WARN herdr::logging: update check failed event="update.check.complete" subsystem="update" outcome="error" err="failed to fetch Homebrew formula JSON"
2026-08-15T09:12:27.243663Z  WARN herdr::detect::manifest_update: agent detection manifest update failed: failed to fetch https://herdr.dev/agent-detection/index.toml
2026-08-15T09:42:32.428054Z  INFO herdr::logging: checking for updates event="update.check.start" subsystem="update" outcome="started"
2026-08-15T09:42:35.549004Z  WARN herdr::logging: update check failed event="update.check.complete" subsystem="update" outcome="error" err="failed to fetch Homebrew formula JSON"
2026-08-15T09:42:35.549453Z  WARN herdr::detect::manifest_update: agent detection manifest update failed: failed to fetch https://herdr.dev/agent-detection/index.toml
2026-08-15T10:12:39.726984Z  INFO herdr::logging: checking for updates event="update.check.start" subsystem="update" outcome="started"
2026-08-15T10:12:42.849039Z  WARN herdr::logging: update check failed event="update.check.complete" subsystem="update" outcome="error" err="failed to fetch Homebrew formula JSON"
2026-08-15T10:12:42.849771Z  WARN herdr::detect::manifest_update: agent detection manifest update failed: failed to fetch https://herdr.dev/agent-detection/index.toml
2026-08-15T10:13:41.615976Z  INFO herdr::logging: workspace focused event="workspace.focus" subsystem="workspace" outcome="ok" workspace_id="w5"
2026-08-15T10:13:41.616582Z  INFO herdr::logging: tab focused event="tab.focus" subsystem="tab" outcome="ok" workspace_id="w5" tab_id="w5:t2"
2026-08-15T10:13:43.212211Z  INFO herdr::logging: workspace focused event="workspace.focus" subsystem="workspace" outcome="ok" workspace_id="w4"
2026-08-15T10:13:43.212408Z  INFO herdr::logging: tab focused event="tab.focus" subsystem="tab" outcome="ok" workspace_id="w4" tab_id="w4:t1"
2026-08-15T10:13:45.670194Z  INFO herdr::logging: tab focused event="tab.focus" subsystem="tab" outcome="ok" workspace_id="w4" tab_id="w4:t3"
2026-08-15T10:13:48.084577Z  INFO herdr::logging: tab focused event="tab.focus" subsystem="tab" outcome="ok" workspace_id="w4" tab_id="w4:t3"
2026-08-15T10:13:50.050612Z  INFO herdr::logging: workspace focused event="workspace.focus" subsystem="workspace" outcome="ok" workspace_id="w6"
2026-08-15T10:13:50.050651Z  INFO herdr::logging: tab focused event="tab.focus" subsystem="tab" outcome="ok" workspace_id="w6" tab_id="w6:t1"
2026-08-15T10:13:55.059918Z  INFO herdr::logging: session saved event="persist.save" subsystem="persist" outcome="ok" path=/Users/shahid/.config/herdr/session.json workspaces=3
2026-08-15T10:22:19.653831Z  INFO herdr::logging: workspace focused event="workspace.focus" subsystem="workspace" outcome="ok" workspace_id="w4"
2026-08-15T10:22:19.655264Z  INFO herdr::logging: tab focused event="tab.focus" subsystem="tab" outcome="ok" workspace_id="w4" tab_id="w4:t3"
2026-08-15T10:22:23.079384Z  INFO herdr::logging: workspace focused event="workspace.focus" subsystem="workspace" outcome="ok" workspace_id="w4"
2026-08-15T10:22:23.079450Z  INFO herdr::logging: tab focused event="tab.focus" subsystem="tab" outcome="ok" workspace_id="w4" tab_id="w4:t3"
2026-08-15T10:22:24.044184Z  INFO herdr::logging: workspace focused event="workspace.focus" subsystem="workspace" outcome="ok" workspace_id="w4"
2026-08-15T10:22:24.044330Z  INFO herdr::logging: tab focused event="tab.focus" subsystem="tab" outcome="ok" workspace_id="w4" tab_id="w4:t3"
2026-08-15T10:22:24.811122Z  INFO herdr::logging: workspace focused event="workspace.focus" subsystem="workspace" outcome="ok" workspace_id="w5"
2026-08-15T10:22:24.811245Z  INFO herdr::logging: tab focused event="tab.focus" subsystem="tab" outcome="ok" workspace_id="w5" tab_id="w5:t2"
2026-08-15T10:22:29.826184Z  INFO herdr::logging: session saved event="persist.save" subsystem="persist" outcome="ok" path=/Users/shahid/.config/herdr/session.json workspaces=3
2026-08-15T10:22:43.201930Z  INFO herdr::logging: tab focused event="tab.focus" subsystem="tab" outcome="ok" workspace_id="w5" tab_id="w5:t3"
2026-08-15T10:22:48.223091Z  INFO herdr::logging: session saved event="persist.save" subsystem="persist" outcome="ok" path=/Users/shahid/.config/herdr/session.json workspaces=3
2026-08-15T10:22:48.792369Z  INFO herdr::pane: agent changed pane=10 previous_agent=Some(Pi) agent=None pgid=Some(1919)
2026-08-15T10:22:59.706129Z  INFO herdr::app::actions: copied selection to clipboard
2026-08-15T10:23:02.428000Z  INFO herdr::pane: agent changed pane=10 previous_agent=None agent=Some(Pi) process=pi pgid=Some(36181)
2026-08-15T10:23:47.167492Z  INFO herdr::pane: agent changed pane=10 previous_agent=Some(Pi) agent=None pgid=Some(1919)
2026-08-15T10:23:49.699667Z  INFO herdr::pane: agent changed pane=10 previous_agent=None agent=Some(Pi) process=pi pgid=Some(36335)
2026-08-15T10:23:58.819248Z  INFO herdr::pane: agent changed pane=10 previous_agent=Some(Pi) agent=None pgid=Some(1919)
2026-08-15T10:24:03.368298Z  INFO herdr::pane: agent changed pane=10 previous_agent=None agent=Some(Pi) process=pi pgid=Some(36381)
2026-08-15T10:24:04.897381Z  INFO herdr::pane: agent changed pane=10 previous_agent=Some(Pi) agent=None pgid=Some(1919)
2026-08-15T10:24:19.563544Z  INFO herdr::pane: agent changed pane=10 previous_agent=None agent=Some(Pi) process=pi pgid=Some(36446)
2026-08-15T10:27:16.914074Z  INFO herdr::logging: tab focused event="tab.focus" subsystem="tab" outcome="ok" workspace_id="w5" tab_id="w5:t1"
2026-08-15T10:27:21.934426Z  INFO herdr::logging: session saved event="persist.save" subsystem="persist" outcome="ok" path=/Users/shahid/.config/herdr/session.json workspaces=3
2026-08-15T10:32:48.658882Z  WARN herdr::raw_input: flushing lone escape after input timeout; if this follows an alt chord or focus switch it may reach the pane as plain esc bytes=[27]
2026-08-15T10:34:36.755538Z  WARN herdr::raw_input: flushing lone escape after input timeout; if this follows an alt chord or focus switch it may reach the pane as plain esc bytes=[27]
2026-08-15T10:36:51.690649Z  WARN herdr::raw_input: flushing lone escape after input timeout; if this follows an alt chord or focus switch it may reach the pane as plain esc bytes=[27]
2026-08-15T10:37:51.376640Z  WARN herdr::raw_input: flushing lone escape after input timeout; if this follows an alt chord or focus switch it may reach the pane as plain esc bytes=[27]
2026-08-15T10:38:58.366523Z  WARN herdr::raw_input: flushing lone escape after input timeout; if this follows an alt chord or focus switch it may reach the pane as plain esc bytes=[27]
2026-08-15T10:39:56.401130Z  WARN herdr::raw_input: flushing lone escape after input timeout; if this follows an alt chord or focus switch it may reach the pane as plain esc bytes=[27]
2026-08-15T10:40:20.927484Z  WARN herdr::raw_input: flushing lone escape after input timeout; if this follows an alt chord or focus switch it may reach the pane as plain esc bytes=[27]
2026-08-15T10:40:48.982234Z  WARN herdr::raw_input: flushing lone escape after input timeout; if this follows an alt chord or focus switch it may reach the pane as plain esc bytes=[27]
2026-08-15T10:42:08.336828Z  WARN herdr::raw_input: flushing lone escape after input timeout; if this follows an alt chord or focus switch it may reach the pane as plain esc bytes=[27]
2026-08-15T10:42:21.154570Z  WARN herdr::raw_input: flushing lone escape after input timeout; if this follows an alt chord or focus switch it may reach the pane as plain esc bytes=[27]
2026-08-15T10:42:24.204636Z  WARN herdr::raw_input: flushing lone escape after input timeout; if this follows an alt chord or focus switch it may reach the pane as plain esc bytes=[27]
2026-08-15T10:42:24.427503Z  WARN herdr::raw_input: flushing lone escape after input timeout; if this follows an alt chord or focus switch it may reach the pane as plain esc bytes=[27]
2026-08-15T10:42:39.488758Z  INFO herdr::logging: checking for updates event="update.check.start" subsystem="update" outcome="started"
2026-08-15T10:42:39.949042Z  WARN herdr::detect::manifest_update: skipping unknown remote manifest agent agent="qwen"
2026-08-15T10:43:26.398555Z  WARN herdr::raw_input: flushing lone escape after input timeout; if this follows an alt chord or focus switch it may reach the pane as plain esc bytes=[27]
2026-08-15T10:43:31.916127Z  WARN herdr::raw_input: flushing lone escape after input timeout; if this follows an alt chord or focus switch it may reach the pane as plain esc bytes=[27]
2026-08-15T10:43:44.894510Z  WARN herdr::raw_input: flushing lone escape after input timeout; if this follows an alt chord or focus switch it may reach the pane as plain esc bytes=[27]
2026-08-15T10:43:51.190884Z  WARN herdr::raw_input: flushing lone escape after input timeout; if this follows an alt chord or focus switch it may reach the pane as plain esc bytes=[27]
2026-08-15T10:43:55.995743Z  WARN herdr::raw_input: flushing lone escape after input timeout; if this follows an alt chord or focus switch it may reach the pane as plain esc bytes=[27]
2026-08-15T10:45:57.199950Z  WARN herdr::raw_input: flushing lone escape after input timeout; if this follows an alt chord or focus switch it may reach the pane as plain esc bytes=[27]
2026-08-15T10:46:02.372083Z  WARN herdr::raw_input: flushing lone escape after input timeout; if this follows an alt chord or focus switch it may reach the pane as plain esc bytes=[27]
2026-08-15T10:46:08.550854Z  WARN herdr::raw_input: flushing lone escape after input timeout; if this follows an alt chord or focus switch it may reach the pane as plain esc bytes=[27]
2026-08-15T10:46:32.993559Z  WARN herdr::raw_input: flushing lone escape after input timeout; if this follows an alt chord or focus switch it may reach the pane as plain esc bytes=[27]
2026-08-15T10:46:45.479974Z  WARN herdr::raw_input: flushing lone escape after input timeout; if this follows an alt chord or focus switch it may reach the pane as plain esc bytes=[27]
2026-08-15T10:47:25.916626Z  WARN herdr::raw_input: flushing lone escape after input timeout; if this follows an alt chord or focus switch it may reach the pane as plain esc bytes=[27]
2026-08-15T10:47:51.853399Z  WARN herdr::raw_input: flushing lone escape after input timeout; if this follows an alt chord or focus switch it may reach the pane as plain esc bytes=[27]
2026-08-15T10:48:12.664835Z  WARN herdr::raw_input: flushing lone escape after input timeout; if this follows an alt chord or focus switch it may reach the pane as plain esc bytes=[27]
2026-08-16T05:07:53.665053Z  INFO herdr::logging: checking for updates event="update.check.start" subsystem="update" outcome="started"
2026-08-16T05:07:57.095130Z  WARN herdr::detect::manifest_update: agent detection manifest update failed: failed to fetch https://herdr.dev/agent-detection/index.toml
2026-08-16T05:07:57.098570Z  WARN herdr::logging: update check failed event="update.check.complete" subsystem="update" outcome="error" err="failed to fetch Homebrew formula JSON"
2026-08-16T05:22:34.623920Z  WARN herdr::raw_input: flushing lone escape after input timeout; if this follows an alt chord or focus switch it may reach the pane as plain esc bytes=[27]
2026-08-16T05:23:21.677336Z  WARN herdr::raw_input: flushing lone escape after input timeout; if this follows an alt chord or focus switch it may reach the pane as plain esc bytes=[27]
2026-08-16T05:23:41.231534Z  WARN herdr::raw_input: flushing lone escape after input timeout; if this follows an alt chord or focus switch it may reach the pane as plain esc bytes=[27]
2026-08-16T05:24:25.749993Z  WARN herdr::raw_input: flushing lone escape after input timeout; if this follows an alt chord or focus switch it may reach the pane as plain esc bytes=[27]
2026-08-16T05:24:44.644102Z  WARN herdr::raw_input: flushing lone escape after input timeout; if this follows an alt chord or focus switch it may reach the pane as plain esc bytes=[27]
2026-08-16T05:24:44.895531Z  WARN herdr::raw_input: flushing lone escape after input timeout; if this follows an alt chord or focus switch it may reach the pane as plain esc bytes=[27]
2026-08-16T05:25:23.419875Z  WARN herdr::raw_input: flushing lone escape after input timeout; if this follows an alt chord or focus switch it may reach the pane as plain esc bytes=[27]
2026-08-16T05:25:23.587642Z  WARN herdr::raw_input: flushing lone escape after input timeout; if this follows an alt chord or focus switch it may reach the pane as plain esc bytes=[27]
2026-08-16T05:25:24.506789Z  WARN herdr::raw_input: flushing lone escape after input timeout; if this follows an alt chord or focus switch it may reach the pane as plain esc bytes=[27]
2026-08-16T05:27:54.934451Z  WARN herdr::raw_input: flushing lone escape after input timeout; if this follows an alt chord or focus switch it may reach the pane as plain esc bytes=[27]
2026-08-16T05:27:56.888000Z  WARN herdr::raw_input: flushing lone escape after input timeout; if this follows an alt chord or focus switch it may reach the pane as plain esc bytes=[27]
2026-08-16T05:27:57.387648Z  WARN herdr::raw_input: flushing lone escape after input timeout; if this follows an alt chord or focus switch it may reach the pane as plain esc bytes=[27]
2026-08-16T05:29:08.819499Z  WARN herdr::raw_input: flushing lone escape after input timeout; if this follows an alt chord or focus switch it may reach the pane as plain esc bytes=[27]
2026-08-16T05:29:54.532181Z  WARN herdr::raw_input: flushing lone escape after input timeout; if this follows an alt chord or focus switch it may reach the pane as plain esc bytes=[27]
2026-08-16T05:30:28.437253Z  WARN herdr::raw_input: flushing lone escape after input timeout; if this follows an alt chord or focus switch it may reach the pane as plain esc bytes=[27]
2026-08-16T05:30:46.750272Z  WARN herdr::raw_input: flushing lone escape after input timeout; if this follows an alt chord or focus switch it may reach the pane as plain esc bytes=[27]
2026-08-16T05:51:41.683872Z  WARN herdr::raw_input: flushing lone escape after input timeout; if this follows an alt chord or focus switch it may reach the pane as plain esc bytes=[27]
2026-08-16T05:51:48.326814Z  WARN herdr::raw_input: flushing lone escape after input timeout; if this follows an alt chord or focus switch it may reach the pane as plain esc bytes=[27]
2026-08-16T05:51:57.004132Z  WARN herdr::raw_input: flushing lone escape after input timeout; if this follows an alt chord or focus switch it may reach the pane as plain esc bytes=[27]
2026-08-16T05:52:00.205246Z  WARN herdr::raw_input: flushing lone escape after input timeout; if this follows an alt chord or focus switch it may reach the pane as plain esc bytes=[27]
2026-08-16T05:52:00.408891Z  WARN herdr::raw_input: flushing lone escape after input timeout; if this follows an alt chord or focus switch it may reach the pane as plain esc bytes=[27]
2026-08-16T05:52:07.082737Z  WARN herdr::raw_input: flushing lone escape after input timeout; if this follows an alt chord or focus switch it may reach the pane as plain esc bytes=[27]
2026-08-16T05:52:14.214246Z  WARN herdr::raw_input: flushing lone escape after input timeout; if this follows an alt chord or focus switch it may reach the pane as plain esc bytes=[27]
2026-08-16T05:52:43.646614Z  WARN herdr::raw_input: flushing lone escape after input timeout; if this follows an alt chord or focus switch it may reach the pane as plain esc bytes=[27]
2026-08-16T05:52:49.706530Z  WARN herdr::raw_input: flushing lone escape after input timeout; if this follows an alt chord or focus switch it may reach the pane as plain esc bytes=[27]
2026-08-16T05:52:58.340047Z  INFO herdr::logging: checking for updates event="update.check.start" subsystem="update" outcome="started"
2026-08-16T05:52:58.762438Z  WARN herdr::detect::manifest_update: skipping unknown remote manifest agent agent="qwen"
2026-08-16T05:54:50.522835Z  WARN herdr::raw_input: flushing lone escape after input timeout; if this follows an alt chord or focus switch it may reach the pane as plain esc bytes=[27]
2026-08-16T05:54:54.865143Z  WARN herdr::raw_input: flushing lone escape after input timeout; if this follows an alt chord or focus switch it may reach the pane as plain esc bytes=[27]
2026-08-16T05:55:10.709780Z  WARN herdr::raw_input: flushing lone escape after input timeout; if this follows an alt chord or focus switch it may reach the pane as plain esc bytes=[27]
2026-08-16T05:55:31.043022Z  WARN herdr::raw_input: flushing lone escape after input timeout; if this follows an alt chord or focus switch it may reach the pane as plain esc bytes=[27]
2026-08-16T05:55:37.876494Z  WARN herdr::raw_input: flushing lone escape after input timeout; if this follows an alt chord or focus switch it may reach the pane as plain esc bytes=[27]
2026-08-16T05:56:49.521217Z  WARN herdr::raw_input: flushing lone escape after input timeout; if this follows an alt chord or focus switch it may reach the pane as plain esc bytes=[27]
2026-08-16T05:57:09.408327Z  WARN herdr::raw_input: flushing lone escape after input timeout; if this follows an alt chord or focus switch it may reach the pane as plain esc bytes=[27]
2026-08-16T05:57:23.436227Z  WARN herdr::raw_input: flushing lone escape after input timeout; if this follows an alt chord or focus switch it may reach the pane as plain esc bytes=[27]
2026-08-16T05:57:31.625203Z  WARN herdr::raw_input: flushing lone escape after input timeout; if this follows an alt chord or focus switch it may reach the pane as plain esc bytes=[27]
2026-08-16T05:57:42.211443Z  WARN herdr::raw_input: flushing lone escape after input timeout; if this follows an alt chord or focus switch it may reach the pane as plain esc bytes=[27]
2026-08-16T05:57:52.001597Z  WARN herdr::raw_input: flushing lone escape after input timeout; if this follows an alt chord or focus switch it may reach the pane as plain esc bytes=[27]
2026-08-16T05:57:52.224607Z  WARN herdr::raw_input: flushing lone escape after input timeout; if this follows an alt chord or focus switch it may reach the pane as plain esc bytes=[27]
2026-08-16T05:57:58.519246Z  WARN herdr::raw_input: flushing lone escape after input timeout; if this follows an alt chord or focus switch it may reach the pane as plain esc bytes=[27]
2026-08-16T05:58:06.430737Z  WARN herdr::raw_input: flushing lone escape after input timeout; if this follows an alt chord or focus switch it may reach the pane as plain esc bytes=[27]
2026-08-16T05:58:12.740238Z  WARN herdr::raw_input: flushing lone escape after input timeout; if this follows an alt chord or focus switch it may reach the pane as plain esc bytes=[27]
2026-08-16T05:58:17.243139Z  WARN herdr::raw_input: flushing lone escape after input timeout; if this follows an alt chord or focus switch it may reach the pane as plain esc bytes=[27]
2026-08-16T05:58:17.482876Z  WARN herdr::raw_input: flushing lone escape after input timeout; if this follows an alt chord or focus switch it may reach the pane as plain esc bytes=[27]
2026-08-16T05:58:23.512334Z  WARN herdr::raw_input: flushing lone escape after input timeout; if this follows an alt chord or focus switch it may reach the pane as plain esc bytes=[27]
2026-08-16T05:58:30.802508Z  WARN herdr::raw_input: flushing lone escape after input timeout; if this follows an alt chord or focus switch it may reach the pane as plain esc bytes=[27]
2026-08-16T05:58:41.481748Z  WARN herdr::raw_input: flushing lone escape after input timeout; if this follows an alt chord or focus switch it may reach the pane as plain esc bytes=[27]
2026-08-16T05:58:49.423180Z  WARN herdr::raw_input: flushing lone escape after input timeout; if this follows an alt chord or focus switch it may reach the pane as plain esc bytes=[27]
2026-08-16T05:59:40.913883Z  WARN herdr::raw_input: flushing lone escape after input timeout; if this follows an alt chord or focus switch it may reach the pane as plain esc bytes=[27]
2026-08-16T05:59:56.047747Z  WARN herdr::raw_input: flushing lone escape after input timeout; if this follows an alt chord or focus switch it may reach the pane as plain esc bytes=[27]
2026-08-16T06:00:23.736107Z  WARN herdr::raw_input: flushing lone escape after input timeout; if this follows an alt chord or focus switch it may reach the pane as plain esc bytes=[27]
2026-08-16T06:00:34.414610Z  WARN herdr::raw_input: flushing lone escape after input timeout; if this follows an alt chord or focus switch it may reach the pane as plain esc bytes=[27]
2026-08-16T06:01:48.568650Z  WARN herdr::raw_input: flushing lone escape after input timeout; if this follows an alt chord or focus switch it may reach the pane as plain esc bytes=[27]
2026-08-16T06:06:15.795116Z  WARN herdr::raw_input: flushing lone escape after input timeout; if this follows an alt chord or focus switch it may reach the pane as plain esc bytes=[27]
2026-08-16T06:06:20.707072Z  WARN herdr::raw_input: flushing lone escape after input timeout; if this follows an alt chord or focus switch it may reach the pane as plain esc bytes=[27]
2026-08-16T06:06:30.171214Z  WARN herdr::raw_input: flushing lone escape after input timeout; if this follows an alt chord or focus switch it may reach the pane as plain esc bytes=[27]
2026-08-16T06:06:42.184393Z  WARN herdr::raw_input: flushing lone escape after input timeout; if this follows an alt chord or focus switch it may reach the pane as plain esc bytes=[27]
2026-08-16T06:06:46.867453Z  WARN herdr::raw_input: flushing lone escape after input timeout; if this follows an alt chord or focus switch it may reach the pane as plain esc bytes=[27]
2026-08-16T06:06:52.120292Z  WARN herdr::raw_input: flushing lone escape after input timeout; if this follows an alt chord or focus switch it may reach the pane as plain esc bytes=[27]
2026-08-16T06:06:52.364113Z  WARN herdr::raw_input: flushing lone escape after input timeout; if this follows an alt chord or focus switch it may reach the pane as plain esc bytes=[27]
2026-08-16T06:07:11.516139Z  WARN herdr::raw_input: flushing lone escape after input timeout; if this follows an alt chord or focus switch it may reach the pane as plain esc bytes=[27]
2026-08-16T06:07:15.006554Z  WARN herdr::raw_input: flushing lone escape after input timeout; if this follows an alt chord or focus switch it may reach the pane as plain esc bytes=[27]
2026-08-16T06:07:15.220497Z  WARN herdr::raw_input: flushing lone escape after input timeout; if this follows an alt chord or focus switch it may reach the pane as plain esc bytes=[27]
2026-08-16T06:07:27.730309Z  WARN herdr::raw_input: flushing lone escape after input timeout; if this follows an alt chord or focus switch it may reach the pane as plain esc bytes=[27]
2026-08-16T06:08:09.401448Z  WARN herdr::raw_input: flushing lone escape after input timeout; if this follows an alt chord or focus switch it may reach the pane as plain esc bytes=[27]
2026-08-16T06:08:23.529809Z  WARN herdr::raw_input: flushing lone escape after input timeout; if this follows an alt chord or focus switch it may reach the pane as plain esc bytes=[27]
2026-08-16T06:08:31.554729Z  WARN herdr::raw_input: flushing lone escape after input timeout; if this follows an alt chord or focus switch it may reach the pane as plain esc bytes=[27]
2026-08-16T06:08:44.091969Z  WARN herdr::raw_input: flushing lone escape after input timeout; if this follows an alt chord or focus switch it may reach the pane as plain esc bytes=[27]
2026-08-16T06:08:51.073205Z  WARN herdr::raw_input: flushing lone escape after input timeout; if this follows an alt chord or focus switch it may reach the pane as plain esc bytes=[27]
2026-08-16T06:08:52.650503Z  WARN herdr::raw_input: flushing lone escape after input timeout; if this follows an alt chord or focus switch it may reach the pane as plain esc bytes=[27]
2026-08-16T06:08:59.824425Z  WARN herdr::raw_input: flushing lone escape after input timeout; if this follows an alt chord or focus switch it may reach the pane as plain esc bytes=[27]
2026-08-16T06:09:06.582463Z  WARN herdr::raw_input: flushing lone escape after input timeout; if this follows an alt chord or focus switch it may reach the pane as plain esc bytes=[27]
2026-08-16T06:09:33.218216Z  WARN herdr::raw_input: flushing lone escape after input timeout; if this follows an alt chord or focus switch it may reach the pane as plain esc bytes=[27]
2026-08-16T06:09:38.866018Z  WARN herdr::raw_input: flushing lone escape after input timeout; if this follows an alt chord or focus switch it may reach the pane as plain esc bytes=[27]
2026-08-16T06:09:42.904823Z  WARN herdr::raw_input: flushing lone escape after input timeout; if this follows an alt chord or focus switch it may reach the pane as plain esc bytes=[27]
2026-08-16T06:09:49.847686Z  WARN herdr::raw_input: flushing lone escape after input timeout; if this follows an alt chord or focus switch it may reach the pane as plain esc bytes=[27]
2026-08-16T06:09:54.847055Z  WARN herdr::raw_input: flushing lone escape after input timeout; if this follows an alt chord or focus switch it may reach the pane as plain esc bytes=[27]
2026-08-16T06:10:00.668930Z  WARN herdr::raw_input: flushing lone escape after input timeout; if this follows an alt chord or focus switch it may reach the pane as plain esc bytes=[27]
2026-08-16T06:10:05.845194Z  WARN herdr::raw_input: flushing lone escape after input timeout; if this follows an alt chord or focus switch it may reach the pane as plain esc bytes=[27]
2026-08-16T06:10:12.816541Z  WARN herdr::raw_input: flushing lone escape after input timeout; if this follows an alt chord or focus switch it may reach the pane as plain esc bytes=[27]
2026-08-16T06:10:25.228528Z  WARN herdr::raw_input: flushing lone escape after input timeout; if this follows an alt chord or focus switch it may reach the pane as plain esc bytes=[27]
2026-08-16T06:10:31.581864Z  WARN herdr::raw_input: flushing lone escape after input timeout; if this follows an alt chord or focus switch it may reach the pane as plain esc bytes=[27]
2026-08-16T06:10:42.249296Z  WARN herdr::raw_input: flushing lone escape after input timeout; if this follows an alt chord or focus switch it may reach the pane as plain esc bytes=[27]
2026-08-16T06:10:54.882266Z  WARN herdr::raw_input: flushing lone escape after input timeout; if this follows an alt chord or focus switch it may reach the pane as plain esc bytes=[27]
2026-08-16T06:11:43.930724Z  WARN herdr::raw_input: flushing lone escape after input timeout; if this follows an alt chord or focus switch it may reach the pane as plain esc bytes=[27]
2026-08-16T06:12:25.171345Z  WARN herdr::raw_input: flushing lone escape after input timeout; if this follows an alt chord or focus switch it may reach the pane as plain esc bytes=[27]
2026-08-16T06:12:32.296791Z  WARN herdr::raw_input: flushing lone escape after input timeout; if this follows an alt chord or focus switch it may reach the pane as plain esc bytes=[27]
2026-08-16T06:12:36.902312Z  WARN herdr::raw_input: flushing lone escape after input timeout; if this follows an alt chord or focus switch it may reach the pane as plain esc bytes=[27]
2026-08-16T06:12:46.647287Z  WARN herdr::raw_input: flushing lone escape after input timeout; if this follows an alt chord or focus switch it may reach the pane as plain esc bytes=[27]
2026-08-16T06:12:53.676565Z  WARN herdr::raw_input: flushing lone escape after input timeout; if this follows an alt chord or focus switch it may reach the pane as plain esc bytes=[27]
2026-08-16T06:12:59.129156Z  WARN herdr::raw_input: flushing lone escape after input timeout; if this follows an alt chord or focus switch it may reach the pane as plain esc bytes=[27]
2026-08-16T06:13:06.137852Z  WARN herdr::raw_input: flushing lone escape after input timeout; if this follows an alt chord or focus switch it may reach the pane as plain esc bytes=[27]
2026-08-16T06:13:10.212158Z  WARN herdr::raw_input: flushing lone escape after input timeout; if this follows an alt chord or focus switch it may reach the pane as plain esc bytes=[27]
2026-08-16T06:13:16.800599Z  WARN herdr::raw_input: flushing lone escape after input timeout; if this follows an alt chord or focus switch it may reach the pane as plain esc bytes=[27]
2026-08-16T06:13:21.459360Z  WARN herdr::raw_input: flushing lone escape after input timeout; if this follows an alt chord or focus switch it may reach the pane as plain esc bytes=[27]
2026-08-16T06:13:27.956185Z  WARN herdr::raw_input: flushing lone escape after input timeout; if this follows an alt chord or focus switch it may reach the pane as plain esc bytes=[27]
2026-08-16T06:13:34.336400Z  WARN herdr::raw_input: flushing lone escape after input timeout; if this follows an alt chord or focus switch it may reach the pane as plain esc bytes=[27]
2026-08-16T06:13:42.939453Z  WARN herdr::raw_input: flushing lone escape after input timeout; if this follows an alt chord or focus switch it may reach the pane as plain esc bytes=[27]
2026-08-16T06:13:50.668778Z  WARN herdr::raw_input: flushing lone escape after input timeout; if this follows an alt chord or focus switch it may reach the pane as plain esc bytes=[27]
2026-08-16T06:14:01.826329Z  WARN herdr::raw_input: flushing lone escape after input timeout; if this follows an alt chord or focus switch it may reach the pane as plain esc bytes=[27]
2026-08-16T06:14:06.534118Z  WARN herdr::raw_input: flushing lone escape after input timeout; if this follows an alt chord or focus switch it may reach the pane as plain esc bytes=[27]
2026-08-16T06:14:10.845979Z  WARN herdr::raw_input: flushing lone escape after input timeout; if this follows an alt chord or focus switch it may reach the pane as plain esc bytes=[27]
2026-08-16T06:14:16.935555Z  WARN herdr::raw_input: flushing lone escape after input timeout; if this follows an alt chord or focus switch it may reach the pane as plain esc bytes=[27]
2026-08-16T06:14:24.005017Z  WARN herdr::raw_input: flushing lone escape after input timeout; if this follows an alt chord or focus switch it may reach the pane as plain esc bytes=[27]
2026-08-16T06:14:46.886044Z  WARN herdr::raw_input: flushing lone escape after input timeout; if this follows an alt chord or focus switch it may reach the pane as plain esc bytes=[27]
2026-08-16T06:14:54.726351Z  WARN herdr::raw_input: flushing lone escape after input timeout; if this follows an alt chord or focus switch it may reach the pane as plain esc bytes=[27]
2026-08-16T06:14:58.475815Z  WARN herdr::raw_input: flushing lone escape after input timeout; if this follows an alt chord or focus switch it may reach the pane as plain esc bytes=[27]
2026-08-16T06:15:02.441082Z  WARN herdr::raw_input: flushing lone escape after input timeout; if this follows an alt chord or focus switch it may reach the pane as plain esc bytes=[27]
2026-08-16T06:15:05.627921Z  WARN herdr::raw_input: flushing lone escape after input timeout; if this follows an alt chord or focus switch it may reach the pane as plain esc bytes=[27]
2026-08-16T06:15:08.610939Z  WARN herdr::raw_input: flushing lone escape after input timeout; if this follows an alt chord or focus switch it may reach the pane as plain esc bytes=[27]
2026-08-16T06:15:13.765267Z  WARN herdr::raw_input: flushing lone escape after input timeout; if this follows an alt chord or focus switch it may reach the pane as plain esc bytes=[27]
2026-08-16T06:15:17.887327Z  WARN herdr::raw_input: flushing lone escape after input timeout; if this follows an alt chord or focus switch it may reach the pane as plain esc bytes=[27]
2026-08-16T06:15:22.772535Z  WARN herdr::raw_input: flushing lone escape after input timeout; if this follows an alt chord or focus switch it may reach the pane as plain esc bytes=[27]
2026-08-16T06:15:27.190378Z  WARN herdr::raw_input: flushing lone escape after input timeout; if this follows an alt chord or focus switch it may reach the pane as plain esc bytes=[27]
2026-08-16T06:15:31.305997Z  WARN herdr::raw_input: flushing lone escape after input timeout; if this follows an alt chord or focus switch it may reach the pane as plain esc bytes=[27]
2026-08-16T06:15:49.753676Z  WARN herdr::raw_input: flushing lone escape after input timeout; if this follows an alt chord or focus switch it may reach the pane as plain esc bytes=[27]
2026-08-16T06:17:05.691638Z  WARN herdr::raw_input: flushing lone escape after input timeout; if this follows an alt chord or focus switch it may reach the pane as plain esc bytes=[27]
2026-08-16T06:17:10.660805Z  WARN herdr::raw_input: flushing lone escape after input timeout; if this follows an alt chord or focus switch it may reach the pane as plain esc bytes=[27]
2026-08-16T06:17:13.914462Z  WARN herdr::raw_input: flushing lone escape after input timeout; if this follows an alt chord or focus switch it may reach the pane as plain esc bytes=[27]
2026-08-16T06:17:25.012624Z  WARN herdr::raw_input: flushing lone escape after input timeout; if this follows an alt chord or focus switch it may reach the pane as plain esc bytes=[27]
2026-08-16T06:17:29.893193Z  WARN herdr::raw_input: flushing lone escape after input timeout; if this follows an alt chord or focus switch it may reach the pane as plain esc bytes=[27]
2026-08-16T06:17:37.441981Z  WARN herdr::raw_input: flushing lone escape after input timeout; if this follows an alt chord or focus switch it may reach the pane as plain esc bytes=[27]
2026-08-16T06:17:41.740354Z  WARN herdr::raw_input: flushing lone escape after input timeout; if this follows an alt chord or focus switch it may reach the pane as plain esc bytes=[27]
2026-08-16T06:17:54.287559Z  WARN herdr::raw_input: flushing lone escape after input timeout; if this follows an alt chord or focus switch it may reach the pane as plain esc bytes=[27]
2026-08-16T06:18:03.300022Z  WARN herdr::raw_input: flushing lone escape after input timeout; if this follows an alt chord or focus switch it may reach the pane as plain esc bytes=[27]
2026-08-16T06:18:17.499781Z  WARN herdr::raw_input: flushing lone escape after input timeout; if this follows an alt chord or focus switch it may reach the pane as plain esc bytes=[27]
2026-08-16T06:21:02.339970Z  WARN herdr::raw_input: flushing lone escape after input timeout; if this follows an alt chord or focus switch it may reach the pane as plain esc bytes=[27]
2026-08-16T06:21:02.524376Z  WARN herdr::raw_input: flushing lone escape after input timeout; if this follows an alt chord or focus switch it may reach the pane as plain esc bytes=[27]
2026-08-16T06:21:05.244057Z  WARN herdr::raw_input: flushing lone escape after input timeout; if this follows an alt chord or focus switch it may reach the pane as plain esc bytes=[27]
2026-08-16T06:21:05.462807Z  WARN herdr::raw_input: flushing lone escape after input timeout; if this follows an alt chord or focus switch it may reach the pane as plain esc bytes=[27]
2026-08-16T06:23:01.777768Z  INFO herdr::logging: checking for updates event="update.check.start" subsystem="update" outcome="started"
2026-08-16T06:23:02.111788Z  WARN herdr::detect::manifest_update: skipping unknown remote manifest agent agent="qwen"
2026-08-16T06:26:14.334539Z  WARN herdr::raw_input: flushing lone escape after input timeout; if this follows an alt chord or focus switch it may reach the pane as plain esc bytes=[27]
2026-08-16T06:26:14.673232Z  WARN herdr::raw_input: flushing lone escape after input timeout; if this follows an alt chord or focus switch it may reach the pane as plain esc bytes=[27]
2026-08-16T06:26:19.250496Z  WARN herdr::raw_input: flushing lone escape after input timeout; if this follows an alt chord or focus switch it may reach the pane as plain esc bytes=[27]
2026-08-16T06:27:44.280416Z  WARN herdr::raw_input: flushing lone escape after input timeout; if this follows an alt chord or focus switch it may reach the pane as plain esc bytes=[27]
2026-08-16T06:28:11.278020Z  WARN herdr::raw_input: flushing lone escape after input timeout; if this follows an alt chord or focus switch it may reach the pane as plain esc bytes=[27]
2026-08-16T06:28:17.494188Z  WARN herdr::raw_input: flushing lone escape after input timeout; if this follows an alt chord or focus switch it may reach the pane as plain esc bytes=[27]
2026-08-16T06:29:34.913255Z  WARN herdr::raw_input: flushing lone escape after input timeout; if this follows an alt chord or focus switch it may reach the pane as plain esc bytes=[27]
2026-08-16T06:29:46.261028Z  WARN herdr::raw_input: flushing lone escape after input timeout; if this follows an alt chord or focus switch it may reach the pane as plain esc bytes=[27]
2026-08-16T06:30:07.097503Z  WARN herdr::raw_input: flushing lone escape after input timeout; if this follows an alt chord or focus switch it may reach the pane as plain esc bytes=[27]
2026-08-16T06:30:14.788689Z  WARN herdr::raw_input: flushing lone escape after input timeout; if this follows an alt chord or focus switch it may reach the pane as plain esc bytes=[27]
2026-08-16T06:30:24.274363Z  WARN herdr::raw_input: flushing lone escape after input timeout; if this follows an alt chord or focus switch it may reach the pane as plain esc bytes=[27]
2026-08-16T06:30:36.170224Z  WARN herdr::raw_input: flushing lone escape after input timeout; if this follows an alt chord or focus switch it may reach the pane as plain esc bytes=[27]
2026-08-16T06:30:39.740758Z  WARN herdr::raw_input: flushing lone escape after input timeout; if this follows an alt chord or focus switch it may reach the pane as plain esc bytes=[27]
2026-08-16T06:31:07.711420Z  WARN herdr::raw_input: flushing lone escape after input timeout; if this follows an alt chord or focus switch it may reach the pane as plain esc bytes=[27]
2026-08-16T06:31:18.355830Z  WARN herdr::raw_input: flushing lone escape after input timeout; if this follows an alt chord or focus switch it may reach the pane as plain esc bytes=[27]
2026-08-16T06:31:24.659599Z  WARN herdr::raw_input: flushing lone escape after input timeout; if this follows an alt chord or focus switch it may reach the pane as plain esc bytes=[27]
2026-08-16T06:31:32.577475Z  WARN herdr::raw_input: flushing lone escape after input timeout; if this follows an alt chord or focus switch it may reach the pane as plain esc bytes=[27]
2026-08-16T06:31:41.329946Z  WARN herdr::raw_input: flushing lone escape after input timeout; if this follows an alt chord or focus switch it may reach the pane as plain esc bytes=[27]
2026-08-16T06:31:55.576169Z  WARN herdr::raw_input: flushing lone escape after input timeout; if this follows an alt chord or focus switch it may reach the pane as plain esc bytes=[27]
2026-08-16T06:32:10.103937Z  WARN herdr::raw_input: flushing lone escape after input timeout; if this follows an alt chord or focus switch it may reach the pane as plain esc bytes=[27]
2026-08-16T06:32:17.477883Z  WARN herdr::raw_input: flushing lone escape after input timeout; if this follows an alt chord or focus switch it may reach the pane as plain esc bytes=[27]
2026-08-16T06:32:30.637637Z  WARN herdr::raw_input: flushing lone escape after input timeout; if this follows an alt chord or focus switch it may reach the pane as plain esc bytes=[27]
2026-08-16T06:32:37.243298Z  WARN herdr::raw_input: flushing lone escape after input timeout; if this follows an alt chord or focus switch it may reach the pane as plain esc bytes=[27]
2026-08-16T06:32:44.953942Z  WARN herdr::raw_input: flushing lone escape after input timeout; if this follows an alt chord or focus switch it may reach the pane as plain esc bytes=[27]
2026-08-16T06:32:52.120543Z  WARN herdr::raw_input: flushing lone escape after input timeout; if this follows an alt chord or focus switch it may reach the pane as plain esc bytes=[27]
2026-08-16T06:33:01.335597Z  WARN herdr::raw_input: flushing lone escape after input timeout; if this follows an alt chord or focus switch it may reach the pane as plain esc bytes=[27]
2026-08-16T06:33:10.853703Z  WARN herdr::raw_input: flushing lone escape after input timeout; if this follows an alt chord or focus switch it may reach the pane as plain esc bytes=[27]
2026-08-16T06:33:18.960822Z  WARN herdr::raw_input: flushing lone escape after input timeout; if this follows an alt chord or focus switch it may reach the pane as plain esc bytes=[27]
2026-08-16T06:33:26.145475Z  WARN herdr::raw_input: flushing lone escape after input timeout; if this follows an alt chord or focus switch it may reach the pane as plain esc bytes=[27]
2026-08-16T06:33:30.667203Z  WARN herdr::raw_input: flushing lone escape after input timeout; if this follows an alt chord or focus switch it may reach the pane as plain esc bytes=[27]
2026-08-16T06:33:59.611113Z  WARN herdr::raw_input: flushing lone escape after input timeout; if this follows an alt chord or focus switch it may reach the pane as plain esc bytes=[27]
2026-08-16T06:34:20.491213Z  WARN herdr::raw_input: flushing lone escape after input timeout; if this follows an alt chord or focus switch it may reach the pane as plain esc bytes=[27]
2026-08-16T06:34:24.660277Z  WARN herdr::raw_input: flushing lone escape after input timeout; if this follows an alt chord or focus switch it may reach the pane as plain esc bytes=[27]
2026-08-16T06:34:29.609680Z  WARN herdr::raw_input: flushing lone escape after input timeout; if this follows an alt chord or focus switch it may reach the pane as plain esc bytes=[27]
2026-08-16T06:34:34.220210Z  WARN herdr::raw_input: flushing lone escape after input timeout; if this follows an alt chord or focus switch it may reach the pane as plain esc bytes=[27]
2026-08-16T06:34:58.478355Z  WARN herdr::raw_input: flushing lone escape after input timeout; if this follows an alt chord or focus switch it may reach the pane as plain esc bytes=[27]
2026-08-16T06:35:07.510917Z  WARN herdr::raw_input: flushing lone escape after input timeout; if this follows an alt chord or focus switch it may reach the pane as plain esc bytes=[27]
2026-08-16T06:35:33.511833Z  INFO herdr::logging: tab focused event="tab.focus" subsystem="tab" outcome="ok" workspace_id="w5" tab_id="w5:t2"
2026-08-16T06:35:38.518101Z  INFO herdr::logging: session saved event="persist.save" subsystem="persist" outcome="ok" path=/Users/shahid/.config/herdr/session.json workspaces=3
2026-08-16T06:36:37.977620Z  INFO herdr::logging: tab focused event="tab.focus" subsystem="tab" outcome="ok" workspace_id="w5" tab_id="w5:t1"
2026-08-16T06:36:42.986746Z  INFO herdr::logging: session saved event="persist.save" subsystem="persist" outcome="ok" path=/Users/shahid/.config/herdr/session.json workspaces=3
2026-08-16T06:41:02.638785Z  INFO herdr::logging: tab focused event="tab.focus" subsystem="tab" outcome="ok" workspace_id="w5" tab_id="w5:t2"
2026-08-16T06:41:07.647780Z  INFO herdr::logging: session saved event="persist.save" subsystem="persist" outcome="ok" path=/Users/shahid/.config/herdr/session.json workspaces=3
2026-08-16T06:41:15.930670Z  INFO herdr::logging: session saved event="persist.save" subsystem="persist" outcome="ok" path=/Users/shahid/.config/herdr/session.json workspaces=3
2026-08-16T06:41:56.468727Z  INFO herdr::logging: tab focused event="tab.focus" subsystem="tab" outcome="ok" workspace_id="w5" tab_id="w5:t1"
2026-08-16T06:42:01.476009Z  INFO herdr::logging: session saved event="persist.save" subsystem="persist" outcome="ok" path=/Users/shahid/.config/herdr/session.json workspaces=3
2026-08-16T06:42:35.893991Z  INFO herdr::logging: tab focused event="tab.focus" subsystem="tab" outcome="ok" workspace_id="w5" tab_id="w5:t2"
2026-08-16T06:42:40.906464Z  INFO herdr::logging: session saved event="persist.save" subsystem="persist" outcome="ok" path=/Users/shahid/.config/herdr/session.json workspaces=3
2026-08-16T06:42:46.552268Z  INFO herdr::logging: tab focused event="tab.focus" subsystem="tab" outcome="ok" workspace_id="w5" tab_id="w5:t1"
2026-08-16T06:42:51.561174Z  INFO herdr::logging: session saved event="persist.save" subsystem="persist" outcome="ok" path=/Users/shahid/.config/herdr/session.json workspaces=3
2026-08-16T06:43:42.340148Z  INFO herdr::logging: tab focused event="tab.focus" subsystem="tab" outcome="ok" workspace_id="w5" tab_id="w5:t2"
2026-08-16T06:43:47.344467Z  INFO herdr::logging: session saved event="persist.save" subsystem="persist" outcome="ok" path=/Users/shahid/.config/herdr/session.json workspaces=3
2026-08-16T06:43:54.188779Z  INFO herdr::logging: tab focused event="tab.focus" subsystem="tab" outcome="ok" workspace_id="w5" tab_id="w5:t1"
2026-08-16T06:43:59.198428Z  INFO herdr::logging: session saved event="persist.save" subsystem="persist" outcome="ok" path=/Users/shahid/.config/herdr/session.json workspaces=3
2026-08-16T06:44:32.325680Z  INFO herdr::logging: tab focused event="tab.focus" subsystem="tab" outcome="ok" workspace_id="w5" tab_id="w5:t2"
2026-08-16T06:44:37.331471Z  INFO herdr::logging: session saved event="persist.save" subsystem="persist" outcome="ok" path=/Users/shahid/.config/herdr/session.json workspaces=3
2026-08-16T06:44:42.616667Z  INFO herdr::app::actions: copied selection to clipboard
2026-08-16T06:45:46.654232Z  INFO herdr::logging: tab focused event="tab.focus" subsystem="tab" outcome="ok" workspace_id="w5" tab_id="w5:t1"
2026-08-16T06:45:51.664173Z  INFO herdr::logging: session saved event="persist.save" subsystem="persist" outcome="ok" path=/Users/shahid/.config/herdr/session.json workspaces=3
2026-08-16T06:46:18.684714Z  INFO herdr::logging: tab focused event="tab.focus" subsystem="tab" outcome="ok" workspace_id="w5" tab_id="w5:t2"
2026-08-16T06:46:23.693469Z  INFO herdr::logging: session saved event="persist.save" subsystem="persist" outcome="ok" path=/Users/shahid/.config/herdr/session.json workspaces=3
2026-08-16T06:46:54.936530Z  INFO herdr::logging: tab focused event="tab.focus" subsystem="tab" outcome="ok" workspace_id="w5" tab_id="w5:t2"
2026-08-16T06:46:59.949068Z  INFO herdr::logging: session saved event="persist.save" subsystem="persist" outcome="ok" path=/Users/shahid/.config/herdr/session.json workspaces=3
2026-08-16T06:47:16.521689Z  INFO herdr::logging: tab focused event="tab.focus" subsystem="tab" outcome="ok" workspace_id="w5" tab_id="w5:t2"
2026-08-16T06:47:22.656543Z  INFO herdr::logging: session saved event="persist.save" subsystem="persist" outcome="ok" path=/Users/shahid/.config/herdr/session.json workspaces=3
2026-08-16T06:53:01.646343Z  INFO herdr::logging: checking for updates event="update.check.start" subsystem="update" outcome="started"
2026-08-16T06:53:02.047757Z  WARN herdr::detect::manifest_update: skipping unknown remote manifest agent agent="qwen"
2026-08-16T12:57:07.491194Z  INFO herdr::logging: tab focused event="tab.focus" subsystem="tab" outcome="ok" workspace_id="w5" tab_id="w5:t1"
2026-08-16T12:57:12.504321Z  INFO herdr::logging: session saved event="persist.save" subsystem="persist" outcome="ok" path=/Users/shahid/.config/herdr/session.json workspaces=3
2026-08-16T13:00:27.369585Z  WARN herdr::raw_input: flushing lone escape after input timeout; if this follows an alt chord or focus switch it may reach the pane as plain esc bytes=[27]
2026-08-16T13:00:36.450739Z  WARN herdr::raw_input: flushing lone escape after input timeout; if this follows an alt chord or focus switch it may reach the pane as plain esc bytes=[27]
2026-08-16T13:00:40.314027Z  INFO herdr::logging: tab focused event="tab.focus" subsystem="tab" outcome="ok" workspace_id="w5" tab_id="w5:t2"
2026-08-16T13:00:45.324827Z  INFO herdr::logging: session saved event="persist.save" subsystem="persist" outcome="ok" path=/Users/shahid/.config/herdr/session.json workspaces=3
2026-08-16T13:03:37.408161Z  INFO herdr::logging: tab focused event="tab.focus" subsystem="tab" outcome="ok" workspace_id="w5" tab_id="w5:t1"
2026-08-16T13:03:42.415752Z  INFO herdr::logging: session saved event="persist.save" subsystem="persist" outcome="ok" path=/Users/shahid/.config/herdr/session.json workspaces=3
2026-08-16T13:05:03.361427Z  WARN herdr::raw_input: flushing lone escape after input timeout; if this follows an alt chord or focus switch it may reach the pane as plain esc bytes=[27]
2026-08-16T13:05:34.500811Z  WARN herdr::raw_input: flushing lone escape after input timeout; if this follows an alt chord or focus switch it may reach the pane as plain esc bytes=[27]
2026-08-16T13:05:38.790059Z  INFO herdr::logging: tab focused event="tab.focus" subsystem="tab" outcome="ok" workspace_id="w5" tab_id="w5:t2"
2026-08-16T13:05:43.801461Z  INFO herdr::logging: session saved event="persist.save" subsystem="persist" outcome="ok" path=/Users/shahid/.config/herdr/session.json workspaces=3
2026-08-16T13:06:52.839742Z  INFO herdr::logging: tab focused event="tab.focus" subsystem="tab" outcome="ok" workspace_id="w5" tab_id="w5:t1"
2026-08-16T13:06:57.853603Z  INFO herdr::logging: session saved event="persist.save" subsystem="persist" outcome="ok" path=/Users/shahid/.config/herdr/session.json workspaces=3
2026-08-16T13:07:31.358837Z  WARN herdr::raw_input: flushing lone escape after input timeout; if this follows an alt chord or focus switch it may reach the pane as plain esc bytes=[27]
2026-08-16T13:08:50.872258Z  WARN herdr::raw_input: flushing lone escape after input timeout; if this follows an alt chord or focus switch it may reach the pane as plain esc bytes=[27]
2026-08-16T13:09:12.264385Z  INFO herdr::logging: checking for updates event="update.check.start" subsystem="update" outcome="started"
2026-08-16T13:09:12.678727Z  WARN herdr::detect::manifest_update: skipping unknown remote manifest agent agent="qwen"
2026-08-16T13:09:29.839875Z  WARN herdr::raw_input: flushing lone escape after input timeout; if this follows an alt chord or focus switch it may reach the pane as plain esc bytes=[27]
2026-08-16T13:10:04.650768Z  INFO herdr::logging: tab focused event="tab.focus" subsystem="tab" outcome="ok" workspace_id="w5" tab_id="w5:t2"
2026-08-16T13:10:07.528772Z  INFO herdr::logging: tab focused event="tab.focus" subsystem="tab" outcome="ok" workspace_id="w5" tab_id="w5:t3"
2026-08-16T13:10:12.544673Z  INFO herdr::logging: session saved event="persist.save" subsystem="persist" outcome="ok" path=/Users/shahid/.config/herdr/session.json workspaces=3
2026-08-16T13:10:16.819444Z  INFO herdr::pane: agent changed pane=10 previous_agent=Some(Pi) agent=None pgid=Some(1919)
2026-08-16T13:10:20.796552Z  INFO herdr::logging: tab focused event="tab.focus" subsystem="tab" outcome="ok" workspace_id="w5" tab_id="w5:t2"
2026-08-16T13:10:23.124591Z  INFO herdr::logging: tab focused event="tab.focus" subsystem="tab" outcome="ok" workspace_id="w5" tab_id="w5:t2"
2026-08-16T13:10:28.130711Z  INFO herdr::logging: session saved event="persist.save" subsystem="persist" outcome="ok" path=/Users/shahid/.config/herdr/session.json workspaces=3
2026-08-16T13:10:45.602675Z  INFO herdr::logging: tab focused event="tab.focus" subsystem="tab" outcome="ok" workspace_id="w5" tab_id="w5:t2"
2026-08-16T13:10:50.613771Z  INFO herdr::logging: session saved event="persist.save" subsystem="persist" outcome="ok" path=/Users/shahid/.config/herdr/session.json workspaces=3
2026-08-16T13:10:51.155849Z  INFO herdr::logging: tab focused event="tab.focus" subsystem="tab" outcome="ok" workspace_id="w5" tab_id="w5:t1"
2026-08-16T13:10:56.161393Z  INFO herdr::logging: session saved event="persist.save" subsystem="persist" outcome="ok" path=/Users/shahid/.config/herdr/session.json workspaces=3
2026-08-16T13:10:59.199219Z  INFO herdr::logging: tab focused event="tab.focus" subsystem="tab" outcome="ok" workspace_id="w5" tab_id="w5:t2"
2026-08-16T13:11:00.505578Z  INFO herdr::logging: tab focused event="tab.focus" subsystem="tab" outcome="ok" workspace_id="w5" tab_id="w5:t2"
2026-08-16T13:11:01.505997Z  INFO herdr::logging: tab focused event="tab.focus" subsystem="tab" outcome="ok" workspace_id="w5" tab_id="w5:t2"
2026-08-16T13:11:06.518437Z  INFO herdr::logging: session saved event="persist.save" subsystem="persist" outcome="ok" path=/Users/shahid/.config/herdr/session.json workspaces=3
2026-08-16T13:11:16.180023Z  INFO herdr::logging: tab focused event="tab.focus" subsystem="tab" outcome="ok" workspace_id="w5" tab_id="w5:t1"
2026-08-16T13:11:21.185634Z  INFO herdr::logging: session saved event="persist.save" subsystem="persist" outcome="ok" path=/Users/shahid/.config/herdr/session.json workspaces=3
2026-08-16T13:12:04.590793Z  WARN herdr::raw_input: flushing lone escape after input timeout; if this follows an alt chord or focus switch it may reach the pane as plain esc bytes=[27]
2026-08-16T13:12:32.510004Z  WARN herdr::raw_input: flushing lone escape after input timeout; if this follows an alt chord or focus switch it may reach the pane as plain esc bytes=[27]
2026-08-16T13:12:32.878252Z  WARN herdr::raw_input: flushing lone escape after input timeout; if this follows an alt chord or focus switch it may reach the pane as plain esc bytes=[27]
2026-08-16T13:12:38.697103Z  WARN herdr::raw_input: flushing lone escape after input timeout; if this follows an alt chord or focus switch it may reach the pane as plain esc bytes=[27]
2026-08-16T13:12:38.911623Z  WARN herdr::raw_input: flushing lone escape after input timeout; if this follows an alt chord or focus switch it may reach the pane as plain esc bytes=[27]
2026-08-16T13:12:44.818382Z  WARN herdr::raw_input: flushing lone escape after input timeout; if this follows an alt chord or focus switch it may reach the pane as plain esc bytes=[27]
2026-08-16T13:12:45.201032Z  WARN herdr::raw_input: flushing lone escape after input timeout; if this follows an alt chord or focus switch it may reach the pane as plain esc bytes=[27]
2026-08-16T13:12:51.387755Z  WARN herdr::raw_input: flushing lone escape after input timeout; if this follows an alt chord or focus switch it may reach the pane as plain esc bytes=[27]
2026-08-16T13:13:32.863468Z  WARN herdr::raw_input: flushing lone escape after input timeout; if this follows an alt chord or focus switch it may reach the pane as plain esc bytes=[27]
2026-08-16T13:13:37.503680Z  WARN herdr::raw_input: flushing lone escape after input timeout; if this follows an alt chord or focus switch it may reach the pane as plain esc bytes=[27]
2026-08-16T13:13:43.954510Z  WARN herdr::raw_input: flushing lone escape after input timeout; if this follows an alt chord or focus switch it may reach the pane as plain esc bytes=[27]
2026-08-16T13:13:48.510193Z  WARN herdr::raw_input: flushing lone escape after input timeout; if this follows an alt chord or focus switch it may reach the pane as plain esc bytes=[27]
2026-08-16T13:14:16.833407Z  WARN herdr::raw_input: flushing lone escape after input timeout; if this follows an alt chord or focus switch it may reach the pane as plain esc bytes=[27]
2026-08-16T13:17:37.161673Z  WARN herdr::raw_input: flushing lone escape after input timeout; if this follows an alt chord or focus switch it may reach the pane as plain esc bytes=[27]
2026-08-16T13:17:57.123237Z  WARN herdr::raw_input: flushing lone escape after input timeout; if this follows an alt chord or focus switch it may reach the pane as plain esc bytes=[27]
2026-08-16T13:18:06.321573Z  WARN herdr::raw_input: flushing lone escape after input timeout; if this follows an alt chord or focus switch it may reach the pane as plain esc bytes=[27]
2026-08-16T13:18:15.616082Z  WARN herdr::raw_input: flushing lone escape after input timeout; if this follows an alt chord or focus switch it may reach the pane as plain esc bytes=[27]
2026-08-16T13:18:44.212033Z  WARN herdr::raw_input: flushing lone escape after input timeout; if this follows an alt chord or focus switch it may reach the pane as plain esc bytes=[27]
2026-08-16T13:22:32.579338Z  WARN herdr::raw_input: flushing lone escape after input timeout; if this follows an alt chord or focus switch it may reach the pane as plain esc bytes=[27]
2026-08-16T13:23:54.474723Z  WARN herdr::raw_input: flushing lone escape after input timeout; if this follows an alt chord or focus switch it may reach the pane as plain esc bytes=[27]
2026-08-16T13:24:06.096608Z  WARN herdr::raw_input: flushing lone escape after input timeout; if this follows an alt chord or focus switch it may reach the pane as plain esc bytes=[27]
2026-08-16T13:24:14.583748Z  WARN herdr::raw_input: flushing lone escape after input timeout; if this follows an alt chord or focus switch it may reach the pane as plain esc bytes=[27]
2026-08-16T13:24:26.622796Z  WARN herdr::raw_input: flushing lone escape after input timeout; if this follows an alt chord or focus switch it may reach the pane as plain esc bytes=[27]
2026-08-16T13:24:35.849780Z  WARN herdr::raw_input: flushing lone escape after input timeout; if this follows an alt chord or focus switch it may reach the pane as plain esc bytes=[27]
2026-08-16T13:24:47.750766Z  WARN herdr::raw_input: flushing lone escape after input timeout; if this follows an alt chord or focus switch it may reach the pane as plain esc bytes=[27]
2026-08-16T13:24:58.026192Z  WARN herdr::raw_input: flushing lone escape after input timeout; if this follows an alt chord or focus switch it may reach the pane as plain esc bytes=[27]
2026-08-16T13:25:02.547500Z  WARN herdr::raw_input: flushing lone escape after input timeout; if this follows an alt chord or focus switch it may reach the pane as plain esc bytes=[27]
2026-08-16T13:25:10.874322Z  WARN herdr::raw_input: flushing lone escape after input timeout; if this follows an alt chord or focus switch it may reach the pane as plain esc bytes=[27]
2026-08-16T13:25:19.066025Z  WARN herdr::raw_input: flushing lone escape after input timeout; if this follows an alt chord or focus switch it may reach the pane as plain esc bytes=[27]
2026-08-16T13:25:24.307436Z  WARN herdr::raw_input: flushing lone escape after input timeout; if this follows an alt chord or focus switch it may reach the pane as plain esc bytes=[27]
2026-08-16T13:25:27.891882Z  WARN herdr::raw_input: flushing lone escape after input timeout; if this follows an alt chord or focus switch it may reach the pane as plain esc bytes=[27]
2026-08-16T13:25:46.070248Z  INFO herdr::logging: tab focused event="tab.focus" subsystem="tab" outcome="ok" workspace_id="w5" tab_id="w5:t2"
2026-08-16T13:25:51.076887Z  INFO herdr::logging: session saved event="persist.save" subsystem="persist" outcome="ok" path=/Users/shahid/.config/herdr/session.json workspaces=3
2026-08-16T13:26:25.925078Z  INFO herdr::logging: tab focused event="tab.focus" subsystem="tab" outcome="ok" workspace_id="w5" tab_id="w5:t1"
2026-08-16T13:26:30.936821Z  INFO herdr::logging: session saved event="persist.save" subsystem="persist" outcome="ok" path=/Users/shahid/.config/herdr/session.json workspaces=3
2026-08-16T13:26:53.527529Z  WARN herdr::raw_input: flushing lone escape after input timeout; if this follows an alt chord or focus switch it may reach the pane as plain esc bytes=[27]
2026-08-16T13:27:02.071694Z  WARN herdr::raw_input: flushing lone escape after input timeout; if this follows an alt chord or focus switch it may reach the pane as plain esc bytes=[27]
2026-08-16T13:27:06.175050Z  WARN herdr::raw_input: flushing lone escape after input timeout; if this follows an alt chord or focus switch it may reach the pane as plain esc bytes=[27]
2026-08-16T13:27:13.087905Z  WARN herdr::raw_input: flushing lone escape after input timeout; if this follows an alt chord or focus switch it may reach the pane as plain esc bytes=[27]
2026-08-16T13:27:36.797328Z  WARN herdr::raw_input: flushing lone escape after input timeout; if this follows an alt chord or focus switch it may reach the pane as plain esc bytes=[27]
2026-08-16T13:27:46.633776Z  WARN herdr::raw_input: flushing lone escape after input timeout; if this follows an alt chord or focus switch it may reach the pane as plain esc bytes=[27]
2026-08-16T13:27:58.420708Z  WARN herdr::raw_input: flushing lone escape after input timeout; if this follows an alt chord or focus switch it may reach the pane as plain esc bytes=[27]
2026-08-16T13:28:12.755668Z  INFO herdr::logging: tab focused event="tab.focus" subsystem="tab" outcome="ok" workspace_id="w5" tab_id="w5:t2"
2026-08-16T13:28:17.765873Z  INFO herdr::logging: session saved event="persist.save" subsystem="persist" outcome="ok" path=/Users/shahid/.config/herdr/session.json workspaces=3
2026-08-16T13:32:20.487479Z  INFO herdr::logging: tab focused event="tab.focus" subsystem="tab" outcome="ok" workspace_id="w5" tab_id="w5:t1"
2026-08-16T13:32:25.501769Z  INFO herdr::logging: session saved event="persist.save" subsystem="persist" outcome="ok" path=/Users/shahid/.config/herdr/session.json workspaces=3
2026-08-16T14:11:21.963742Z  INFO herdr::logging: checking for updates event="update.check.start" subsystem="update" outcome="started"
2026-08-16T14:11:40.061938Z  WARN herdr::detect::manifest_update: agent detection manifest update failed: failed to fetch https://herdr.dev/agent-detection/index.toml
2026-08-16T14:11:40.070206Z  WARN herdr::logging: update check failed event="update.check.complete" subsystem="update" outcome="error" err="failed to fetch Homebrew formula JSON"
2026-08-17T01:15:03.211125Z  INFO herdr::logging: tab focused event="tab.focus" subsystem="tab" outcome="ok" workspace_id="w5" tab_id="w5:t2"
2026-08-17T01:15:08.218913Z  INFO herdr::logging: session saved event="persist.save" subsystem="persist" outcome="ok" path=/Users/shahid/.config/herdr/session.json workspaces=3
2026-08-17T01:15:14.947137Z  INFO herdr::logging: tab focused event="tab.focus" subsystem="tab" outcome="ok" workspace_id="w5" tab_id="w5:t1"
2026-08-17T01:15:17.866201Z  INFO herdr::logging: tab focused event="tab.focus" subsystem="tab" outcome="ok" workspace_id="w5" tab_id="w5:t2"
2026-08-17T01:15:19.368585Z  INFO herdr::logging: tab focused event="tab.focus" subsystem="tab" outcome="ok" workspace_id="w5" tab_id="w5:t1"
2026-08-17T01:15:24.374313Z  INFO herdr::logging: session saved event="persist.save" subsystem="persist" outcome="ok" path=/Users/shahid/.config/herdr/session.json workspaces=3
2026-08-17T01:17:34.261144Z  WARN herdr::raw_input: flushing lone escape after input timeout; if this follows an alt chord or focus switch it may reach the pane as plain esc bytes=[27]
2026-08-17T01:17:47.313735Z  WARN herdr::raw_input: flushing lone escape after input timeout; if this follows an alt chord or focus switch it may reach the pane as plain esc bytes=[27]
2026-08-17T01:17:54.948332Z  WARN herdr::raw_input: flushing lone escape after input timeout; if this follows an alt chord or focus switch it may reach the pane as plain esc bytes=[27]
2026-08-17T01:18:00.560040Z  WARN herdr::raw_input: flushing lone escape after input timeout; if this follows an alt chord or focus switch it may reach the pane as plain esc bytes=[27]
2026-08-17T01:18:14.987852Z  WARN herdr::raw_input: flushing lone escape after input timeout; if this follows an alt chord or focus switch it may reach the pane as plain esc bytes=[27]
2026-08-17T01:19:06.860260Z  WARN herdr::raw_input: flushing lone escape after input timeout; if this follows an alt chord or focus switch it may reach the pane as plain esc bytes=[27]
2026-08-17T01:19:51.034626Z  WARN herdr::raw_input: flushing lone escape after input timeout; if this follows an alt chord or focus switch it may reach the pane as plain esc bytes=[27]
2026-08-17T01:20:10.850139Z  WARN herdr::raw_input: flushing lone escape after input timeout; if this follows an alt chord or focus switch it may reach the pane as plain esc bytes=[27]
2026-08-17T01:22:00.069264Z  WARN herdr::raw_input: flushing lone escape after input timeout; if this follows an alt chord or focus switch it may reach the pane as plain esc bytes=[27]
2026-08-17T01:22:11.125584Z  WARN herdr::raw_input: flushing lone escape after input timeout; if this follows an alt chord or focus switch it may reach the pane as plain esc bytes=[27]
2026-08-17T01:22:21.671470Z  WARN herdr::raw_input: flushing lone escape after input timeout; if this follows an alt chord or focus switch it may reach the pane as plain esc bytes=[27]
2026-08-17T01:22:44.214725Z  WARN herdr::raw_input: flushing lone escape after input timeout; if this follows an alt chord or focus switch it may reach the pane as plain esc bytes=[27]
2026-08-17T01:22:58.482592Z  WARN herdr::raw_input: flushing lone escape after input timeout; if this follows an alt chord or focus switch it may reach the pane as plain esc bytes=[27]
2026-08-17T01:24:35.095764Z  WARN herdr::raw_input: flushing lone escape after input timeout; if this follows an alt chord or focus switch it may reach the pane as plain esc bytes=[27]
2026-08-17T01:24:40.374430Z  WARN herdr::raw_input: flushing lone escape after input timeout; if this follows an alt chord or focus switch it may reach the pane as plain esc bytes=[27]
2026-08-17T01:25:16.255753Z  WARN herdr::raw_input: flushing lone escape after input timeout; if this follows an alt chord or focus switch it may reach the pane as plain esc bytes=[27]
2026-08-17T01:25:29.125097Z  INFO herdr::logging: checking for updates event="update.check.start" subsystem="update" outcome="started"
2026-08-17T01:25:29.667994Z  WARN herdr::detect::manifest_update: skipping unknown remote manifest agent agent="qwen"
2026-08-17T01:27:43.258334Z  WARN herdr::raw_input: flushing lone escape after input timeout; if this follows an alt chord or focus switch it may reach the pane as plain esc bytes=[27]
2026-08-17T01:29:42.498072Z  WARN herdr::raw_input: flushing lone escape after input timeout; if this follows an alt chord or focus switch it may reach the pane as plain esc bytes=[27]
2026-08-17T01:29:42.734841Z  WARN herdr::raw_input: flushing lone escape after input timeout; if this follows an alt chord or focus switch it may reach the pane as plain esc bytes=[27]
2026-08-17T01:30:23.355386Z  WARN herdr::raw_input: flushing lone escape after input timeout; if this follows an alt chord or focus switch it may reach the pane as plain esc bytes=[27]
2026-08-17T01:31:08.172069Z  WARN herdr::raw_input: flushing lone escape after input timeout; if this follows an alt chord or focus switch it may reach the pane as plain esc bytes=[27]
2026-08-17T01:31:40.601239Z  WARN herdr::raw_input: flushing lone escape after input timeout; if this follows an alt chord or focus switch it may reach the pane as plain esc bytes=[27]
2026-08-17T01:31:55.480400Z  WARN herdr::raw_input: flushing lone escape after input timeout; if this follows an alt chord or focus switch it may reach the pane as plain esc bytes=[27]
2026-08-17T01:32:12.505105Z  WARN herdr::raw_input: flushing lone escape after input timeout; if this follows an alt chord or focus switch it may reach the pane as plain esc bytes=[27]
2026-08-17T01:32:36.074754Z  WARN herdr::raw_input: flushing lone escape after input timeout; if this follows an alt chord or focus switch it may reach the pane as plain esc bytes=[27]
2026-08-17T01:32:36.280887Z  WARN herdr::raw_input: flushing lone escape after input timeout; if this follows an alt chord or focus switch it may reach the pane as plain esc bytes=[27]
2026-08-17T01:32:40.044720Z  WARN herdr::raw_input: flushing lone escape after input timeout; if this follows an alt chord or focus switch it may reach the pane as plain esc bytes=[27]
2026-08-17T01:32:46.916510Z  WARN herdr::raw_input: flushing lone escape after input timeout; if this follows an alt chord or focus switch it may reach the pane as plain esc bytes=[27]
2026-08-17T01:32:50.592702Z  WARN herdr::raw_input: flushing lone escape after input timeout; if this follows an alt chord or focus switch it may reach the pane as plain esc bytes=[27]
2026-08-17T01:33:15.852394Z  WARN herdr::raw_input: flushing lone escape after input timeout; if this follows an alt chord or focus switch it may reach the pane as plain esc bytes=[27]
2026-08-17T01:33:30.071589Z  WARN herdr::raw_input: flushing lone escape after input timeout; if this follows an alt chord or focus switch it may reach the pane as plain esc bytes=[27]
2026-08-17T01:33:36.551944Z  WARN herdr::raw_input: flushing lone escape after input timeout; if this follows an alt chord or focus switch it may reach the pane as plain esc bytes=[27]
2026-08-17T01:33:43.980328Z  WARN herdr::raw_input: flushing lone escape after input timeout; if this follows an alt chord or focus switch it may reach the pane as plain esc bytes=[27]
2026-08-17T01:33:44.156574Z  WARN herdr::raw_input: flushing lone escape after input timeout; if this follows an alt chord or focus switch it may reach the pane as plain esc bytes=[27]
2026-08-17T01:55:29.161581Z  INFO herdr::logging: checking for updates event="update.check.start" subsystem="update" outcome="started"
2026-08-17T01:55:29.513253Z  WARN herdr::detect::manifest_update: skipping unknown remote manifest agent agent="qwen"
2026-08-17T02:12:44.436215Z  INFO herdr::logging: tab focused event="tab.focus" subsystem="tab" outcome="ok" workspace_id="w5" tab_id="w5:t2"
2026-08-17T02:12:45.078006Z  INFO herdr::logging: tab focused event="tab.focus" subsystem="tab" outcome="ok" workspace_id="w5" tab_id="w5:t3"
2026-08-17T02:12:46.016208Z  INFO herdr::logging: workspace focused event="workspace.focus" subsystem="workspace" outcome="ok" workspace_id="w6"
2026-08-17T02:12:46.016319Z  INFO herdr::logging: tab focused event="tab.focus" subsystem="tab" outcome="ok" workspace_id="w6" tab_id="w6:t1"
2026-08-17T02:12:51.024701Z  INFO herdr::logging: session saved event="persist.save" subsystem="persist" outcome="ok" path=/Users/shahid/.config/herdr/session.json workspaces=3
2026-08-17T02:12:58.864766Z  INFO herdr::logging: workspace focused event="workspace.focus" subsystem="workspace" outcome="ok" workspace_id="w4"
2026-08-17T02:12:58.864858Z  INFO herdr::logging: tab focused event="tab.focus" subsystem="tab" outcome="ok" workspace_id="w4" tab_id="w4:t3"
2026-08-17T02:13:03.883490Z  INFO herdr::logging: session saved event="persist.save" subsystem="persist" outcome="ok" path=/Users/shahid/.config/herdr/session.json workspaces=3
2026-08-17T02:13:24.835644Z  INFO herdr::logging: tab focused event="tab.focus" subsystem="tab" outcome="ok" workspace_id="w4" tab_id="w4:t1"
2026-08-17T02:13:28.948453Z  INFO herdr::logging: tab focused event="tab.focus" subsystem="tab" outcome="ok" workspace_id="w4" tab_id="w4:t3"
2026-08-17T02:13:33.964915Z  INFO herdr::logging: session saved event="persist.save" subsystem="persist" outcome="ok" path=/Users/shahid/.config/herdr/session.json workspaces=3
2026-08-17T02:25:29.138719Z  INFO herdr::logging: checking for updates event="update.check.start" subsystem="update" outcome="started"
2026-08-17T02:25:29.543525Z  WARN herdr::detect::manifest_update: skipping unknown remote manifest agent agent="qwen"
2026-08-17T02:28:24.228912Z  INFO herdr::logging: tab focused event="tab.focus" subsystem="tab" outcome="ok" workspace_id="w4" tab_id="w4:t3"
2026-08-17T02:28:27.125567Z  INFO herdr::logging: tab focused event="tab.focus" subsystem="tab" outcome="ok" workspace_id="w4" tab_id="w4:t3"
2026-08-17T02:28:32.138671Z  INFO herdr::logging: session saved event="persist.save" subsystem="persist" outcome="ok" path=/Users/shahid/.config/herdr/session.json workspaces=3
2026-08-17T02:45:20.442155Z  INFO herdr::logging: tab focused event="tab.focus" subsystem="tab" outcome="ok" workspace_id="w4" tab_id="w4:t1"
2026-08-17T02:45:25.467381Z  INFO herdr::logging: session saved event="persist.save" subsystem="persist" outcome="ok" path=/Users/shahid/.config/herdr/session.json workspaces=3
2026-08-17T02:47:54.892394Z  INFO herdr::logging: tab focused event="tab.focus" subsystem="tab" outcome="ok" workspace_id="w4" tab_id="w4:t2"
2026-08-17T02:47:57.307042Z  INFO herdr::logging: tab focused event="tab.focus" subsystem="tab" outcome="ok" workspace_id="w4" tab_id="w4:t3"
2026-08-17T02:48:00.086910Z  INFO herdr::logging: tab focused event="tab.focus" subsystem="tab" outcome="ok" workspace_id="w4" tab_id="w4:t3"
2026-08-17T02:48:04.423940Z  INFO herdr::logging: tab focused event="tab.focus" subsystem="tab" outcome="ok" workspace_id="w4" tab_id="w4:t3"
2026-08-17T02:48:09.448188Z  INFO herdr::logging: session saved event="persist.save" subsystem="persist" outcome="ok" path=/Users/shahid/.config/herdr/session.json workspaces=3
2026-08-17T02:48:09.639536Z  INFO herdr::logging: tab focused event="tab.focus" subsystem="tab" outcome="ok" workspace_id="w4" tab_id="w4:t1"
2026-08-17T02:48:14.656542Z  INFO herdr::logging: session saved event="persist.save" subsystem="persist" outcome="ok" path=/Users/shahid/.config/herdr/session.json workspaces=3
2026-08-17T02:48:14.739292Z  INFO herdr::logging: tab focused event="tab.focus" subsystem="tab" outcome="ok" workspace_id="w4" tab_id="w4:t1"
2026-08-17T02:48:18.850593Z  INFO herdr::logging: tab focused event="tab.focus" subsystem="tab" outcome="ok" workspace_id="w4" tab_id="w4:t1"
2026-08-17T02:48:23.856239Z  INFO herdr::logging: session saved event="persist.save" subsystem="persist" outcome="ok" path=/Users/shahid/.config/herdr/session.json workspaces=3
2026-08-17T02:48:56.872661Z  INFO herdr::logging: tab focused event="tab.focus" subsystem="tab" outcome="ok" workspace_id="w4" tab_id="w4:t3"
2026-08-17T02:49:01.886739Z  INFO herdr::logging: session saved event="persist.save" subsystem="persist" outcome="ok" path=/Users/shahid/.config/herdr/session.json workspaces=3
2026-08-17T02:55:29.089979Z  INFO herdr::logging: checking for updates event="update.check.start" subsystem="update" outcome="started"
2026-08-17T02:55:29.475470Z  WARN herdr::detect::manifest_update: skipping unknown remote manifest agent agent="qwen"
2026-08-17T03:25:29.125062Z  INFO herdr::logging: checking for updates event="update.check.start" subsystem="update" outcome="started"
2026-08-17T03:25:29.647281Z  WARN herdr::detect::manifest_update: skipping unknown remote manifest agent agent="qwen"
2026-08-17T03:26:54.890693Z  INFO herdr::logging: tab focused event="tab.focus" subsystem="tab" outcome="ok" workspace_id="w4" tab_id="w4:t1"
2026-08-17T03:26:59.904257Z  INFO herdr::logging: session saved event="persist.save" subsystem="persist" outcome="ok" path=/Users/shahid/.config/herdr/session.json workspaces=3
2026-08-17T03:31:35.201348Z  INFO herdr::logging: tab focused event="tab.focus" subsystem="tab" outcome="ok" workspace_id="w4" tab_id="w4:t2"
2026-08-17T03:31:40.231873Z  INFO herdr::logging: session saved event="persist.save" subsystem="persist" outcome="ok" path=/Users/shahid/.config/herdr/session.json workspaces=3
2026-08-17T03:31:44.400138Z  INFO herdr::logging: tab focused event="tab.focus" subsystem="tab" outcome="ok" workspace_id="w4" tab_id="w4:t2"
2026-08-17T03:31:49.409695Z  INFO herdr::logging: session saved event="persist.save" subsystem="persist" outcome="ok" path=/Users/shahid/.config/herdr/session.json workspaces=3
2026-08-17T03:31:53.309630Z  INFO herdr::logging: tab focused event="tab.focus" subsystem="tab" outcome="ok" workspace_id="w4" tab_id="w4:t2"
2026-08-17T03:31:58.316041Z  INFO herdr::logging: session saved event="persist.save" subsystem="persist" outcome="ok" path=/Users/shahid/.config/herdr/session.json workspaces=3
2026-08-17T03:32:02.398259Z  INFO herdr::logging: tab focused event="tab.focus" subsystem="tab" outcome="ok" workspace_id="w4" tab_id="w4:t2"
2026-08-17T03:32:07.406159Z  INFO herdr::logging: session saved event="persist.save" subsystem="persist" outcome="ok" path=/Users/shahid/.config/herdr/session.json workspaces=3
2026-08-17T03:43:59.693229Z  INFO herdr::logging: tab focused event="tab.focus" subsystem="tab" outcome="ok" workspace_id="w4" tab_id="w4:t1"
2026-08-17T03:44:04.706334Z  INFO herdr::logging: session saved event="persist.save" subsystem="persist" outcome="ok" path=/Users/shahid/.config/herdr/session.json workspaces=3
2026-08-17T03:55:29.047436Z  INFO herdr::logging: checking for updates event="update.check.start" subsystem="update" outcome="started"
2026-08-17T03:55:29.480891Z  WARN herdr::detect::manifest_update: skipping unknown remote manifest agent agent="qwen"
2026-08-17T04:25:29.063525Z  INFO herdr::logging: checking for updates event="update.check.start" subsystem="update" outcome="started"
2026-08-17T04:25:29.546304Z  WARN herdr::detect::manifest_update: skipping unknown remote manifest agent agent="qwen"
2026-08-17T04:55:29.106556Z  INFO herdr::logging: checking for updates event="update.check.start" subsystem="update" outcome="started"
2026-08-17T04:55:29.550096Z  WARN herdr::detect::manifest_update: skipping unknown remote manifest agent agent="qwen"
2026-08-17T05:25:29.155236Z  INFO herdr::logging: checking for updates event="update.check.start" subsystem="update" outcome="started"
2026-08-17T05:25:29.516844Z  WARN herdr::detect::manifest_update: skipping unknown remote manifest agent agent="qwen"
2026-08-17T05:55:29.192987Z  INFO herdr::logging: checking for updates event="update.check.start" subsystem="update" outcome="started"
2026-08-17T05:55:29.616266Z  WARN herdr::detect::manifest_update: skipping unknown remote manifest agent agent="qwen"
2026-08-17T06:25:29.152138Z  INFO herdr::logging: checking for updates event="update.check.start" subsystem="update" outcome="started"
2026-08-17T06:25:29.564311Z  WARN herdr::detect::manifest_update: skipping unknown remote manifest agent agent="qwen"
2026-08-17T06:55:31.544282Z  INFO herdr::logging: checking for updates event="update.check.start" subsystem="update" outcome="started"
2026-08-17T06:55:32.010338Z  WARN herdr::detect::manifest_update: skipping unknown remote manifest agent agent="qwen"
2026-08-17T09:55:42.053887Z  INFO herdr::logging: checking for updates event="update.check.start" subsystem="update" outcome="started"
2026-08-17T09:55:42.528114Z  WARN herdr::detect::manifest_update: skipping unknown remote manifest agent agent="qwen"
2026-08-17T11:03:04.038726Z  INFO herdr::logging: checking for updates event="update.check.start" subsystem="update" outcome="started"
2026-08-17T11:03:04.442474Z  WARN herdr::detect::manifest_update: skipping unknown remote manifest agent agent="qwen"
2026-08-17T11:33:23.037972Z  INFO herdr::logging: checking for updates event="update.check.start" subsystem="update" outcome="started"
2026-08-17T11:33:23.442985Z  WARN herdr::detect::manifest_update: skipping unknown remote manifest agent agent="qwen"
2026-08-17T12:03:28.308862Z  INFO herdr::logging: checking for updates event="update.check.start" subsystem="update" outcome="started"
2026-08-17T12:03:31.400461Z  WARN herdr::logging: update check failed event="update.check.complete" subsystem="update" outcome="error" err="failed to fetch Homebrew formula JSON"
2026-08-17T12:03:31.405286Z  WARN herdr::detect::manifest_update: agent detection manifest update failed: failed to fetch https://herdr.dev/agent-detection/index.toml
2026-08-17T13:25:46.207382Z  INFO herdr::logging: workspace focused event="workspace.focus" subsystem="workspace" outcome="ok" workspace_id="w5"
2026-08-17T13:25:46.208455Z  INFO herdr::logging: tab focused event="tab.focus" subsystem="tab" outcome="ok" workspace_id="w5" tab_id="w5:t3"
2026-08-17T13:25:51.231652Z  INFO herdr::logging: session saved event="persist.save" subsystem="persist" outcome="ok" path=/Users/shahid/.config/herdr/session.json workspaces=3
2026-08-17T13:25:51.585767Z  INFO herdr::logging: tab focused event="tab.focus" subsystem="tab" outcome="ok" workspace_id="w5" tab_id="w5:t1"
2026-08-17T13:25:56.591509Z  INFO herdr::logging: session saved event="persist.save" subsystem="persist" outcome="ok" path=/Users/shahid/.config/herdr/session.json workspaces=3
2026-08-17T13:29:52.482032Z  WARN herdr::raw_input: flushing lone escape after input timeout; if this follows an alt chord or focus switch it may reach the pane as plain esc bytes=[27]
2026-08-17T13:30:33.308208Z  WARN herdr::raw_input: flushing lone escape after input timeout; if this follows an alt chord or focus switch it may reach the pane as plain esc bytes=[27]
2026-08-17T13:30:47.131289Z  WARN herdr::raw_input: flushing lone escape after input timeout; if this follows an alt chord or focus switch it may reach the pane as plain esc bytes=[27]
2026-08-17T13:31:20.003545Z  WARN herdr::raw_input: flushing lone escape after input timeout; if this follows an alt chord or focus switch it may reach the pane as plain esc bytes=[27]
2026-08-17T13:32:01.385600Z  WARN herdr::raw_input: flushing lone escape after input timeout; if this follows an alt chord or focus switch it may reach the pane as plain esc bytes=[27]
2026-08-17T13:32:09.908176Z  WARN herdr::raw_input: flushing lone escape after input timeout; if this follows an alt chord or focus switch it may reach the pane as plain esc bytes=[27]
2026-08-17T13:32:16.310612Z  WARN herdr::raw_input: flushing lone escape after input timeout; if this follows an alt chord or focus switch it may reach the pane as plain esc bytes=[27]
2026-08-17T13:33:02.652826Z  WARN herdr::raw_input: flushing lone escape after input timeout; if this follows an alt chord or focus switch it may reach the pane as plain esc bytes=[27]
2026-08-17T13:33:14.248210Z  WARN herdr::raw_input: flushing lone escape after input timeout; if this follows an alt chord or focus switch it may reach the pane as plain esc bytes=[27]
2026-08-17T13:33:35.229718Z  WARN herdr::raw_input: flushing lone escape after input timeout; if this follows an alt chord or focus switch it may reach the pane as plain esc bytes=[27]
2026-08-17T13:33:48.891551Z  WARN herdr::raw_input: flushing lone escape after input timeout; if this follows an alt chord or focus switch it may reach the pane as plain esc bytes=[27]
2026-08-17T13:33:51.238825Z  WARN herdr::raw_input: flushing lone escape after input timeout; if this follows an alt chord or focus switch it may reach the pane as plain esc bytes=[27]
2026-08-17T13:34:01.861329Z  WARN herdr::raw_input: flushing lone escape after input timeout; if this follows an alt chord or focus switch it may reach the pane as plain esc bytes=[27]
2026-08-17T13:34:20.704933Z  WARN herdr::raw_input: flushing lone escape after input timeout; if this follows an alt chord or focus switch it may reach the pane as plain esc bytes=[27]
2026-08-17T13:34:30.557149Z  WARN herdr::raw_input: flushing lone escape after input timeout; if this follows an alt chord or focus switch it may reach the pane as plain esc bytes=[27]
2026-08-17T13:34:37.221853Z  WARN herdr::raw_input: flushing lone escape after input timeout; if this follows an alt chord or focus switch it may reach the pane as plain esc bytes=[27]
2026-08-17T13:35:13.854729Z  WARN herdr::raw_input: flushing lone escape after input timeout; if this follows an alt chord or focus switch it may reach the pane as plain esc bytes=[27]
2026-08-17T13:38:17.142206Z  WARN herdr::raw_input: flushing lone escape after input timeout; if this follows an alt chord or focus switch it may reach the pane as plain esc bytes=[27]
2026-08-17T13:39:22.934035Z  WARN herdr::raw_input: flushing lone escape after input timeout; if this follows an alt chord or focus switch it may reach the pane as plain esc bytes=[27]
2026-08-17T13:41:18.958145Z  INFO herdr::logging: checking for updates event="update.check.start" subsystem="update" outcome="started"
2026-08-17T13:41:19.380698Z  WARN herdr::detect::manifest_update: skipping unknown remote manifest agent agent="qwen"
2026-08-17T13:45:28.784484Z  WARN herdr::raw_input: flushing lone escape after input timeout; if this follows an alt chord or focus switch it may reach the pane as plain esc bytes=[27]
2026-08-17T13:45:37.795077Z  WARN herdr::raw_input: flushing lone escape after input timeout; if this follows an alt chord or focus switch it may reach the pane as plain esc bytes=[27]
2026-08-17T13:45:42.484341Z  WARN herdr::raw_input: flushing lone escape after input timeout; if this follows an alt chord or focus switch it may reach the pane as plain esc bytes=[27]
2026-08-17T13:45:47.653609Z  WARN herdr::raw_input: flushing lone escape after input timeout; if this follows an alt chord or focus switch it may reach the pane as plain esc bytes=[27]
2026-08-17T13:45:54.014688Z  WARN herdr::raw_input: flushing lone escape after input timeout; if this follows an alt chord or focus switch it may reach the pane as plain esc bytes=[27]
2026-08-17T13:45:59.059778Z  WARN herdr::raw_input: flushing lone escape after input timeout; if this follows an alt chord or focus switch it may reach the pane as plain esc bytes=[27]
2026-08-17T13:46:07.871577Z  WARN herdr::raw_input: flushing lone escape after input timeout; if this follows an alt chord or focus switch it may reach the pane as plain esc bytes=[27]
2026-08-17T13:46:17.050578Z  WARN herdr::raw_input: flushing lone escape after input timeout; if this follows an alt chord or focus switch it may reach the pane as plain esc bytes=[27]
2026-08-17T13:46:26.745021Z  WARN herdr::raw_input: flushing lone escape after input timeout; if this follows an alt chord or focus switch it may reach the pane as plain esc bytes=[27]
2026-08-17T13:47:19.398472Z  WARN herdr::raw_input: flushing lone escape after input timeout; if this follows an alt chord or focus switch it may reach the pane as plain esc bytes=[27]
2026-08-17T13:48:22.615367Z  WARN herdr::raw_input: flushing lone escape after input timeout; if this follows an alt chord or focus switch it may reach the pane as plain esc bytes=[27]
2026-08-17T13:48:33.674274Z  WARN herdr::raw_input: flushing lone escape after input timeout; if this follows an alt chord or focus switch it may reach the pane as plain esc bytes=[27]
2026-08-17T13:48:38.296398Z  WARN herdr::raw_input: flushing lone escape after input timeout; if this follows an alt chord or focus switch it may reach the pane as plain esc bytes=[27]
2026-08-17T13:49:11.067610Z  WARN herdr::raw_input: flushing lone escape after input timeout; if this follows an alt chord or focus switch it may reach the pane as plain esc bytes=[27]
2026-08-17T13:49:27.107197Z  WARN herdr::raw_input: flushing lone escape after input timeout; if this follows an alt chord or focus switch it may reach the pane as plain esc bytes=[27]
2026-08-17T13:49:43.243571Z  WARN herdr::raw_input: flushing lone escape after input timeout; if this follows an alt chord or focus switch it may reach the pane as plain esc bytes=[27]
2026-08-17T13:49:56.403262Z  WARN herdr::raw_input: flushing lone escape after input timeout; if this follows an alt chord or focus switch it may reach the pane as plain esc bytes=[27]
2026-08-17T13:50:01.612307Z  WARN herdr::raw_input: flushing lone escape after input timeout; if this follows an alt chord or focus switch it may reach the pane as plain esc bytes=[27]
2026-08-17T13:50:59.662592Z  WARN herdr::raw_input: flushing lone escape after input timeout; if this follows an alt chord or focus switch it may reach the pane as plain esc bytes=[27]
2026-08-17T13:51:09.228307Z  WARN herdr::raw_input: flushing lone escape after input timeout; if this follows an alt chord or focus switch it may reach the pane as plain esc bytes=[27]
2026-08-17T13:51:38.115870Z  WARN herdr::raw_input: flushing lone escape after input timeout; if this follows an alt chord or focus switch it may reach the pane as plain esc bytes=[27]
2026-08-17T13:55:32.736021Z  WARN herdr::raw_input: flushing lone escape after input timeout; if this follows an alt chord or focus switch it may reach the pane as plain esc bytes=[27]
2026-08-17T13:55:35.802357Z  WARN herdr::raw_input: flushing lone escape after input timeout; if this follows an alt chord or focus switch it may reach the pane as plain esc bytes=[27]
2026-08-17T13:56:26.661556Z  WARN herdr::raw_input: flushing lone escape after input timeout; if this follows an alt chord or focus switch it may reach the pane as plain esc bytes=[27]
2026-08-17T13:57:03.131047Z  WARN herdr::raw_input: flushing lone escape after input timeout; if this follows an alt chord or focus switch it may reach the pane as plain esc bytes=[27]
2026-08-17T13:57:09.549037Z  WARN herdr::raw_input: flushing lone escape after input timeout; if this follows an alt chord or focus switch it may reach the pane as plain esc bytes=[27]
2026-08-17T13:57:17.677820Z  WARN herdr::raw_input: flushing lone escape after input timeout; if this follows an alt chord or focus switch it may reach the pane as plain esc bytes=[27]
2026-08-17T13:57:26.276942Z  WARN herdr::raw_input: flushing lone escape after input timeout; if this follows an alt chord or focus switch it may reach the pane as plain esc bytes=[27]
2026-08-17T13:57:29.613731Z  WARN herdr::raw_input: flushing lone escape after input timeout; if this follows an alt chord or focus switch it may reach the pane as plain esc bytes=[27]
2026-08-17T13:57:37.784161Z  WARN herdr::raw_input: flushing lone escape after input timeout; if this follows an alt chord or focus switch it may reach the pane as plain esc bytes=[27]
2026-08-17T13:57:45.750026Z  WARN herdr::raw_input: flushing lone escape after input timeout; if this follows an alt chord or focus switch it may reach the pane as plain esc bytes=[27]
2026-08-17T13:57:52.600181Z  WARN herdr::raw_input: flushing lone escape after input timeout; if this follows an alt chord or focus switch it may reach the pane as plain esc bytes=[27]
2026-08-17T13:57:56.928414Z  WARN herdr::raw_input: flushing lone escape after input timeout; if this follows an alt chord or focus switch it may reach the pane as plain esc bytes=[27]
2026-08-17T13:58:33.271712Z  WARN herdr::raw_input: flushing lone escape after input timeout; if this follows an alt chord or focus switch it may reach the pane as plain esc bytes=[27]
2026-08-17T13:58:37.840231Z  WARN herdr::raw_input: flushing lone escape after input timeout; if this follows an alt chord or focus switch it may reach the pane as plain esc bytes=[27]
2026-08-17T13:58:41.417127Z  WARN herdr::raw_input: flushing lone escape after input timeout; if this follows an alt chord or focus switch it may reach the pane as plain esc bytes=[27]
2026-08-17T13:59:01.161182Z  WARN herdr::raw_input: flushing lone escape after input timeout; if this follows an alt chord or focus switch it may reach the pane as plain esc bytes=[27]
2026-08-17T13:59:11.301521Z  WARN herdr::raw_input: flushing lone escape after input timeout; if this follows an alt chord or focus switch it may reach the pane as plain esc bytes=[27]
2026-08-17T14:02:24.729421Z  INFO herdr::logging: tab focused event="tab.focus" subsystem="tab" outcome="ok" workspace_id="w5" tab_id="w5:t2"
2026-08-17T14:02:29.740730Z  INFO herdr::logging: session saved event="persist.save" subsystem="persist" outcome="ok" path=/Users/shahid/.config/herdr/session.json workspaces=3
2026-08-17T14:03:30.371084Z  INFO herdr::logging: tab focused event="tab.focus" subsystem="tab" outcome="ok" workspace_id="w5" tab_id="w5:t1"
2026-08-17T14:03:35.376782Z  INFO herdr::logging: session saved event="persist.save" subsystem="persist" outcome="ok" path=/Users/shahid/.config/herdr/session.json workspaces=3
2026-08-17T14:03:44.180198Z  WARN herdr::raw_input: flushing lone escape after input timeout; if this follows an alt chord or focus switch it may reach the pane as plain esc bytes=[27]
2026-08-17T14:03:47.178507Z  WARN herdr::raw_input: flushing lone escape after input timeout; if this follows an alt chord or focus switch it may reach the pane as plain esc bytes=[27]
2026-08-17T14:05:37.808764Z  WARN herdr::raw_input: flushing lone escape after input timeout; if this follows an alt chord or focus switch it may reach the pane as plain esc bytes=[27]
2026-08-17T14:08:42.594503Z  WARN herdr::raw_input: flushing lone escape after input timeout; if this follows an alt chord or focus switch it may reach the pane as plain esc bytes=[27]
2026-08-17T14:08:46.757775Z  WARN herdr::raw_input: flushing lone escape after input timeout; if this follows an alt chord or focus switch it may reach the pane as plain esc bytes=[27]
2026-08-17T14:09:02.524682Z  WARN herdr::raw_input: flushing lone escape after input timeout; if this follows an alt chord or focus switch it may reach the pane as plain esc bytes=[27]
2026-08-17T14:09:37.591701Z  WARN herdr::raw_input: flushing lone escape after input timeout; if this follows an alt chord or focus switch it may reach the pane as plain esc bytes=[27]
2026-08-17T14:10:56.536574Z  WARN herdr::raw_input: flushing lone escape after input timeout; if this follows an alt chord or focus switch it may reach the pane as plain esc bytes=[27]
2026-08-17T14:11:18.503681Z  WARN herdr::raw_input: flushing lone escape after input timeout; if this follows an alt chord or focus switch it may reach the pane as plain esc bytes=[27]
2026-08-17T14:11:26.850441Z  WARN herdr::raw_input: flushing lone escape after input timeout; if this follows an alt chord or focus switch it may reach the pane as plain esc bytes=[27]
2026-08-17T14:11:27.218096Z  INFO herdr::logging: checking for updates event="update.check.start" subsystem="update" outcome="started"
2026-08-17T14:11:28.594907Z  WARN herdr::detect::manifest_update: skipping unknown remote manifest agent agent="qwen"
2026-08-17T14:12:15.505718Z  WARN herdr::raw_input: flushing lone escape after input timeout; if this follows an alt chord or focus switch it may reach the pane as plain esc bytes=[27]
2026-08-17T14:12:21.377418Z  WARN herdr::raw_input: flushing lone escape after input timeout; if this follows an alt chord or focus switch it may reach the pane as plain esc bytes=[27]
2026-08-17T14:12:30.701029Z  WARN herdr::raw_input: flushing lone escape after input timeout; if this follows an alt chord or focus switch it may reach the pane as plain esc bytes=[27]
2026-08-17T14:12:46.362767Z  WARN herdr::raw_input: flushing lone escape after input timeout; if this follows an alt chord or focus switch it may reach the pane as plain esc bytes=[27]
2026-08-17T14:12:53.787366Z  WARN herdr::raw_input: flushing lone escape after input timeout; if this follows an alt chord or focus switch it may reach the pane as plain esc bytes=[27]
2026-08-17T14:13:57.279303Z  WARN herdr::raw_input: flushing lone escape after input timeout; if this follows an alt chord or focus switch it may reach the pane as plain esc bytes=[27]
2026-08-17T14:14:21.298147Z  WARN herdr::raw_input: flushing lone escape after input timeout; if this follows an alt chord or focus switch it may reach the pane as plain esc bytes=[27]
2026-08-17T14:15:34.993537Z  WARN herdr::raw_input: flushing lone escape after input timeout; if this follows an alt chord or focus switch it may reach the pane as plain esc bytes=[27]
2026-08-17T14:15:37.822530Z  WARN herdr::raw_input: flushing lone escape after input timeout; if this follows an alt chord or focus switch it may reach the pane as plain esc bytes=[27]
2026-08-17T14:15:43.456057Z  WARN herdr::raw_input: flushing lone escape after input timeout; if this follows an alt chord or focus switch it may reach the pane as plain esc bytes=[27]
2026-08-17T14:15:47.766178Z  WARN herdr::raw_input: flushing lone escape after input timeout; if this follows an alt chord or focus switch it may reach the pane as plain esc bytes=[27]
2026-08-17T14:15:50.549729Z  WARN herdr::raw_input: flushing lone escape after input timeout; if this follows an alt chord or focus switch it may reach the pane as plain esc bytes=[27]
2026-08-17T14:16:08.239133Z  WARN herdr::raw_input: flushing lone escape after input timeout; if this follows an alt chord or focus switch it may reach the pane as plain esc bytes=[27]
2026-08-17T14:16:20.439698Z  WARN herdr::raw_input: flushing lone escape after input timeout; if this follows an alt chord or focus switch it may reach the pane as plain esc bytes=[27]
2026-08-17T14:16:28.568771Z  WARN herdr::raw_input: flushing lone escape after input timeout; if this follows an alt chord or focus switch it may reach the pane as plain esc bytes=[27]
2026-08-17T14:16:35.740779Z  WARN herdr::raw_input: flushing lone escape after input timeout; if this follows an alt chord or focus switch it may reach the pane as plain esc bytes=[27]
2026-08-17T14:16:43.783726Z  WARN herdr::raw_input: flushing lone escape after input timeout; if this follows an alt chord or focus switch it may reach the pane as plain esc bytes=[27]
2026-08-17T14:16:54.012076Z  WARN herdr::raw_input: flushing lone escape after input timeout; if this follows an alt chord or focus switch it may reach the pane as plain esc bytes=[27]
2026-08-17T14:17:03.056548Z  WARN herdr::raw_input: flushing lone escape after input timeout; if this follows an alt chord or focus switch it may reach the pane as plain esc bytes=[27]
2026-08-17T14:17:11.371981Z  WARN herdr::raw_input: flushing lone escape after input timeout; if this follows an alt chord or focus switch it may reach the pane as plain esc bytes=[27]
2026-08-17T14:17:34.257933Z  WARN herdr::raw_input: flushing lone escape after input timeout; if this follows an alt chord or focus switch it may reach the pane as plain esc bytes=[27]
2026-08-17T14:17:39.758294Z  WARN herdr::raw_input: flushing lone escape after input timeout; if this follows an alt chord or focus switch it may reach the pane as plain esc bytes=[27]
2026-08-17T14:23:51.870828Z  WARN herdr::raw_input: flushing lone escape after input timeout; if this follows an alt chord or focus switch it may reach the pane as plain esc bytes=[27]
2026-08-17T14:33:59.487241Z  WARN herdr::raw_input: flushing lone escape after input timeout; if this follows an alt chord or focus switch it may reach the pane as plain esc bytes=[27]
2026-08-17T14:34:27.967444Z  WARN herdr::raw_input: flushing lone escape after input timeout; if this follows an alt chord or focus switch it may reach the pane as plain esc bytes=[27]
2026-08-17T14:34:40.563039Z  WARN herdr::raw_input: flushing lone escape after input timeout; if this follows an alt chord or focus switch it may reach the pane as plain esc bytes=[27]
2026-08-17T14:35:16.681176Z  WARN herdr::raw_input: flushing lone escape after input timeout; if this follows an alt chord or focus switch it may reach the pane as plain esc bytes=[27]
2026-08-17T14:35:23.693884Z  WARN herdr::raw_input: flushing lone escape after input timeout; if this follows an alt chord or focus switch it may reach the pane as plain esc bytes=[27]
2026-08-17T14:35:29.709569Z  WARN herdr::raw_input: flushing lone escape after input timeout; if this follows an alt chord or focus switch it may reach the pane as plain esc bytes=[27]
2026-08-17T14:35:52.936528Z  WARN herdr::raw_input: flushing lone escape after input timeout; if this follows an alt chord or focus switch it may reach the pane as plain esc bytes=[27]
2026-08-17T14:36:00.153017Z  WARN herdr::raw_input: flushing lone escape after input timeout; if this follows an alt chord or focus switch it may reach the pane as plain esc bytes=[27]
2026-08-17T14:36:04.580357Z  WARN herdr::raw_input: flushing lone escape after input timeout; if this follows an alt chord or focus switch it may reach the pane as plain esc bytes=[27]
2026-08-17T14:36:13.700826Z  WARN herdr::raw_input: flushing lone escape after input timeout; if this follows an alt chord or focus switch it may reach the pane as plain esc bytes=[27]
2026-08-17T14:36:27.042329Z  WARN herdr::raw_input: flushing lone escape after input timeout; if this follows an alt chord or focus switch it may reach the pane as plain esc bytes=[27]
2026-08-17T14:36:32.696488Z  WARN herdr::raw_input: flushing lone escape after input timeout; if this follows an alt chord or focus switch it may reach the pane as plain esc bytes=[27]
2026-08-17T14:37:10.587578Z  WARN herdr::raw_input: flushing lone escape after input timeout; if this follows an alt chord or focus switch it may reach the pane as plain esc bytes=[27]
2026-08-17T14:37:19.149067Z  WARN herdr::raw_input: flushing lone escape after input timeout; if this follows an alt chord or focus switch it may reach the pane as plain esc bytes=[27]
2026-08-17T14:37:26.549662Z  WARN herdr::raw_input: flushing lone escape after input timeout; if this follows an alt chord or focus switch it may reach the pane as plain esc bytes=[27]
2026-08-17T14:37:46.111666Z  WARN herdr::raw_input: flushing lone escape after input timeout; if this follows an alt chord or focus switch it may reach the pane as plain esc bytes=[27]
2026-08-17T14:37:57.415251Z  WARN herdr::raw_input: flushing lone escape after input timeout; if this follows an alt chord or focus switch it may reach the pane as plain esc bytes=[27]
2026-08-17T14:41:11.985171Z  WARN herdr::raw_input: flushing lone escape after input timeout; if this follows an alt chord or focus switch it may reach the pane as plain esc bytes=[27]
2026-08-17T14:41:27.266158Z  INFO herdr::logging: checking for updates event="update.check.start" subsystem="update" outcome="started"
2026-08-17T14:41:27.819592Z  WARN herdr::detect::manifest_update: skipping unknown remote manifest agent agent="qwen"
2026-08-17T14:51:56.531091Z  WARN herdr::raw_input: flushing lone escape after input timeout; if this follows an alt chord or focus switch it may reach the pane as plain esc bytes=[27]
2026-08-17T14:55:55.193126Z  WARN herdr::raw_input: flushing lone escape after input timeout; if this follows an alt chord or focus switch it may reach the pane as plain esc bytes=[27]
2026-08-17T15:00:50.274638Z  INFO herdr::logging: tab focused event="tab.focus" subsystem="tab" outcome="ok" workspace_id="w5" tab_id="w5:t2"
2026-08-17T15:00:55.287574Z  INFO herdr::logging: session saved event="persist.save" subsystem="persist" outcome="ok" path=/Users/shahid/.config/herdr/session.json workspaces=3
2026-08-17T15:00:59.213570Z  INFO herdr::logging: tab focused event="tab.focus" subsystem="tab" outcome="ok" workspace_id="w5" tab_id="w5:t2"
2026-08-17T15:01:04.224115Z  INFO herdr::logging: session saved event="persist.save" subsystem="persist" outcome="ok" path=/Users/shahid/.config/herdr/session.json workspaces=3
2026-08-17T15:01:39.161838Z  INFO herdr::logging: tab focused event="tab.focus" subsystem="tab" outcome="ok" workspace_id="w5" tab_id="w5:t1"
2026-08-17T15:01:44.172847Z  INFO herdr::logging: session saved event="persist.save" subsystem="persist" outcome="ok" path=/Users/shahid/.config/herdr/session.json workspaces=3
2026-08-17T15:02:23.409425Z  INFO herdr::logging: tab focused event="tab.focus" subsystem="tab" outcome="ok" workspace_id="w5" tab_id="w5:t2"
2026-08-17T15:02:28.414697Z  INFO herdr::logging: session saved event="persist.save" subsystem="persist" outcome="ok" path=/Users/shahid/.config/herdr/session.json workspaces=3
2026-08-17T15:02:35.199004Z  INFO herdr::logging: tab focused event="tab.focus" subsystem="tab" outcome="ok" workspace_id="w5" tab_id="w5:t1"
2026-08-17T15:02:40.208178Z  INFO herdr::logging: session saved event="persist.save" subsystem="persist" outcome="ok" path=/Users/shahid/.config/herdr/session.json workspaces=3
2026-08-17T15:02:57.675084Z  INFO herdr::logging: tab focused event="tab.focus" subsystem="tab" outcome="ok" workspace_id="w5" tab_id="w5:t2"
2026-08-17T15:03:02.682014Z  INFO herdr::logging: session saved event="persist.save" subsystem="persist" outcome="ok" path=/Users/shahid/.config/herdr/session.json workspaces=3
2026-08-17T15:03:11.775287Z  INFO herdr::logging: tab focused event="tab.focus" subsystem="tab" outcome="ok" workspace_id="w5" tab_id="w5:t1"
2026-08-17T15:03:16.784300Z  INFO herdr::logging: session saved event="persist.save" subsystem="persist" outcome="ok" path=/Users/shahid/.config/herdr/session.json workspaces=3
2026-08-17T15:03:42.694355Z  INFO herdr::logging: tab focused event="tab.focus" subsystem="tab" outcome="ok" workspace_id="w5" tab_id="w5:t2"
2026-08-17T15:03:43.996798Z  INFO herdr::logging: tab focused event="tab.focus" subsystem="tab" outcome="ok" workspace_id="w5" tab_id="w5:t2"
2026-08-17T15:03:49.005454Z  INFO herdr::logging: session saved event="persist.save" subsystem="persist" outcome="ok" path=/Users/shahid/.config/herdr/session.json workspaces=3
2026-08-17T15:04:20.608080Z  INFO herdr::logging: tab focused event="tab.focus" subsystem="tab" outcome="ok" workspace_id="w5" tab_id="w5:t1"
2026-08-17T15:04:25.615860Z  INFO herdr::logging: session saved event="persist.save" subsystem="persist" outcome="ok" path=/Users/shahid/.config/herdr/session.json workspaces=3
2026-08-17T15:05:22.400704Z  INFO herdr::logging: tab focused event="tab.focus" subsystem="tab" outcome="ok" workspace_id="w5" tab_id="w5:t2"
2026-08-17T15:05:27.413078Z  INFO herdr::logging: session saved event="persist.save" subsystem="persist" outcome="ok" path=/Users/shahid/.config/herdr/session.json workspaces=3
2026-08-17T15:05:52.870065Z  INFO herdr::logging: tab focused event="tab.focus" subsystem="tab" outcome="ok" workspace_id="w5" tab_id="w5:t1"
2026-08-17T15:05:57.878345Z  INFO herdr::logging: session saved event="persist.save" subsystem="persist" outcome="ok" path=/Users/shahid/.config/herdr/session.json workspaces=3
2026-08-17T15:06:08.032510Z  INFO herdr::logging: tab focused event="tab.focus" subsystem="tab" outcome="ok" workspace_id="w5" tab_id="w5:t2"
2026-08-17T15:06:13.044402Z  INFO herdr::logging: session saved event="persist.save" subsystem="persist" outcome="ok" path=/Users/shahid/.config/herdr/session.json workspaces=3
2026-08-17T15:06:49.180392Z  INFO herdr::logging: session saved event="persist.save" subsystem="persist" outcome="ok" path=/Users/shahid/.config/herdr/session.json workspaces=3
2026-08-17T15:07:45.930903Z  INFO herdr::app::actions: copied selection to clipboard
2026-08-17T15:07:53.606603Z  INFO herdr::logging: tab focused event="tab.focus" subsystem="tab" outcome="ok" workspace_id="w5" tab_id="w5:t1"
2026-08-17T15:07:58.618160Z  INFO herdr::logging: session saved event="persist.save" subsystem="persist" outcome="ok" path=/Users/shahid/.config/herdr/session.json workspaces=3
2026-08-17T15:11:36.010477Z  INFO herdr::logging: checking for updates event="update.check.start" subsystem="update" outcome="started"
2026-08-17T15:11:36.777098Z  WARN herdr::detect::manifest_update: skipping unknown remote manifest agent agent="qwen"
2026-08-17T15:19:30.932549Z  WARN herdr::raw_input: flushing lone escape after input timeout; if this follows an alt chord or focus switch it may reach the pane as plain esc bytes=[27]
2026-08-17T15:21:55.095964Z  WARN herdr::raw_input: flushing lone escape after input timeout; if this follows an alt chord or focus switch it may reach the pane as plain esc bytes=[27]
2026-08-17T15:22:20.935170Z  INFO herdr::logging: tab focused event="tab.focus" subsystem="tab" outcome="ok" workspace_id="w5" tab_id="w5:t2"
2026-08-17T15:22:25.948396Z  INFO herdr::logging: session saved event="persist.save" subsystem="persist" outcome="ok" path=/Users/shahid/.config/herdr/session.json workspaces=3
2026-08-17T15:23:53.294474Z  INFO herdr::logging: tab focused event="tab.focus" subsystem="tab" outcome="ok" workspace_id="w5" tab_id="w5:t1"
2026-08-17T15:23:58.303953Z  INFO herdr::logging: session saved event="persist.save" subsystem="persist" outcome="ok" path=/Users/shahid/.config/herdr/session.json workspaces=3
2026-08-17T15:25:44.814175Z  WARN herdr::raw_input: flushing lone escape after input timeout; if this follows an alt chord or focus switch it may reach the pane as plain esc bytes=[27]
2026-08-17T15:25:56.280674Z  WARN herdr::raw_input: flushing lone escape after input timeout; if this follows an alt chord or focus switch it may reach the pane as plain esc bytes=[27]
2026-08-17T15:26:02.432793Z  WARN herdr::raw_input: flushing lone escape after input timeout; if this follows an alt chord or focus switch it may reach the pane as plain esc bytes=[27]
2026-08-17T15:26:23.081445Z  WARN herdr::raw_input: flushing lone escape after input timeout; if this follows an alt chord or focus switch it may reach the pane as plain esc bytes=[27]
2026-08-17T15:27:26.272624Z  WARN herdr::raw_input: flushing lone escape after input timeout; if this follows an alt chord or focus switch it may reach the pane as plain esc bytes=[27]
2026-08-17T15:28:02.430888Z  INFO herdr::logging: tab focused event="tab.focus" subsystem="tab" outcome="ok" workspace_id="w5" tab_id="w5:t2"
2026-08-17T15:28:07.449167Z  INFO herdr::logging: session saved event="persist.save" subsystem="persist" outcome="ok" path=/Users/shahid/.config/herdr/session.json workspaces=3
2026-08-17T15:28:28.772350Z  INFO herdr::logging: tab focused event="tab.focus" subsystem="tab" outcome="ok" workspace_id="w5" tab_id="w5:t1"
2026-08-17T15:28:33.784448Z  INFO herdr::logging: session saved event="persist.save" subsystem="persist" outcome="ok" path=/Users/shahid/.config/herdr/session.json workspaces=3
2026-08-17T15:29:19.658774Z  INFO herdr::logging: tab focused event="tab.focus" subsystem="tab" outcome="ok" workspace_id="w5" tab_id="w5:t2"
2026-08-17T15:29:24.672800Z  INFO herdr::logging: session saved event="persist.save" subsystem="persist" outcome="ok" path=/Users/shahid/.config/herdr/session.json workspaces=3
2026-08-17T23:34:29.456179Z  INFO herdr::logging: tab focused event="tab.focus" subsystem="tab" outcome="ok" workspace_id="w5" tab_id="w5:t1"
2026-08-17T23:34:34.462614Z  INFO herdr::logging: session saved event="persist.save" subsystem="persist" outcome="ok" path=/Users/shahid/.config/herdr/session.json workspaces=3
2026-08-17T23:35:18.655206Z  WARN herdr::raw_input: flushing lone escape after input timeout; if this follows an alt chord or focus switch it may reach the pane as plain esc bytes=[27]
2026-08-17T23:35:51.579437Z  WARN herdr::raw_input: flushing lone escape after input timeout; if this follows an alt chord or focus switch it may reach the pane as plain esc bytes=[27]
2026-08-17T23:36:08.175515Z  WARN herdr::raw_input: flushing lone escape after input timeout; if this follows an alt chord or focus switch it may reach the pane as plain esc bytes=[27]
2026-08-17T23:37:40.326329Z  WARN herdr::raw_input: flushing lone escape after input timeout; if this follows an alt chord or focus switch it may reach the pane as plain esc bytes=[27]
2026-08-17T23:37:56.820882Z  WARN herdr::raw_input: flushing lone escape after input timeout; if this follows an alt chord or focus switch it may reach the pane as plain esc bytes=[27]
2026-08-17T23:38:01.082291Z  WARN herdr::raw_input: flushing lone escape after input timeout; if this follows an alt chord or focus switch it may reach the pane as plain esc bytes=[27]
2026-08-17T23:38:07.457363Z  WARN herdr::raw_input: flushing lone escape after input timeout; if this follows an alt chord or focus switch it may reach the pane as plain esc bytes=[27]
2026-08-17T23:38:11.235704Z  INFO herdr::logging: checking for updates event="update.check.start" subsystem="update" outcome="started"
2026-08-17T23:38:14.324995Z  WARN herdr::logging: update check failed event="update.check.complete" subsystem="update" outcome="error" err="failed to fetch Homebrew formula JSON"
2026-08-17T23:38:14.325063Z  WARN herdr::detect::manifest_update: agent detection manifest update failed: failed to fetch https://herdr.dev/agent-detection/index.toml
2026-08-17T23:38:31.624845Z  WARN herdr::raw_input: flushing lone escape after input timeout; if this follows an alt chord or focus switch it may reach the pane as plain esc bytes=[27]
2026-08-17T23:40:03.347266Z  WARN herdr::raw_input: flushing lone escape after input timeout; if this follows an alt chord or focus switch it may reach the pane as plain esc bytes=[27]
2026-08-17T23:41:00.625960Z  WARN herdr::raw_input: flushing lone escape after input timeout; if this follows an alt chord or focus switch it may reach the pane as plain esc bytes=[27]
2026-08-17T23:41:00.841585Z  WARN herdr::raw_input: flushing lone escape after input timeout; if this follows an alt chord or focus switch it may reach the pane as plain esc bytes=[27]
2026-08-17T23:41:39.197379Z  WARN herdr::raw_input: flushing lone escape after input timeout; if this follows an alt chord or focus switch it may reach the pane as plain esc bytes=[27]
2026-08-17T23:42:04.709586Z  WARN herdr::raw_input: flushing lone escape after input timeout; if this follows an alt chord or focus switch it may reach the pane as plain esc bytes=[27]
2026-08-17T23:42:16.931229Z  WARN herdr::raw_input: flushing lone escape after input timeout; if this follows an alt chord or focus switch it may reach the pane as plain esc bytes=[27]
2026-08-17T23:42:54.084586Z  WARN herdr::raw_input: flushing lone escape after input timeout; if this follows an alt chord or focus switch it may reach the pane as plain esc bytes=[27]
2026-08-17T23:42:58.694337Z  WARN herdr::raw_input: flushing lone escape after input timeout; if this follows an alt chord or focus switch it may reach the pane as plain esc bytes=[27]
2026-08-17T23:42:59.924809Z  WARN herdr::raw_input: flushing lone escape after input timeout; if this follows an alt chord or focus switch it may reach the pane as plain esc bytes=[27]
2026-08-17T23:43:12.078588Z  WARN herdr::raw_input: flushing lone escape after input timeout; if this follows an alt chord or focus switch it may reach the pane as plain esc bytes=[27]
2026-08-17T23:43:23.400542Z  WARN herdr::raw_input: flushing lone escape after input timeout; if this follows an alt chord or focus switch it may reach the pane as plain esc bytes=[27]
2026-08-17T23:45:45.932921Z  WARN herdr::raw_input: flushing lone escape after input timeout; if this follows an alt chord or focus switch it may reach the pane as plain esc bytes=[27]
2026-08-17T23:45:51.860843Z  WARN herdr::raw_input: flushing lone escape after input timeout; if this follows an alt chord or focus switch it may reach the pane as plain esc bytes=[27]
2026-08-17T23:46:08.697642Z  WARN herdr::raw_input: flushing lone escape after input timeout; if this follows an alt chord or focus switch it may reach the pane as plain esc bytes=[27]
2026-08-17T23:46:19.817673Z  WARN herdr::raw_input: flushing lone escape after input timeout; if this follows an alt chord or focus switch it may reach the pane as plain esc bytes=[27]
2026-08-17T23:47:05.461529Z  WARN herdr::raw_input: flushing lone escape after input timeout; if this follows an alt chord or focus switch it may reach the pane as plain esc bytes=[27]
2026-08-17T23:47:21.669337Z  WARN herdr::raw_input: flushing lone escape after input timeout; if this follows an alt chord or focus switch it may reach the pane as plain esc bytes=[27]
2026-08-17T23:47:33.206605Z  WARN herdr::raw_input: flushing lone escape after input timeout; if this follows an alt chord or focus switch it may reach the pane as plain esc bytes=[27]
2026-08-17T23:47:59.310724Z  WARN herdr::raw_input: flushing lone escape after input timeout; if this follows an alt chord or focus switch it may reach the pane as plain esc bytes=[27]
2026-08-17T23:49:29.768989Z  WARN herdr::raw_input: flushing lone escape after input timeout; if this follows an alt chord or focus switch it may reach the pane as plain esc bytes=[27]
2026-08-17T23:49:34.487998Z  WARN herdr::raw_input: flushing lone escape after input timeout; if this follows an alt chord or focus switch it may reach the pane as plain esc bytes=[27]
2026-08-17T23:49:36.531994Z  WARN herdr::raw_input: flushing lone escape after input timeout; if this follows an alt chord or focus switch it may reach the pane as plain esc bytes=[27]
2026-08-17T23:50:03.737248Z  WARN herdr::raw_input: flushing lone escape after input timeout; if this follows an alt chord or focus switch it may reach the pane as plain esc bytes=[27]
2026-08-17T23:50:14.114960Z  WARN herdr::raw_input: flushing lone escape after input timeout; if this follows an alt chord or focus switch it may reach the pane as plain esc bytes=[27]
2026-08-17T23:51:02.565306Z  WARN herdr::raw_input: flushing lone escape after input timeout; if this follows an alt chord or focus switch it may reach the pane as plain esc bytes=[27]
2026-08-17T23:51:06.518996Z  WARN herdr::raw_input: flushing lone escape after input timeout; if this follows an alt chord or focus switch it may reach the pane as plain esc bytes=[27]
2026-08-17T23:51:22.884992Z  WARN herdr::raw_input: flushing lone escape after input timeout; if this follows an alt chord or focus switch it may reach the pane as plain esc bytes=[27]
2026-08-17T23:51:28.879483Z  WARN herdr::raw_input: flushing lone escape after input timeout; if this follows an alt chord or focus switch it may reach the pane as plain esc bytes=[27]
2026-08-17T23:51:42.635143Z  WARN herdr::raw_input: flushing lone escape after input timeout; if this follows an alt chord or focus switch it may reach the pane as plain esc bytes=[27]
2026-08-17T23:52:22.354341Z  WARN herdr::raw_input: flushing lone escape after input timeout; if this follows an alt chord or focus switch it may reach the pane as plain esc bytes=[27]
2026-08-17T23:54:11.167722Z  WARN herdr::raw_input: flushing lone escape after input timeout; if this follows an alt chord or focus switch it may reach the pane as plain esc bytes=[27]
2026-08-17T23:54:26.551613Z  WARN herdr::raw_input: flushing lone escape after input timeout; if this follows an alt chord or focus switch it may reach the pane as plain esc bytes=[27]
2026-08-17T23:54:36.033632Z  WARN herdr::raw_input: flushing lone escape after input timeout; if this follows an alt chord or focus switch it may reach the pane as plain esc bytes=[27]
2026-08-17T23:54:57.750543Z  INFO herdr::logging: tab focused event="tab.focus" subsystem="tab" outcome="ok" workspace_id="w5" tab_id="w5:t2"
2026-08-17T23:55:06.617497Z  INFO herdr::logging: session saved event="persist.save" subsystem="persist" outcome="ok" path=/Users/shahid/.config/herdr/session.json workspaces=3
2026-08-17T23:55:19.995772Z  INFO herdr::logging: tab focused event="tab.focus" subsystem="tab" outcome="ok" workspace_id="w5" tab_id="w5:t1"
2026-08-17T23:55:24.999701Z  INFO herdr::logging: session saved event="persist.save" subsystem="persist" outcome="ok" path=/Users/shahid/.config/herdr/session.json workspaces=3
2026-08-17T23:55:52.175206Z  INFO herdr::logging: tab focused event="tab.focus" subsystem="tab" outcome="ok" workspace_id="w5" tab_id="w5:t2"
2026-08-17T23:55:58.524849Z  INFO herdr::logging: session saved event="persist.save" subsystem="persist" outcome="ok" path=/Users/shahid/.config/herdr/session.json workspaces=3
2026-08-17T23:56:22.381873Z  INFO herdr::logging: tab focused event="tab.focus" subsystem="tab" outcome="ok" workspace_id="w5" tab_id="w5:t1"
2026-08-17T23:56:27.390007Z  INFO herdr::logging: session saved event="persist.save" subsystem="persist" outcome="ok" path=/Users/shahid/.config/herdr/session.json workspaces=3
2026-08-17T23:57:09.444203Z  WARN herdr::raw_input: flushing lone escape after input timeout; if this follows an alt chord or focus switch it may reach the pane as plain esc bytes=[27]
2026-08-17T23:57:14.553039Z  WARN herdr::raw_input: flushing lone escape after input timeout; if this follows an alt chord or focus switch it may reach the pane as plain esc bytes=[27]
2026-08-17T23:57:22.218063Z  WARN herdr::raw_input: flushing lone escape after input timeout; if this follows an alt chord or focus switch it may reach the pane as plain esc bytes=[27]
2026-08-17T23:57:27.340479Z  WARN herdr::raw_input: flushing lone escape after input timeout; if this follows an alt chord or focus switch it may reach the pane as plain esc bytes=[27]
2026-08-17T23:58:03.038855Z  INFO herdr::logging: tab focused event="tab.focus" subsystem="tab" outcome="ok" workspace_id="w5" tab_id="w5:t2"
2026-08-17T23:58:08.043073Z  INFO herdr::logging: session saved event="persist.save" subsystem="persist" outcome="ok" path=/Users/shahid/.config/herdr/session.json workspaces=3
2026-08-18T00:08:10.870722Z  INFO herdr::logging: checking for updates event="update.check.start" subsystem="update" outcome="started"
2026-08-18T00:08:11.260129Z  WARN herdr::detect::manifest_update: skipping unknown remote manifest agent agent="qwen"
2026-08-18T00:09:56.382142Z  INFO herdr::logging: tab focused event="tab.focus" subsystem="tab" outcome="ok" workspace_id="w5" tab_id="w5:t2"
2026-08-18T00:10:02.571504Z  INFO herdr::logging: session saved event="persist.save" subsystem="persist" outcome="ok" path=/Users/shahid/.config/herdr/session.json workspaces=3
2026-08-18T00:10:16.712119Z  INFO herdr::logging: tab focused event="tab.focus" subsystem="tab" outcome="ok" workspace_id="w5" tab_id="w5:t1"
2026-08-18T00:10:21.727833Z  INFO herdr::logging: session saved event="persist.save" subsystem="persist" outcome="ok" path=/Users/shahid/.config/herdr/session.json workspaces=3
2026-08-18T00:38:10.778181Z  INFO herdr::logging: checking for updates event="update.check.start" subsystem="update" outcome="started"
2026-08-18T00:38:11.202173Z  WARN herdr::detect::manifest_update: skipping unknown remote manifest agent agent="qwen"
2026-08-18T00:58:53.627353Z  WARN herdr::raw_input: flushing lone escape after input timeout; if this follows an alt chord or focus switch it may reach the pane as plain esc bytes=[27]
2026-08-18T01:01:47.204407Z  WARN herdr::raw_input: flushing lone escape after input timeout; if this follows an alt chord or focus switch it may reach the pane as plain esc bytes=[27]
2026-08-18T01:01:47.541436Z  WARN herdr::raw_input: flushing lone escape after input timeout; if this follows an alt chord or focus switch it may reach the pane as plain esc bytes=[27]
2026-08-18T02:31:38.005888Z  INFO herdr::logging: checking for updates event="update.check.start" subsystem="update" outcome="started"
2026-08-18T02:31:38.458292Z  WARN herdr::detect::manifest_update: skipping unknown remote manifest agent agent="qwen"
2026-08-18T02:44:04.375045Z  INFO herdr::logging: tab focused event="tab.focus" subsystem="tab" outcome="ok" workspace_id="w5" tab_id="w5:t2"
2026-08-18T02:44:09.384241Z  INFO herdr::logging: session saved event="persist.save" subsystem="persist" outcome="ok" path=/Users/shahid/.config/herdr/session.json workspaces=3
2026-08-18T02:44:10.723638Z  INFO herdr::logging: tab focused event="tab.focus" subsystem="tab" outcome="ok" workspace_id="w5" tab_id="w5:t1"
2026-08-18T02:44:15.730835Z  INFO herdr::logging: session saved event="persist.save" subsystem="persist" outcome="ok" path=/Users/shahid/.config/herdr/session.json workspaces=3
2026-08-18T02:45:22.630591Z  WARN herdr::raw_input: flushing lone escape after input timeout; if this follows an alt chord or focus switch it may reach the pane as plain esc bytes=[27]
2026-08-18T02:46:14.228237Z  WARN herdr::raw_input: flushing lone escape after input timeout; if this follows an alt chord or focus switch it may reach the pane as plain esc bytes=[27]
2026-08-18T02:47:30.688377Z  WARN herdr::raw_input: flushing lone escape after input timeout; if this follows an alt chord or focus switch it may reach the pane as plain esc bytes=[27]
2026-08-18T02:48:52.915503Z  WARN herdr::raw_input: flushing lone escape after input timeout; if this follows an alt chord or focus switch it may reach the pane as plain esc bytes=[27]
2026-08-18T02:49:00.567920Z  WARN herdr::raw_input: flushing lone escape after input timeout; if this follows an alt chord or focus switch it may reach the pane as plain esc bytes=[27]
2026-08-18T02:49:11.321446Z  WARN herdr::raw_input: flushing lone escape after input timeout; if this follows an alt chord or focus switch it may reach the pane as plain esc bytes=[27]
2026-08-18T02:49:17.996313Z  WARN herdr::raw_input: flushing lone escape after input timeout; if this follows an alt chord or focus switch it may reach the pane as plain esc bytes=[27]
2026-08-18T02:49:24.880241Z  WARN herdr::raw_input: flushing lone escape after input timeout; if this follows an alt chord or focus switch it may reach the pane as plain esc bytes=[27]
2026-08-18T02:49:31.433393Z  WARN herdr::raw_input: flushing lone escape after input timeout; if this follows an alt chord or focus switch it may reach the pane as plain esc bytes=[27]
2026-08-18T02:49:37.574155Z  WARN herdr::raw_input: flushing lone escape after input timeout; if this follows an alt chord or focus switch it may reach the pane as plain esc bytes=[27]
2026-08-18T02:49:38.863009Z  WARN herdr::raw_input: flushing lone escape after input timeout; if this follows an alt chord or focus switch it may reach the pane as plain esc bytes=[27]
2026-08-18T02:49:47.484685Z  WARN herdr::raw_input: flushing lone escape after input timeout; if this follows an alt chord or focus switch it may reach the pane as plain esc bytes=[27]
2026-08-18T02:49:54.144457Z  WARN herdr::raw_input: flushing lone escape after input timeout; if this follows an alt chord or focus switch it may reach the pane as plain esc bytes=[27]
2026-08-18T02:50:18.869872Z  WARN herdr::raw_input: flushing lone escape after input timeout; if this follows an alt chord or focus switch it may reach the pane as plain esc bytes=[27]
2026-08-18T02:52:53.044845Z  WARN herdr::raw_input: flushing lone escape after input timeout; if this follows an alt chord or focus switch it may reach the pane as plain esc bytes=[27]
2026-08-18T02:53:05.187802Z  WARN herdr::raw_input: flushing lone escape after input timeout; if this follows an alt chord or focus switch it may reach the pane as plain esc bytes=[27]
2026-08-18T02:53:14.235366Z  WARN herdr::raw_input: flushing lone escape after input timeout; if this follows an alt chord or focus switch it may reach the pane as plain esc bytes=[27]
2026-08-18T02:54:36.593730Z  WARN herdr::raw_input: flushing lone escape after input timeout; if this follows an alt chord or focus switch it may reach the pane as plain esc bytes=[27]
2026-08-18T02:54:48.466877Z  WARN herdr::raw_input: flushing lone escape after input timeout; if this follows an alt chord or focus switch it may reach the pane as plain esc bytes=[27]
2026-08-18T02:55:01.564612Z  WARN herdr::raw_input: flushing lone escape after input timeout; if this follows an alt chord or focus switch it may reach the pane as plain esc bytes=[27]
2026-08-18T02:55:32.977799Z  WARN herdr::raw_input: flushing lone escape after input timeout; if this follows an alt chord or focus switch it may reach the pane as plain esc bytes=[27]
2026-08-18T02:55:50.893336Z  INFO herdr::logging: tab focused event="tab.focus" subsystem="tab" outcome="ok" workspace_id="w5" tab_id="w5:t2"
2026-08-18T02:55:55.905805Z  INFO herdr::logging: session saved event="persist.save" subsystem="persist" outcome="ok" path=/Users/shahid/.config/herdr/session.json workspaces=3
2026-08-18T02:56:03.552614Z  INFO herdr::logging: tab focused event="tab.focus" subsystem="tab" outcome="ok" workspace_id="w5" tab_id="w5:t2"
2026-08-18T02:56:08.564335Z  INFO herdr::logging: session saved event="persist.save" subsystem="persist" outcome="ok" path=/Users/shahid/.config/herdr/session.json workspaces=3
2026-08-18T02:56:18.385357Z  INFO herdr::logging: tab focused event="tab.focus" subsystem="tab" outcome="ok" workspace_id="w5" tab_id="w5:t2"
2026-08-18T02:56:23.392674Z  INFO herdr::logging: session saved event="persist.save" subsystem="persist" outcome="ok" path=/Users/shahid/.config/herdr/session.json workspaces=3
2026-08-18T02:59:23.210112Z  INFO herdr::logging: tab focused event="tab.focus" subsystem="tab" outcome="ok" workspace_id="w5" tab_id="w5:t1"
2026-08-18T02:59:28.215382Z  INFO herdr::logging: session saved event="persist.save" subsystem="persist" outcome="ok" path=/Users/shahid/.config/herdr/session.json workspaces=3
2026-08-18T03:03:08.891927Z  WARN herdr::raw_input: flushing lone escape after input timeout; if this follows an alt chord or focus switch it may reach the pane as plain esc bytes=[27]
2026-08-18T03:04:35.453626Z  WARN herdr::raw_input: flushing lone escape after input timeout; if this follows an alt chord or focus switch it may reach the pane as plain esc bytes=[27]
2026-08-18T03:05:05.091107Z  INFO herdr::logging: tab focused event="tab.focus" subsystem="tab" outcome="ok" workspace_id="w5" tab_id="w5:t2"
2026-08-18T03:05:10.105369Z  INFO herdr::logging: session saved event="persist.save" subsystem="persist" outcome="ok" path=/Users/shahid/.config/herdr/session.json workspaces=3
2026-08-18T03:05:23.971855Z  INFO herdr::logging: tab focused event="tab.focus" subsystem="tab" outcome="ok" workspace_id="w5" tab_id="w5:t2"
2026-08-18T03:05:28.982249Z  INFO herdr::logging: session saved event="persist.save" subsystem="persist" outcome="ok" path=/Users/shahid/.config/herdr/session.json workspaces=3
2026-08-18T03:11:21.733414Z  INFO herdr::logging: checking for updates event="update.check.start" subsystem="update" outcome="started"
2026-08-18T03:11:22.157897Z  WARN herdr::detect::manifest_update: skipping unknown remote manifest agent agent="qwen"
2026-08-18T03:11:32.394924Z  INFO herdr::logging: session saved event="persist.save" subsystem="persist" outcome="ok" path=/Users/shahid/.config/herdr/session.json workspaces=3
2026-08-18T03:18:09.421273Z  INFO herdr::logging: tab focused event="tab.focus" subsystem="tab" outcome="ok" workspace_id="w5" tab_id="w5:t1"
2026-08-18T03:18:14.434388Z  INFO herdr::logging: session saved event="persist.save" subsystem="persist" outcome="ok" path=/Users/shahid/.config/herdr/session.json workspaces=3
2026-08-18T03:23:57.941152Z  WARN herdr::raw_input: flushing lone escape after input timeout; if this follows an alt chord or focus switch it may reach the pane as plain esc bytes=[27]
2026-08-18T03:25:31.224255Z  WARN herdr::raw_input: flushing lone escape after input timeout; if this follows an alt chord or focus switch it may reach the pane as plain esc bytes=[27]
2026-08-18T03:26:47.645227Z  WARN herdr::raw_input: flushing lone escape after input timeout; if this follows an alt chord or focus switch it may reach the pane as plain esc bytes=[27]
2026-08-18T03:27:27.370331Z  WARN herdr::raw_input: flushing lone escape after input timeout; if this follows an alt chord or focus switch it may reach the pane as plain esc bytes=[27]
2026-08-18T03:27:33.928604Z  WARN herdr::raw_input: flushing lone escape after input timeout; if this follows an alt chord or focus switch it may reach the pane as plain esc bytes=[27]
2026-08-18T03:27:43.331136Z  WARN herdr::raw_input: flushing lone escape after input timeout; if this follows an alt chord or focus switch it may reach the pane as plain esc bytes=[27]
2026-08-18T03:27:57.383000Z  WARN herdr::raw_input: flushing lone escape after input timeout; if this follows an alt chord or focus switch it may reach the pane as plain esc bytes=[27]
2026-08-18T03:28:25.391224Z  WARN herdr::raw_input: flushing lone escape after input timeout; if this follows an alt chord or focus switch it may reach the pane as plain esc bytes=[27]
2026-08-18T03:28:35.524154Z  WARN herdr::raw_input: flushing lone escape after input timeout; if this follows an alt chord or focus switch it may reach the pane as plain esc bytes=[27]
2026-08-18T03:28:35.968698Z  WARN herdr::raw_input: flushing lone escape after input timeout; if this follows an alt chord or focus switch it may reach the pane as plain esc bytes=[27]
2026-08-18T03:32:50.306678Z  WARN herdr::raw_input: flushing lone escape after input timeout; if this follows an alt chord or focus switch it may reach the pane as plain esc bytes=[27]
2026-08-18T03:34:41.382436Z  WARN herdr::raw_input: flushing lone escape after input timeout; if this follows an alt chord or focus switch it may reach the pane as plain esc bytes=[27]
2026-08-18T03:36:51.143432Z  WARN herdr::raw_input: flushing lone escape after input timeout; if this follows an alt chord or focus switch it may reach the pane as plain esc bytes=[27]
2026-08-18T03:36:58.049465Z  WARN herdr::raw_input: flushing lone escape after input timeout; if this follows an alt chord or focus switch it may reach the pane as plain esc bytes=[27]
2026-08-18T03:36:58.810925Z  WARN herdr::raw_input: flushing lone escape after input timeout; if this follows an alt chord or focus switch it may reach the pane as plain esc bytes=[27]
2026-08-18T03:37:12.098538Z  WARN herdr::raw_input: flushing lone escape after input timeout; if this follows an alt chord or focus switch it may reach the pane as plain esc bytes=[27]
2026-08-18T03:37:22.614675Z  WARN herdr::raw_input: flushing lone escape after input timeout; if this follows an alt chord or focus switch it may reach the pane as plain esc bytes=[27]
2026-08-18T03:37:33.911641Z  WARN herdr::raw_input: flushing lone escape after input timeout; if this follows an alt chord or focus switch it may reach the pane as plain esc bytes=[27]
2026-08-18T03:37:34.117842Z  WARN herdr::raw_input: flushing lone escape after input timeout; if this follows an alt chord or focus switch it may reach the pane as plain esc bytes=[27]
2026-08-18T03:37:44.543196Z  WARN herdr::raw_input: flushing lone escape after input timeout; if this follows an alt chord or focus switch it may reach the pane as plain esc bytes=[27]
2026-08-18T03:37:54.788174Z  WARN herdr::raw_input: flushing lone escape after input timeout; if this follows an alt chord or focus switch it may reach the pane as plain esc bytes=[27]
2026-08-18T03:38:04.486253Z  INFO herdr::logging: tab focused event="tab.focus" subsystem="tab" outcome="ok" workspace_id="w5" tab_id="w5:t2"
2026-08-18T03:38:09.497798Z  INFO herdr::logging: session saved event="persist.save" subsystem="persist" outcome="ok" path=/Users/shahid/.config/herdr/session.json workspaces=3
2026-08-18T03:39:43.822620Z  INFO herdr::logging: tab focused event="tab.focus" subsystem="tab" outcome="ok" workspace_id="w5" tab_id="w5:t1"
2026-08-18T03:39:44.944448Z  INFO herdr::logging: tab focused event="tab.focus" subsystem="tab" outcome="ok" workspace_id="w5" tab_id="w5:t2"
2026-08-18T03:39:49.956289Z  INFO herdr::logging: session saved event="persist.save" subsystem="persist" outcome="ok" path=/Users/shahid/.config/herdr/session.json workspaces=3
2026-08-18T03:41:21.704363Z  INFO herdr::logging: checking for updates event="update.check.start" subsystem="update" outcome="started"
2026-08-18T03:41:22.130486Z  WARN herdr::detect::manifest_update: skipping unknown remote manifest agent agent="qwen"
2026-08-18T04:11:21.721389Z  INFO herdr::logging: checking for updates event="update.check.start" subsystem="update" outcome="started"
2026-08-18T04:11:22.109535Z  WARN herdr::detect::manifest_update: skipping unknown remote manifest agent agent="qwen"
2026-08-18T04:12:58.773529Z  INFO herdr::logging: session saved event="persist.save" subsystem="persist" outcome="ok" path=/Users/shahid/.config/herdr/session.json workspaces=3
2026-08-18T04:13:00.503246Z  INFO herdr::logging: tab focused event="tab.focus" subsystem="tab" outcome="ok" workspace_id="w5" tab_id="w5:t1"
2026-08-18T04:13:05.514073Z  INFO herdr::logging: session saved event="persist.save" subsystem="persist" outcome="ok" path=/Users/shahid/.config/herdr/session.json workspaces=3
2026-08-18T04:13:06.525940Z  INFO herdr::logging: tab focused event="tab.focus" subsystem="tab" outcome="ok" workspace_id="w5" tab_id="w5:t2"
2026-08-18T04:13:11.535400Z  INFO herdr::logging: session saved event="persist.save" subsystem="persist" outcome="ok" path=/Users/shahid/.config/herdr/session.json workspaces=3
2026-08-18T04:13:13.156041Z  INFO herdr::logging: tab focused event="tab.focus" subsystem="tab" outcome="ok" workspace_id="w5" tab_id="w5:t1"
2026-08-18T04:13:14.511185Z  INFO herdr::logging: tab focused event="tab.focus" subsystem="tab" outcome="ok" workspace_id="w5" tab_id="w5:t2"
2026-08-18T04:13:19.518777Z  INFO herdr::logging: session saved event="persist.save" subsystem="persist" outcome="ok" path=/Users/shahid/.config/herdr/session.json workspaces=3
2026-08-18T04:13:21.640630Z  INFO herdr::logging: tab focused event="tab.focus" subsystem="tab" outcome="ok" workspace_id="w5" tab_id="w5:t3"
2026-08-18T04:13:25.929178Z  INFO herdr::logging: tab focused event="tab.focus" subsystem="tab" outcome="ok" workspace_id="w5" tab_id="w5:t2"
2026-08-18T04:13:27.904707Z  INFO herdr::logging: workspace focused event="workspace.focus" subsystem="workspace" outcome="ok" workspace_id="w6"
2026-08-18T04:13:27.904796Z  INFO herdr::logging: tab focused event="tab.focus" subsystem="tab" outcome="ok" workspace_id="w6" tab_id="w6:t1"
2026-08-18T04:13:32.912349Z  INFO herdr::logging: session saved event="persist.save" subsystem="persist" outcome="ok" path=/Users/shahid/.config/herdr/session.json workspaces=3
2026-08-18T04:23:10.168000Z  INFO herdr::logging: workspace focused event="workspace.focus" subsystem="workspace" outcome="ok" workspace_id="w5"
2026-08-18T04:23:10.169128Z  INFO herdr::logging: tab focused event="tab.focus" subsystem="tab" outcome="ok" workspace_id="w5" tab_id="w5:t2"
2026-08-18T04:23:15.182228Z  INFO herdr::logging: session saved event="persist.save" subsystem="persist" outcome="ok" path=/Users/shahid/.config/herdr/session.json workspaces=3
2026-08-18T05:26:12.740307Z  INFO herdr::logging: checking for updates event="update.check.start" subsystem="update" outcome="started"
2026-08-18T05:26:13.206943Z  WARN herdr::detect::manifest_update: skipping unknown remote manifest agent agent="qwen"
2026-08-18T06:16:11.107032Z  INFO herdr::logging: workspace focused event="workspace.focus" subsystem="workspace" outcome="ok" workspace_id="w6"
2026-08-18T06:16:11.108594Z  INFO herdr::logging: tab focused event="tab.focus" subsystem="tab" outcome="ok" workspace_id="w6" tab_id="w6:t1"
2026-08-18T06:16:12.109690Z  INFO herdr::logging: workspace focused event="workspace.focus" subsystem="workspace" outcome="ok" workspace_id="w4"
2026-08-18T06:16:12.109822Z  INFO herdr::logging: tab focused event="tab.focus" subsystem="tab" outcome="ok" workspace_id="w4" tab_id="w4:t1"
2026-08-18T06:16:17.118157Z  INFO herdr::logging: session saved event="persist.save" subsystem="persist" outcome="ok" path=/Users/shahid/.config/herdr/session.json workspaces=3
2026-08-18T06:17:21.177546Z  INFO herdr::logging: tab focused event="tab.focus" subsystem="tab" outcome="ok" workspace_id="w4" tab_id="w4:t2"
2026-08-18T06:17:24.887734Z  INFO herdr::logging: tab focused event="tab.focus" subsystem="tab" outcome="ok" workspace_id="w4" tab_id="w4:t3"
2026-08-18T06:17:28.227924Z  INFO herdr::logging: tab focused event="tab.focus" subsystem="tab" outcome="ok" workspace_id="w4" tab_id="w4:t3"
2026-08-18T06:17:33.250657Z  INFO herdr::logging: session saved event="persist.save" subsystem="persist" outcome="ok" path=/Users/shahid/.config/herdr/session.json workspaces=3
2026-08-18T06:17:39.549506Z  INFO herdr::logging: tab focused event="tab.focus" subsystem="tab" outcome="ok" workspace_id="w4" tab_id="w4:t1"
2026-08-18T06:17:44.562722Z  INFO herdr::logging: session saved event="persist.save" subsystem="persist" outcome="ok" path=/Users/shahid/.config/herdr/session.json workspaces=3
2026-08-18T06:18:29.040112Z  INFO herdr::logging: tab focused event="tab.focus" subsystem="tab" outcome="ok" workspace_id="w4" tab_id="w4:t1"
2026-08-18T06:18:34.048530Z  INFO herdr::logging: session saved event="persist.save" subsystem="persist" outcome="ok" path=/Users/shahid/.config/herdr/session.json workspaces=3
2026-08-18T06:18:43.489474Z  INFO herdr::logging: tab focused event="tab.focus" subsystem="tab" outcome="ok" workspace_id="w4" tab_id="w4:t1"
2026-08-18T06:18:48.499416Z  INFO herdr::logging: session saved event="persist.save" subsystem="persist" outcome="ok" path=/Users/shahid/.config/herdr/session.json workspaces=3
2026-08-18T06:18:56.425190Z  INFO herdr::logging: tab focused event="tab.focus" subsystem="tab" outcome="ok" workspace_id="w4" tab_id="w4:t3"
2026-08-18T06:19:01.453167Z  INFO herdr::logging: session saved event="persist.save" subsystem="persist" outcome="ok" path=/Users/shahid/.config/herdr/session.json workspaces=3
2026-08-18T06:19:08.684621Z  INFO herdr::logging: tab focused event="tab.focus" subsystem="tab" outcome="ok" workspace_id="w4" tab_id="w4:t3"
2026-08-18T06:19:13.707577Z  INFO herdr::logging: session saved event="persist.save" subsystem="persist" outcome="ok" path=/Users/shahid/.config/herdr/session.json workspaces=3
2026-08-18T06:19:31.342543Z  INFO herdr::logging: tab focused event="tab.focus" subsystem="tab" outcome="ok" workspace_id="w4" tab_id="w4:t1"
2026-08-18T06:19:32.952442Z  INFO herdr::logging: tab focused event="tab.focus" subsystem="tab" outcome="ok" workspace_id="w4" tab_id="w4:t2"
2026-08-18T06:19:35.497506Z  INFO herdr::logging: tab focused event="tab.focus" subsystem="tab" outcome="ok" workspace_id="w4" tab_id="w4:t3"
2026-08-18T06:19:39.846871Z  INFO herdr::logging: tab focused event="tab.focus" subsystem="tab" outcome="ok" workspace_id="w4" tab_id="w4:t3"
2026-08-18T06:19:44.854678Z  INFO herdr::logging: session saved event="persist.save" subsystem="persist" outcome="ok" path=/Users/shahid/.config/herdr/session.json workspaces=3
2026-08-18T06:19:56.118657Z  INFO herdr::logging: tab focused event="tab.focus" subsystem="tab" outcome="ok" workspace_id="w4" tab_id="w4:t3"
2026-08-18T06:20:01.134327Z  INFO herdr::logging: session saved event="persist.save" subsystem="persist" outcome="ok" path=/Users/shahid/.config/herdr/session.json workspaces=3
2026-08-18T07:11:59.596102Z  INFO herdr::logging: checking for updates event="update.check.start" subsystem="update" outcome="started"
2026-08-18T07:12:00.013873Z  WARN herdr::detect::manifest_update: skipping unknown remote manifest agent agent="qwen"
2026-08-18T07:41:59.647420Z  INFO herdr::logging: checking for updates event="update.check.start" subsystem="update" outcome="started"
2026-08-18T07:41:59.998789Z  WARN herdr::detect::manifest_update: skipping unknown remote manifest agent agent="qwen"
2026-08-19T01:21:31.189999Z  INFO herdr::server::headless: client resize client_id=2 cols=121 rows=30 cell_width_px=0 cell_height_px=0
2026-08-19T01:21:31.292548Z  INFO herdr::server::headless: client resize client_id=2 cols=121 rows=30 cell_width_px=0 cell_height_px=0
2026-08-19T01:21:31.502690Z  INFO herdr::server::headless: client resize client_id=2 cols=102 rows=31 cell_width_px=0 cell_height_px=0
2026-08-19T01:21:31.607787Z  INFO herdr::server::headless: client resize client_id=2 cols=100 rows=50 cell_width_px=0 cell_height_px=0
2026-08-19T01:21:43.224534Z  INFO herdr::logging: tab focused event="tab.focus" subsystem="tab" outcome="ok" workspace_id="w4" tab_id="w4:t3"
2026-08-19T01:21:45.710518Z  INFO herdr::server::headless: client resize client_id=2 cols=206 rows=50 cell_width_px=0 cell_height_px=0
2026-08-19T01:21:48.244067Z  INFO herdr::logging: session saved event="persist.save" subsystem="persist" outcome="ok" path=/Users/shahid/.config/herdr/session.json workspaces=3
2026-08-19T01:21:49.077168Z  INFO herdr::logging: workspace focused event="workspace.focus" subsystem="workspace" outcome="ok" workspace_id="w6"
2026-08-19T01:21:49.077333Z  INFO herdr::logging: tab focused event="tab.focus" subsystem="tab" outcome="ok" workspace_id="w6" tab_id="w6:t1"
2026-08-19T01:21:54.085366Z  INFO herdr::logging: session saved event="persist.save" subsystem="persist" outcome="ok" path=/Users/shahid/.config/herdr/session.json workspaces=3
2026-08-19T01:23:49.513620Z  INFO herdr::server::headless: client resize client_id=2 cols=206 rows=31 cell_width_px=0 cell_height_px=0
2026-08-19T01:23:49.617773Z  INFO herdr::server::headless: client resize client_id=2 cols=206 rows=31 cell_width_px=0 cell_height_px=0
2026-08-19T01:23:49.721717Z  INFO herdr::server::headless: client resize client_id=2 cols=206 rows=31 cell_width_px=0 cell_height_px=0
2026-08-19T01:23:49.824585Z  INFO herdr::server::headless: client resize client_id=2 cols=206 rows=31 cell_width_px=0 cell_height_px=0
2026-08-19T01:23:49.929741Z  INFO herdr::server::headless: client resize client_id=2 cols=206 rows=31 cell_width_px=0 cell_height_px=0
2026-08-19T01:23:50.644841Z  INFO herdr::server::headless: client resize client_id=2 cols=206 rows=31 cell_width_px=0 cell_height_px=0
2026-08-19T01:23:51.163506Z  INFO herdr::server::headless: client resize client_id=2 cols=121 rows=30 cell_width_px=0 cell_height_px=0
2026-08-19T01:24:11.755512Z  INFO herdr::logging: checking for updates event="update.check.start" subsystem="update" outcome="started"
2026-08-19T01:24:11.974732Z  WARN herdr::detect::manifest_update: skipping unknown remote manifest agent agent="qwen"
2026-08-19T01:54:11.749220Z  INFO herdr::logging: checking for updates event="update.check.start" subsystem="update" outcome="started"
2026-08-19T01:54:12.007724Z  WARN herdr::detect::manifest_update: skipping unknown remote manifest agent agent="qwen"
2026-08-19T02:24:11.677363Z  INFO herdr::logging: checking for updates event="update.check.start" subsystem="update" outcome="started"
2026-08-19T02:24:12.938774Z  WARN herdr::detect::manifest_update: skipping unknown remote manifest agent agent="qwen"
2026-08-19T02:54:11.693045Z  INFO herdr::logging: checking for updates event="update.check.start" subsystem="update" outcome="started"
2026-08-19T02:54:11.948969Z  WARN herdr::detect::manifest_update: skipping unknown remote manifest agent agent="qwen"
2026-08-19T03:24:11.718664Z  INFO herdr::logging: checking for updates event="update.check.start" subsystem="update" outcome="started"
2026-08-19T03:24:11.922747Z  WARN herdr::detect::manifest_update: skipping unknown remote manifest agent agent="qwen"
2026-08-19T03:29:46.548353Z  INFO herdr::logging: workspace focused event="workspace.focus" subsystem="workspace" outcome="ok" workspace_id="w5"
2026-08-19T03:29:46.549450Z  INFO herdr::logging: tab focused event="tab.focus" subsystem="tab" outcome="ok" workspace_id="w5" tab_id="w5:t2"
2026-08-19T03:29:47.845428Z  INFO herdr::logging: workspace focused event="workspace.focus" subsystem="workspace" outcome="ok" workspace_id="w4"
2026-08-19T03:29:47.845575Z  INFO herdr::logging: tab focused event="tab.focus" subsystem="tab" outcome="ok" workspace_id="w4" tab_id="w4:t3"
2026-08-19T03:29:52.857977Z  INFO herdr::logging: session saved event="persist.save" subsystem="persist" outcome="ok" path=/Users/shahid/.config/herdr/session.json workspaces=3
2026-08-19T03:54:11.756855Z  INFO herdr::logging: checking for updates event="update.check.start" subsystem="update" outcome="started"
2026-08-19T03:54:11.989091Z  WARN herdr::detect::manifest_update: skipping unknown remote manifest agent agent="qwen"
2026-08-19T04:24:23.549546Z  INFO herdr::logging: checking for updates event="update.check.start" subsystem="update" outcome="started"
2026-08-19T04:24:23.753128Z  WARN herdr::detect::manifest_update: skipping unknown remote manifest agent agent="qwen"
2026-08-19T04:54:23.567777Z  INFO herdr::logging: checking for updates event="update.check.start" subsystem="update" outcome="started"
2026-08-19T04:54:23.776169Z  WARN herdr::detect::manifest_update: skipping unknown remote manifest agent agent="qwen"
2026-08-19T05:24:23.573213Z  INFO herdr::logging: checking for updates event="update.check.start" subsystem="update" outcome="started"
2026-08-19T05:24:23.845668Z  WARN herdr::detect::manifest_update: skipping unknown remote manifest agent agent="qwen"
2026-08-19T05:54:24.282746Z  INFO herdr::logging: checking for updates event="update.check.start" subsystem="update" outcome="started"
2026-08-19T05:54:24.582748Z  WARN herdr::detect::manifest_update: skipping unknown remote manifest agent agent="qwen"
2026-08-19T06:24:24.255193Z  INFO herdr::logging: checking for updates event="update.check.start" subsystem="update" outcome="started"
2026-08-19T06:24:24.462615Z  WARN herdr::detect::manifest_update: skipping unknown remote manifest agent agent="qwen"
2026-08-19T06:50:56.034392Z  INFO herdr::logging: tab focused event="tab.focus" subsystem="tab" outcome="ok" workspace_id="w4" tab_id="w4:t1"
2026-08-19T06:51:01.049645Z  INFO herdr::logging: session saved event="persist.save" subsystem="persist" outcome="ok" path=/Users/shahid/.config/herdr/session.json workspaces=3
2026-08-19T06:54:24.286144Z  INFO herdr::logging: checking for updates event="update.check.start" subsystem="update" outcome="started"
2026-08-19T06:54:24.499429Z  WARN herdr::detect::manifest_update: skipping unknown remote manifest agent agent="qwen"
2026-08-19T07:01:21.732054Z  INFO herdr::logging: tab focused event="tab.focus" subsystem="tab" outcome="ok" workspace_id="w4" tab_id="w4:t1"
2026-08-19T07:01:26.750157Z  INFO herdr::logging: session saved event="persist.save" subsystem="persist" outcome="ok" path=/Users/shahid/.config/herdr/session.json workspaces=3
2026-08-19T07:06:28.151784Z  INFO herdr::logging: tab focused event="tab.focus" subsystem="tab" outcome="ok" workspace_id="w4" tab_id="w4:t1"
2026-08-19T07:06:29.490252Z  INFO herdr::logging: tab focused event="tab.focus" subsystem="tab" outcome="ok" workspace_id="w4" tab_id="w4:t1"
2026-08-19T07:06:34.287041Z  INFO herdr::logging: tab focused event="tab.focus" subsystem="tab" outcome="ok" workspace_id="w4" tab_id="w4:t1"
2026-08-19T07:06:35.584416Z  INFO herdr::logging: tab focused event="tab.focus" subsystem="tab" outcome="ok" workspace_id="w4" tab_id="w4:t3"
2026-08-19T07:06:36.411781Z  INFO herdr::logging: tab focused event="tab.focus" subsystem="tab" outcome="ok" workspace_id="w4" tab_id="w4:t3"
2026-08-19T07:06:41.560052Z  INFO herdr::logging: session saved event="persist.save" subsystem="persist" outcome="ok" path=/Users/shahid/.config/herdr/session.json workspaces=3
2026-08-19T07:06:41.876514Z  INFO herdr::logging: tab focused event="tab.focus" subsystem="tab" outcome="ok" workspace_id="w4" tab_id="w4:t1"
2026-08-19T07:06:46.893274Z  INFO herdr::logging: session saved event="persist.save" subsystem="persist" outcome="ok" path=/Users/shahid/.config/herdr/session.json workspaces=3
2026-08-19T07:08:19.786619Z  INFO herdr::logging: tab focused event="tab.focus" subsystem="tab" outcome="ok" workspace_id="w4" tab_id="w4:t2"
2026-08-19T07:08:20.903942Z  INFO herdr::logging: tab focused event="tab.focus" subsystem="tab" outcome="ok" workspace_id="w4" tab_id="w4:t2"
2026-08-19T07:08:22.448293Z  INFO herdr::logging: tab focused event="tab.focus" subsystem="tab" outcome="ok" workspace_id="w4" tab_id="w4:t3"
2026-08-19T07:08:27.460323Z  INFO herdr::logging: session saved event="persist.save" subsystem="persist" outcome="ok" path=/Users/shahid/.config/herdr/session.json workspaces=3
2026-08-19T07:24:24.253094Z  INFO herdr::logging: checking for updates event="update.check.start" subsystem="update" outcome="started"
2026-08-19T07:24:24.452458Z  WARN herdr::detect::manifest_update: skipping unknown remote manifest agent agent="qwen"
2026-08-19T07:30:52.873347Z  INFO herdr::server::headless: client resize client_id=2 cols=166 rows=33 cell_width_px=0 cell_height_px=0
2026-08-19T07:30:58.187336Z  INFO herdr::server::headless: client resize client_id=2 cols=166 rows=33 cell_width_px=0 cell_height_px=0
2026-08-19T23:36:00.298572Z  INFO herdr::logging: checking for updates event="update.check.start" subsystem="update" outcome="started"
2026-08-19T23:36:03.430510Z  WARN herdr::detect::manifest_update: agent detection manifest update failed: failed to fetch https://herdr.dev/agent-detection/index.toml
2026-08-19T23:36:03.439002Z  WARN herdr::logging: update check failed event="update.check.complete" subsystem="update" outcome="error" err="failed to fetch Homebrew formula JSON"
2026-08-20T02:41:50.252858Z  INFO herdr::server::headless: client resize client_id=2 cols=121 rows=30 cell_width_px=0 cell_height_px=0
2026-08-20T02:41:51.056230Z  INFO herdr::server::headless: client resize client_id=2 cols=166 rows=31 cell_width_px=0 cell_height_px=0
2026-08-20T02:57:06.373046Z  INFO herdr::server::headless: client resize client_id=2 cols=121 rows=30 cell_width_px=0 cell_height_px=0
2026-08-20T02:57:31.749097Z  INFO herdr::logging: tab focused event="tab.focus" subsystem="tab" outcome="ok" workspace_id="w4" tab_id="w4:t3"
2026-08-20T02:57:36.800373Z  INFO herdr::logging: session saved event="persist.save" subsystem="persist" outcome="ok" path=/Users/shahid/.config/herdr/session.json workspaces=3
2026-08-20T02:58:07.029151Z  INFO herdr::server::headless: client detached client_id=2
2026-08-20T02:58:07.032061Z  INFO herdr::server::headless: client disconnected client_id=2
2026-08-20T02:58:27.645564Z  INFO herdr::server::headless: server shutdown initiated
2026-08-20T02:58:27.704749Z  INFO herdr::server::headless: completing server shutdown
2026-08-20T02:58:29.228544Z  INFO herdr::logging: session saved event="persist.save" subsystem="persist" outcome="ok" path=/Users/shahid/.config/herdr/session.json workspaces=3
2026-08-20T02:58:29.228706Z  INFO herdr::server::headless: headless server exiting
2026-08-20T02:58:29.760898Z  INFO herdr::logging: pane child exited event="pane.exit" subsystem="pane" outcome="completed" pane_id=10 status="ExitStatus { code: 1, signal: Some(\"Killed: 9\") }"
2026-08-20T02:58:29.777197Z  INFO herdr::pane: pane session terminated pane=10 pid=1919 signal=Kill
2026-08-20T02:58:30.321756Z  INFO herdr::logging: pane child exited event="pane.exit" subsystem="pane" outcome="completed" pane_id=5 status="ExitStatus { code: 1, signal: Some(\"Killed: 9\") }"
2026-08-20T02:58:30.340798Z  INFO herdr::pane: pane session terminated pane=5 pid=1863 signal=Kill
2026-08-20T02:59:58.465034Z  INFO herdr::platform::macos: raised server file descriptor soft limit previous=2048 target=8192
2026-08-20T02:59:58.468583Z  INFO herdr::api::server: api server listening path=/Users/shahid/.config/herdr/herdr.sock
2026-08-20T02:59:58.473768Z  INFO herdr::logging: spawning pane terminal event="pane.spawn.start" subsystem="pane" outcome="started" pane_id=1 rows=24 cols=80 scrollback_limit_bytes=10000000
2026-08-20T02:59:58.478002Z  INFO herdr::logging: pane child spawned event="pane.spawned" subsystem="pane" outcome="ok" pane_id=1 pid=1242
2026-08-20T02:59:58.479220Z  INFO herdr::logging: spawning pane terminal event="pane.spawn.start" subsystem="pane" outcome="started" pane_id=2 rows=24 cols=80 scrollback_limit_bytes=10000000
2026-08-20T02:59:58.481030Z  INFO herdr::logging: pane child spawned event="pane.spawned" subsystem="pane" outcome="ok" pane_id=2 pid=1243
2026-08-20T02:59:58.481801Z  INFO herdr::logging: spawning pane terminal event="pane.spawn.start" subsystem="pane" outcome="started" pane_id=3 rows=24 cols=80 scrollback_limit_bytes=10000000
2026-08-20T02:59:58.483645Z  INFO herdr::logging: pane child spawned event="pane.spawned" subsystem="pane" outcome="ok" pane_id=3 pid=1244
2026-08-20T02:59:58.484002Z  INFO herdr::logging: spawning pane terminal event="pane.spawn.start" subsystem="pane" outcome="started" pane_id=4 rows=24 cols=80 scrollback_limit_bytes=10000000
2026-08-20T02:59:58.485772Z  INFO herdr::logging: pane child spawned event="pane.spawned" subsystem="pane" outcome="ok" pane_id=4 pid=1245
2026-08-20T02:59:58.485905Z  INFO herdr::logging: spawning pane terminal event="pane.spawn.start" subsystem="pane" outcome="started" pane_id=5 rows=24 cols=80 scrollback_limit_bytes=10000000
2026-08-20T02:59:58.488934Z  INFO herdr::logging: pane child spawned event="pane.spawned" subsystem="pane" outcome="ok" pane_id=5 pid=1246
2026-08-20T02:59:58.489368Z  INFO herdr::logging: spawning pane terminal event="pane.spawn.start" subsystem="pane" outcome="started" pane_id=6 rows=24 cols=80 scrollback_limit_bytes=10000000
2026-08-20T02:59:58.491333Z  INFO herdr::logging: pane child spawned event="pane.spawned" subsystem="pane" outcome="ok" pane_id=6 pid=1247
2026-08-20T02:59:58.586685Z  INFO herdr::logging: spawning pane terminal event="pane.spawn.start" subsystem="pane" outcome="started" pane_id=7 rows=24 cols=80 scrollback_limit_bytes=10000000
2026-08-20T02:59:58.589344Z  INFO herdr::logging: pane child spawned event="pane.spawned" subsystem="pane" outcome="ok" pane_id=7 pid=1293
2026-08-20T02:59:58.589512Z  INFO herdr::logging: spawning pane terminal event="pane.spawn.start" subsystem="pane" outcome="started" pane_id=8 rows=24 cols=80 scrollback_limit_bytes=10000000
2026-08-20T02:59:58.591527Z  INFO herdr::logging: pane child spawned event="pane.spawned" subsystem="pane" outcome="ok" pane_id=8 pid=1294
2026-08-20T02:59:58.591819Z  INFO herdr::logging: spawning pane terminal event="pane.spawn.start" subsystem="pane" outcome="started" pane_id=9 rows=24 cols=80 scrollback_limit_bytes=10000000
2026-08-20T02:59:58.595124Z  INFO herdr::logging: pane child spawned event="pane.spawned" subsystem="pane" outcome="ok" pane_id=9 pid=1297
2026-08-20T02:59:58.595277Z  INFO herdr::logging: spawning pane terminal event="pane.spawn.start" subsystem="pane" outcome="started" pane_id=10 rows=24 cols=80 scrollback_limit_bytes=10000000
2026-08-20T02:59:58.598012Z  INFO herdr::logging: pane child spawned event="pane.spawned" subsystem="pane" outcome="ok" pane_id=10 pid=1300
2026-08-20T02:59:58.599144Z  INFO herdr::logging: spawning pane terminal event="pane.spawn.start" subsystem="pane" outcome="started" pane_id=11 rows=24 cols=80 scrollback_limit_bytes=10000000
2026-08-20T02:59:58.602198Z  INFO herdr::logging: pane child spawned event="pane.spawned" subsystem="pane" outcome="ok" pane_id=11 pid=1305
2026-08-20T02:59:58.602958Z  INFO herdr::logging: session restore evaluated event="persist.restore" subsystem="persist" outcome="ok" workspaces=3
2026-08-20T02:59:58.603573Z  INFO herdr::app: using pane scrollback configuration pane_scrollback_limit_bytes=10000000
2026-08-20T02:59:59.178288Z  INFO herdr::logging: checking for updates event="update.check.start" subsystem="update" outcome="started"
2026-08-20T02:59:59.245672Z  INFO herdr::server::headless: restored session already has workspaces; ignoring startup cwd cwd=/Users/shahid
2026-08-20T02:59:59.246051Z  INFO herdr::server::headless: client protocol socket listening path=/Users/shahid/.config/herdr/herdr-client.sock
2026-08-20T02:59:59.246075Z  INFO herdr::server::headless: herdr server started api_socket=/Users/shahid/.config/herdr/herdr.sock client_socket=/Users/shahid/.config/herdr/herdr-client.sock
2026-08-20T02:59:59.252429Z  INFO herdr::logging: herdr starting event="app.startup" subsystem="server" outcome="started" pid=1241
2026-08-20T02:59:59.511719Z  INFO herdr::server::headless: client connected client_id=2 cols=121 rows=30 cell_width_px=0 cell_height_px=0 render_encoding=SemanticFrame
2026-08-20T02:59:59.573268Z  WARN herdr::detect::manifest_update: skipping unknown remote manifest agent agent="qwen"
2026-08-20T03:00:00.237804Z  INFO herdr::logging: update available event="update.available" subsystem="update" outcome="ok" version="0.8.2"
2026-08-20T03:00:00.938189Z  INFO herdr::update: auto-update check: v0.8.2 available through Homebrew, waiting for explicit install
2026-08-20T03:00:05.822135Z  INFO herdr::logging: workspace focused event="workspace.focus" subsystem="workspace" outcome="ok" workspace_id="w6"
2026-08-20T03:00:05.822221Z  INFO herdr::logging: tab focused event="tab.focus" subsystem="tab" outcome="ok" workspace_id="w6" tab_id="w6:t1"
2026-08-20T03:00:06.977365Z  INFO herdr::logging: workspace focused event="workspace.focus" subsystem="workspace" outcome="ok" workspace_id="w5"
2026-08-20T03:00:06.977446Z  INFO herdr::logging: tab focused event="tab.focus" subsystem="tab" outcome="ok" workspace_id="w5" tab_id="w5:t2"
2026-08-20T03:00:08.442903Z  INFO herdr::logging: tab focused event="tab.focus" subsystem="tab" outcome="ok" workspace_id="w5" tab_id="w5:t1"
2026-08-20T03:00:11.790340Z  INFO herdr::logging: tab focused event="tab.focus" subsystem="tab" outcome="ok" workspace_id="w5" tab_id="w5:t2"
2026-08-20T03:00:12.923002Z  INFO herdr::logging: tab focused event="tab.focus" subsystem="tab" outcome="ok" workspace_id="w5" tab_id="w5:t3"
2026-08-20T03:00:14.302497Z  INFO herdr::logging: tab focused event="tab.focus" subsystem="tab" outcome="ok" workspace_id="w5" tab_id="w5:t1"
2026-08-20T03:00:15.329018Z  INFO herdr::logging: tab focused event="tab.focus" subsystem="tab" outcome="ok" workspace_id="w5" tab_id="w5:t2"
2026-08-20T03:00:18.098006Z  INFO herdr::logging: tab focused event="tab.focus" subsystem="tab" outcome="ok" workspace_id="w5" tab_id="w5:t3"
2026-08-20T03:00:22.159243Z  INFO herdr::logging: workspace focused event="workspace.focus" subsystem="workspace" outcome="ok" workspace_id="w4"
2026-08-20T03:00:22.159278Z  INFO herdr::logging: tab focused event="tab.focus" subsystem="tab" outcome="ok" workspace_id="w4" tab_id="w4:t3"
2026-08-20T03:00:27.167913Z  INFO herdr::logging: session saved event="persist.save" subsystem="persist" outcome="ok" path=/Users/shahid/.config/herdr/session.json workspaces=3
2026-08-20T03:01:33.712367Z  INFO herdr::logging: tab focused event="tab.focus" subsystem="tab" outcome="ok" workspace_id="w4" tab_id="w4:t3"
2026-08-20T03:01:38.720583Z  INFO herdr::logging: session saved event="persist.save" subsystem="persist" outcome="ok" path=/Users/shahid/.config/herdr/session.json workspaces=3
2026-08-20T03:02:06.545189Z  INFO herdr::logging: tab focused event="tab.focus" subsystem="tab" outcome="ok" workspace_id="w4" tab_id="w4:t1"
2026-08-20T03:02:07.708303Z  INFO herdr::logging: tab focused event="tab.focus" subsystem="tab" outcome="ok" workspace_id="w4" tab_id="w4:t1"
2026-08-20T03:02:12.713154Z  INFO herdr::logging: session saved event="persist.save" subsystem="persist" outcome="ok" path=/Users/shahid/.config/herdr/session.json workspaces=3
2026-08-20T03:02:27.640930Z  INFO herdr::logging: tab focused event="tab.focus" subsystem="tab" outcome="ok" workspace_id="w4" tab_id="w4:t3"
2026-08-20T03:02:28.953449Z  INFO herdr::logging: tab focused event="tab.focus" subsystem="tab" outcome="ok" workspace_id="w4" tab_id="w4:t2"
2026-08-20T03:02:30.246240Z  INFO herdr::logging: tab focused event="tab.focus" subsystem="tab" outcome="ok" workspace_id="w4" tab_id="w4:t1"
2026-08-20T03:02:31.009338Z  INFO herdr::logging: tab focused event="tab.focus" subsystem="tab" outcome="ok" workspace_id="w4" tab_id="w4:t1"
2026-08-20T03:02:36.016278Z  INFO herdr::logging: session saved event="persist.save" subsystem="persist" outcome="ok" path=/Users/shahid/.config/herdr/session.json workspaces=3
2026-08-20T03:02:56.653654Z  INFO herdr::logging: tab focused event="tab.focus" subsystem="tab" outcome="ok" workspace_id="w4" tab_id="w4:t2"
2026-08-20T03:02:58.993725Z  INFO herdr::logging: tab focused event="tab.focus" subsystem="tab" outcome="ok" workspace_id="w4" tab_id="w4:t2"
2026-08-20T03:03:02.223282Z  INFO herdr::logging: tab focused event="tab.focus" subsystem="tab" outcome="ok" workspace_id="w4" tab_id="w4:t1"
2026-08-20T03:03:07.231052Z  INFO herdr::logging: session saved event="persist.save" subsystem="persist" outcome="ok" path=/Users/shahid/.config/herdr/session.json workspaces=3
2026-08-20T03:04:49.565205Z  INFO herdr::logging: workspace focused event="workspace.focus" subsystem="workspace" outcome="ok" workspace_id="w6"
2026-08-20T03:04:49.565964Z  INFO herdr::logging: tab focused event="tab.focus" subsystem="tab" outcome="ok" workspace_id="w6" tab_id="w6:t1"
2026-08-20T03:04:54.573594Z  INFO herdr::logging: session saved event="persist.save" subsystem="persist" outcome="ok" path=/Users/shahid/.config/herdr/session.json workspaces=3
2026-08-20T03:05:39.248436Z  INFO herdr::logging: workspace focused event="workspace.focus" subsystem="workspace" outcome="ok" workspace_id="w5"
2026-08-20T03:05:39.249876Z  INFO herdr::logging: tab focused event="tab.focus" subsystem="tab" outcome="ok" workspace_id="w5" tab_id="w5:t3"
2026-08-20T03:05:42.300669Z  INFO herdr::logging: workspace focused event="workspace.focus" subsystem="workspace" outcome="ok" workspace_id="w4"
2026-08-20T03:05:42.300742Z  INFO herdr::logging: tab focused event="tab.focus" subsystem="tab" outcome="ok" workspace_id="w4" tab_id="w4:t1"
2026-08-20T03:05:47.311155Z  INFO herdr::logging: session saved event="persist.save" subsystem="persist" outcome="ok" path=/Users/shahid/.config/herdr/session.json workspaces=3
2026-08-20T03:09:02.804230Z  INFO herdr::logging: tab focused event="tab.focus" subsystem="tab" outcome="ok" workspace_id="w4" tab_id="w4:t3"
2026-08-20T03:09:07.408581Z  INFO herdr::logging: tab focused event="tab.focus" subsystem="tab" outcome="ok" workspace_id="w4" tab_id="w4:t3"
2026-08-20T03:09:11.242716Z  INFO herdr::logging: tab focused event="tab.focus" subsystem="tab" outcome="ok" workspace_id="w4" tab_id="w4:t3"
2026-08-20T03:09:16.248030Z  INFO herdr::logging: session saved event="persist.save" subsystem="persist" outcome="ok" path=/Users/shahid/.config/herdr/session.json workspaces=3
2026-08-20T03:29:59.758891Z  WARN herdr::detect::manifest_update: skipping unknown remote manifest agent agent="qwen"
2026-08-20T03:32:45.471440Z  INFO herdr::logging: tab focused event="tab.focus" subsystem="tab" outcome="ok" workspace_id="w4" tab_id="w4:t1"
2026-08-20T03:32:50.491193Z  INFO herdr::logging: session saved event="persist.save" subsystem="persist" outcome="ok" path=/Users/shahid/.config/herdr/session.json workspaces=3
2026-08-20T03:33:03.956036Z  INFO herdr::logging: tab focused event="tab.focus" subsystem="tab" outcome="ok" workspace_id="w4" tab_id="w4:t3"
2026-08-20T03:33:08.965161Z  INFO herdr::logging: session saved event="persist.save" subsystem="persist" outcome="ok" path=/Users/shahid/.config/herdr/session.json workspaces=3
2026-08-20T03:37:03.052789Z  INFO herdr::logging: tab focused event="tab.focus" subsystem="tab" outcome="ok" workspace_id="w4" tab_id="w4:t3"
2026-08-20T03:37:05.696208Z  INFO herdr::logging: tab focused event="tab.focus" subsystem="tab" outcome="ok" workspace_id="w4" tab_id="w4:t1"
2026-08-20T03:37:10.703286Z  INFO herdr::logging: session saved event="persist.save" subsystem="persist" outcome="ok" path=/Users/shahid/.config/herdr/session.json workspaces=3
2026-08-20T03:37:44.333869Z  INFO herdr::logging: tab focused event="tab.focus" subsystem="tab" outcome="ok" workspace_id="w4" tab_id="w4:t3"
2026-08-20T03:37:49.341558Z  INFO herdr::logging: session saved event="persist.save" subsystem="persist" outcome="ok" path=/Users/shahid/.config/herdr/session.json workspaces=3
2026-08-20T03:37:49.612389Z  INFO herdr::logging: tab focused event="tab.focus" subsystem="tab" outcome="ok" workspace_id="w4" tab_id="w4:t3"
2026-08-20T03:37:54.627318Z  INFO herdr::logging: session saved event="persist.save" subsystem="persist" outcome="ok" path=/Users/shahid/.config/herdr/session.json workspaces=3
2026-08-20T03:38:00.754287Z  INFO herdr::logging: tab focused event="tab.focus" subsystem="tab" outcome="ok" workspace_id="w4" tab_id="w4:t3"
2026-08-20T03:38:05.761159Z  INFO herdr::logging: session saved event="persist.save" subsystem="persist" outcome="ok" path=/Users/shahid/.config/herdr/session.json workspaces=3
2026-08-20T03:38:12.455692Z  WARN herdr::raw_input: flushing lone escape after input timeout; if this follows an alt chord or focus switch it may reach the pane as plain esc bytes=[27]
2026-08-20T03:39:05.686245Z  INFO herdr::logging: session saved event="persist.save" subsystem="persist" outcome="ok" path=/Users/shahid/.config/herdr/session.json workspaces=3
2026-08-20T03:40:38.464775Z  WARN herdr::raw_input: flushing lone escape after input timeout; if this follows an alt chord or focus switch it may reach the pane as plain esc bytes=[27]
2026-08-20T03:40:47.856741Z  INFO herdr::logging: tab focused event="tab.focus" subsystem="tab" outcome="ok" workspace_id="w4" tab_id="w4:t3"
2026-08-20T03:40:50.404132Z  INFO herdr::logging: tab focused event="tab.focus" subsystem="tab" outcome="ok" workspace_id="w4" tab_id="w4:t3"
2026-08-20T03:40:55.417910Z  INFO herdr::logging: session saved event="persist.save" subsystem="persist" outcome="ok" path=/Users/shahid/.config/herdr/session.json workspaces=3
2026-08-20T03:51:00.709091Z  INFO herdr::logging: tab focused event="tab.focus" subsystem="tab" outcome="ok" workspace_id="w4" tab_id="w4:t1"
2026-08-20T03:51:05.268026Z  INFO herdr::logging: tab focused event="tab.focus" subsystem="tab" outcome="ok" workspace_id="w4" tab_id="w4:t3"
2026-08-20T03:51:07.100814Z  INFO herdr::logging: tab focused event="tab.focus" subsystem="tab" outcome="ok" workspace_id="w4" tab_id="w4:t1"
2026-08-20T03:51:08.139482Z  INFO herdr::logging: tab focused event="tab.focus" subsystem="tab" outcome="ok" workspace_id="w4" tab_id="w4:t1"
2026-08-20T03:51:13.150489Z  INFO herdr::logging: session saved event="persist.save" subsystem="persist" outcome="ok" path=/Users/shahid/.config/herdr/session.json workspaces=3
2026-08-20T03:59:26.396620Z  INFO herdr::logging: tab focused event="tab.focus" subsystem="tab" outcome="ok" workspace_id="w4" tab_id="w4:t1"
2026-08-20T03:59:31.407449Z  INFO herdr::logging: session saved event="persist.save" subsystem="persist" outcome="ok" path=/Users/shahid/.config/herdr/session.json workspaces=3
2026-08-20T03:59:33.886105Z  INFO herdr::logging: tab focused event="tab.focus" subsystem="tab" outcome="ok" workspace_id="w4" tab_id="w4:t1"
2026-08-20T03:59:38.897293Z  INFO herdr::logging: session saved event="persist.save" subsystem="persist" outcome="ok" path=/Users/shahid/.config/herdr/session.json workspaces=3
2026-08-20T03:59:59.647319Z  WARN herdr::detect::manifest_update: skipping unknown remote manifest agent agent="qwen"
2026-08-20T04:07:22.330657Z  INFO herdr::logging: tab focused event="tab.focus" subsystem="tab" outcome="ok" workspace_id="w4" tab_id="w4:t1"
2026-08-20T04:07:24.694122Z  INFO herdr::logging: tab focused event="tab.focus" subsystem="tab" outcome="ok" workspace_id="w4" tab_id="w4:t1"
2026-08-20T04:07:30.591648Z  INFO herdr::logging: session saved event="persist.save" subsystem="persist" outcome="ok" path=/Users/shahid/.config/herdr/session.json workspaces=3
2026-08-20T04:22:45.918068Z  INFO herdr::logging: tab focused event="tab.focus" subsystem="tab" outcome="ok" workspace_id="w4" tab_id="w4:t1"
2026-08-20T04:22:50.928750Z  INFO herdr::logging: session saved event="persist.save" subsystem="persist" outcome="ok" path=/Users/shahid/.config/herdr/session.json workspaces=3
2026-08-20T04:29:59.638598Z  WARN herdr::detect::manifest_update: skipping unknown remote manifest agent agent="qwen"
2026-08-20T05:00:02.387655Z  WARN herdr::detect::manifest_update: agent detection manifest update failed: failed to fetch https://herdr.dev/agent-detection/index.toml
2026-08-20T06:43:49.966709Z  WARN herdr::detect::manifest_update: skipping unknown remote manifest agent agent="qwen"
2026-08-20T06:54:40.446315Z  INFO herdr::logging: workspace focused event="workspace.focus" subsystem="workspace" outcome="ok" workspace_id="w6"
2026-08-20T06:54:40.447171Z  INFO herdr::logging: tab focused event="tab.focus" subsystem="tab" outcome="ok" workspace_id="w6" tab_id="w6:t1"
2026-08-20T06:54:45.468622Z  INFO herdr::logging: session saved event="persist.save" subsystem="persist" outcome="ok" path=/Users/shahid/.config/herdr/session.json workspaces=3
2026-08-20T07:10:12.923796Z  INFO herdr::logging: workspace focused event="workspace.focus" subsystem="workspace" outcome="ok" workspace_id="w5"
2026-08-20T07:10:12.924856Z  INFO herdr::logging: tab focused event="tab.focus" subsystem="tab" outcome="ok" workspace_id="w5" tab_id="w5:t3"
2026-08-20T07:10:17.485907Z  INFO herdr::logging: workspace focused event="workspace.focus" subsystem="workspace" outcome="ok" workspace_id="w6"
2026-08-20T07:10:17.486131Z  INFO herdr::logging: tab focused event="tab.focus" subsystem="tab" outcome="ok" workspace_id="w6" tab_id="w6:t1"
2026-08-20T07:10:18.777687Z  INFO herdr::logging: workspace focused event="workspace.focus" subsystem="workspace" outcome="ok" workspace_id="w4"
2026-08-20T07:10:18.777831Z  INFO herdr::logging: tab focused event="tab.focus" subsystem="tab" outcome="ok" workspace_id="w4" tab_id="w4:t1"
2026-08-20T07:10:23.786420Z  INFO herdr::logging: session saved event="persist.save" subsystem="persist" outcome="ok" path=/Users/shahid/.config/herdr/session.json workspaces=3
2026-08-20T07:13:50.127191Z  WARN herdr::detect::manifest_update: skipping unknown remote manifest agent agent="qwen"
2026-08-20T07:43:50.129908Z  WARN herdr::detect::manifest_update: skipping unknown remote manifest agent agent="qwen"
2026-08-20T08:34:29.690141Z  WARN herdr::detect::manifest_update: skipping unknown remote manifest agent agent="qwen"
2026-08-20T09:04:37.266080Z  WARN herdr::detect::manifest_update: agent detection manifest update failed: failed to fetch https://herdr.dev/agent-detection/index.toml
2026-08-21T02:03:25.149830Z  INFO herdr::logging: tab focused event="tab.focus" subsystem="tab" outcome="ok" workspace_id="w4" tab_id="w4:t1"
2026-08-21T02:03:30.163590Z  INFO herdr::logging: session saved event="persist.save" subsystem="persist" outcome="ok" path=/Users/shahid/.config/herdr/session.json workspaces=3
2026-08-21T02:03:32.090955Z  INFO herdr::logging: tab focused event="tab.focus" subsystem="tab" outcome="ok" workspace_id="w4" tab_id="w4:t1"
2026-08-21T02:03:37.097428Z  INFO herdr::logging: session saved event="persist.save" subsystem="persist" outcome="ok" path=/Users/shahid/.config/herdr/session.json workspaces=3
2026-08-21T02:03:46.882272Z  WARN herdr::detect::manifest_update: skipping unknown remote manifest agent agent="qwen"
2026-08-21T02:05:58.370573Z  INFO herdr::logging: tab focused event="tab.focus" subsystem="tab" outcome="ok" workspace_id="w4" tab_id="w4:t1"
2026-08-21T02:06:03.385482Z  INFO herdr::logging: session saved event="persist.save" subsystem="persist" outcome="ok" path=/Users/shahid/.config/herdr/session.json workspaces=3
2026-08-21T02:11:38.813568Z  WARN herdr::raw_input: flushing lone escape after input timeout; if this follows an alt chord or focus switch it may reach the pane as plain esc bytes=[27]
2026-08-21T02:11:52.485885Z  INFO herdr::logging: tab focused event="tab.focus" subsystem="tab" outcome="ok" workspace_id="w4" tab_id="w4:t3"
2026-08-21T02:11:54.788247Z  INFO herdr::logging: tab focused event="tab.focus" subsystem="tab" outcome="ok" workspace_id="w4" tab_id="w4:t3"
2026-08-21T02:11:59.815508Z  INFO herdr::logging: session saved event="persist.save" subsystem="persist" outcome="ok" path=/Users/shahid/.config/herdr/session.json workspaces=3
2026-08-21T02:12:06.000950Z  INFO herdr::logging: tab focused event="tab.focus" subsystem="tab" outcome="ok" workspace_id="w4" tab_id="w4:t3"
2026-08-21T02:12:11.011121Z  INFO herdr::logging: session saved event="persist.save" subsystem="persist" outcome="ok" path=/Users/shahid/.config/herdr/session.json workspaces=3
2026-08-21T02:12:13.458704Z  INFO herdr::logging: tab focused event="tab.focus" subsystem="tab" outcome="ok" workspace_id="w4" tab_id="w4:t3"
2026-08-21T02:12:18.466620Z  INFO herdr::logging: session saved event="persist.save" subsystem="persist" outcome="ok" path=/Users/shahid/.config/herdr/session.json workspaces=3
2026-08-21T02:33:46.930042Z  WARN herdr::detect::manifest_update: skipping unknown remote manifest agent agent="qwen"
2026-08-21T03:03:47.066754Z  WARN herdr::detect::manifest_update: skipping unknown remote manifest agent agent="qwen"
2026-08-21T03:04:04.554082Z  INFO herdr::logging: tab focused event="tab.focus" subsystem="tab" outcome="ok" workspace_id="w4" tab_id="w4:t2"
2026-08-21T03:04:05.621495Z  INFO herdr::logging: tab focused event="tab.focus" subsystem="tab" outcome="ok" workspace_id="w4" tab_id="w4:t2"
2026-08-21T03:04:10.635290Z  INFO herdr::logging: session saved event="persist.save" subsystem="persist" outcome="ok" path=/Users/shahid/.config/herdr/session.json workspaces=3
2026-08-21T03:04:33.944392Z  INFO herdr::logging: tab focused event="tab.focus" subsystem="tab" outcome="ok" workspace_id="w4" tab_id="w4:t2"
2026-08-21T03:04:38.959298Z  INFO herdr::logging: session saved event="persist.save" subsystem="persist" outcome="ok" path=/Users/shahid/.config/herdr/session.json workspaces=3
2026-08-21T03:04:57.051734Z  INFO herdr::logging: tab focused event="tab.focus" subsystem="tab" outcome="ok" workspace_id="w4" tab_id="w4:t2"
2026-08-21T03:04:59.041033Z  INFO herdr::logging: tab focused event="tab.focus" subsystem="tab" outcome="ok" workspace_id="w4" tab_id="w4:t2"
2026-08-21T03:05:03.166175Z  INFO herdr::logging: tab focused event="tab.focus" subsystem="tab" outcome="ok" workspace_id="w4" tab_id="w4:t2"
2026-08-21T03:05:08.183243Z  INFO herdr::logging: session saved event="persist.save" subsystem="persist" outcome="ok" path=/Users/shahid/.config/herdr/session.json workspaces=3
2026-08-21T03:08:48.131058Z  INFO herdr::logging: tab focused event="tab.focus" subsystem="tab" outcome="ok" workspace_id="w4" tab_id="w4:t2"
2026-08-21T03:08:53.138447Z  INFO herdr::logging: session saved event="persist.save" subsystem="persist" outcome="ok" path=/Users/shahid/.config/herdr/session.json workspaces=3
2026-08-21T03:16:32.647273Z  INFO herdr::logging: tab focused event="tab.focus" subsystem="tab" outcome="ok" workspace_id="w4" tab_id="w4:t3"
2026-08-21T03:16:36.677804Z  INFO herdr::logging: tab focused event="tab.focus" subsystem="tab" outcome="ok" workspace_id="w4" tab_id="w4:t1"
2026-08-21T03:16:37.740262Z  INFO herdr::logging: tab focused event="tab.focus" subsystem="tab" outcome="ok" workspace_id="w4" tab_id="w4:t1"
2026-08-21T03:16:42.745109Z  INFO herdr::logging: session saved event="persist.save" subsystem="persist" outcome="ok" path=/Users/shahid/.config/herdr/session.json workspaces=3
2026-08-21T03:16:53.121294Z  INFO herdr::logging: tab focused event="tab.focus" subsystem="tab" outcome="ok" workspace_id="w4" tab_id="w4:t3"
2026-08-21T03:16:58.183637Z  INFO herdr::logging: session saved event="persist.save" subsystem="persist" outcome="ok" path=/Users/shahid/.config/herdr/session.json workspaces=3
2026-08-21T03:16:58.544128Z  INFO herdr::logging: tab focused event="tab.focus" subsystem="tab" outcome="ok" workspace_id="w4" tab_id="w4:t1"
2026-08-21T03:17:03.574154Z  INFO herdr::logging: session saved event="persist.save" subsystem="persist" outcome="ok" path=/Users/shahid/.config/herdr/session.json workspaces=3
2026-08-21T03:17:04.096008Z  INFO herdr::logging: tab focused event="tab.focus" subsystem="tab" outcome="ok" workspace_id="w4" tab_id="w4:t2"
2026-08-21T03:17:06.129556Z  INFO herdr::logging: tab focused event="tab.focus" subsystem="tab" outcome="ok" workspace_id="w4" tab_id="w4:t3"
2026-08-21T03:17:11.179854Z  INFO herdr::logging: session saved event="persist.save" subsystem="persist" outcome="ok" path=/Users/shahid/.config/herdr/session.json workspaces=3
2026-08-21T03:17:11.327757Z  INFO herdr::logging: tab focused event="tab.focus" subsystem="tab" outcome="ok" workspace_id="w4" tab_id="w4:t1"
2026-08-21T03:17:16.353409Z  INFO herdr::logging: session saved event="persist.save" subsystem="persist" outcome="ok" path=/Users/shahid/.config/herdr/session.json workspaces=3
2026-08-21T03:17:17.123376Z  INFO herdr::logging: tab focused event="tab.focus" subsystem="tab" outcome="ok" workspace_id="w4" tab_id="w4:t2"
2026-08-21T03:17:18.519792Z  INFO herdr::logging: tab focused event="tab.focus" subsystem="tab" outcome="ok" workspace_id="w4" tab_id="w4:t3"
2026-08-21T03:17:22.836779Z  INFO herdr::logging: tab focused event="tab.focus" subsystem="tab" outcome="ok" workspace_id="w4" tab_id="w4:t3"
2026-08-21T03:17:26.018316Z  INFO herdr::logging: tab focused event="tab.focus" subsystem="tab" outcome="ok" workspace_id="w4" tab_id="w4:t1"
2026-08-21T03:17:31.043685Z  INFO herdr::logging: session saved event="persist.save" subsystem="persist" outcome="ok" path=/Users/shahid/.config/herdr/session.json workspaces=3
2026-08-21T03:17:47.729007Z  INFO herdr::logging: tab focused event="tab.focus" subsystem="tab" outcome="ok" workspace_id="w4" tab_id="w4:t3"
2026-08-21T03:17:52.744885Z  INFO herdr::logging: session saved event="persist.save" subsystem="persist" outcome="ok" path=/Users/shahid/.config/herdr/session.json workspaces=3
2026-08-21T03:17:54.897002Z  INFO herdr::logging: tab focused event="tab.focus" subsystem="tab" outcome="ok" workspace_id="w4" tab_id="w4:t3"
2026-08-21T03:17:59.923061Z  INFO herdr::logging: session saved event="persist.save" subsystem="persist" outcome="ok" path=/Users/shahid/.config/herdr/session.json workspaces=3
2026-08-21T03:18:00.688142Z  INFO herdr::logging: tab focused event="tab.focus" subsystem="tab" outcome="ok" workspace_id="w4" tab_id="w4:t3"
2026-08-21T03:18:05.223560Z  INFO herdr::logging: tab focused event="tab.focus" subsystem="tab" outcome="ok" workspace_id="w4" tab_id="w4:t2"
2026-08-21T03:18:10.246294Z  INFO herdr::logging: session saved event="persist.save" subsystem="persist" outcome="ok" path=/Users/shahid/.config/herdr/session.json workspaces=3
2026-08-21T03:18:10.595329Z  INFO herdr::logging: tab focused event="tab.focus" subsystem="tab" outcome="ok" workspace_id="w4" tab_id="w4:t3"
2026-08-21T03:18:15.604517Z  INFO herdr::logging: session saved event="persist.save" subsystem="persist" outcome="ok" path=/Users/shahid/.config/herdr/session.json workspaces=3
2026-08-21T03:18:19.051044Z  INFO herdr::logging: tab focused event="tab.focus" subsystem="tab" outcome="ok" workspace_id="w4" tab_id="w4:t3"
2026-08-21T03:18:22.554345Z  INFO herdr::logging: tab focused event="tab.focus" subsystem="tab" outcome="ok" workspace_id="w4" tab_id="w4:t3"
2026-08-21T03:18:24.771732Z  INFO herdr::logging: tab focused event="tab.focus" subsystem="tab" outcome="ok" workspace_id="w4" tab_id="w4:t3"
2026-08-21T03:18:26.203157Z  INFO herdr::logging: tab focused event="tab.focus" subsystem="tab" outcome="ok" workspace_id="w4" tab_id="w4:t3"
2026-08-21T03:18:30.846674Z  INFO herdr::logging: tab focused event="tab.focus" subsystem="tab" outcome="ok" workspace_id="w4" tab_id="w4:t2"
2026-08-21T03:18:31.881685Z  INFO herdr::logging: tab focused event="tab.focus" subsystem="tab" outcome="ok" workspace_id="w4" tab_id="w4:t2"
2026-08-21T03:18:36.887139Z  INFO herdr::logging: session saved event="persist.save" subsystem="persist" outcome="ok" path=/Users/shahid/.config/herdr/session.json workspaces=3
2026-08-21T03:19:00.651381Z  INFO herdr::logging: workspace focused event="workspace.focus" subsystem="workspace" outcome="ok" workspace_id="w6"
2026-08-21T03:19:00.651613Z  INFO herdr::logging: tab focused event="tab.focus" subsystem="tab" outcome="ok" workspace_id="w6" tab_id="w6:t1"
2026-08-21T03:19:05.655607Z  INFO herdr::logging: session saved event="persist.save" subsystem="persist" outcome="ok" path=/Users/shahid/.config/herdr/session.json workspaces=3
2026-08-21T03:19:17.270860Z  INFO herdr::logging: workspace focused event="workspace.focus" subsystem="workspace" outcome="ok" workspace_id="w5"
2026-08-21T03:19:17.271378Z  INFO herdr::logging: tab focused event="tab.focus" subsystem="tab" outcome="ok" workspace_id="w5" tab_id="w5:t3"
2026-08-21T03:19:18.386711Z  INFO herdr::logging: workspace focused event="workspace.focus" subsystem="workspace" outcome="ok" workspace_id="w4"
2026-08-21T03:19:18.386779Z  INFO herdr::logging: tab focused event="tab.focus" subsystem="tab" outcome="ok" workspace_id="w4" tab_id="w4:t2"
2026-08-21T03:19:23.391539Z  INFO herdr::logging: session saved event="persist.save" subsystem="persist" outcome="ok" path=/Users/shahid/.config/herdr/session.json workspaces=3
2026-08-21T03:19:29.495372Z  INFO herdr::logging: workspace focused event="workspace.focus" subsystem="workspace" outcome="ok" workspace_id="w6"
2026-08-21T03:19:29.495589Z  INFO herdr::logging: tab focused event="tab.focus" subsystem="tab" outcome="ok" workspace_id="w6" tab_id="w6:t1"
2026-08-21T03:19:31.670591Z  INFO herdr::logging: workspace focused event="workspace.focus" subsystem="workspace" outcome="ok" workspace_id="w5"
2026-08-21T03:19:31.670646Z  INFO herdr::logging: tab focused event="tab.focus" subsystem="tab" outcome="ok" workspace_id="w5" tab_id="w5:t3"
2026-08-21T03:19:33.065112Z  INFO herdr::logging: workspace focused event="workspace.focus" subsystem="workspace" outcome="ok" workspace_id="w4"
2026-08-21T03:19:33.065166Z  INFO herdr::logging: tab focused event="tab.focus" subsystem="tab" outcome="ok" workspace_id="w4" tab_id="w4:t2"
2026-08-21T03:19:34.243198Z  INFO herdr::logging: tab focused event="tab.focus" subsystem="tab" outcome="ok" workspace_id="w4" tab_id="w4:t2"
2026-08-21T03:19:39.245559Z  INFO herdr::logging: session saved event="persist.save" subsystem="persist" outcome="ok" path=/Users/shahid/.config/herdr/session.json workspaces=3
2026-08-21T03:20:06.125226Z  INFO herdr::logging: tab focused event="tab.focus" subsystem="tab" outcome="ok" workspace_id="w4" tab_id="w4:t2"
2026-08-21T03:20:11.133156Z  INFO herdr::logging: session saved event="persist.save" subsystem="persist" outcome="ok" path=/Users/shahid/.config/herdr/session.json workspaces=3
2026-08-21T03:22:00.031107Z  INFO herdr::logging: tab focused event="tab.focus" subsystem="tab" outcome="ok" workspace_id="w4" tab_id="w4:t2"
2026-08-21T03:22:05.040917Z  INFO herdr::logging: session saved event="persist.save" subsystem="persist" outcome="ok" path=/Users/shahid/.config/herdr/session.json workspaces=3
2026-08-21T03:22:13.293754Z  INFO herdr::logging: session saved event="persist.save" subsystem="persist" outcome="ok" path=/Users/shahid/.config/herdr/session.json workspaces=3
2026-08-21T03:22:16.502884Z  INFO herdr::logging: tab focused event="tab.focus" subsystem="tab" outcome="ok" workspace_id="w4" tab_id="w4:t3"
2026-08-21T03:22:17.203507Z  INFO herdr::logging: tab focused event="tab.focus" subsystem="tab" outcome="ok" workspace_id="w4" tab_id="w4:t3"
2026-08-21T03:22:22.212558Z  INFO herdr::logging: session saved event="persist.save" subsystem="persist" outcome="ok" path=/Users/shahid/.config/herdr/session.json workspaces=3
2026-08-21T03:22:22.677952Z  INFO herdr::logging: tab focused event="tab.focus" subsystem="tab" outcome="ok" workspace_id="w4" tab_id="w4:t3"
2026-08-21T03:22:23.506040Z  INFO herdr::logging: tab focused event="tab.focus" subsystem="tab" outcome="ok" workspace_id="w4" tab_id="w4:t3"
2026-08-21T03:22:24.365052Z  INFO herdr::logging: tab focused event="tab.focus" subsystem="tab" outcome="ok" workspace_id="w4" tab_id="w4:t2"
2026-08-21T03:22:29.367611Z  INFO herdr::logging: session saved event="persist.save" subsystem="persist" outcome="ok" path=/Users/shahid/.config/herdr/session.json workspaces=3
2026-08-21T03:23:17.822448Z  INFO herdr::logging: tab focused event="tab.focus" subsystem="tab" outcome="ok" workspace_id="w4" tab_id="w4:t3"
2026-08-21T03:23:21.280459Z  INFO herdr::logging: tab focused event="tab.focus" subsystem="tab" outcome="ok" workspace_id="w4" tab_id="w4:t3"
2026-08-21T03:23:26.291667Z  INFO herdr::logging: session saved event="persist.save" subsystem="persist" outcome="ok" path=/Users/shahid/.config/herdr/session.json workspaces=3
2026-08-21T03:23:35.000588Z  INFO herdr::logging: tab focused event="tab.focus" subsystem="tab" outcome="ok" workspace_id="w4" tab_id="w4:t2"
2026-08-21T03:23:40.006080Z  INFO herdr::logging: session saved event="persist.save" subsystem="persist" outcome="ok" path=/Users/shahid/.config/herdr/session.json workspaces=3
2026-08-21T03:23:56.167753Z  INFO herdr::logging: tab focused event="tab.focus" subsystem="tab" outcome="ok" workspace_id="w4" tab_id="w4:t1"
2026-08-21T03:23:57.602688Z  INFO herdr::logging: tab focused event="tab.focus" subsystem="tab" outcome="ok" workspace_id="w4" tab_id="w4:t2"
2026-08-21T03:24:00.389747Z  INFO herdr::logging: tab focused event="tab.focus" subsystem="tab" outcome="ok" workspace_id="w4" tab_id="w4:t2"
2026-08-21T03:24:05.402474Z  INFO herdr::logging: session saved event="persist.save" subsystem="persist" outcome="ok" path=/Users/shahid/.config/herdr/session.json workspaces=3
2026-08-21T03:24:21.046448Z  INFO herdr::server::headless: client detached client_id=2
2026-08-21T03:24:21.048041Z  INFO herdr::server::headless: client disconnected client_id=2
2026-08-21T03:24:21.083968Z  INFO herdr::logging: pane child exited event="pane.exit" subsystem="pane" outcome="completed" pane_id=3 status="ExitStatus { code: 128, signal: None }"
2026-08-21T03:24:21.085023Z  INFO herdr::pane: pane session terminated pane=3 pid=1244 signal=Hangup
2026-08-21T03:24:26.090250Z  INFO herdr::logging: session saved event="persist.save" subsystem="persist" outcome="ok" path=/Users/shahid/.config/herdr/session.json workspaces=3
2026-08-21T03:24:56.016112Z  INFO herdr::server::headless: server shutdown initiated
2026-08-21T03:24:56.070798Z  INFO herdr::server::headless: completing server shutdown
2026-08-21T03:24:56.074700Z  INFO herdr::logging: session saved event="persist.save" subsystem="persist" outcome="ok" path=/Users/shahid/.config/herdr/session.json workspaces=3
2026-08-21T03:24:56.074804Z  INFO herdr::server::headless: headless server exiting
2026-08-21T03:24:56.096576Z  INFO herdr::logging: pane child exited event="pane.exit" subsystem="pane" outcome="completed" pane_id=10 status="ExitStatus { code: 1, signal: None }"
2026-08-21T03:24:56.098186Z  INFO herdr::pane: pane session terminated pane=10 pid=1300 signal=Hangup
2026-08-21T03:24:56.112912Z  INFO herdr::logging: pane child exited event="pane.exit" subsystem="pane" outcome="completed" pane_id=9 status="ExitStatus { code: 1, signal: None }"
2026-08-21T03:24:56.124319Z  INFO herdr::pane: pane session terminated pane=9 pid=1297 signal=Hangup
2026-08-21T03:24:56.129277Z  INFO herdr::logging: pane child exited event="pane.exit" subsystem="pane" outcome="completed" pane_id=4 status="ExitStatus { code: 1, signal: None }"
2026-08-21T03:24:56.150427Z  INFO herdr::pane: pane session terminated pane=4 pid=1245 signal=Hangup
2026-08-21T03:24:56.160007Z  INFO herdr::logging: pane child exited event="pane.exit" subsystem="pane" outcome="completed" pane_id=1 status="ExitStatus { code: 1, signal: None }"
2026-08-21T03:24:56.175794Z  INFO herdr::pane: pane session terminated pane=1 pid=1242 signal=Hangup
2026-08-21T03:24:56.190167Z  INFO herdr::logging: pane child exited event="pane.exit" subsystem="pane" outcome="completed" pane_id=2 status="ExitStatus { code: 1, signal: None }"
2026-08-21T03:24:56.201862Z  INFO herdr::pane: pane session terminated pane=2 pid=1243 signal=Hangup
2026-08-21T03:24:56.218423Z  INFO herdr::logging: pane child exited event="pane.exit" subsystem="pane" outcome="completed" pane_id=8 status="ExitStatus { code: 1, signal: None }"
2026-08-21T03:24:56.227859Z  INFO herdr::pane: pane session terminated pane=8 pid=1294 signal=Hangup
2026-08-21T03:24:56.233559Z  INFO herdr::logging: pane child exited event="pane.exit" subsystem="pane" outcome="completed" pane_id=6 status="ExitStatus { code: 1, signal: None }"
2026-08-21T03:24:56.253695Z  INFO herdr::pane: pane session terminated pane=6 pid=1247 signal=Hangup
2026-08-21T03:24:56.269506Z  INFO herdr::logging: pane child exited event="pane.exit" subsystem="pane" outcome="completed" pane_id=7 status="ExitStatus { code: 1, signal: None }"
2026-08-21T03:24:56.280795Z  INFO herdr::pane: pane session terminated pane=7 pid=1293 signal=Hangup
2026-08-21T03:24:56.287244Z  INFO herdr::logging: pane child exited event="pane.exit" subsystem="pane" outcome="completed" pane_id=5 status="ExitStatus { code: 1, signal: None }"
2026-08-21T03:24:56.306273Z  INFO herdr::pane: pane session terminated pane=5 pid=1246 signal=Hangup
2026-08-21T03:24:56.319646Z  INFO herdr::logging: pane child exited event="pane.exit" subsystem="pane" outcome="completed" pane_id=11 status="ExitStatus { code: 1, signal: None }"
2026-08-21T03:24:56.328867Z  INFO herdr::pane: pane session terminated pane=11 pid=1305 signal=Hangup
2026-08-21T03:24:56.330796Z  INFO herdr::logging: herdr exiting event="app.shutdown" subsystem="server" outcome="completed" pid=1241
2026-08-21T03:25:00.805652Z  INFO herdr::platform::macos: raised server file descriptor soft limit previous=2048 target=8192
2026-08-21T03:25:00.806337Z  INFO herdr::api::server: api server listening path=/Users/shahid/.config/herdr/herdr.sock
2026-08-21T03:25:00.808071Z  INFO herdr::logging: spawning pane terminal event="pane.spawn.start" subsystem="pane" outcome="started" pane_id=1 rows=24 cols=80 scrollback_limit_bytes=10000000
2026-08-21T03:25:00.811595Z  INFO herdr::logging: pane child spawned event="pane.spawned" subsystem="pane" outcome="ok" pane_id=1 pid=50713
2026-08-21T03:25:00.811917Z  INFO herdr::logging: spawning pane terminal event="pane.spawn.start" subsystem="pane" outcome="started" pane_id=2 rows=24 cols=80 scrollback_limit_bytes=10000000
2026-08-21T03:25:00.814233Z  INFO herdr::logging: pane child spawned event="pane.spawned" subsystem="pane" outcome="ok" pane_id=2 pid=50714
2026-08-21T03:25:00.814447Z  INFO herdr::logging: spawning pane terminal event="pane.spawn.start" subsystem="pane" outcome="started" pane_id=3 rows=24 cols=80 scrollback_limit_bytes=10000000
2026-08-21T03:25:00.816892Z  INFO herdr::logging: pane child spawned event="pane.spawned" subsystem="pane" outcome="ok" pane_id=3 pid=50715
2026-08-21T03:25:00.817065Z  INFO herdr::logging: spawning pane terminal event="pane.spawn.start" subsystem="pane" outcome="started" pane_id=4 rows=24 cols=80 scrollback_limit_bytes=10000000
2026-08-21T03:25:00.819862Z  INFO herdr::logging: pane child spawned event="pane.spawned" subsystem="pane" outcome="ok" pane_id=4 pid=50716
2026-08-21T03:25:00.820025Z  INFO herdr::logging: spawning pane terminal event="pane.spawn.start" subsystem="pane" outcome="started" pane_id=5 rows=24 cols=80 scrollback_limit_bytes=10000000
2026-08-21T03:25:00.822469Z  INFO herdr::logging: pane child spawned event="pane.spawned" subsystem="pane" outcome="ok" pane_id=5 pid=50717
2026-08-21T03:25:00.921255Z  INFO herdr::logging: spawning pane terminal event="pane.spawn.start" subsystem="pane" outcome="started" pane_id=6 rows=24 cols=80 scrollback_limit_bytes=10000000
2026-08-21T03:25:00.924001Z  INFO herdr::logging: pane child spawned event="pane.spawned" subsystem="pane" outcome="ok" pane_id=6 pid=50749
2026-08-21T03:25:00.924250Z  INFO herdr::logging: spawning pane terminal event="pane.spawn.start" subsystem="pane" outcome="started" pane_id=7 rows=24 cols=80 scrollback_limit_bytes=10000000
2026-08-21T03:25:00.926942Z  INFO herdr::logging: pane child spawned event="pane.spawned" subsystem="pane" outcome="ok" pane_id=7 pid=50751
2026-08-21T03:25:00.927145Z  INFO herdr::logging: spawning pane terminal event="pane.spawn.start" subsystem="pane" outcome="started" pane_id=8 rows=24 cols=80 scrollback_limit_bytes=10000000
2026-08-21T03:25:00.930831Z  INFO herdr::logging: pane child spawned event="pane.spawned" subsystem="pane" outcome="ok" pane_id=8 pid=50754
2026-08-21T03:25:00.931009Z  INFO herdr::logging: spawning pane terminal event="pane.spawn.start" subsystem="pane" outcome="started" pane_id=9 rows=24 cols=80 scrollback_limit_bytes=10000000
2026-08-21T03:25:00.936078Z  INFO herdr::logging: pane child spawned event="pane.spawned" subsystem="pane" outcome="ok" pane_id=9 pid=50757
2026-08-21T03:25:00.937415Z  INFO herdr::logging: spawning pane terminal event="pane.spawn.start" subsystem="pane" outcome="started" pane_id=10 rows=24 cols=80 scrollback_limit_bytes=10000000
2026-08-21T03:25:00.942201Z  INFO herdr::logging: pane child spawned event="pane.spawned" subsystem="pane" outcome="ok" pane_id=10 pid=50764
2026-08-21T03:25:00.942465Z  INFO herdr::logging: session restore evaluated event="persist.restore" subsystem="persist" outcome="ok" workspaces=3
2026-08-21T03:25:00.942527Z  INFO herdr::app: using pane scrollback configuration pane_scrollback_limit_bytes=10000000
2026-08-21T03:25:01.528881Z  INFO herdr::logging: checking for updates event="update.check.start" subsystem="update" outcome="started"
2026-08-21T03:25:01.592996Z  INFO herdr::server::headless: restored session already has workspaces; ignoring startup cwd cwd=/Users/shahid
2026-08-21T03:25:01.593655Z  INFO herdr::server::headless: client protocol socket listening path=/Users/shahid/.config/herdr/herdr-client.sock
2026-08-21T03:25:01.593697Z  INFO herdr::server::headless: herdr server started api_socket=/Users/shahid/.config/herdr/herdr.sock client_socket=/Users/shahid/.config/herdr/herdr-client.sock
2026-08-21T03:25:01.595298Z  INFO herdr::logging: herdr starting event="app.startup" subsystem="server" outcome="started" pid=50712
2026-08-21T03:25:01.852213Z  INFO herdr::server::headless: client connected client_id=2 cols=121 rows=30 cell_width_px=0 cell_height_px=0 render_encoding=SemanticFrame
2026-08-21T03:25:05.538174Z  INFO herdr::logging: tab focused event="tab.focus" subsystem="tab" outcome="ok" workspace_id="w4" tab_id="w4:t1"
2026-08-21T03:25:06.788534Z  INFO herdr::logging: tab focused event="tab.focus" subsystem="tab" outcome="ok" workspace_id="w4" tab_id="w4:t2"
2026-08-21T03:25:07.570188Z  INFO herdr::logging: tab focused event="tab.focus" subsystem="tab" outcome="ok" workspace_id="w4" tab_id="w4:t3"
2026-08-21T03:25:08.527740Z  INFO herdr::logging: tab focused event="tab.focus" subsystem="tab" outcome="ok" workspace_id="w4" tab_id="w4:t2"
2026-08-21T03:25:13.533054Z  INFO herdr::logging: session saved event="persist.save" subsystem="persist" outcome="ok" path=/Users/shahid/.config/herdr/session.json workspaces=3
2026-08-21T03:25:20.821503Z  INFO herdr::logging: tab focused event="tab.focus" subsystem="tab" outcome="ok" workspace_id="w4" tab_id="w4:t1"
2026-08-21T03:25:21.842358Z  INFO herdr::logging: tab focused event="tab.focus" subsystem="tab" outcome="ok" workspace_id="w4" tab_id="w4:t2"
2026-08-21T03:25:22.425395Z  INFO herdr::logging: tab focused event="tab.focus" subsystem="tab" outcome="ok" workspace_id="w4" tab_id="w4:t3"
2026-08-21T03:25:23.731737Z  INFO herdr::logging: tab focused event="tab.focus" subsystem="tab" outcome="ok" workspace_id="w4" tab_id="w4:t2"
2026-08-21T03:25:27.176819Z  INFO herdr::logging: spawning pane terminal event="pane.spawn.start" subsystem="pane" outcome="started" pane_id=11 rows=29 cols=117 scrollback_limit_bytes=10000000
2026-08-21T03:25:27.181451Z  INFO herdr::logging: pane child spawned event="pane.spawned" subsystem="pane" outcome="ok" pane_id=11 pid=54167
2026-08-21T03:25:27.181769Z  INFO herdr::logging: tab focused event="tab.focus" subsystem="tab" outcome="ok" workspace_id="w4" tab_id="w4:t2"
2026-08-21T03:25:29.199813Z  INFO herdr::logging: tab focused event="tab.focus" subsystem="tab" outcome="ok" workspace_id="w4" tab_id="w4:t2"
2026-08-21T03:25:34.205596Z  INFO herdr::logging: session saved event="persist.save" subsystem="persist" outcome="ok" path=/Users/shahid/.config/herdr/session.json workspaces=3
2026-08-21T03:25:36.476854Z  INFO herdr::logging: tab focused event="tab.focus" subsystem="tab" outcome="ok" workspace_id="w4" tab_id="w4:t2"
2026-08-21T03:25:41.480245Z  INFO herdr::logging: session saved event="persist.save" subsystem="persist" outcome="ok" path=/Users/shahid/.config/herdr/session.json workspaces=3
2026-08-21T03:25:42.673412Z  INFO herdr::logging: tab focused event="tab.focus" subsystem="tab" outcome="ok" workspace_id="w4" tab_id="w4:t1"
2026-08-21T03:25:44.711433Z  INFO herdr::logging: tab focused event="tab.focus" subsystem="tab" outcome="ok" workspace_id="w4" tab_id="w4:t2"
2026-08-21T03:25:49.713266Z  INFO herdr::logging: session saved event="persist.save" subsystem="persist" outcome="ok" path=/Users/shahid/.config/herdr/session.json workspaces=3
2026-08-21T03:29:39.781866Z  INFO herdr::logging: session saved event="persist.save" subsystem="persist" outcome="ok" path=/Users/shahid/.config/herdr/session.json workspaces=3
2026-08-21T03:29:52.920141Z  INFO herdr::logging: workspace focused event="workspace.focus" subsystem="workspace" outcome="ok" workspace_id="w6"
2026-08-21T03:29:52.920734Z  INFO herdr::logging: tab focused event="tab.focus" subsystem="tab" outcome="ok" workspace_id="w6" tab_id="w6:t1"
2026-08-21T03:29:57.925219Z  INFO herdr::logging: session saved event="persist.save" subsystem="persist" outcome="ok" path=/Users/shahid/.config/herdr/session.json workspaces=3
2026-08-21T03:30:19.785024Z  INFO herdr::logging: workspace focused event="workspace.focus" subsystem="workspace" outcome="ok" workspace_id="w4"
2026-08-21T03:30:19.785551Z  INFO herdr::logging: tab focused event="tab.focus" subsystem="tab" outcome="ok" workspace_id="w4" tab_id="w4:t2"
2026-08-21T03:30:24.792067Z  INFO herdr::logging: session saved event="persist.save" subsystem="persist" outcome="ok" path=/Users/shahid/.config/herdr/session.json workspaces=3
2026-08-21T03:33:24.315161Z  INFO herdr::logging: tab focused event="tab.focus" subsystem="tab" outcome="ok" workspace_id="w4" tab_id="w4:t3"
2026-08-21T03:33:25.328429Z  INFO herdr::logging: tab focused event="tab.focus" subsystem="tab" outcome="ok" workspace_id="w4" tab_id="w4:t3"
2026-08-21T03:33:26.986209Z  INFO herdr::logging: tab focused event="tab.focus" subsystem="tab" outcome="ok" workspace_id="w4" tab_id="w4:t3"
2026-08-21T03:33:31.995809Z  INFO herdr::logging: session saved event="persist.save" subsystem="persist" outcome="ok" path=/Users/shahid/.config/herdr/session.json workspaces=3
2026-08-21T03:33:33.686323Z  INFO herdr::logging: tab focused event="tab.focus" subsystem="tab" outcome="ok" workspace_id="w4" tab_id="w4:t3"
2026-08-21T03:33:38.689503Z  INFO herdr::logging: session saved event="persist.save" subsystem="persist" outcome="ok" path=/Users/shahid/.config/herdr/session.json workspaces=3
2026-08-21T03:34:11.412506Z  INFO herdr::logging: tab focused event="tab.focus" subsystem="tab" outcome="ok" workspace_id="w4" tab_id="w4:t2"
2026-08-21T03:34:16.419471Z  INFO herdr::logging: session saved event="persist.save" subsystem="persist" outcome="ok" path=/Users/shahid/.config/herdr/session.json workspaces=3
2026-08-21T03:55:01.469613Z  INFO herdr::logging: checking for updates event="update.check.start" subsystem="update" outcome="started"
2026-08-21T04:02:15.348496Z  INFO herdr::logging: tab focused event="tab.focus" subsystem="tab" outcome="ok" workspace_id="w4" tab_id="w4:t3"
2026-08-21T04:02:17.584051Z  INFO herdr::logging: tab focused event="tab.focus" subsystem="tab" outcome="ok" workspace_id="w4" tab_id="w4:t2"
2026-08-21T04:02:18.380873Z  INFO herdr::logging: tab focused event="tab.focus" subsystem="tab" outcome="ok" workspace_id="w4" tab_id="w4:t1"
2026-08-21T04:02:22.420373Z  INFO herdr::logging: tab focused event="tab.focus" subsystem="tab" outcome="ok" workspace_id="w4" tab_id="w4:t2"
2026-08-21T04:02:27.475799Z  INFO herdr::logging: session saved event="persist.save" subsystem="persist" outcome="ok" path=/Users/shahid/.config/herdr/session.json workspaces=3
2026-08-21T04:10:24.621458Z  INFO herdr::logging: tab focused event="tab.focus" subsystem="tab" outcome="ok" workspace_id="w4" tab_id="w4:t2"
2026-08-21T04:10:27.011973Z  INFO herdr::logging: tab focused event="tab.focus" subsystem="tab" outcome="ok" workspace_id="w4" tab_id="w4:t2"
2026-08-21T04:10:34.939826Z  INFO herdr::logging: session saved event="persist.save" subsystem="persist" outcome="ok" path=/Users/shahid/.config/herdr/session.json workspaces=3
2026-08-21T04:12:07.136854Z  INFO herdr::logging: tab focused event="tab.focus" subsystem="tab" outcome="ok" workspace_id="w4" tab_id="w4:t1"
2026-08-21T04:12:12.147452Z  INFO herdr::logging: session saved event="persist.save" subsystem="persist" outcome="ok" path=/Users/shahid/.config/herdr/session.json workspaces=3
2026-08-21T04:12:13.706301Z  INFO herdr::logging: tab focused event="tab.focus" subsystem="tab" outcome="ok" workspace_id="w4" tab_id="w4:t2"
2026-08-21T04:12:18.710078Z  INFO herdr::logging: session saved event="persist.save" subsystem="persist" outcome="ok" path=/Users/shahid/.config/herdr/session.json workspaces=3
2026-08-21T04:12:46.224438Z  INFO herdr::logging: workspace focused event="workspace.focus" subsystem="workspace" outcome="ok" workspace_id="w6"
2026-08-21T04:12:46.224787Z  INFO herdr::logging: tab focused event="tab.focus" subsystem="tab" outcome="ok" workspace_id="w6" tab_id="w6:t1"
2026-08-21T04:12:51.230163Z  INFO herdr::logging: session saved event="persist.save" subsystem="persist" outcome="ok" path=/Users/shahid/.config/herdr/session.json workspaces=3
2026-08-21T04:13:09.909406Z  INFO herdr::logging: workspace focused event="workspace.focus" subsystem="workspace" outcome="ok" workspace_id="w5"
2026-08-21T04:13:09.909960Z  INFO herdr::logging: tab focused event="tab.focus" subsystem="tab" outcome="ok" workspace_id="w5" tab_id="w5:t3"
2026-08-21T04:13:14.915449Z  INFO herdr::logging: session saved event="persist.save" subsystem="persist" outcome="ok" path=/Users/shahid/.config/herdr/session.json workspaces=3
2026-08-21T04:18:17.294402Z  INFO herdr::logging: tab focused event="tab.focus" subsystem="tab" outcome="ok" workspace_id="w5" tab_id="w5:t2"
2026-08-21T04:18:18.293771Z  INFO herdr::logging: tab focused event="tab.focus" subsystem="tab" outcome="ok" workspace_id="w5" tab_id="w5:t2"
2026-08-21T04:18:20.577657Z  INFO herdr::logging: workspace focused event="workspace.focus" subsystem="workspace" outcome="ok" workspace_id="w4"
2026-08-21T04:18:20.577917Z  INFO herdr::logging: tab focused event="tab.focus" subsystem="tab" outcome="ok" workspace_id="w4" tab_id="w4:t2"
2026-08-21T04:18:25.584897Z  INFO herdr::logging: session saved event="persist.save" subsystem="persist" outcome="ok" path=/Users/shahid/.config/herdr/session.json workspaces=3
2026-08-21T04:18:29.135394Z  INFO herdr::logging: tab focused event="tab.focus" subsystem="tab" outcome="ok" workspace_id="w4" tab_id="w4:t3"
2026-08-21T04:18:30.679884Z  INFO herdr::logging: tab focused event="tab.focus" subsystem="tab" outcome="ok" workspace_id="w4" tab_id="w4:t3"
2026-08-21T04:18:35.683658Z  INFO herdr::logging: session saved event="persist.save" subsystem="persist" outcome="ok" path=/Users/shahid/.config/herdr/session.json workspaces=3
2026-08-21T04:18:40.320085Z  INFO herdr::logging: tab focused event="tab.focus" subsystem="tab" outcome="ok" workspace_id="w4" tab_id="w4:t2"
2026-08-21T04:18:45.326247Z  INFO herdr::logging: session saved event="persist.save" subsystem="persist" outcome="ok" path=/Users/shahid/.config/herdr/session.json workspaces=3
2026-08-21T04:23:31.223672Z  INFO herdr::logging: tab focused event="tab.focus" subsystem="tab" outcome="ok" workspace_id="w4" tab_id="w4:t3"
2026-08-21T04:23:33.148640Z  INFO herdr::logging: tab focused event="tab.focus" subsystem="tab" outcome="ok" workspace_id="w4" tab_id="w4:t1"
2026-08-21T04:23:38.154626Z  INFO herdr::logging: session saved event="persist.save" subsystem="persist" outcome="ok" path=/Users/shahid/.config/herdr/session.json workspaces=3
2026-08-21T04:25:01.496814Z  INFO herdr::logging: checking for updates event="update.check.start" subsystem="update" outcome="started"
2026-08-21T04:34:35.367019Z  INFO herdr::logging: tab focused event="tab.focus" subsystem="tab" outcome="ok" workspace_id="w4" tab_id="w4:t2"
2026-08-21T04:34:39.169489Z  INFO herdr::logging: tab focused event="tab.focus" subsystem="tab" outcome="ok" workspace_id="w4" tab_id="w4:t2"
2026-08-21T04:34:44.236043Z  INFO herdr::logging: session saved event="persist.save" subsystem="persist" outcome="ok" path=/Users/shahid/.config/herdr/session.json workspaces=3
2026-08-21T04:55:01.438225Z  INFO herdr::logging: checking for updates event="update.check.start" subsystem="update" outcome="started"
2026-08-21T05:42:51.380056Z  INFO herdr::logging: tab focused event="tab.focus" subsystem="tab" outcome="ok" workspace_id="w4" tab_id="w4:t2"
2026-08-21T05:42:56.390532Z  INFO herdr::logging: session saved event="persist.save" subsystem="persist" outcome="ok" path=/Users/shahid/.config/herdr/session.json workspaces=3
2026-08-21T05:42:56.565991Z  INFO herdr::logging: tab focused event="tab.focus" subsystem="tab" outcome="ok" workspace_id="w4" tab_id="w4:t3"
2026-08-21T05:43:01.218461Z  INFO herdr::logging: tab focused event="tab.focus" subsystem="tab" outcome="ok" workspace_id="w4" tab_id="w4:t1"
2026-08-21T05:43:05.605771Z  INFO herdr::logging: tab focused event="tab.focus" subsystem="tab" outcome="ok" workspace_id="w4" tab_id="w4:t3"
2026-08-21T05:43:07.841088Z  INFO herdr::logging: tab focused event="tab.focus" subsystem="tab" outcome="ok" workspace_id="w4" tab_id="w4:t3"
2026-08-21T05:43:09.710974Z  INFO herdr::logging: tab focused event="tab.focus" subsystem="tab" outcome="ok" workspace_id="w4" tab_id="w4:t1"
2026-08-21T05:43:14.712855Z  INFO herdr::logging: session saved event="persist.save" subsystem="persist" outcome="ok" path=/Users/shahid/.config/herdr/session.json workspaces=3
2026-08-21T05:44:12.328930Z  INFO herdr::logging: checking for updates event="update.check.start" subsystem="update" outcome="started"
2026-08-21T06:02:34.101617Z  INFO herdr::logging: workspace focused event="workspace.focus" subsystem="workspace" outcome="ok" workspace_id="w6"
2026-08-21T06:02:34.102574Z  INFO herdr::logging: tab focused event="tab.focus" subsystem="tab" outcome="ok" workspace_id="w6" tab_id="w6:t1"
2026-08-21T06:02:39.113559Z  INFO herdr::logging: session saved event="persist.save" subsystem="persist" outcome="ok" path=/Users/shahid/.config/herdr/session.json workspaces=3
2026-08-21T06:14:12.381623Z  INFO herdr::logging: checking for updates event="update.check.start" subsystem="update" outcome="started"
2026-08-21T06:44:12.367826Z  INFO herdr::logging: checking for updates event="update.check.start" subsystem="update" outcome="started"
2026-08-21T13:20:38.631196Z  INFO herdr::logging: workspace focused event="workspace.focus" subsystem="workspace" outcome="ok" workspace_id="w5"
2026-08-21T13:20:38.633166Z  INFO herdr::logging: tab focused event="tab.focus" subsystem="tab" outcome="ok" workspace_id="w5" tab_id="w5:t2"
2026-08-21T13:20:40.058457Z  INFO herdr::logging: workspace focused event="workspace.focus" subsystem="workspace" outcome="ok" workspace_id="w4"
2026-08-21T13:20:40.058578Z  INFO herdr::logging: tab focused event="tab.focus" subsystem="tab" outcome="ok" workspace_id="w4" tab_id="w4:t1"
2026-08-21T13:20:41.782489Z  INFO herdr::logging: workspace focused event="workspace.focus" subsystem="workspace" outcome="ok" workspace_id="w6"
2026-08-21T13:20:41.782642Z  INFO herdr::logging: tab focused event="tab.focus" subsystem="tab" outcome="ok" workspace_id="w6" tab_id="w6:t1"
2026-08-21T13:20:46.789172Z  INFO herdr::logging: session saved event="persist.save" subsystem="persist" outcome="ok" path=/Users/shahid/.config/herdr/session.json workspaces=3
2026-08-21T13:21:50.558814Z  INFO herdr::logging: workspace focused event="workspace.focus" subsystem="workspace" outcome="ok" workspace_id="w4"
2026-08-21T13:21:50.559524Z  INFO herdr::logging: tab focused event="tab.focus" subsystem="tab" outcome="ok" workspace_id="w4" tab_id="w4:t1"
2026-08-21T13:21:52.672041Z  INFO herdr::logging: workspace focused event="workspace.focus" subsystem="workspace" outcome="ok" workspace_id="w5"
2026-08-21T13:21:52.672128Z  INFO herdr::logging: tab focused event="tab.focus" subsystem="tab" outcome="ok" workspace_id="w5" tab_id="w5:t2"
2026-08-21T13:21:53.641101Z  INFO herdr::logging: tab focused event="tab.focus" subsystem="tab" outcome="ok" workspace_id="w5" tab_id="w5:t2"
2026-08-21T13:21:58.647732Z  INFO herdr::logging: session saved event="persist.save" subsystem="persist" outcome="ok" path=/Users/shahid/.config/herdr/session.json workspaces=3
2026-08-21T13:21:59.611470Z  WARN herdr::raw_input: flushing lone escape after input timeout; if this follows an alt chord or focus switch it may reach the pane as plain esc bytes=[27]
2026-08-21T13:24:39.234082Z  WARN herdr::raw_input: flushing lone escape after input timeout; if this follows an alt chord or focus switch it may reach the pane as plain esc bytes=[27]
2026-08-21T13:24:59.415887Z  INFO herdr::logging: tab focused event="tab.focus" subsystem="tab" outcome="ok" workspace_id="w5" tab_id="w5:t1"
2026-08-21T13:25:04.441906Z  INFO herdr::logging: session saved event="persist.save" subsystem="persist" outcome="ok" path=/Users/shahid/.config/herdr/session.json workspaces=3
2026-08-21T13:25:04.478064Z  INFO herdr::logging: tab focused event="tab.focus" subsystem="tab" outcome="ok" workspace_id="w5" tab_id="w5:t2"
2026-08-21T13:25:09.063841Z  INFO herdr::logging: tab focused event="tab.focus" subsystem="tab" outcome="ok" workspace_id="w5" tab_id="w5:t1"
2026-08-21T13:25:10.116347Z  INFO herdr::logging: tab focused event="tab.focus" subsystem="tab" outcome="ok" workspace_id="w5" tab_id="w5:t2"
2026-08-21T13:25:15.121353Z  INFO herdr::logging: session saved event="persist.save" subsystem="persist" outcome="ok" path=/Users/shahid/.config/herdr/session.json workspaces=3
2026-08-21T13:25:45.931129Z  INFO herdr::logging: tab focused event="tab.focus" subsystem="tab" outcome="ok" workspace_id="w5" tab_id="w5:t1"
2026-08-21T13:25:50.933610Z  INFO herdr::logging: session saved event="persist.save" subsystem="persist" outcome="ok" path=/Users/shahid/.config/herdr/session.json workspaces=3
2026-08-21T13:25:56.502498Z  INFO herdr::logging: tab focused event="tab.focus" subsystem="tab" outcome="ok" workspace_id="w5" tab_id="w5:t2"
2026-08-21T13:26:01.508000Z  INFO herdr::logging: session saved event="persist.save" subsystem="persist" outcome="ok" path=/Users/shahid/.config/herdr/session.json workspaces=3
2026-08-21T14:59:17.923155Z  INFO herdr::logging: checking for updates event="update.check.start" subsystem="update" outcome="started"
2026-08-21T14:59:21.032829Z  WARN herdr::logging: update check failed event="update.check.complete" subsystem="update" outcome="error" err="failed to fetch Homebrew formula JSON"
2026-08-21T14:59:21.037405Z  WARN herdr::detect::manifest_update: agent detection manifest update failed: failed to fetch https://herdr.dev/agent-detection/index.toml
2026-08-22T03:36:17.877207Z  INFO herdr::logging: checking for updates event="update.check.start" subsystem="update" outcome="started"
2026-08-22T03:36:21.030013Z  WARN herdr::detect::manifest_update: agent detection manifest update failed: failed to fetch https://herdr.dev/agent-detection/index.toml
2026-08-22T03:36:21.031164Z  WARN herdr::logging: update check failed event="update.check.complete" subsystem="update" outcome="error" err="failed to fetch Homebrew formula JSON"
2026-08-23T13:27:47.736469Z  INFO herdr::logging: tab focused event="tab.focus" subsystem="tab" outcome="ok" workspace_id="w5" tab_id="w5:t1"
2026-08-23T13:27:52.746961Z  INFO herdr::logging: session saved event="persist.save" subsystem="persist" outcome="ok" path=/Users/shahid/.config/herdr/session.json workspaces=3
2026-08-23T13:32:30.494364Z  INFO herdr::logging: workspace focused event="workspace.focus" subsystem="workspace" outcome="ok" workspace_id="w6"
2026-08-23T13:32:30.494870Z  INFO herdr::logging: tab focused event="tab.focus" subsystem="tab" outcome="ok" workspace_id="w6" tab_id="w6:t1"
2026-08-23T13:32:35.501027Z  INFO herdr::logging: session saved event="persist.save" subsystem="persist" outcome="ok" path=/Users/shahid/.config/herdr/session.json workspaces=3
2026-08-23T13:43:31.320731Z  INFO herdr::logging: checking for updates event="update.check.start" subsystem="update" outcome="started"
2026-08-23T13:59:26.509619Z  INFO herdr::logging: workspace focused event="workspace.focus" subsystem="workspace" outcome="ok" workspace_id="w5"
2026-08-23T13:59:26.511954Z  INFO herdr::logging: tab focused event="tab.focus" subsystem="tab" outcome="ok" workspace_id="w5" tab_id="w5:t1"
2026-08-23T13:59:31.673689Z  INFO herdr::logging: session saved event="persist.save" subsystem="persist" outcome="ok" path=/Users/shahid/.config/herdr/session.json workspaces=3
2026-08-23T13:59:31.883907Z  INFO herdr::logging: tab focused event="tab.focus" subsystem="tab" outcome="ok" workspace_id="w5" tab_id="w5:t2"
2026-08-23T13:59:36.890583Z  INFO herdr::logging: session saved event="persist.save" subsystem="persist" outcome="ok" path=/Users/shahid/.config/herdr/session.json workspaces=3
2026-08-23T14:00:01.503674Z  INFO herdr::logging: tab focused event="tab.focus" subsystem="tab" outcome="ok" workspace_id="w5" tab_id="w5:t1"
2026-08-23T14:00:06.508235Z  INFO herdr::logging: session saved event="persist.save" subsystem="persist" outcome="ok" path=/Users/shahid/.config/herdr/session.json workspaces=3
2026-08-23T14:02:53.684118Z  WARN herdr::raw_input: flushing lone escape after input timeout; if this follows an alt chord or focus switch it may reach the pane as plain esc bytes=[27]
2026-08-23T14:03:16.876409Z  WARN herdr::raw_input: flushing lone escape after input timeout; if this follows an alt chord or focus switch it may reach the pane as plain esc bytes=[27]
2026-08-23T14:03:26.547464Z  WARN herdr::raw_input: flushing lone escape after input timeout; if this follows an alt chord or focus switch it may reach the pane as plain esc bytes=[27]
2026-08-23T14:03:59.026331Z  WARN herdr::raw_input: flushing lone escape after input timeout; if this follows an alt chord or focus switch it may reach the pane as plain esc bytes=[27]
2026-08-23T14:04:02.947677Z  WARN herdr::raw_input: flushing lone escape after input timeout; if this follows an alt chord or focus switch it may reach the pane as plain esc bytes=[27]
2026-08-23T14:04:52.428349Z  WARN herdr::raw_input: flushing lone escape after input timeout; if this follows an alt chord or focus switch it may reach the pane as plain esc bytes=[27]
2026-08-23T14:05:39.767929Z  WARN herdr::raw_input: flushing lone escape after input timeout; if this follows an alt chord or focus switch it may reach the pane as plain esc bytes=[27]
2026-08-23T14:06:01.599044Z  WARN herdr::raw_input: flushing lone escape after input timeout; if this follows an alt chord or focus switch it may reach the pane as plain esc bytes=[27]
2026-08-23T14:06:27.714976Z  WARN herdr::raw_input: flushing lone escape after input timeout; if this follows an alt chord or focus switch it may reach the pane as plain esc bytes=[27]
2026-08-23T14:06:48.882588Z  WARN herdr::raw_input: flushing lone escape after input timeout; if this follows an alt chord or focus switch it may reach the pane as plain esc bytes=[27]
2026-08-23T14:06:59.279667Z  WARN herdr::raw_input: flushing lone escape after input timeout; if this follows an alt chord or focus switch it may reach the pane as plain esc bytes=[27]
2026-08-23T14:09:09.248345Z  WARN herdr::raw_input: flushing lone escape after input timeout; if this follows an alt chord or focus switch it may reach the pane as plain esc bytes=[27]
2026-08-23T14:09:11.975255Z  WARN herdr::raw_input: flushing lone escape after input timeout; if this follows an alt chord or focus switch it may reach the pane as plain esc bytes=[27]
2026-08-23T14:09:22.751894Z  WARN herdr::raw_input: flushing lone escape after input timeout; if this follows an alt chord or focus switch it may reach the pane as plain esc bytes=[27]
2026-08-23T14:09:35.672542Z  WARN herdr::raw_input: flushing lone escape after input timeout; if this follows an alt chord or focus switch it may reach the pane as plain esc bytes=[27]
2026-08-23T14:09:38.828665Z  WARN herdr::raw_input: flushing lone escape after input timeout; if this follows an alt chord or focus switch it may reach the pane as plain esc bytes=[27]
2026-08-23T14:09:46.262852Z  WARN herdr::raw_input: flushing lone escape after input timeout; if this follows an alt chord or focus switch it may reach the pane as plain esc bytes=[27]
2026-08-23T14:09:49.532103Z  WARN herdr::raw_input: flushing lone escape after input timeout; if this follows an alt chord or focus switch it may reach the pane as plain esc bytes=[27]
2026-08-23T14:10:34.834292Z  WARN herdr::raw_input: flushing lone escape after input timeout; if this follows an alt chord or focus switch it may reach the pane as plain esc bytes=[27]
2026-08-23T14:10:42.840662Z  WARN herdr::raw_input: flushing lone escape after input timeout; if this follows an alt chord or focus switch it may reach the pane as plain esc bytes=[27]
2026-08-23T14:10:48.242514Z  WARN herdr::raw_input: flushing lone escape after input timeout; if this follows an alt chord or focus switch it may reach the pane as plain esc bytes=[27]
2026-08-23T14:10:52.995082Z  WARN herdr::raw_input: flushing lone escape after input timeout; if this follows an alt chord or focus switch it may reach the pane as plain esc bytes=[27]
2026-08-23T14:11:08.629995Z  WARN herdr::raw_input: flushing lone escape after input timeout; if this follows an alt chord or focus switch it may reach the pane as plain esc bytes=[27]
2026-08-23T14:11:16.552608Z  WARN herdr::raw_input: flushing lone escape after input timeout; if this follows an alt chord or focus switch it may reach the pane as plain esc bytes=[27]
2026-08-23T14:11:23.599865Z  WARN herdr::raw_input: flushing lone escape after input timeout; if this follows an alt chord or focus switch it may reach the pane as plain esc bytes=[27]
2026-08-23T14:13:31.496191Z  INFO herdr::logging: checking for updates event="update.check.start" subsystem="update" outcome="started"
2026-08-23T14:14:07.919980Z  WARN herdr::raw_input: flushing lone escape after input timeout; if this follows an alt chord or focus switch it may reach the pane as plain esc bytes=[27]
2026-08-23T14:14:30.937525Z  WARN herdr::raw_input: flushing lone escape after input timeout; if this follows an alt chord or focus switch it may reach the pane as plain esc bytes=[27]
2026-08-23T14:15:56.939032Z  WARN herdr::raw_input: flushing lone escape after input timeout; if this follows an alt chord or focus switch it may reach the pane as plain esc bytes=[27]
2026-08-23T14:16:27.175424Z  WARN herdr::raw_input: flushing lone escape after input timeout; if this follows an alt chord or focus switch it may reach the pane as plain esc bytes=[27]
2026-08-23T14:16:45.142025Z  WARN herdr::raw_input: flushing lone escape after input timeout; if this follows an alt chord or focus switch it may reach the pane as plain esc bytes=[27]
2026-08-23T14:16:54.216651Z  WARN herdr::raw_input: flushing lone escape after input timeout; if this follows an alt chord or focus switch it may reach the pane as plain esc bytes=[27]
2026-08-23T14:18:19.915419Z  WARN herdr::raw_input: flushing lone escape after input timeout; if this follows an alt chord or focus switch it may reach the pane as plain esc bytes=[27]
2026-08-23T14:18:32.984531Z  WARN herdr::raw_input: flushing lone escape after input timeout; if this follows an alt chord or focus switch it may reach the pane as plain esc bytes=[27]
2026-08-23T14:19:05.595359Z  WARN herdr::raw_input: flushing lone escape after input timeout; if this follows an alt chord or focus switch it may reach the pane as plain esc bytes=[27]
2026-08-23T14:19:30.260927Z  WARN herdr::raw_input: flushing lone escape after input timeout; if this follows an alt chord or focus switch it may reach the pane as plain esc bytes=[27]
2026-08-23T14:25:39.216131Z  WARN herdr::raw_input: flushing lone escape after input timeout; if this follows an alt chord or focus switch it may reach the pane as plain esc bytes=[27]
2026-08-23T14:25:50.066405Z  WARN herdr::raw_input: flushing lone escape after input timeout; if this follows an alt chord or focus switch it may reach the pane as plain esc bytes=[27]
2026-08-23T14:26:40.916347Z  WARN herdr::raw_input: flushing lone escape after input timeout; if this follows an alt chord or focus switch it may reach the pane as plain esc bytes=[27]
2026-08-23T14:26:49.727199Z  WARN herdr::raw_input: flushing lone escape after input timeout; if this follows an alt chord or focus switch it may reach the pane as plain esc bytes=[27]
2026-08-23T14:28:11.980948Z  WARN herdr::raw_input: flushing lone escape after input timeout; if this follows an alt chord or focus switch it may reach the pane as plain esc bytes=[27]
2026-08-23T14:28:36.585721Z  WARN herdr::raw_input: flushing lone escape after input timeout; if this follows an alt chord or focus switch it may reach the pane as plain esc bytes=[27]
2026-08-23T14:28:43.973625Z  WARN herdr::raw_input: flushing lone escape after input timeout; if this follows an alt chord or focus switch it may reach the pane as plain esc bytes=[27]
2026-08-23T14:28:49.213997Z  WARN herdr::raw_input: flushing lone escape after input timeout; if this follows an alt chord or focus switch it may reach the pane as plain esc bytes=[27]
2026-08-23T14:28:56.960074Z  WARN herdr::raw_input: flushing lone escape after input timeout; if this follows an alt chord or focus switch it may reach the pane as plain esc bytes=[27]
2026-08-23T14:29:02.502039Z  WARN herdr::raw_input: flushing lone escape after input timeout; if this follows an alt chord or focus switch it may reach the pane as plain esc bytes=[27]
2026-08-23T14:29:54.044544Z  WARN herdr::raw_input: flushing lone escape after input timeout; if this follows an alt chord or focus switch it may reach the pane as plain esc bytes=[27]
2026-08-23T14:32:05.798244Z  WARN herdr::raw_input: flushing lone escape after input timeout; if this follows an alt chord or focus switch it may reach the pane as plain esc bytes=[27]
2026-08-23T14:32:12.127834Z  WARN herdr::raw_input: flushing lone escape after input timeout; if this follows an alt chord or focus switch it may reach the pane as plain esc bytes=[27]
2026-08-23T14:32:16.351329Z  WARN herdr::raw_input: flushing lone escape after input timeout; if this follows an alt chord or focus switch it may reach the pane as plain esc bytes=[27]
2026-08-23T14:32:43.400669Z  WARN herdr::raw_input: flushing lone escape after input timeout; if this follows an alt chord or focus switch it may reach the pane as plain esc bytes=[27]
2026-08-23T14:32:53.332606Z  WARN herdr::raw_input: flushing lone escape after input timeout; if this follows an alt chord or focus switch it may reach the pane as plain esc bytes=[27]
2026-08-23T14:33:04.088759Z  INFO herdr::logging: tab focused event="tab.focus" subsystem="tab" outcome="ok" workspace_id="w5" tab_id="w5:t2"
2026-08-23T14:33:06.829329Z  INFO herdr::logging: tab focused event="tab.focus" subsystem="tab" outcome="ok" workspace_id="w5" tab_id="w5:t2"
2026-08-23T14:33:08.078453Z  INFO herdr::logging: tab focused event="tab.focus" subsystem="tab" outcome="ok" workspace_id="w5" tab_id="w5:t2"
2026-08-23T14:33:13.081299Z  INFO herdr::logging: session saved event="persist.save" subsystem="persist" outcome="ok" path=/Users/shahid/.config/herdr/session.json workspaces=3
2026-08-23T14:33:13.390976Z  INFO herdr::logging: tab focused event="tab.focus" subsystem="tab" outcome="ok" workspace_id="w5" tab_id="w5:t2"
2026-08-23T14:33:18.394750Z  INFO herdr::logging: session saved event="persist.save" subsystem="persist" outcome="ok" path=/Users/shahid/.config/herdr/session.json workspaces=3
2026-08-23T15:10:11.178573Z  INFO herdr::logging: tab focused event="tab.focus" subsystem="tab" outcome="ok" workspace_id="w5" tab_id="w5:t1"
2026-08-23T15:10:16.187018Z  INFO herdr::logging: session saved event="persist.save" subsystem="persist" outcome="ok" path=/Users/shahid/.config/herdr/session.json workspaces=3
2026-08-23T15:10:46.395932Z  WARN herdr::raw_input: flushing lone escape after input timeout; if this follows an alt chord or focus switch it may reach the pane as plain esc bytes=[27]
2026-08-23T15:10:46.582616Z  WARN herdr::raw_input: flushing lone escape after input timeout; if this follows an alt chord or focus switch it may reach the pane as plain esc bytes=[27]
2026-08-23T15:11:28.671934Z  WARN herdr::raw_input: flushing lone escape after input timeout; if this follows an alt chord or focus switch it may reach the pane as plain esc bytes=[27]
2026-08-23T15:12:24.049494Z  WARN herdr::raw_input: flushing lone escape after input timeout; if this follows an alt chord or focus switch it may reach the pane as plain esc bytes=[27]
2026-08-23T15:12:43.018936Z  WARN herdr::raw_input: flushing lone escape after input timeout; if this follows an alt chord or focus switch it may reach the pane as plain esc bytes=[27]
2026-08-23T15:12:58.441759Z  WARN herdr::raw_input: flushing lone escape after input timeout; if this follows an alt chord or focus switch it may reach the pane as plain esc bytes=[27]
2026-08-23T15:13:02.797877Z  INFO herdr::logging: checking for updates event="update.check.start" subsystem="update" outcome="started"
2026-08-23T15:13:03.892131Z  WARN herdr::raw_input: flushing lone escape after input timeout; if this follows an alt chord or focus switch it may reach the pane as plain esc bytes=[27]
2026-08-23T15:13:05.853296Z  WARN herdr::detect::manifest_update: agent detection manifest update failed: failed to fetch https://herdr.dev/agent-detection/index.toml
2026-08-23T15:13:05.859276Z  WARN herdr::logging: update check failed event="update.check.complete" subsystem="update" outcome="error" err="failed to fetch Homebrew formula JSON"
2026-08-23T15:13:07.252688Z  WARN herdr::raw_input: flushing lone escape after input timeout; if this follows an alt chord or focus switch it may reach the pane as plain esc bytes=[27]
2026-08-23T15:13:07.490759Z  WARN herdr::raw_input: flushing lone escape after input timeout; if this follows an alt chord or focus switch it may reach the pane as plain esc bytes=[27]
2026-08-23T15:13:18.503277Z  WARN herdr::raw_input: flushing lone escape after input timeout; if this follows an alt chord or focus switch it may reach the pane as plain esc bytes=[27]
2026-08-23T15:14:16.228447Z  WARN herdr::raw_input: flushing lone escape after input timeout; if this follows an alt chord or focus switch it may reach the pane as plain esc bytes=[27]
2026-08-23T15:14:32.281204Z  WARN herdr::raw_input: flushing lone escape after input timeout; if this follows an alt chord or focus switch it may reach the pane as plain esc bytes=[27]
2026-08-23T15:14:48.087690Z  INFO herdr::logging: tab focused event="tab.focus" subsystem="tab" outcome="ok" workspace_id="w5" tab_id="w5:t2"
2026-08-23T15:14:53.093844Z  INFO herdr::logging: session saved event="persist.save" subsystem="persist" outcome="ok" path=/Users/shahid/.config/herdr/session.json workspaces=3
2026-08-23T15:15:06.943165Z  INFO herdr::logging: tab focused event="tab.focus" subsystem="tab" outcome="ok" workspace_id="w5" tab_id="w5:t1"
2026-08-23T15:15:11.953155Z  INFO herdr::logging: session saved event="persist.save" subsystem="persist" outcome="ok" path=/Users/shahid/.config/herdr/session.json workspaces=3
2026-08-23T15:17:54.591322Z  WARN herdr::raw_input: flushing lone escape after input timeout; if this follows an alt chord or focus switch it may reach the pane as plain esc bytes=[27]
2026-08-23T15:17:54.934005Z  WARN herdr::raw_input: flushing lone escape after input timeout; if this follows an alt chord or focus switch it may reach the pane as plain esc bytes=[27]
2026-08-23T15:18:01.941640Z  WARN herdr::raw_input: flushing lone escape after input timeout; if this follows an alt chord or focus switch it may reach the pane as plain esc bytes=[27]
2026-08-23T15:18:03.685743Z  WARN herdr::raw_input: flushing lone escape after input timeout; if this follows an alt chord or focus switch it may reach the pane as plain esc bytes=[27]
2026-08-23T15:18:43.398371Z  WARN herdr::raw_input: flushing lone escape after input timeout; if this follows an alt chord or focus switch it may reach the pane as plain esc bytes=[27]
2026-08-23T15:18:50.280305Z  WARN herdr::raw_input: flushing lone escape after input timeout; if this follows an alt chord or focus switch it may reach the pane as plain esc bytes=[27]
2026-08-23T15:19:01.667140Z  WARN herdr::raw_input: flushing lone escape after input timeout; if this follows an alt chord or focus switch it may reach the pane as plain esc bytes=[27]
2026-08-23T15:19:20.747835Z  WARN herdr::raw_input: flushing lone escape after input timeout; if this follows an alt chord or focus switch it may reach the pane as plain esc bytes=[27]
2026-08-23T15:19:55.527909Z  WARN herdr::raw_input: flushing lone escape after input timeout; if this follows an alt chord or focus switch it may reach the pane as plain esc bytes=[27]
2026-08-23T15:20:07.702361Z  WARN herdr::raw_input: flushing lone escape after input timeout; if this follows an alt chord or focus switch it may reach the pane as plain esc bytes=[27]
2026-08-23T15:20:43.662223Z  WARN herdr::raw_input: flushing lone escape after input timeout; if this follows an alt chord or focus switch it may reach the pane as plain esc bytes=[27]
2026-08-23T15:21:37.834697Z  WARN herdr::raw_input: flushing lone escape after input timeout; if this follows an alt chord or focus switch it may reach the pane as plain esc bytes=[27]
2026-08-23T15:21:43.306978Z  WARN herdr::raw_input: flushing lone escape after input timeout; if this follows an alt chord or focus switch it may reach the pane as plain esc bytes=[27]
2026-08-23T15:23:12.033587Z  WARN herdr::raw_input: flushing lone escape after input timeout; if this follows an alt chord or focus switch it may reach the pane as plain esc bytes=[27]
2026-08-23T15:23:34.056670Z  WARN herdr::raw_input: flushing lone escape after input timeout; if this follows an alt chord or focus switch it may reach the pane as plain esc bytes=[27]
2026-08-24T02:00:22.271387Z  WARN herdr::raw_input: flushing lone escape after input timeout; if this follows an alt chord or focus switch it may reach the pane as plain esc bytes=[27]
2026-08-24T02:00:29.667924Z  WARN herdr::raw_input: flushing lone escape after input timeout; if this follows an alt chord or focus switch it may reach the pane as plain esc bytes=[27]
2026-08-24T02:00:37.168799Z  WARN herdr::raw_input: flushing lone escape after input timeout; if this follows an alt chord or focus switch it may reach the pane as plain esc bytes=[27]
2026-08-24T02:00:50.685572Z  WARN herdr::raw_input: flushing lone escape after input timeout; if this follows an alt chord or focus switch it may reach the pane as plain esc bytes=[27]
2026-08-24T02:01:13.078187Z  WARN herdr::raw_input: flushing lone escape after input timeout; if this follows an alt chord or focus switch it may reach the pane as plain esc bytes=[27]
2026-08-24T02:01:19.156601Z  WARN herdr::raw_input: flushing lone escape after input timeout; if this follows an alt chord or focus switch it may reach the pane as plain esc bytes=[27]
2026-08-24T02:01:59.504791Z  WARN herdr::raw_input: flushing lone escape after input timeout; if this follows an alt chord or focus switch it may reach the pane as plain esc bytes=[27]
2026-08-24T02:02:13.684567Z  WARN herdr::raw_input: flushing lone escape after input timeout; if this follows an alt chord or focus switch it may reach the pane as plain esc bytes=[27]
2026-08-24T02:02:27.105250Z  WARN herdr::raw_input: flushing lone escape after input timeout; if this follows an alt chord or focus switch it may reach the pane as plain esc bytes=[27]
2026-08-24T02:03:02.272922Z  WARN herdr::raw_input: flushing lone escape after input timeout; if this follows an alt chord or focus switch it may reach the pane as plain esc bytes=[27]
2026-08-24T02:03:16.494053Z  WARN herdr::raw_input: flushing lone escape after input timeout; if this follows an alt chord or focus switch it may reach the pane as plain esc bytes=[27]
2026-08-24T02:04:50.441931Z  WARN herdr::raw_input: flushing lone escape after input timeout; if this follows an alt chord or focus switch it may reach the pane as plain esc bytes=[27]
2026-08-24T02:04:53.427654Z  WARN herdr::raw_input: flushing lone escape after input timeout; if this follows an alt chord or focus switch it may reach the pane as plain esc bytes=[27]
2026-08-24T02:05:01.388655Z  WARN herdr::raw_input: flushing lone escape after input timeout; if this follows an alt chord or focus switch it may reach the pane as plain esc bytes=[27]
2026-08-24T02:05:13.089204Z  WARN herdr::raw_input: flushing lone escape after input timeout; if this follows an alt chord or focus switch it may reach the pane as plain esc bytes=[27]
2026-08-24T02:05:50.465918Z  WARN herdr::raw_input: flushing lone escape after input timeout; if this follows an alt chord or focus switch it may reach the pane as plain esc bytes=[27]
2026-08-24T02:06:02.530260Z  WARN herdr::raw_input: flushing lone escape after input timeout; if this follows an alt chord or focus switch it may reach the pane as plain esc bytes=[27]
2026-08-24T02:11:05.941455Z  INFO herdr::logging: checking for updates event="update.check.start" subsystem="update" outcome="started"
2026-08-24T02:12:43.069846Z  WARN herdr::raw_input: flushing lone escape after input timeout; if this follows an alt chord or focus switch it may reach the pane as plain esc bytes=[27]
2026-08-24T02:12:52.074233Z  WARN herdr::raw_input: flushing lone escape after input timeout; if this follows an alt chord or focus switch it may reach the pane as plain esc bytes=[27]
2026-08-24T02:12:59.782825Z  WARN herdr::raw_input: flushing lone escape after input timeout; if this follows an alt chord or focus switch it may reach the pane as plain esc bytes=[27]
2026-08-24T02:13:03.157345Z  WARN herdr::raw_input: flushing lone escape after input timeout; if this follows an alt chord or focus switch it may reach the pane as plain esc bytes=[27]
2026-08-24T02:13:11.321672Z  WARN herdr::raw_input: flushing lone escape after input timeout; if this follows an alt chord or focus switch it may reach the pane as plain esc bytes=[27]
2026-08-24T02:13:19.028549Z  WARN herdr::raw_input: flushing lone escape after input timeout; if this follows an alt chord or focus switch it may reach the pane as plain esc bytes=[27]
2026-08-24T02:14:20.613526Z  WARN herdr::raw_input: flushing lone escape after input timeout; if this follows an alt chord or focus switch it may reach the pane as plain esc bytes=[27]
2026-08-24T02:14:23.656810Z  WARN herdr::raw_input: flushing lone escape after input timeout; if this follows an alt chord or focus switch it may reach the pane as plain esc bytes=[27]
2026-08-24T02:15:11.622510Z  WARN herdr::raw_input: flushing lone escape after input timeout; if this follows an alt chord or focus switch it may reach the pane as plain esc bytes=[27]
2026-08-24T02:21:06.287779Z  WARN herdr::raw_input: flushing lone escape after input timeout; if this follows an alt chord or focus switch it may reach the pane as plain esc bytes=[27]
2026-08-24T02:23:47.200528Z  WARN herdr::raw_input: flushing lone escape after input timeout; if this follows an alt chord or focus switch it may reach the pane as plain esc bytes=[27]
2026-08-24T02:23:47.516511Z  WARN herdr::raw_input: flushing lone escape after input timeout; if this follows an alt chord or focus switch it may reach the pane as plain esc bytes=[27]
2026-08-24T02:23:47.771615Z  WARN herdr::raw_input: flushing lone escape after input timeout; if this follows an alt chord or focus switch it may reach the pane as plain esc bytes=[27]
2026-08-24T02:25:52.729686Z  WARN herdr::raw_input: flushing lone escape after input timeout; if this follows an alt chord or focus switch it may reach the pane as plain esc bytes=[27]
2026-08-24T02:25:52.912911Z  WARN herdr::raw_input: flushing lone escape after input timeout; if this follows an alt chord or focus switch it may reach the pane as plain esc bytes=[27]
2026-08-24T02:27:02.065233Z  WARN herdr::raw_input: flushing lone escape after input timeout; if this follows an alt chord or focus switch it may reach the pane as plain esc bytes=[27]
2026-08-24T02:29:27.056437Z  WARN herdr::raw_input: flushing lone escape after input timeout; if this follows an alt chord or focus switch it may reach the pane as plain esc bytes=[27]
2026-08-24T02:29:32.771462Z  WARN herdr::raw_input: flushing lone escape after input timeout; if this follows an alt chord or focus switch it may reach the pane as plain esc bytes=[27]
2026-08-24T02:29:41.563462Z  WARN herdr::raw_input: flushing lone escape after input timeout; if this follows an alt chord or focus switch it may reach the pane as plain esc bytes=[27]
2026-08-24T02:30:57.205601Z  WARN herdr::raw_input: flushing lone escape after input timeout; if this follows an alt chord or focus switch it may reach the pane as plain esc bytes=[27]
2026-08-24T02:31:04.572503Z  WARN herdr::raw_input: flushing lone escape after input timeout; if this follows an alt chord or focus switch it may reach the pane as plain esc bytes=[27]
2026-08-24T02:31:51.902594Z  WARN herdr::raw_input: flushing lone escape after input timeout; if this follows an alt chord or focus switch it may reach the pane as plain esc bytes=[27]
2026-08-24T02:34:49.780315Z  WARN herdr::raw_input: flushing lone escape after input timeout; if this follows an alt chord or focus switch it may reach the pane as plain esc bytes=[27]
2026-08-24T02:34:49.963993Z  WARN herdr::raw_input: flushing lone escape after input timeout; if this follows an alt chord or focus switch it may reach the pane as plain esc bytes=[27]
2026-08-24T02:35:23.403882Z  WARN herdr::raw_input: flushing lone escape after input timeout; if this follows an alt chord or focus switch it may reach the pane as plain esc bytes=[27]
2026-08-24T02:41:06.692249Z  INFO herdr::logging: checking for updates event="update.check.start" subsystem="update" outcome="started"
2026-08-24T02:44:03.712810Z  WARN herdr::raw_input: flushing lone escape after input timeout; if this follows an alt chord or focus switch it may reach the pane as plain esc bytes=[27]
2026-08-24T02:44:07.968153Z  WARN herdr::raw_input: flushing lone escape after input timeout; if this follows an alt chord or focus switch it may reach the pane as plain esc bytes=[27]
2026-08-24T02:44:08.402230Z  WARN herdr::raw_input: flushing lone escape after input timeout; if this follows an alt chord or focus switch it may reach the pane as plain esc bytes=[27]
2026-08-24T02:44:11.112512Z  WARN herdr::raw_input: flushing lone escape after input timeout; if this follows an alt chord or focus switch it may reach the pane as plain esc bytes=[27]
2026-08-24T02:44:21.611357Z  WARN herdr::raw_input: flushing lone escape after input timeout; if this follows an alt chord or focus switch it may reach the pane as plain esc bytes=[27]
2026-08-24T02:47:12.627789Z  WARN herdr::raw_input: flushing lone escape after input timeout; if this follows an alt chord or focus switch it may reach the pane as plain esc bytes=[27]
2026-08-24T02:47:18.584377Z  WARN herdr::raw_input: flushing lone escape after input timeout; if this follows an alt chord or focus switch it may reach the pane as plain esc bytes=[27]
2026-08-24T02:47:22.078393Z  WARN herdr::raw_input: flushing lone escape after input timeout; if this follows an alt chord or focus switch it may reach the pane as plain esc bytes=[27]
2026-08-24T02:47:55.797263Z  WARN herdr::raw_input: flushing lone escape after input timeout; if this follows an alt chord or focus switch it may reach the pane as plain esc bytes=[27]
2026-08-24T02:48:03.253432Z  WARN herdr::raw_input: flushing lone escape after input timeout; if this follows an alt chord or focus switch it may reach the pane as plain esc bytes=[27]
2026-08-24T02:48:10.524780Z  INFO herdr::logging: tab focused event="tab.focus" subsystem="tab" outcome="ok" workspace_id="w5" tab_id="w5:t2"
2026-08-24T02:48:11.371005Z  INFO herdr::logging: tab focused event="tab.focus" subsystem="tab" outcome="ok" workspace_id="w5" tab_id="w5:t2"
2026-08-24T02:48:16.381776Z  INFO herdr::logging: session saved event="persist.save" subsystem="persist" outcome="ok" path=/Users/shahid/.config/herdr/session.json workspaces=3
2026-08-24T02:48:40.007874Z  INFO herdr::logging: tab focused event="tab.focus" subsystem="tab" outcome="ok" workspace_id="w5" tab_id="w5:t2"
2026-08-24T02:48:45.012327Z  INFO herdr::logging: session saved event="persist.save" subsystem="persist" outcome="ok" path=/Users/shahid/.config/herdr/session.json workspaces=3
2026-08-24T02:49:04.827631Z  INFO herdr::logging: tab focused event="tab.focus" subsystem="tab" outcome="ok" workspace_id="w5" tab_id="w5:t1"
2026-08-24T02:49:09.834449Z  INFO herdr::logging: session saved event="persist.save" subsystem="persist" outcome="ok" path=/Users/shahid/.config/herdr/session.json workspaces=3
2026-08-24T02:49:42.416936Z  WARN herdr::raw_input: flushing lone escape after input timeout; if this follows an alt chord or focus switch it may reach the pane as plain esc bytes=[27]
2026-08-24T02:52:18.344361Z  INFO herdr::logging: tab focused event="tab.focus" subsystem="tab" outcome="ok" workspace_id="w5" tab_id="w5:t2"
2026-08-24T02:52:20.523716Z  INFO herdr::logging: tab focused event="tab.focus" subsystem="tab" outcome="ok" workspace_id="w5" tab_id="w5:t2"
2026-08-24T02:52:25.531476Z  INFO herdr::logging: session saved event="persist.save" subsystem="persist" outcome="ok" path=/Users/shahid/.config/herdr/session.json workspaces=3
2026-08-24T03:11:06.709181Z  INFO herdr::logging: checking for updates event="update.check.start" subsystem="update" outcome="started"
2026-08-24T03:12:54.175201Z  INFO herdr::logging: workspace focused event="workspace.focus" subsystem="workspace" outcome="ok" workspace_id="w6"
2026-08-24T03:12:54.176030Z  INFO herdr::logging: tab focused event="tab.focus" subsystem="tab" outcome="ok" workspace_id="w6" tab_id="w6:t1"
2026-08-24T03:12:59.180543Z  INFO herdr::logging: session saved event="persist.save" subsystem="persist" outcome="ok" path=/Users/shahid/.config/herdr/session.json workspaces=3
2026-08-24T03:16:56.129729Z  INFO herdr::logging: workspace focused event="workspace.focus" subsystem="workspace" outcome="ok" workspace_id="w4"
2026-08-24T03:16:56.130702Z  INFO herdr::logging: tab focused event="tab.focus" subsystem="tab" outcome="ok" workspace_id="w4" tab_id="w4:t1"
2026-08-24T03:17:00.376766Z  INFO herdr::logging: tab focused event="tab.focus" subsystem="tab" outcome="ok" workspace_id="w4" tab_id="w4:t1"
2026-08-24T03:17:05.383969Z  INFO herdr::logging: session saved event="persist.save" subsystem="persist" outcome="ok" path=/Users/shahid/.config/herdr/session.json workspaces=3
2026-08-24T03:19:27.561826Z  INFO herdr::logging: tab focused event="tab.focus" subsystem="tab" outcome="ok" workspace_id="w4" tab_id="w4:t1"
2026-08-24T03:19:28.993675Z  INFO herdr::logging: tab focused event="tab.focus" subsystem="tab" outcome="ok" workspace_id="w4" tab_id="w4:t3"
2026-08-24T03:19:32.700022Z  INFO herdr::logging: tab focused event="tab.focus" subsystem="tab" outcome="ok" workspace_id="w4" tab_id="w4:t3"
2026-08-24T03:19:37.553511Z  INFO herdr::logging: tab focused event="tab.focus" subsystem="tab" outcome="ok" workspace_id="w4" tab_id="w4:t1"
2026-08-24T03:19:42.561756Z  INFO herdr::logging: session saved event="persist.save" subsystem="persist" outcome="ok" path=/Users/shahid/.config/herdr/session.json workspaces=3
2026-08-24T03:20:02.839545Z  INFO herdr::logging: tab focused event="tab.focus" subsystem="tab" outcome="ok" workspace_id="w4" tab_id="w4:t1"
2026-08-24T03:20:07.844769Z  INFO herdr::logging: session saved event="persist.save" subsystem="persist" outcome="ok" path=/Users/shahid/.config/herdr/session.json workspaces=3
2026-08-24T03:20:35.298590Z  INFO herdr::logging: tab focused event="tab.focus" subsystem="tab" outcome="ok" workspace_id="w4" tab_id="w4:t2"
2026-08-24T03:20:37.971307Z  INFO herdr::logging: tab focused event="tab.focus" subsystem="tab" outcome="ok" workspace_id="w4" tab_id="w4:t3"
2026-08-24T03:20:41.695040Z  INFO herdr::logging: tab focused event="tab.focus" subsystem="tab" outcome="ok" workspace_id="w4" tab_id="w4:t3"
2026-08-24T03:20:46.700152Z  INFO herdr::logging: session saved event="persist.save" subsystem="persist" outcome="ok" path=/Users/shahid/.config/herdr/session.json workspaces=3
2026-08-24T03:21:05.124948Z  INFO herdr::logging: tab focused event="tab.focus" subsystem="tab" outcome="ok" workspace_id="w4" tab_id="w4:t3"
2026-08-24T03:21:10.130686Z  INFO herdr::logging: session saved event="persist.save" subsystem="persist" outcome="ok" path=/Users/shahid/.config/herdr/session.json workspaces=3
2026-08-24T03:21:12.774874Z  INFO herdr::logging: tab focused event="tab.focus" subsystem="tab" outcome="ok" workspace_id="w4" tab_id="w4:t3"
2026-08-24T03:21:16.067823Z  INFO herdr::logging: tab focused event="tab.focus" subsystem="tab" outcome="ok" workspace_id="w4" tab_id="w4:t1"
2026-08-24T03:21:16.843077Z  INFO herdr::logging: tab focused event="tab.focus" subsystem="tab" outcome="ok" workspace_id="w4" tab_id="w4:t1"
2026-08-24T03:21:18.138666Z  INFO herdr::logging: tab focused event="tab.focus" subsystem="tab" outcome="ok" workspace_id="w4" tab_id="w4:t1"
2026-08-24T03:21:23.141949Z  INFO herdr::logging: session saved event="persist.save" subsystem="persist" outcome="ok" path=/Users/shahid/.config/herdr/session.json workspaces=3
2026-08-24T03:21:34.085114Z  INFO herdr::logging: tab focused event="tab.focus" subsystem="tab" outcome="ok" workspace_id="w4" tab_id="w4:t1"
2026-08-24T03:21:34.599498Z  INFO herdr::logging: tab focused event="tab.focus" subsystem="tab" outcome="ok" workspace_id="w4" tab_id="w4:t1"
2026-08-24T03:21:38.140979Z  INFO herdr::logging: workspace focused event="workspace.focus" subsystem="workspace" outcome="ok" workspace_id="w6"
2026-08-24T03:21:38.141078Z  INFO herdr::logging: tab focused event="tab.focus" subsystem="tab" outcome="ok" workspace_id="w6" tab_id="w6:t1"
2026-08-24T03:21:38.974455Z  INFO herdr::logging: workspace focused event="workspace.focus" subsystem="workspace" outcome="ok" workspace_id="w5"
2026-08-24T03:21:38.974513Z  INFO herdr::logging: tab focused event="tab.focus" subsystem="tab" outcome="ok" workspace_id="w5" tab_id="w5:t2"
2026-08-24T03:21:39.799615Z  INFO herdr::logging: tab focused event="tab.focus" subsystem="tab" outcome="ok" workspace_id="w5" tab_id="w5:t1"
2026-08-24T03:21:44.778734Z  INFO herdr::logging: workspace focused event="workspace.focus" subsystem="workspace" outcome="ok" workspace_id="w6"
2026-08-24T03:21:44.778795Z  INFO herdr::logging: tab focused event="tab.focus" subsystem="tab" outcome="ok" workspace_id="w6" tab_id="w6:t1"
2026-08-24T03:21:45.478495Z  INFO herdr::logging: workspace focused event="workspace.focus" subsystem="workspace" outcome="ok" workspace_id="w4"
2026-08-24T03:21:45.478549Z  INFO herdr::logging: tab focused event="tab.focus" subsystem="tab" outcome="ok" workspace_id="w4" tab_id="w4:t1"
2026-08-24T03:21:47.373763Z  INFO herdr::logging: tab focused event="tab.focus" subsystem="tab" outcome="ok" workspace_id="w4" tab_id="w4:t3"
2026-08-24T03:21:52.379889Z  INFO herdr::logging: session saved event="persist.save" subsystem="persist" outcome="ok" path=/Users/shahid/.config/herdr/session.json workspaces=3
2026-08-24T03:41:06.822089Z  INFO herdr::logging: checking for updates event="update.check.start" subsystem="update" outcome="started"
2026-08-24T04:11:06.923132Z  INFO herdr::logging: checking for updates event="update.check.start" subsystem="update" outcome="started"
2026-08-24T04:41:06.982476Z  INFO herdr::logging: checking for updates event="update.check.start" subsystem="update" outcome="started"
2026-08-24T05:08:53.041819Z  INFO herdr::logging: tab focused event="tab.focus" subsystem="tab" outcome="ok" workspace_id="w4" tab_id="w4:t1"
2026-08-24T05:08:58.052385Z  INFO herdr::logging: session saved event="persist.save" subsystem="persist" outcome="ok" path=/Users/shahid/.config/herdr/session.json workspaces=3
2026-08-24T05:11:06.947041Z  INFO herdr::logging: checking for updates event="update.check.start" subsystem="update" outcome="started"
2026-08-24T05:41:06.976172Z  INFO herdr::logging: checking for updates event="update.check.start" subsystem="update" outcome="started"
2026-08-24T06:11:06.938104Z  INFO herdr::logging: checking for updates event="update.check.start" subsystem="update" outcome="started"
2026-08-24T06:41:06.942086Z  INFO herdr::logging: checking for updates event="update.check.start" subsystem="update" outcome="started"
2026-08-24T06:41:17.835122Z  INFO herdr::logging: tab focused event="tab.focus" subsystem="tab" outcome="ok" workspace_id="w4" tab_id="w4:t1"
2026-08-24T06:41:22.847477Z  INFO herdr::logging: session saved event="persist.save" subsystem="persist" outcome="ok" path=/Users/shahid/.config/herdr/session.json workspaces=3
2026-08-24T06:44:16.953614Z  INFO herdr::logging: tab focused event="tab.focus" subsystem="tab" outcome="ok" workspace_id="w4" tab_id="w4:t1"
2026-08-24T06:44:21.965154Z  INFO herdr::logging: session saved event="persist.save" subsystem="persist" outcome="ok" path=/Users/shahid/.config/herdr/session.json workspaces=3
2026-08-24T07:11:06.961315Z  INFO herdr::logging: checking for updates event="update.check.start" subsystem="update" outcome="started"
2026-08-24T07:48:14.288904Z  INFO herdr::logging: checking for updates event="update.check.start" subsystem="update" outcome="started"
2026-08-24T13:43:42.556218Z  INFO herdr::logging: checking for updates event="update.check.start" subsystem="update" outcome="started"
2026-08-24T14:13:42.559185Z  INFO herdr::logging: checking for updates event="update.check.start" subsystem="update" outcome="started"
2026-08-24T14:43:42.514139Z  INFO herdr::logging: checking for updates event="update.check.start" subsystem="update" outcome="started"
2026-08-24T15:13:42.451768Z  INFO herdr::logging: checking for updates event="update.check.start" subsystem="update" outcome="started"
2026-08-25T00:49:20.391993Z  INFO herdr::logging: checking for updates event="update.check.start" subsystem="update" outcome="started"
2026-08-25T00:49:23.547224Z  WARN herdr::detect::manifest_update: agent detection manifest update failed: failed to fetch https://herdr.dev/agent-detection/index.toml
2026-08-25T00:49:23.547556Z  WARN herdr::logging: update check failed event="update.check.complete" subsystem="update" outcome="error" err="failed to fetch Homebrew formula JSON"
2026-08-25T01:17:59.508851Z  INFO herdr::logging: tab focused event="tab.focus" subsystem="tab" outcome="ok" workspace_id="w4" tab_id="w4:t1"
2026-08-25T01:18:04.522822Z  INFO herdr::logging: session saved event="persist.save" subsystem="persist" outcome="ok" path=/Users/shahid/.config/herdr/session.json workspaces=3
2026-08-25T01:19:14.789147Z  INFO herdr::logging: tab focused event="tab.focus" subsystem="tab" outcome="ok" workspace_id="w4" tab_id="w4:t1"
2026-08-25T01:19:19.804844Z  INFO herdr::logging: session saved event="persist.save" subsystem="persist" outcome="ok" path=/Users/shahid/.config/herdr/session.json workspaces=3
2026-08-25T01:19:20.914516Z  INFO herdr::logging: checking for updates event="update.check.start" subsystem="update" outcome="started"
2026-08-25T01:49:20.886780Z  INFO herdr::logging: checking for updates event="update.check.start" subsystem="update" outcome="started"
2026-08-25T01:49:23.995037Z  WARN herdr::logging: update check failed event="update.check.complete" subsystem="update" outcome="error" err="failed to fetch Homebrew formula JSON"
2026-08-25T01:49:23.995268Z  WARN herdr::detect::manifest_update: agent detection manifest update failed: failed to fetch https://herdr.dev/agent-detection/index.toml
2026-08-25T02:16:04.895531Z  INFO herdr::logging: tab focused event="tab.focus" subsystem="tab" outcome="ok" workspace_id="w4" tab_id="w4:t1"
2026-08-25T02:16:09.906042Z  INFO herdr::logging: session saved event="persist.save" subsystem="persist" outcome="ok" path=/Users/shahid/.config/herdr/session.json workspaces=3
2026-08-25T02:16:27.705775Z  INFO herdr::logging: tab focused event="tab.focus" subsystem="tab" outcome="ok" workspace_id="w4" tab_id="w4:t1"
2026-08-25T02:16:32.713068Z  INFO herdr::logging: session saved event="persist.save" subsystem="persist" outcome="ok" path=/Users/shahid/.config/herdr/session.json workspaces=3
2026-08-25T02:19:20.890145Z  INFO herdr::logging: checking for updates event="update.check.start" subsystem="update" outcome="started"
2026-08-25T02:20:07.444065Z  INFO herdr::logging: tab focused event="tab.focus" subsystem="tab" outcome="ok" workspace_id="w4" tab_id="w4:t2"
2026-08-25T02:20:09.187895Z  INFO herdr::logging: tab focused event="tab.focus" subsystem="tab" outcome="ok" workspace_id="w4" tab_id="w4:t2"
2026-08-25T02:20:14.198241Z  INFO herdr::logging: session saved event="persist.save" subsystem="persist" outcome="ok" path=/Users/shahid/.config/herdr/session.json workspaces=3
2026-08-25T02:20:21.606675Z  INFO herdr::logging: tab focused event="tab.focus" subsystem="tab" outcome="ok" workspace_id="w4" tab_id="w4:t2"
2026-08-25T02:20:26.611211Z  INFO herdr::logging: session saved event="persist.save" subsystem="persist" outcome="ok" path=/Users/shahid/.config/herdr/session.json workspaces=3
2026-08-25T02:20:33.295122Z  INFO herdr::logging: tab focused event="tab.focus" subsystem="tab" outcome="ok" workspace_id="w4" tab_id="w4:t2"
2026-08-25T02:20:38.299630Z  INFO herdr::logging: session saved event="persist.save" subsystem="persist" outcome="ok" path=/Users/shahid/.config/herdr/session.json workspaces=3
2026-08-25T02:20:45.168749Z  INFO herdr::logging: tab focused event="tab.focus" subsystem="tab" outcome="ok" workspace_id="w4" tab_id="w4:t2"
2026-08-25T02:20:50.172871Z  INFO herdr::logging: session saved event="persist.save" subsystem="persist" outcome="ok" path=/Users/shahid/.config/herdr/session.json workspaces=3
2026-08-25T02:42:59.700989Z  INFO herdr::logging: tab focused event="tab.focus" subsystem="tab" outcome="ok" workspace_id="w4" tab_id="w4:t2"
2026-08-25T02:43:04.718391Z  INFO herdr::logging: session saved event="persist.save" subsystem="persist" outcome="ok" path=/Users/shahid/.config/herdr/session.json workspaces=3
2026-08-25T02:49:20.909769Z  INFO herdr::logging: checking for updates event="update.check.start" subsystem="update" outcome="started"
2026-08-25T03:04:01.808493Z  INFO herdr::logging: tab focused event="tab.focus" subsystem="tab" outcome="ok" workspace_id="w4" tab_id="w4:t2"
2026-08-25T03:04:06.812966Z  INFO herdr::logging: session saved event="persist.save" subsystem="persist" outcome="ok" path=/Users/shahid/.config/herdr/session.json workspaces=3
2026-08-25T03:05:02.048891Z  INFO herdr::logging: session saved event="persist.save" subsystem="persist" outcome="ok" path=/Users/shahid/.config/herdr/session.json workspaces=3
2026-08-25T03:19:20.848863Z  INFO herdr::logging: checking for updates event="update.check.start" subsystem="update" outcome="started"
2026-08-25T03:26:24.263806Z  INFO herdr::logging: tab focused event="tab.focus" subsystem="tab" outcome="ok" workspace_id="w4" tab_id="w4:t2"
2026-08-25T03:26:29.275640Z  INFO herdr::logging: session saved event="persist.save" subsystem="persist" outcome="ok" path=/Users/shahid/.config/herdr/session.json workspaces=3
2026-08-25T03:26:29.654927Z  INFO herdr::logging: tab focused event="tab.focus" subsystem="tab" outcome="ok" workspace_id="w4" tab_id="w4:t1"
2026-08-25T03:26:34.660402Z  INFO herdr::logging: session saved event="persist.save" subsystem="persist" outcome="ok" path=/Users/shahid/.config/herdr/session.json workspaces=3
2026-08-25T03:31:40.829807Z  INFO herdr::logging: tab focused event="tab.focus" subsystem="tab" outcome="ok" workspace_id="w4" tab_id="w4:t1"
2026-08-25T03:31:45.841318Z  INFO herdr::logging: session saved event="persist.save" subsystem="persist" outcome="ok" path=/Users/shahid/.config/herdr/session.json workspaces=3
2026-08-25T03:33:24.468962Z  INFO herdr::logging: tab focused event="tab.focus" subsystem="tab" outcome="ok" workspace_id="w4" tab_id="w4:t3"
2026-08-25T03:33:26.403063Z  INFO herdr::logging: tab focused event="tab.focus" subsystem="tab" outcome="ok" workspace_id="w4" tab_id="w4:t1"
2026-08-25T03:33:28.633472Z  INFO herdr::logging: tab focused event="tab.focus" subsystem="tab" outcome="ok" workspace_id="w4" tab_id="w4:t3"
2026-08-25T03:33:33.656311Z  INFO herdr::logging: session saved event="persist.save" subsystem="persist" outcome="ok" path=/Users/shahid/.config/herdr/session.json workspaces=3
2026-08-25T03:34:08.171916Z  INFO herdr::logging: tab focused event="tab.focus" subsystem="tab" outcome="ok" workspace_id="w4" tab_id="w4:t1"
2026-08-25T03:34:12.971162Z  INFO herdr::logging: tab focused event="tab.focus" subsystem="tab" outcome="ok" workspace_id="w4" tab_id="w4:t3"
2026-08-25T03:34:17.976658Z  INFO herdr::logging: session saved event="persist.save" subsystem="persist" outcome="ok" path=/Users/shahid/.config/herdr/session.json workspaces=3
2026-08-25T03:49:20.828334Z  INFO herdr::logging: checking for updates event="update.check.start" subsystem="update" outcome="started"
2026-08-25T04:19:20.847675Z  INFO herdr::logging: checking for updates event="update.check.start" subsystem="update" outcome="started"
2026-08-25T04:49:20.883777Z  INFO herdr::logging: checking for updates event="update.check.start" subsystem="update" outcome="started"
2026-08-25T04:50:03.469660Z  INFO herdr::logging: tab focused event="tab.focus" subsystem="tab" outcome="ok" workspace_id="w4" tab_id="w4:t1"
2026-08-25T04:50:08.483498Z  INFO herdr::logging: session saved event="persist.save" subsystem="persist" outcome="ok" path=/Users/shahid/.config/herdr/session.json workspaces=3
2026-08-25T04:50:19.755500Z  INFO herdr::logging: tab focused event="tab.focus" subsystem="tab" outcome="ok" workspace_id="w4" tab_id="w4:t1"
2026-08-25T04:50:23.578549Z  INFO herdr::logging: tab focused event="tab.focus" subsystem="tab" outcome="ok" workspace_id="w4" tab_id="w4:t1"
2026-08-25T04:50:28.586225Z  INFO herdr::logging: session saved event="persist.save" subsystem="persist" outcome="ok" path=/Users/shahid/.config/herdr/session.json workspaces=3
2026-08-25T04:50:33.039282Z  INFO herdr::logging: tab focused event="tab.focus" subsystem="tab" outcome="ok" workspace_id="w4" tab_id="w4:t1"
2026-08-25T04:50:38.045857Z  INFO herdr::logging: session saved event="persist.save" subsystem="persist" outcome="ok" path=/Users/shahid/.config/herdr/session.json workspaces=3
2026-08-25T04:50:53.833951Z  INFO herdr::logging: tab focused event="tab.focus" subsystem="tab" outcome="ok" workspace_id="w4" tab_id="w4:t1"
2026-08-25T04:50:58.841871Z  INFO herdr::logging: session saved event="persist.save" subsystem="persist" outcome="ok" path=/Users/shahid/.config/herdr/session.json workspaces=3
2026-08-25T05:19:20.873511Z  INFO herdr::logging: checking for updates event="update.check.start" subsystem="update" outcome="started"
2026-08-25T05:19:23.969347Z  WARN herdr::logging: update check failed event="update.check.complete" subsystem="update" outcome="error" err="failed to fetch Homebrew formula JSON"
2026-08-25T05:19:23.969380Z  WARN herdr::detect::manifest_update: agent detection manifest update failed: failed to fetch https://herdr.dev/agent-detection/index.toml
2026-08-25T05:20:11.290887Z  INFO herdr::logging: tab focused event="tab.focus" subsystem="tab" outcome="ok" workspace_id="w4" tab_id="w4:t1"
2026-08-25T05:20:15.310611Z  INFO herdr::logging: tab focused event="tab.focus" subsystem="tab" outcome="ok" workspace_id="w4" tab_id="w4:t1"
2026-08-25T05:20:20.319940Z  INFO herdr::logging: session saved event="persist.save" subsystem="persist" outcome="ok" path=/Users/shahid/.config/herdr/session.json workspaces=3
2026-08-25T05:23:21.700469Z  INFO herdr::logging: tab focused event="tab.focus" subsystem="tab" outcome="ok" workspace_id="w4" tab_id="w4:t1"
2026-08-25T05:23:26.707703Z  INFO herdr::logging: session saved event="persist.save" subsystem="persist" outcome="ok" path=/Users/shahid/.config/herdr/session.json workspaces=3
2026-08-25T05:36:58.386201Z  INFO herdr::logging: tab focused event="tab.focus" subsystem="tab" outcome="ok" workspace_id="w4" tab_id="w4:t3"
2026-08-25T05:37:00.213014Z  INFO herdr::logging: tab focused event="tab.focus" subsystem="tab" outcome="ok" workspace_id="w4" tab_id="w4:t1"
2026-08-25T05:37:02.616627Z  INFO herdr::logging: tab focused event="tab.focus" subsystem="tab" outcome="ok" workspace_id="w4" tab_id="w4:t1"
2026-08-25T05:37:07.630434Z  INFO herdr::logging: session saved event="persist.save" subsystem="persist" outcome="ok" path=/Users/shahid/.config/herdr/session.json workspaces=3
2026-08-25T05:43:43.272143Z  INFO herdr::logging: tab focused event="tab.focus" subsystem="tab" outcome="ok" workspace_id="w4" tab_id="w4:t1"
2026-08-25T05:43:48.285611Z  INFO herdr::logging: session saved event="persist.save" subsystem="persist" outcome="ok" path=/Users/shahid/.config/herdr/session.json workspaces=3
2026-08-25T05:44:01.913871Z  INFO herdr::logging: tab focused event="tab.focus" subsystem="tab" outcome="ok" workspace_id="w4" tab_id="w4:t1"
2026-08-25T05:44:06.931027Z  INFO herdr::logging: session saved event="persist.save" subsystem="persist" outcome="ok" path=/Users/shahid/.config/herdr/session.json workspaces=3
2026-08-25T05:44:09.173649Z  INFO herdr::logging: tab focused event="tab.focus" subsystem="tab" outcome="ok" workspace_id="w4" tab_id="w4:t1"
2026-08-25T05:44:14.181217Z  INFO herdr::logging: session saved event="persist.save" subsystem="persist" outcome="ok" path=/Users/shahid/.config/herdr/session.json workspaces=3
2026-08-25T05:44:14.465305Z  INFO herdr::logging: tab focused event="tab.focus" subsystem="tab" outcome="ok" workspace_id="w4" tab_id="w4:t1"
2026-08-25T05:44:19.482956Z  INFO herdr::logging: session saved event="persist.save" subsystem="persist" outcome="ok" path=/Users/shahid/.config/herdr/session.json workspaces=3
2026-08-25T05:47:37.518947Z  INFO herdr::logging: tab focused event="tab.focus" subsystem="tab" outcome="ok" workspace_id="w4" tab_id="w4:t3"
2026-08-25T05:47:42.525133Z  INFO herdr::logging: session saved event="persist.save" subsystem="persist" outcome="ok" path=/Users/shahid/.config/herdr/session.json workspaces=3
2026-08-25T05:47:47.215541Z  INFO herdr::logging: tab focused event="tab.focus" subsystem="tab" outcome="ok" workspace_id="w4" tab_id="w4:t3"
2026-08-25T05:47:49.515200Z  INFO herdr::logging: tab focused event="tab.focus" subsystem="tab" outcome="ok" workspace_id="w4" tab_id="w4:t3"
2026-08-25T05:47:54.519692Z  INFO herdr::logging: session saved event="persist.save" subsystem="persist" outcome="ok" path=/Users/shahid/.config/herdr/session.json workspaces=3
2026-08-25T05:48:04.236482Z  INFO herdr::logging: tab focused event="tab.focus" subsystem="tab" outcome="ok" workspace_id="w4" tab_id="w4:t3"
2026-08-25T05:48:05.841602Z  INFO herdr::logging: tab focused event="tab.focus" subsystem="tab" outcome="ok" workspace_id="w4" tab_id="w4:t3"
2026-08-25T05:48:08.951449Z  INFO herdr::logging: tab focused event="tab.focus" subsystem="tab" outcome="ok" workspace_id="w4" tab_id="w4:t3"
2026-08-25T05:48:13.956511Z  INFO herdr::logging: session saved event="persist.save" subsystem="persist" outcome="ok" path=/Users/shahid/.config/herdr/session.json workspaces=3
2026-08-25T05:48:54.996052Z  WARN herdr::raw_input: flushing lone escape after input timeout; if this follows an alt chord or focus switch it may reach the pane as plain esc bytes=[27]
2026-08-25T05:48:57.974869Z  INFO herdr::logging: tab focused event="tab.focus" subsystem="tab" outcome="ok" workspace_id="w4" tab_id="w4:t3"
2026-08-25T05:49:02.979374Z  INFO herdr::logging: session saved event="persist.save" subsystem="persist" outcome="ok" path=/Users/shahid/.config/herdr/session.json workspaces=3
2026-08-25T05:49:04.737731Z  INFO herdr::logging: tab focused event="tab.focus" subsystem="tab" outcome="ok" workspace_id="w4" tab_id="w4:t3"
2026-08-25T05:49:07.902178Z  INFO herdr::logging: tab focused event="tab.focus" subsystem="tab" outcome="ok" workspace_id="w4" tab_id="w4:t3"
2026-08-25T05:49:12.908641Z  INFO herdr::logging: session saved event="persist.save" subsystem="persist" outcome="ok" path=/Users/shahid/.config/herdr/session.json workspaces=3
2026-08-25T05:49:20.913340Z  INFO herdr::logging: checking for updates event="update.check.start" subsystem="update" outcome="started"
2026-08-25T06:19:20.910887Z  INFO herdr::logging: checking for updates event="update.check.start" subsystem="update" outcome="started"
2026-08-25T06:49:20.934112Z  INFO herdr::logging: checking for updates event="update.check.start" subsystem="update" outcome="started"
2026-08-25T07:19:20.930268Z  INFO herdr::logging: checking for updates event="update.check.start" subsystem="update" outcome="started"
2026-08-25T07:30:25.211614Z  INFO herdr::logging: tab focused event="tab.focus" subsystem="tab" outcome="ok" workspace_id="w4" tab_id="w4:t1"
2026-08-25T07:30:30.218604Z  INFO herdr::logging: session saved event="persist.save" subsystem="persist" outcome="ok" path=/Users/shahid/.config/herdr/session.json workspaces=3
2026-08-25T07:49:21.613466Z  INFO herdr::logging: checking for updates event="update.check.start" subsystem="update" outcome="started"
2026-08-25T12:40:45.034571Z  INFO herdr::logging: checking for updates event="update.check.start" subsystem="update" outcome="started"
2026-08-25T12:40:48.157718Z  WARN herdr::detect::manifest_update: agent detection manifest update failed: failed to fetch https://herdr.dev/agent-detection/index.toml
2026-08-25T12:40:48.157708Z  WARN herdr::logging: update check failed event="update.check.complete" subsystem="update" outcome="error" err="failed to fetch Homebrew formula JSON"
2026-08-25T12:53:26.441727Z  INFO herdr::logging: tab focused event="tab.focus" subsystem="tab" outcome="ok" workspace_id="w4" tab_id="w4:t1"
2026-08-25T12:53:30.714511Z  INFO herdr::logging: tab focused event="tab.focus" subsystem="tab" outcome="ok" workspace_id="w4" tab_id="w4:t1"
2026-08-25T12:53:35.746852Z  INFO herdr::logging: session saved event="persist.save" subsystem="persist" outcome="ok" path=/Users/shahid/.config/herdr/session.json workspaces=3
2026-08-25T12:53:40.870769Z  INFO herdr::logging: tab focused event="tab.focus" subsystem="tab" outcome="ok" workspace_id="w4" tab_id="w4:t1"
2026-08-25T12:53:45.885826Z  INFO herdr::logging: session saved event="persist.save" subsystem="persist" outcome="ok" path=/Users/shahid/.config/herdr/session.json workspaces=3
2026-08-25T13:03:17.949484Z  INFO herdr::logging: tab focused event="tab.focus" subsystem="tab" outcome="ok" workspace_id="w4" tab_id="w4:t3"
2026-08-25T13:03:19.317283Z  INFO herdr::logging: tab focused event="tab.focus" subsystem="tab" outcome="ok" workspace_id="w4" tab_id="w4:t1"
2026-08-25T13:03:24.321595Z  INFO herdr::logging: session saved event="persist.save" subsystem="persist" outcome="ok" path=/Users/shahid/.config/herdr/session.json workspaces=3
2026-08-25T13:07:19.260017Z  INFO herdr::logging: tab focused event="tab.focus" subsystem="tab" outcome="ok" workspace_id="w4" tab_id="w4:t3"
2026-08-25T13:07:24.264130Z  INFO herdr::logging: session saved event="persist.save" subsystem="persist" outcome="ok" path=/Users/shahid/.config/herdr/session.json workspaces=3
2026-08-25T13:07:31.801993Z  INFO herdr::logging: tab focused event="tab.focus" subsystem="tab" outcome="ok" workspace_id="w4" tab_id="w4:t1"
2026-08-25T13:07:36.620275Z  INFO herdr::logging: tab focused event="tab.focus" subsystem="tab" outcome="ok" workspace_id="w4" tab_id="w4:t3"
2026-08-25T13:07:41.624381Z  INFO herdr::logging: session saved event="persist.save" subsystem="persist" outcome="ok" path=/Users/shahid/.config/herdr/session.json workspaces=3
2026-08-25T13:14:47.998748Z  INFO herdr::logging: tab focused event="tab.focus" subsystem="tab" outcome="ok" workspace_id="w4" tab_id="w4:t1"
2026-08-25T13:14:48.816821Z  INFO herdr::logging: tab focused event="tab.focus" subsystem="tab" outcome="ok" workspace_id="w4" tab_id="w4:t1"
2026-08-25T13:14:49.703533Z  INFO herdr::logging: tab focused event="tab.focus" subsystem="tab" outcome="ok" workspace_id="w4" tab_id="w4:t1"
2026-08-25T13:14:54.710046Z  INFO herdr::logging: session saved event="persist.save" subsystem="persist" outcome="ok" path=/Users/shahid/.config/herdr/session.json workspaces=3
2026-08-25T13:17:27.931279Z  INFO herdr::logging: tab focused event="tab.focus" subsystem="tab" outcome="ok" workspace_id="w4" tab_id="w4:t3"
2026-08-25T13:17:32.936585Z  INFO herdr::logging: session saved event="persist.save" subsystem="persist" outcome="ok" path=/Users/shahid/.config/herdr/session.json workspaces=3
2026-08-25T13:17:34.722659Z  INFO herdr::logging: workspace focused event="workspace.focus" subsystem="workspace" outcome="ok" workspace_id="w6"
2026-08-25T13:17:34.722753Z  INFO herdr::logging: tab focused event="tab.focus" subsystem="tab" outcome="ok" workspace_id="w6" tab_id="w6:t1"
2026-08-25T13:17:39.727265Z  INFO herdr::logging: session saved event="persist.save" subsystem="persist" outcome="ok" path=/Users/shahid/.config/herdr/session.json workspaces=3
2026-08-25T13:18:14.305394Z  INFO herdr::logging: workspace focused event="workspace.focus" subsystem="workspace" outcome="ok" workspace_id="w5"
2026-08-25T13:18:14.305483Z  INFO herdr::logging: tab focused event="tab.focus" subsystem="tab" outcome="ok" workspace_id="w5" tab_id="w5:t1"
2026-08-25T13:18:15.842669Z  INFO herdr::logging: workspace focused event="workspace.focus" subsystem="workspace" outcome="ok" workspace_id="w4"
2026-08-25T13:18:15.842734Z  INFO herdr::logging: tab focused event="tab.focus" subsystem="tab" outcome="ok" workspace_id="w4" tab_id="w4:t3"
2026-08-25T13:18:20.602719Z  INFO herdr::logging: tab focused event="tab.focus" subsystem="tab" outcome="ok" workspace_id="w4" tab_id="w4:t1"
2026-08-25T13:18:22.731064Z  INFO herdr::logging: tab focused event="tab.focus" subsystem="tab" outcome="ok" workspace_id="w4" tab_id="w4:t3"
2026-08-25T13:18:26.492767Z  INFO herdr::logging: workspace focused event="workspace.focus" subsystem="workspace" outcome="ok" workspace_id="w6"
2026-08-25T13:18:26.492812Z  INFO herdr::logging: tab focused event="tab.focus" subsystem="tab" outcome="ok" workspace_id="w6" tab_id="w6:t1"
2026-08-25T13:18:31.495608Z  INFO herdr::logging: session saved event="persist.save" subsystem="persist" outcome="ok" path=/Users/shahid/.config/herdr/session.json workspaces=3
2026-08-25T13:19:05.834442Z  INFO herdr::logging: checking for updates event="update.check.start" subsystem="update" outcome="started"
2026-08-25T13:19:06.237549Z  INFO herdr::logging: workspace focused event="workspace.focus" subsystem="workspace" outcome="ok" workspace_id="w5"
2026-08-25T13:19:06.237579Z  INFO herdr::logging: tab focused event="tab.focus" subsystem="tab" outcome="ok" workspace_id="w5" tab_id="w5:t1"
2026-08-25T13:19:07.039085Z  INFO herdr::logging: workspace focused event="workspace.focus" subsystem="workspace" outcome="ok" workspace_id="w4"
2026-08-25T13:19:07.039218Z  INFO herdr::logging: tab focused event="tab.focus" subsystem="tab" outcome="ok" workspace_id="w4" tab_id="w4:t3"
2026-08-25T13:19:12.042594Z  INFO herdr::logging: session saved event="persist.save" subsystem="persist" outcome="ok" path=/Users/shahid/.config/herdr/session.json workspaces=3
2026-08-25T13:49:05.998313Z  INFO herdr::logging: checking for updates event="update.check.start" subsystem="update" outcome="started"
2026-08-25T14:19:06.022928Z  INFO herdr::logging: checking for updates event="update.check.start" subsystem="update" outcome="started"
2026-08-25T14:27:17.135918Z  INFO herdr::logging: tab focused event="tab.focus" subsystem="tab" outcome="ok" workspace_id="w4" tab_id="w4:t1"
2026-08-25T14:27:18.633869Z  INFO herdr::logging: tab focused event="tab.focus" subsystem="tab" outcome="ok" workspace_id="w4" tab_id="w4:t1"
2026-08-25T14:27:23.647125Z  INFO herdr::logging: session saved event="persist.save" subsystem="persist" outcome="ok" path=/Users/shahid/.config/herdr/session.json workspaces=3
2026-08-26T02:57:09.358570Z  INFO herdr::logging: tab focused event="tab.focus" subsystem="tab" outcome="ok" workspace_id="w4" tab_id="w4:t1"
2026-08-26T02:57:14.368039Z  INFO herdr::logging: session saved event="persist.save" subsystem="persist" outcome="ok" path=/Users/shahid/.config/herdr/session.json workspaces=3
2026-08-26T02:57:42.023294Z  INFO herdr::logging: tab focused event="tab.focus" subsystem="tab" outcome="ok" workspace_id="w4" tab_id="w4:t3"
2026-08-26T02:57:44.774853Z  INFO herdr::logging: tab focused event="tab.focus" subsystem="tab" outcome="ok" workspace_id="w4" tab_id="w4:t1"
2026-08-26T02:57:49.781303Z  INFO herdr::logging: session saved event="persist.save" subsystem="persist" outcome="ok" path=/Users/shahid/.config/herdr/session.json workspaces=3
2026-08-26T02:58:22.024160Z  INFO herdr::logging: tab focused event="tab.focus" subsystem="tab" outcome="ok" workspace_id="w4" tab_id="w4:t3"
2026-08-26T02:58:27.039495Z  INFO herdr::logging: session saved event="persist.save" subsystem="persist" outcome="ok" path=/Users/shahid/.config/herdr/session.json workspaces=3
2026-08-26T03:04:10.465835Z  INFO herdr::logging: checking for updates event="update.check.start" subsystem="update" outcome="started"
2026-08-26T03:34:10.412594Z  INFO herdr::logging: checking for updates event="update.check.start" subsystem="update" outcome="started"
2026-08-26T03:37:10.907398Z  INFO herdr::logging: tab focused event="tab.focus" subsystem="tab" outcome="ok" workspace_id="w4" tab_id="w4:t1"
2026-08-26T03:37:12.798818Z  INFO herdr::logging: tab focused event="tab.focus" subsystem="tab" outcome="ok" workspace_id="w4" tab_id="w4:t1"
2026-08-26T03:37:15.410808Z  INFO herdr::logging: tab focused event="tab.focus" subsystem="tab" outcome="ok" workspace_id="w4" tab_id="w4:t1"
2026-08-26T03:37:20.422425Z  INFO herdr::logging: session saved event="persist.save" subsystem="persist" outcome="ok" path=/Users/shahid/.config/herdr/session.json workspaces=3
2026-08-26T03:37:55.909257Z  INFO herdr::logging: tab focused event="tab.focus" subsystem="tab" outcome="ok" workspace_id="w4" tab_id="w4:t1"
2026-08-26T03:38:00.917501Z  INFO herdr::logging: session saved event="persist.save" subsystem="persist" outcome="ok" path=/Users/shahid/.config/herdr/session.json workspaces=3
2026-08-26T03:38:01.231024Z  INFO herdr::logging: tab focused event="tab.focus" subsystem="tab" outcome="ok" workspace_id="w4" tab_id="w4:t3"
2026-08-26T03:38:02.838733Z  INFO herdr::logging: tab focused event="tab.focus" subsystem="tab" outcome="ok" workspace_id="w4" tab_id="w4:t3"
2026-08-26T03:38:07.845801Z  INFO herdr::logging: session saved event="persist.save" subsystem="persist" outcome="ok" path=/Users/shahid/.config/herdr/session.json workspaces=3
2026-08-26T03:38:09.138851Z  INFO herdr::logging: tab focused event="tab.focus" subsystem="tab" outcome="ok" workspace_id="w4" tab_id="w4:t3"
2026-08-26T03:38:14.142148Z  INFO herdr::logging: session saved event="persist.save" subsystem="persist" outcome="ok" path=/Users/shahid/.config/herdr/session.json workspaces=3
2026-08-26T03:38:57.624348Z  INFO herdr::logging: tab focused event="tab.focus" subsystem="tab" outcome="ok" workspace_id="w4" tab_id="w4:t3"
2026-08-26T03:39:02.634928Z  INFO herdr::logging: session saved event="persist.save" subsystem="persist" outcome="ok" path=/Users/shahid/.config/herdr/session.json workspaces=3
2026-08-26T03:39:04.091207Z  INFO herdr::logging: tab focused event="tab.focus" subsystem="tab" outcome="ok" workspace_id="w4" tab_id="w4:t1"
2026-08-26T03:39:04.913351Z  INFO herdr::logging: tab focused event="tab.focus" subsystem="tab" outcome="ok" workspace_id="w4" tab_id="w4:t1"
2026-08-26T03:39:07.261299Z  INFO herdr::logging: tab focused event="tab.focus" subsystem="tab" outcome="ok" workspace_id="w4" tab_id="w4:t1"
2026-08-26T03:39:10.193408Z  INFO herdr::logging: tab focused event="tab.focus" subsystem="tab" outcome="ok" workspace_id="w4" tab_id="w4:t1"
2026-08-26T03:39:15.197406Z  INFO herdr::logging: session saved event="persist.save" subsystem="persist" outcome="ok" path=/Users/shahid/.config/herdr/session.json workspaces=3
2026-08-26T03:39:25.878503Z  INFO herdr::logging: tab focused event="tab.focus" subsystem="tab" outcome="ok" workspace_id="w4" tab_id="w4:t1"
2026-08-26T03:39:30.881934Z  INFO herdr::logging: session saved event="persist.save" subsystem="persist" outcome="ok" path=/Users/shahid/.config/herdr/session.json workspaces=3
2026-08-26T03:39:38.676625Z  INFO herdr::logging: tab focused event="tab.focus" subsystem="tab" outcome="ok" workspace_id="w4" tab_id="w4:t3"
2026-08-26T03:39:43.489537Z  INFO herdr::logging: tab focused event="tab.focus" subsystem="tab" outcome="ok" workspace_id="w4" tab_id="w4:t1"
2026-08-26T03:39:46.296233Z  INFO herdr::logging: tab focused event="tab.focus" subsystem="tab" outcome="ok" workspace_id="w4" tab_id="w4:t3"
2026-08-26T03:39:48.230894Z  INFO herdr::logging: tab focused event="tab.focus" subsystem="tab" outcome="ok" workspace_id="w4" tab_id="w4:t1"
2026-08-26T03:39:49.671985Z  INFO herdr::logging: tab focused event="tab.focus" subsystem="tab" outcome="ok" workspace_id="w4" tab_id="w4:t3"
2026-08-26T03:39:54.678738Z  INFO herdr::logging: session saved event="persist.save" subsystem="persist" outcome="ok" path=/Users/shahid/.config/herdr/session.json workspaces=3
2026-08-26T03:40:37.511442Z  INFO herdr::logging: tab focused event="tab.focus" subsystem="tab" outcome="ok" workspace_id="w4" tab_id="w4:t3"
2026-08-26T03:40:42.515526Z  INFO herdr::logging: session saved event="persist.save" subsystem="persist" outcome="ok" path=/Users/shahid/.config/herdr/session.json workspaces=3
2026-08-26T03:40:43.977240Z  INFO herdr::logging: tab focused event="tab.focus" subsystem="tab" outcome="ok" workspace_id="w4" tab_id="w4:t1"
2026-08-26T03:40:48.991996Z  INFO herdr::logging: session saved event="persist.save" subsystem="persist" outcome="ok" path=/Users/shahid/.config/herdr/session.json workspaces=3
2026-08-26T03:42:07.361127Z  INFO herdr::logging: tab focused event="tab.focus" subsystem="tab" outcome="ok" workspace_id="w4" tab_id="w4:t1"
2026-08-26T03:42:12.369112Z  INFO herdr::logging: session saved event="persist.save" subsystem="persist" outcome="ok" path=/Users/shahid/.config/herdr/session.json workspaces=3
2026-08-26T03:42:19.653621Z  INFO herdr::logging: tab focused event="tab.focus" subsystem="tab" outcome="ok" workspace_id="w4" tab_id="w4:t3"
2026-08-26T03:42:21.011208Z  INFO herdr::logging: tab focused event="tab.focus" subsystem="tab" outcome="ok" workspace_id="w4" tab_id="w4:t3"
2026-08-26T03:42:23.117696Z  INFO herdr::logging: tab focused event="tab.focus" subsystem="tab" outcome="ok" workspace_id="w4" tab_id="w4:t3"
2026-08-26T03:42:24.953888Z  INFO herdr::logging: tab focused event="tab.focus" subsystem="tab" outcome="ok" workspace_id="w4" tab_id="w4:t3"
2026-08-26T03:42:29.957461Z  INFO herdr::logging: session saved event="persist.save" subsystem="persist" outcome="ok" path=/Users/shahid/.config/herdr/session.json workspaces=3
2026-08-26T03:42:40.521240Z  WARN herdr::raw_input: flushing lone escape after input timeout; if this follows an alt chord or focus switch it may reach the pane as plain esc bytes=[27]
2026-08-26T03:42:44.699288Z  INFO herdr::logging: tab focused event="tab.focus" subsystem="tab" outcome="ok" workspace_id="w4" tab_id="w4:t3"
2026-08-26T03:42:49.054522Z  WARN herdr::raw_input: flushing lone escape after input timeout; if this follows an alt chord or focus switch it may reach the pane as plain esc bytes=[27]
2026-08-26T03:42:49.701317Z  INFO herdr::logging: session saved event="persist.save" subsystem="persist" outcome="ok" path=/Users/shahid/.config/herdr/session.json workspaces=3
2026-08-26T03:42:51.676761Z  INFO herdr::logging: tab focused event="tab.focus" subsystem="tab" outcome="ok" workspace_id="w4" tab_id="w4:t3"
2026-08-26T03:42:52.181352Z  INFO herdr::logging: tab focused event="tab.focus" subsystem="tab" outcome="ok" workspace_id="w4" tab_id="w4:t3"
2026-08-26T03:42:54.865767Z  INFO herdr::logging: tab focused event="tab.focus" subsystem="tab" outcome="ok" workspace_id="w4" tab_id="w4:t3"
2026-08-26T03:42:59.868265Z  INFO herdr::logging: session saved event="persist.save" subsystem="persist" outcome="ok" path=/Users/shahid/.config/herdr/session.json workspaces=3
2026-08-26T03:48:17.144236Z  INFO herdr::logging: tab focused event="tab.focus" subsystem="tab" outcome="ok" workspace_id="w4" tab_id="w4:t1"
2026-08-26T03:48:18.554052Z  INFO herdr::logging: tab focused event="tab.focus" subsystem="tab" outcome="ok" workspace_id="w4" tab_id="w4:t1"
2026-08-26T03:48:23.561873Z  INFO herdr::logging: session saved event="persist.save" subsystem="persist" outcome="ok" path=/Users/shahid/.config/herdr/session.json workspaces=3
2026-08-26T04:04:10.421066Z  INFO herdr::logging: checking for updates event="update.check.start" subsystem="update" outcome="started"
2026-08-26T04:34:10.452118Z  INFO herdr::logging: checking for updates event="update.check.start" subsystem="update" outcome="started"
2026-08-26T05:04:10.473011Z  INFO herdr::logging: checking for updates event="update.check.start" subsystem="update" outcome="started"
2026-08-26T05:45:59.734204Z  INFO herdr::logging: checking for updates event="update.check.start" subsystem="update" outcome="started"
2026-08-26T06:15:59.733048Z  INFO herdr::logging: checking for updates event="update.check.start" subsystem="update" outcome="started"
2026-08-26T06:41:28.500090Z  INFO herdr::logging: workspace focused event="workspace.focus" subsystem="workspace" outcome="ok" workspace_id="w6"
2026-08-26T06:41:28.501425Z  INFO herdr::logging: tab focused event="tab.focus" subsystem="tab" outcome="ok" workspace_id="w6" tab_id="w6:t1"
2026-08-26T06:41:29.355118Z  INFO herdr::logging: workspace focused event="workspace.focus" subsystem="workspace" outcome="ok" workspace_id="w5"
2026-08-26T06:41:29.355376Z  INFO herdr::logging: tab focused event="tab.focus" subsystem="tab" outcome="ok" workspace_id="w5" tab_id="w5:t1"
2026-08-26T06:41:34.360690Z  INFO herdr::logging: session saved event="persist.save" subsystem="persist" outcome="ok" path=/Users/shahid/.config/herdr/session.json workspaces=3
2026-08-26T06:41:46.032606Z  INFO herdr::logging: workspace focused event="workspace.focus" subsystem="workspace" outcome="ok" workspace_id="w6"
2026-08-26T06:41:46.033129Z  INFO herdr::logging: tab focused event="tab.focus" subsystem="tab" outcome="ok" workspace_id="w6" tab_id="w6:t1"
2026-08-26T06:41:46.913533Z  INFO herdr::logging: workspace focused event="workspace.focus" subsystem="workspace" outcome="ok" workspace_id="w4"
2026-08-26T06:41:46.913742Z  INFO herdr::logging: tab focused event="tab.focus" subsystem="tab" outcome="ok" workspace_id="w4" tab_id="w4:t1"
2026-08-26T06:41:51.918182Z  INFO herdr::logging: session saved event="persist.save" subsystem="persist" outcome="ok" path=/Users/shahid/.config/herdr/session.json workspaces=3
2026-08-26T06:42:39.596351Z  INFO herdr::logging: tab focused event="tab.focus" subsystem="tab" outcome="ok" workspace_id="w4" tab_id="w4:t1"
2026-08-26T06:42:43.562381Z  INFO herdr::logging: tab focused event="tab.focus" subsystem="tab" outcome="ok" workspace_id="w4" tab_id="w4:t3"
2026-08-26T06:42:48.568292Z  INFO herdr::logging: session saved event="persist.save" subsystem="persist" outcome="ok" path=/Users/shahid/.config/herdr/session.json workspaces=3
2026-08-26T06:42:50.759485Z  INFO herdr::logging: spawning pane terminal event="pane.spawn.start" subsystem="pane" outcome="started" pane_id=12 rows=29 cols=59 scrollback_limit_bytes=10000000
2026-08-26T06:42:50.779629Z  INFO herdr::logging: pane child spawned event="pane.spawned" subsystem="pane" outcome="ok" pane_id=12 pid=53702
2026-08-26T06:42:50.784401Z  INFO herdr::logging: tab focused event="tab.focus" subsystem="tab" outcome="ok" workspace_id="w4" tab_id="w4:t3"
2026-08-26T06:42:55.790856Z  INFO herdr::logging: session saved event="persist.save" subsystem="persist" outcome="ok" path=/Users/shahid/.config/herdr/session.json workspaces=3
2026-08-26T06:43:50.657863Z  WARN herdr::raw_input: flushing lone escape after input timeout; if this follows an alt chord or focus switch it may reach the pane as plain esc bytes=[27]
2026-08-26T06:45:59.762694Z  INFO herdr::logging: checking for updates event="update.check.start" subsystem="update" outcome="started"
2026-08-26T07:12:51.389110Z  INFO herdr::logging: tab focused event="tab.focus" subsystem="tab" outcome="ok" workspace_id="w4" tab_id="w4:t1"
2026-08-26T07:12:53.655916Z  INFO herdr::logging: tab focused event="tab.focus" subsystem="tab" outcome="ok" workspace_id="w4" tab_id="w4:t1"
2026-08-26T07:12:54.979836Z  INFO herdr::logging: tab focused event="tab.focus" subsystem="tab" outcome="ok" workspace_id="w4" tab_id="w4:t1"
2026-08-26T07:12:59.983331Z  INFO herdr::logging: session saved event="persist.save" subsystem="persist" outcome="ok" path=/Users/shahid/.config/herdr/session.json workspaces=3
2026-08-26T07:15:59.785405Z  INFO herdr::logging: checking for updates event="update.check.start" subsystem="update" outcome="started"
2026-08-26T07:34:23.469762Z  INFO herdr::logging: tab focused event="tab.focus" subsystem="tab" outcome="ok" workspace_id="w4" tab_id="w4:t3"
2026-08-26T07:34:28.480639Z  INFO herdr::logging: session saved event="persist.save" subsystem="persist" outcome="ok" path=/Users/shahid/.config/herdr/session.json workspaces=3
2026-08-26T07:34:31.979115Z  INFO herdr::logging: pane child exited event="pane.exit" subsystem="pane" outcome="completed" pane_id=12 status="ExitStatus { code: 130, signal: None }"
2026-08-26T07:34:31.979738Z  INFO herdr::pane: pane session terminated pane=12 pid=53702 signal=Hangup
2026-08-26T07:34:36.987210Z  INFO herdr::logging: session saved event="persist.save" subsystem="persist" outcome="ok" path=/Users/shahid/.config/herdr/session.json workspaces=3
2026-08-26T07:45:59.796329Z  INFO herdr::logging: checking for updates event="update.check.start" subsystem="update" outcome="started"
2026-08-26T08:15:59.689305Z  INFO herdr::logging: checking for updates event="update.check.start" subsystem="update" outcome="started"
2026-08-26T08:17:56.653472Z  INFO herdr::logging: tab focused event="tab.focus" subsystem="tab" outcome="ok" workspace_id="w4" tab_id="w4:t2"
2026-08-26T08:18:01.660400Z  INFO herdr::logging: session saved event="persist.save" subsystem="persist" outcome="ok" path=/Users/shahid/.config/herdr/session.json workspaces=3
2026-08-26T08:29:35.928645Z  INFO herdr::logging: tab focused event="tab.focus" subsystem="tab" outcome="ok" workspace_id="w4" tab_id="w4:t2"
2026-08-26T08:29:40.939419Z  INFO herdr::logging: session saved event="persist.save" subsystem="persist" outcome="ok" path=/Users/shahid/.config/herdr/session.json workspaces=3
2026-08-26T08:45:59.688024Z  INFO herdr::logging: checking for updates event="update.check.start" subsystem="update" outcome="started"
2026-08-26T09:15:59.678433Z  INFO herdr::logging: checking for updates event="update.check.start" subsystem="update" outcome="started"
2026-08-26T09:45:59.729467Z  INFO herdr::logging: checking for updates event="update.check.start" subsystem="update" outcome="started"
2026-08-27T02:30:42.899288Z  INFO herdr::logging: checking for updates event="update.check.start" subsystem="update" outcome="started"
2026-08-27T02:44:33.682834Z  INFO herdr::logging: tab focused event="tab.focus" subsystem="tab" outcome="ok" workspace_id="w4" tab_id="w4:t2"
2026-08-27T02:44:36.722134Z  INFO herdr::logging: tab focused event="tab.focus" subsystem="tab" outcome="ok" workspace_id="w4" tab_id="w4:t1"
2026-08-27T02:44:37.415493Z  INFO herdr::logging: tab focused event="tab.focus" subsystem="tab" outcome="ok" workspace_id="w4" tab_id="w4:t1"
2026-08-27T02:44:42.428182Z  INFO herdr::logging: session saved event="persist.save" subsystem="persist" outcome="ok" path=/Users/shahid/.config/herdr/session.json workspaces=3
2026-08-27T02:46:38.557818Z  INFO herdr::logging: tab focused event="tab.focus" subsystem="tab" outcome="ok" workspace_id="w4" tab_id="w4:t1"
2026-08-27T02:46:43.566517Z  INFO herdr::logging: session saved event="persist.save" subsystem="persist" outcome="ok" path=/Users/shahid/.config/herdr/session.json workspaces=3
2026-08-27T02:46:46.110340Z  INFO herdr::logging: tab focused event="tab.focus" subsystem="tab" outcome="ok" workspace_id="w4" tab_id="w4:t3"
2026-08-27T02:46:47.296437Z  INFO herdr::logging: tab focused event="tab.focus" subsystem="tab" outcome="ok" workspace_id="w4" tab_id="w4:t1"
2026-08-27T02:46:52.304723Z  INFO herdr::logging: session saved event="persist.save" subsystem="persist" outcome="ok" path=/Users/shahid/.config/herdr/session.json workspaces=3
2026-08-27T02:51:29.983633Z  INFO herdr::logging: tab focused event="tab.focus" subsystem="tab" outcome="ok" workspace_id="w4" tab_id="w4:t3"
2026-08-27T02:51:30.729123Z  INFO herdr::logging: tab focused event="tab.focus" subsystem="tab" outcome="ok" workspace_id="w4" tab_id="w4:t3"
2026-08-27T02:51:32.052260Z  INFO herdr::logging: tab focused event="tab.focus" subsystem="tab" outcome="ok" workspace_id="w4" tab_id="w4:t3"
2026-08-27T02:51:34.625862Z  INFO herdr::logging: tab focused event="tab.focus" subsystem="tab" outcome="ok" workspace_id="w4" tab_id="w4:t1"
2026-08-27T02:51:38.164259Z  INFO herdr::logging: tab focused event="tab.focus" subsystem="tab" outcome="ok" workspace_id="w4" tab_id="w4:t1"
2026-08-27T02:51:43.170366Z  INFO herdr::logging: session saved event="persist.save" subsystem="persist" outcome="ok" path=/Users/shahid/.config/herdr/session.json workspaces=3
2026-08-27T02:51:52.823691Z  INFO herdr::logging: tab focused event="tab.focus" subsystem="tab" outcome="ok" workspace_id="w4" tab_id="w4:t1"
2026-08-27T02:51:57.832872Z  INFO herdr::logging: session saved event="persist.save" subsystem="persist" outcome="ok" path=/Users/shahid/.config/herdr/session.json workspaces=3
2026-08-27T02:52:03.357357Z  INFO herdr::logging: tab focused event="tab.focus" subsystem="tab" outcome="ok" workspace_id="w4" tab_id="w4:t3"
2026-08-27T02:52:08.364711Z  INFO herdr::logging: session saved event="persist.save" subsystem="persist" outcome="ok" path=/Users/shahid/.config/herdr/session.json workspaces=3
2026-08-27T02:52:10.415909Z  INFO herdr::logging: tab focused event="tab.focus" subsystem="tab" outcome="ok" workspace_id="w4" tab_id="w4:t3"
2026-08-27T02:52:15.403436Z  INFO herdr::logging: tab focused event="tab.focus" subsystem="tab" outcome="ok" workspace_id="w4" tab_id="w4:t1"
2026-08-27T02:52:20.409165Z  INFO herdr::logging: session saved event="persist.save" subsystem="persist" outcome="ok" path=/Users/shahid/.config/herdr/session.json workspaces=3
2026-08-27T02:55:15.223798Z  INFO herdr::logging: tab focused event="tab.focus" subsystem="tab" outcome="ok" workspace_id="w4" tab_id="w4:t1"
2026-08-27T02:55:20.231726Z  INFO herdr::logging: session saved event="persist.save" subsystem="persist" outcome="ok" path=/Users/shahid/.config/herdr/session.json workspaces=3
2026-08-27T03:00:42.908883Z  INFO herdr::logging: checking for updates event="update.check.start" subsystem="update" outcome="started"
2026-08-27T03:11:11.165448Z  WARN herdr::raw_input: flushing lone escape after input timeout; if this follows an alt chord or focus switch it may reach the pane as plain esc bytes=[27]
2026-08-27T03:14:21.888622Z  INFO herdr::logging: tab focused event="tab.focus" subsystem="tab" outcome="ok" workspace_id="w4" tab_id="w4:t1"
2026-08-27T03:14:23.817236Z  INFO herdr::logging: tab focused event="tab.focus" subsystem="tab" outcome="ok" workspace_id="w4" tab_id="w4:t3"
2026-08-27T03:14:28.822159Z  INFO herdr::logging: session saved event="persist.save" subsystem="persist" outcome="ok" path=/Users/shahid/.config/herdr/session.json workspaces=3
2026-08-27T03:15:18.301573Z  INFO herdr::logging: tab focused event="tab.focus" subsystem="tab" outcome="ok" workspace_id="w4" tab_id="w4:t3"
2026-08-27T03:15:23.202762Z  WARN herdr::raw_input: flushing lone escape after input timeout; if this follows an alt chord or focus switch it may reach the pane as plain esc bytes=[27]
2026-08-27T03:15:23.307638Z  INFO herdr::logging: session saved event="persist.save" subsystem="persist" outcome="ok" path=/Users/shahid/.config/herdr/session.json workspaces=3
2026-08-27T03:15:25.978752Z  INFO herdr::logging: tab focused event="tab.focus" subsystem="tab" outcome="ok" workspace_id="w4" tab_id="w4:t3"
2026-08-27T03:15:30.695157Z  WARN herdr::raw_input: flushing lone escape after input timeout; if this follows an alt chord or focus switch it may reach the pane as plain esc bytes=[27]
2026-08-27T03:15:30.985155Z  INFO herdr::logging: session saved event="persist.save" subsystem="persist" outcome="ok" path=/Users/shahid/.config/herdr/session.json workspaces=3
2026-08-27T03:15:34.740792Z  INFO herdr::logging: tab focused event="tab.focus" subsystem="tab" outcome="ok" workspace_id="w4" tab_id="w4:t3"
2026-08-27T03:15:39.745137Z  INFO herdr::logging: session saved event="persist.save" subsystem="persist" outcome="ok" path=/Users/shahid/.config/herdr/session.json workspaces=3
2026-08-27T03:16:53.468910Z  INFO herdr::logging: tab focused event="tab.focus" subsystem="tab" outcome="ok" workspace_id="w4" tab_id="w4:t2"
2026-08-27T03:16:58.476059Z  INFO herdr::logging: session saved event="persist.save" subsystem="persist" outcome="ok" path=/Users/shahid/.config/herdr/session.json workspaces=3
2026-08-27T03:18:29.264998Z  INFO herdr::logging: tab focused event="tab.focus" subsystem="tab" outcome="ok" workspace_id="w4" tab_id="w4:t3"
2026-08-27T03:18:30.486173Z  INFO herdr::logging: tab focused event="tab.focus" subsystem="tab" outcome="ok" workspace_id="w4" tab_id="w4:t3"
2026-08-27T03:18:32.072667Z  INFO herdr::logging: tab focused event="tab.focus" subsystem="tab" outcome="ok" workspace_id="w4" tab_id="w4:t2"
2026-08-27T03:18:32.689525Z  INFO herdr::logging: tab focused event="tab.focus" subsystem="tab" outcome="ok" workspace_id="w4" tab_id="w4:t2"
2026-08-27T03:18:37.698692Z  INFO herdr::logging: session saved event="persist.save" subsystem="persist" outcome="ok" path=/Users/shahid/.config/herdr/session.json workspaces=3
2026-08-27T03:18:51.095729Z  INFO herdr::logging: tab focused event="tab.focus" subsystem="tab" outcome="ok" workspace_id="w4" tab_id="w4:t2"
2026-08-27T03:18:56.100001Z  INFO herdr::logging: session saved event="persist.save" subsystem="persist" outcome="ok" path=/Users/shahid/.config/herdr/session.json workspaces=3
2026-08-27T03:19:33.600530Z  INFO herdr::logging: tab focused event="tab.focus" subsystem="tab" outcome="ok" workspace_id="w4" tab_id="w4:t2"
2026-08-27T03:19:38.604242Z  INFO herdr::logging: session saved event="persist.save" subsystem="persist" outcome="ok" path=/Users/shahid/.config/herdr/session.json workspaces=3
2026-08-27T03:30:00.997812Z  INFO herdr::logging: tab focused event="tab.focus" subsystem="tab" outcome="ok" workspace_id="w4" tab_id="w4:t2"
2026-08-27T03:30:01.885291Z  INFO herdr::logging: tab focused event="tab.focus" subsystem="tab" outcome="ok" workspace_id="w4" tab_id="w4:t2"
2026-08-27T03:30:05.524964Z  INFO herdr::logging: tab focused event="tab.focus" subsystem="tab" outcome="ok" workspace_id="w4" tab_id="w4:t2"
2026-08-27T03:30:10.537643Z  INFO herdr::logging: session saved event="persist.save" subsystem="persist" outcome="ok" path=/Users/shahid/.config/herdr/session.json workspaces=3
2026-08-27T03:30:20.173820Z  INFO herdr::logging: tab focused event="tab.focus" subsystem="tab" outcome="ok" workspace_id="w4" tab_id="w4:t2"
2026-08-27T03:30:26.096135Z  INFO herdr::logging: session saved event="persist.save" subsystem="persist" outcome="ok" path=/Users/shahid/.config/herdr/session.json workspaces=3
2026-08-27T03:30:42.924727Z  INFO herdr::logging: checking for updates event="update.check.start" subsystem="update" outcome="started"
2026-08-27T03:35:23.337559Z  INFO herdr::logging: tab focused event="tab.focus" subsystem="tab" outcome="ok" workspace_id="w4" tab_id="w4:t2"
2026-08-27T03:35:25.095550Z  INFO herdr::logging: tab focused event="tab.focus" subsystem="tab" outcome="ok" workspace_id="w4" tab_id="w4:t2"
2026-08-27T03:35:32.094102Z  INFO herdr::logging: session saved event="persist.save" subsystem="persist" outcome="ok" path=/Users/shahid/.config/herdr/session.json workspaces=3
2026-08-27T03:35:40.802074Z  INFO herdr::logging: session saved event="persist.save" subsystem="persist" outcome="ok" path=/Users/shahid/.config/herdr/session.json workspaces=3
2026-08-27T03:50:56.174428Z  INFO herdr::app::actions: copied selection to clipboard
2026-08-27T03:52:17.751186Z  INFO herdr::app::actions: copied selection to clipboard
2026-08-27T03:52:51.943853Z  INFO herdr::app::actions: copied selection to clipboard
2026-08-27T03:53:25.741839Z  INFO herdr::app::actions: copied selection to clipboard
2026-08-27T03:55:10.117102Z  INFO herdr::logging: tab focused event="tab.focus" subsystem="tab" outcome="ok" workspace_id="w4" tab_id="w4:t2"
2026-08-27T03:55:11.708182Z  INFO herdr::logging: tab focused event="tab.focus" subsystem="tab" outcome="ok" workspace_id="w4" tab_id="w4:t2"
2026-08-27T03:55:17.842078Z  INFO herdr::logging: session saved event="persist.save" subsystem="persist" outcome="ok" path=/Users/shahid/.config/herdr/session.json workspaces=3
2026-08-27T04:00:30.396737Z  INFO herdr::app::actions: copied selection to clipboard
2026-08-27T04:00:42.839154Z  INFO herdr::logging: checking for updates event="update.check.start" subsystem="update" outcome="started"
2026-08-27T04:05:02.246289Z  INFO herdr::logging: tab focused event="tab.focus" subsystem="tab" outcome="ok" workspace_id="w4" tab_id="w4:t1"
2026-08-27T04:05:03.718949Z  INFO herdr::logging: tab focused event="tab.focus" subsystem="tab" outcome="ok" workspace_id="w4" tab_id="w4:t2"
2026-08-27T04:05:08.723020Z  INFO herdr::logging: session saved event="persist.save" subsystem="persist" outcome="ok" path=/Users/shahid/.config/herdr/session.json workspaces=3
2026-08-27T04:08:20.348779Z  INFO herdr::logging: tab focused event="tab.focus" subsystem="tab" outcome="ok" workspace_id="w4" tab_id="w4:t2"
2026-08-27T04:08:23.196569Z  INFO herdr::logging: tab focused event="tab.focus" subsystem="tab" outcome="ok" workspace_id="w4" tab_id="w4:t2"
2026-08-27T04:08:29.534724Z  INFO herdr::logging: session saved event="persist.save" subsystem="persist" outcome="ok" path=/Users/shahid/.config/herdr/session.json workspaces=3
2026-08-27T04:10:10.354152Z  INFO herdr::app::actions: copied selection to clipboard
2026-08-27T04:15:03.590619Z  INFO herdr::logging: tab focused event="tab.focus" subsystem="tab" outcome="ok" workspace_id="w4" tab_id="w4:t2"
2026-08-27T04:15:08.599513Z  INFO herdr::logging: session saved event="persist.save" subsystem="persist" outcome="ok" path=/Users/shahid/.config/herdr/session.json workspaces=3
2026-08-27T04:15:09.391304Z  INFO herdr::logging: tab focused event="tab.focus" subsystem="tab" outcome="ok" workspace_id="w4" tab_id="w4:t2"
2026-08-27T04:15:14.394201Z  INFO herdr::logging: session saved event="persist.save" subsystem="persist" outcome="ok" path=/Users/shahid/.config/herdr/session.json workspaces=3
2026-08-27T04:15:50.274941Z  INFO herdr::logging: tab focused event="tab.focus" subsystem="tab" outcome="ok" workspace_id="w4" tab_id="w4:t2"
2026-08-27T04:15:53.273888Z  INFO herdr::logging: tab focused event="tab.focus" subsystem="tab" outcome="ok" workspace_id="w4" tab_id="w4:t2"
2026-08-27T04:15:58.279102Z  INFO herdr::logging: session saved event="persist.save" subsystem="persist" outcome="ok" path=/Users/shahid/.config/herdr/session.json workspaces=3
2026-08-27T04:16:16.059407Z  INFO herdr::logging: tab focused event="tab.focus" subsystem="tab" outcome="ok" workspace_id="w4" tab_id="w4:t2"
2026-08-27T04:16:18.555721Z  INFO herdr::logging: tab focused event="tab.focus" subsystem="tab" outcome="ok" workspace_id="w4" tab_id="w4:t2"
2026-08-27T04:16:23.558778Z  INFO herdr::logging: session saved event="persist.save" subsystem="persist" outcome="ok" path=/Users/shahid/.config/herdr/session.json workspaces=3
2026-08-27T04:16:36.540377Z  INFO herdr::logging: tab focused event="tab.focus" subsystem="tab" outcome="ok" workspace_id="w4" tab_id="w4:t2"
2026-08-27T04:16:41.545772Z  INFO herdr::logging: session saved event="persist.save" subsystem="persist" outcome="ok" path=/Users/shahid/.config/herdr/session.json workspaces=3
2026-08-27T04:16:48.028942Z  INFO herdr::logging: tab focused event="tab.focus" subsystem="tab" outcome="ok" workspace_id="w4" tab_id="w4:t2"
2026-08-27T04:16:53.038177Z  INFO herdr::logging: session saved event="persist.save" subsystem="persist" outcome="ok" path=/Users/shahid/.config/herdr/session.json workspaces=3
2026-08-27T04:16:59.653813Z  INFO herdr::logging: session saved event="persist.save" subsystem="persist" outcome="ok" path=/Users/shahid/.config/herdr/session.json workspaces=3
2026-08-27T04:30:15.705429Z  INFO herdr::logging: tab focused event="tab.focus" subsystem="tab" outcome="ok" workspace_id="w4" tab_id="w4:t3"
2026-08-27T04:30:16.872249Z  INFO herdr::logging: tab focused event="tab.focus" subsystem="tab" outcome="ok" workspace_id="w4" tab_id="w4:t2"
2026-08-27T04:30:22.348327Z  INFO herdr::logging: tab focused event="tab.focus" subsystem="tab" outcome="ok" workspace_id="w4" tab_id="w4:t2"
2026-08-27T04:30:23.756679Z  INFO herdr::logging: tab focused event="tab.focus" subsystem="tab" outcome="ok" workspace_id="w4" tab_id="w4:t2"
2026-08-27T04:30:28.762012Z  INFO herdr::logging: session saved event="persist.save" subsystem="persist" outcome="ok" path=/Users/shahid/.config/herdr/session.json workspaces=3
2026-08-27T04:30:38.466220Z  INFO herdr::logging: session saved event="persist.save" subsystem="persist" outcome="ok" path=/Users/shahid/.config/herdr/session.json workspaces=3
2026-08-27T04:30:42.882377Z  INFO herdr::logging: checking for updates event="update.check.start" subsystem="update" outcome="started"
2026-08-27T04:30:55.597510Z  INFO herdr::app::actions: copied selection to clipboard
2026-08-27T04:36:00.759948Z  INFO herdr::logging: tab focused event="tab.focus" subsystem="tab" outcome="ok" workspace_id="w4" tab_id="w4:t3"
2026-08-27T04:36:02.780796Z  INFO herdr::logging: tab focused event="tab.focus" subsystem="tab" outcome="ok" workspace_id="w4" tab_id="w4:t2"
2026-08-27T04:36:07.788924Z  INFO herdr::logging: session saved event="persist.save" subsystem="persist" outcome="ok" path=/Users/shahid/.config/herdr/session.json workspaces=3
2026-08-27T04:36:31.881475Z  INFO herdr::logging: tab focused event="tab.focus" subsystem="tab" outcome="ok" workspace_id="w4" tab_id="w4:t2"
2026-08-27T04:36:36.888987Z  INFO herdr::logging: session saved event="persist.save" subsystem="persist" outcome="ok" path=/Users/shahid/.config/herdr/session.json workspaces=3
2026-08-27T05:00:42.885805Z  INFO herdr::logging: checking for updates event="update.check.start" subsystem="update" outcome="started"
2026-08-27T05:26:16.609059Z  INFO herdr::logging: tab focused event="tab.focus" subsystem="tab" outcome="ok" workspace_id="w4" tab_id="w4:t3"
2026-08-27T05:26:21.621482Z  INFO herdr::logging: session saved event="persist.save" subsystem="persist" outcome="ok" path=/Users/shahid/.config/herdr/session.json workspaces=3
2026-08-27T05:26:21.929668Z  INFO herdr::logging: tab focused event="tab.focus" subsystem="tab" outcome="ok" workspace_id="w4" tab_id="w4:t3"
2026-08-27T05:26:26.934802Z  INFO herdr::logging: session saved event="persist.save" subsystem="persist" outcome="ok" path=/Users/shahid/.config/herdr/session.json workspaces=3
2026-08-27T05:26:27.421649Z  INFO herdr::logging: tab focused event="tab.focus" subsystem="tab" outcome="ok" workspace_id="w4" tab_id="w4:t3"
2026-08-27T05:26:32.424096Z  INFO herdr::logging: session saved event="persist.save" subsystem="persist" outcome="ok" path=/Users/shahid/.config/herdr/session.json workspaces=3
2026-08-27T05:30:42.905262Z  INFO herdr::logging: checking for updates event="update.check.start" subsystem="update" outcome="started"
2026-08-27T05:44:47.970814Z  INFO herdr::logging: workspace focused event="workspace.focus" subsystem="workspace" outcome="ok" workspace_id="w6"
2026-08-27T05:44:47.971889Z  INFO herdr::logging: tab focused event="tab.focus" subsystem="tab" outcome="ok" workspace_id="w6" tab_id="w6:t1"
2026-08-27T05:44:52.979508Z  INFO herdr::logging: session saved event="persist.save" subsystem="persist" outcome="ok" path=/Users/shahid/.config/herdr/session.json workspaces=3
2026-08-27T05:52:04.777855Z  INFO herdr::app::actions: copied selection to clipboard
2026-08-27T05:52:15.418940Z  INFO herdr::app::actions: copied selection to clipboard
2026-08-27T06:00:42.867789Z  INFO herdr::logging: checking for updates event="update.check.start" subsystem="update" outcome="started"
2026-08-27T06:02:51.416202Z  WARN herdr::raw_input: flushing lone escape after input timeout; if this follows an alt chord or focus switch it may reach the pane as plain esc bytes=[27]
2026-08-27T06:02:51.867986Z  WARN herdr::raw_input: flushing lone escape after input timeout; if this follows an alt chord or focus switch it may reach the pane as plain esc bytes=[27]
2026-08-27T06:03:18.448163Z  WARN herdr::raw_input: flushing lone escape after input timeout; if this follows an alt chord or focus switch it may reach the pane as plain esc bytes=[27]
2026-08-27T06:03:25.810904Z  WARN herdr::raw_input: flushing lone escape after input timeout; if this follows an alt chord or focus switch it may reach the pane as plain esc bytes=[27]
2026-08-27T06:04:06.530840Z  WARN herdr::raw_input: flushing lone escape after input timeout; if this follows an alt chord or focus switch it may reach the pane as plain esc bytes=[27]
2026-08-27T06:04:15.689811Z  INFO herdr::logging: api request received event="api.request.start" subsystem="api" outcome="started" request_id="cli:server:reload-config" method="server.reload_config" changes_ui=true
2026-08-27T06:04:15.693202Z  INFO herdr::logging: api request completed event="api.request.complete" subsystem="api" outcome="ok" request_id="cli:server:reload-config" method="server.reload_config"
2026-08-27T06:04:18.769894Z  INFO herdr::logging: workspace focused event="workspace.focus" subsystem="workspace" outcome="ok" workspace_id="w5"
2026-08-27T06:04:18.769972Z  INFO herdr::logging: tab focused event="tab.focus" subsystem="tab" outcome="ok" workspace_id="w5" tab_id="w5:t1"
2026-08-27T06:04:23.780812Z  INFO herdr::logging: session saved event="persist.save" subsystem="persist" outcome="ok" path=/Users/shahid/.config/herdr/session.json workspaces=3
2026-08-27T06:04:24.273029Z  INFO herdr::logging: tab focused event="tab.focus" subsystem="tab" outcome="ok" workspace_id="w5" tab_id="w5:t3"
2026-08-27T06:04:25.135894Z  INFO herdr::logging: tab focused event="tab.focus" subsystem="tab" outcome="ok" workspace_id="w5" tab_id="w5:t2"
2026-08-27T06:04:29.517342Z  INFO herdr::logging: tab focused event="tab.focus" subsystem="tab" outcome="ok" workspace_id="w5" tab_id="w5:t3"
2026-08-27T06:04:34.280843Z  INFO herdr::logging: tab focused event="tab.focus" subsystem="tab" outcome="ok" workspace_id="w5" tab_id="w5:t1"
2026-08-27T06:04:35.769734Z  INFO herdr::logging: tab focused event="tab.focus" subsystem="tab" outcome="ok" workspace_id="w5" tab_id="w5:t3"
2026-08-27T06:04:38.262800Z  INFO herdr::logging: workspace focused event="workspace.focus" subsystem="workspace" outcome="ok" workspace_id="w6"
2026-08-27T06:04:38.262932Z  INFO herdr::logging: tab focused event="tab.focus" subsystem="tab" outcome="ok" workspace_id="w6" tab_id="w6:t1"
2026-08-27T06:04:43.270333Z  INFO herdr::logging: session saved event="persist.save" subsystem="persist" outcome="ok" path=/Users/shahid/.config/herdr/session.json workspaces=3
2026-08-27T06:05:59.883665Z  INFO herdr::logging: workspace focused event="workspace.focus" subsystem="workspace" outcome="ok" workspace_id="w5"
2026-08-27T06:05:59.884870Z  INFO herdr::logging: tab focused event="tab.focus" subsystem="tab" outcome="ok" workspace_id="w5" tab_id="w5:t3"
2026-08-27T06:06:01.924969Z  INFO herdr::logging: tab focused event="tab.focus" subsystem="tab" outcome="ok" workspace_id="w5" tab_id="w5:t1"
2026-08-27T06:06:03.250356Z  INFO herdr::logging: tab focused event="tab.focus" subsystem="tab" outcome="ok" workspace_id="w5" tab_id="w5:t2"
2026-08-27T06:06:04.437715Z  INFO herdr::logging: workspace focused event="workspace.focus" subsystem="workspace" outcome="ok" workspace_id="w6"
2026-08-27T06:06:04.437877Z  INFO herdr::logging: tab focused event="tab.focus" subsystem="tab" outcome="ok" workspace_id="w6" tab_id="w6:t1"
2026-08-27T06:06:05.692559Z  INFO herdr::logging: workspace focused event="workspace.focus" subsystem="workspace" outcome="ok" workspace_id="w4"
2026-08-27T06:06:05.692890Z  INFO herdr::logging: tab focused event="tab.focus" subsystem="tab" outcome="ok" workspace_id="w4" tab_id="w4:t3"
2026-08-27T06:06:08.484775Z  INFO herdr::logging: tab focused event="tab.focus" subsystem="tab" outcome="ok" workspace_id="w4" tab_id="w4:t1"
2026-08-27T06:06:13.492313Z  INFO herdr::logging: session saved event="persist.save" subsystem="persist" outcome="ok" path=/Users/shahid/.config/herdr/session.json workspaces=3
2026-08-27T06:06:28.603691Z  INFO herdr::logging: tab focused event="tab.focus" subsystem="tab" outcome="ok" workspace_id="w4" tab_id="w4:t1"
2026-08-27T06:06:33.611515Z  INFO herdr::logging: session saved event="persist.save" subsystem="persist" outcome="ok" path=/Users/shahid/.config/herdr/session.json workspaces=3
2026-08-27T06:30:42.902886Z  INFO herdr::logging: checking for updates event="update.check.start" subsystem="update" outcome="started"
2026-08-27T06:30:46.166373Z  INFO herdr::logging: tab focused event="tab.focus" subsystem="tab" outcome="ok" workspace_id="w4" tab_id="w4:t1"
2026-08-27T06:30:51.177948Z  INFO herdr::logging: session saved event="persist.save" subsystem="persist" outcome="ok" path=/Users/shahid/.config/herdr/session.json workspaces=3
2026-08-27T06:31:08.940012Z  INFO herdr::logging: tab focused event="tab.focus" subsystem="tab" outcome="ok" workspace_id="w4" tab_id="w4:t3"
2026-08-27T06:31:13.943558Z  INFO herdr::logging: session saved event="persist.save" subsystem="persist" outcome="ok" path=/Users/shahid/.config/herdr/session.json workspaces=3
2026-08-27T06:32:29.300882Z  INFO herdr::logging: workspace focused event="workspace.focus" subsystem="workspace" outcome="ok" workspace_id="w6"
2026-08-27T06:32:29.302429Z  INFO herdr::logging: tab focused event="tab.focus" subsystem="tab" outcome="ok" workspace_id="w6" tab_id="w6:t1"
2026-08-27T06:32:34.305591Z  INFO herdr::logging: session saved event="persist.save" subsystem="persist" outcome="ok" path=/Users/shahid/.config/herdr/session.json workspaces=3
2026-08-27T06:32:41.527016Z  INFO herdr::logging: api request received event="api.request.start" subsystem="api" outcome="started" request_id="cli:server:reload-config" method="server.reload_config" changes_ui=true
2026-08-27T06:32:41.528940Z  INFO herdr::logging: api request completed event="api.request.complete" subsystem="api" outcome="ok" request_id="cli:server:reload-config" method="server.reload_config"
2026-08-27T07:00:42.908058Z  INFO herdr::logging: checking for updates event="update.check.start" subsystem="update" outcome="started"
2026-08-27T08:33:47.167906Z  INFO herdr::logging: workspace focused event="workspace.focus" subsystem="workspace" outcome="ok" workspace_id="w4"
2026-08-27T08:33:47.169410Z  INFO herdr::logging: tab focused event="tab.focus" subsystem="tab" outcome="ok" workspace_id="w4" tab_id="w4:t3"
2026-08-27T08:33:48.600612Z  INFO herdr::logging: workspace focused event="workspace.focus" subsystem="workspace" outcome="ok" workspace_id="w5"
2026-08-27T08:33:48.600692Z  INFO herdr::logging: tab focused event="tab.focus" subsystem="tab" outcome="ok" workspace_id="w5" tab_id="w5:t2"
2026-08-27T08:33:51.622847Z  INFO herdr::logging: workspace focused event="workspace.focus" subsystem="workspace" outcome="ok" workspace_id="w4"
2026-08-27T08:33:51.622900Z  INFO herdr::logging: tab focused event="tab.focus" subsystem="tab" outcome="ok" workspace_id="w4" tab_id="w4:t3"
2026-08-27T08:33:52.950866Z  INFO herdr::logging: tab focused event="tab.focus" subsystem="tab" outcome="ok" workspace_id="w4" tab_id="w4:t1"
2026-08-27T08:33:57.959749Z  INFO herdr::logging: session saved event="persist.save" subsystem="persist" outcome="ok" path=/Users/shahid/.config/herdr/session.json workspaces=3
2026-08-27T08:34:08.921986Z  WARN herdr::raw_input: flushing lone escape after input timeout; if this follows an alt chord or focus switch it may reach the pane as plain esc bytes=[27]
2026-08-27T08:34:13.177303Z  INFO herdr::logging: tab focused event="tab.focus" subsystem="tab" outcome="ok" workspace_id="w4" tab_id="w4:t3"
2026-08-27T08:34:18.186783Z  INFO herdr::logging: session saved event="persist.save" subsystem="persist" outcome="ok" path=/Users/shahid/.config/herdr/session.json workspaces=3
2026-08-27T08:46:31.541763Z  INFO herdr::logging: tab focused event="tab.focus" subsystem="tab" outcome="ok" workspace_id="w4" tab_id="w4:t1"
2026-08-27T08:46:36.550534Z  INFO herdr::logging: session saved event="persist.save" subsystem="persist" outcome="ok" path=/Users/shahid/.config/herdr/session.json workspaces=3
2026-08-27T08:47:22.799590Z  INFO herdr::logging: tab focused event="tab.focus" subsystem="tab" outcome="ok" workspace_id="w4" tab_id="w4:t3"
2026-08-27T08:47:24.555144Z  INFO herdr::logging: tab focused event="tab.focus" subsystem="tab" outcome="ok" workspace_id="w4" tab_id="w4:t1"
2026-08-27T08:47:29.563289Z  INFO herdr::logging: session saved event="persist.save" subsystem="persist" outcome="ok" path=/Users/shahid/.config/herdr/session.json workspaces=3
2026-08-27T08:47:35.379523Z  INFO herdr::logging: checking for updates event="update.check.start" subsystem="update" outcome="started"
2026-08-27T09:17:35.300287Z  INFO herdr::logging: checking for updates event="update.check.start" subsystem="update" outcome="started"
2026-08-27T09:37:13.226931Z  INFO herdr::logging: tab focused event="tab.focus" subsystem="tab" outcome="ok" workspace_id="w4" tab_id="w4:t3"
2026-08-27T09:37:18.233596Z  INFO herdr::logging: session saved event="persist.save" subsystem="persist" outcome="ok" path=/Users/shahid/.config/herdr/session.json workspaces=3
2026-08-27T09:47:35.290235Z  INFO herdr::logging: checking for updates event="update.check.start" subsystem="update" outcome="started"
2026-08-27T10:01:22.516807Z  INFO herdr::logging: tab focused event="tab.focus" subsystem="tab" outcome="ok" workspace_id="w4" tab_id="w4:t1"
2026-08-27T10:01:23.443869Z  INFO herdr::logging: tab focused event="tab.focus" subsystem="tab" outcome="ok" workspace_id="w4" tab_id="w4:t1"
2026-08-27T10:01:28.451992Z  INFO herdr::logging: session saved event="persist.save" subsystem="persist" outcome="ok" path=/Users/shahid/.config/herdr/session.json workspaces=3
2026-08-27T10:17:35.315546Z  INFO herdr::logging: checking for updates event="update.check.start" subsystem="update" outcome="started"
2026-08-27T10:36:02.595862Z  INFO herdr::logging: tab focused event="tab.focus" subsystem="tab" outcome="ok" workspace_id="w4" tab_id="w4:t3"
2026-08-27T10:36:07.609372Z  INFO herdr::logging: session saved event="persist.save" subsystem="persist" outcome="ok" path=/Users/shahid/.config/herdr/session.json workspaces=3
2026-08-27T14:13:23.363123Z  INFO herdr::logging: checking for updates event="update.check.start" subsystem="update" outcome="started"
2026-08-27T14:13:26.495486Z  WARN herdr::logging: update check failed event="update.check.complete" subsystem="update" outcome="error" err="failed to fetch Homebrew formula JSON"
2026-08-27T14:13:26.495591Z  WARN herdr::detect::manifest_update: agent detection manifest update failed: failed to fetch https://herdr.dev/agent-detection/index.toml
2026-08-27T14:15:55.871409Z  INFO herdr::logging: tab focused event="tab.focus" subsystem="tab" outcome="ok" workspace_id="w4" tab_id="w4:t1"
2026-08-27T14:15:57.528447Z  INFO herdr::logging: tab focused event="tab.focus" subsystem="tab" outcome="ok" workspace_id="w4" tab_id="w4:t3"
2026-08-27T14:16:02.540223Z  INFO herdr::logging: session saved event="persist.save" subsystem="persist" outcome="ok" path=/Users/shahid/.config/herdr/session.json workspaces=3
2026-08-27T14:43:23.399055Z  INFO herdr::logging: checking for updates event="update.check.start" subsystem="update" outcome="started"
2026-08-27T15:54:56.620430Z  INFO herdr::logging: checking for updates event="update.check.start" subsystem="update" outcome="started"
2026-08-27T16:25:06.089929Z  INFO herdr::logging: checking for updates event="update.check.start" subsystem="update" outcome="started"
2026-08-28T01:54:56.088626Z  INFO herdr::logging: checking for updates event="update.check.start" subsystem="update" outcome="started"
2026-08-28T02:24:56.232985Z  INFO herdr::logging: checking for updates event="update.check.start" subsystem="update" outcome="started"
2026-08-28T02:54:56.226371Z  INFO herdr::logging: checking for updates event="update.check.start" subsystem="update" outcome="started"
2026-08-28T02:59:00.890676Z  INFO herdr::logging: tab focused event="tab.focus" subsystem="tab" outcome="ok" workspace_id="w4" tab_id="w4:t1"
2026-08-28T02:59:05.897782Z  INFO herdr::logging: session saved event="persist.save" subsystem="persist" outcome="ok" path=/Users/shahid/.config/herdr/session.json workspaces=3
2026-08-28T02:59:08.624951Z  INFO herdr::logging: tab focused event="tab.focus" subsystem="tab" outcome="ok" workspace_id="w4" tab_id="w4:t1"
2026-08-28T02:59:11.146027Z  INFO herdr::logging: tab focused event="tab.focus" subsystem="tab" outcome="ok" workspace_id="w4" tab_id="w4:t3"
2026-08-28T02:59:15.345371Z  INFO herdr::logging: tab focused event="tab.focus" subsystem="tab" outcome="ok" workspace_id="w4" tab_id="w4:t1"
2026-08-28T02:59:20.349421Z  INFO herdr::logging: session saved event="persist.save" subsystem="persist" outcome="ok" path=/Users/shahid/.config/herdr/session.json workspaces=3
2026-08-28T02:59:23.903239Z  INFO herdr::logging: tab focused event="tab.focus" subsystem="tab" outcome="ok" workspace_id="w4" tab_id="w4:t1"
2026-08-28T02:59:25.971242Z  INFO herdr::logging: tab focused event="tab.focus" subsystem="tab" outcome="ok" workspace_id="w4" tab_id="w4:t3"
2026-08-28T02:59:30.974223Z  INFO herdr::logging: session saved event="persist.save" subsystem="persist" outcome="ok" path=/Users/shahid/.config/herdr/session.json workspaces=3
2026-08-28T03:24:56.232203Z  INFO herdr::logging: checking for updates event="update.check.start" subsystem="update" outcome="started"
2026-08-28T03:54:56.295558Z  INFO herdr::logging: checking for updates event="update.check.start" subsystem="update" outcome="started"
2026-08-28T04:24:56.272457Z  INFO herdr::logging: checking for updates event="update.check.start" subsystem="update" outcome="started"
2026-08-28T04:54:56.302013Z  INFO herdr::logging: checking for updates event="update.check.start" subsystem="update" outcome="started"
2026-08-28T05:24:56.300468Z  INFO herdr::logging: checking for updates event="update.check.start" subsystem="update" outcome="started"
2026-08-28T05:54:56.273427Z  INFO herdr::logging: checking for updates event="update.check.start" subsystem="update" outcome="started"
2026-08-28T06:24:56.847375Z  INFO herdr::logging: checking for updates event="update.check.start" subsystem="update" outcome="started"
2026-08-28T07:26:55.682346Z  INFO herdr::logging: checking for updates event="update.check.start" subsystem="update" outcome="started"
2026-08-28T07:26:58.792886Z  WARN herdr::detect::manifest_update: agent detection manifest update failed: failed to fetch https://herdr.dev/agent-detection/index.toml
2026-08-28T07:26:58.793644Z  WARN herdr::logging: update check failed event="update.check.complete" subsystem="update" outcome="error" err="failed to fetch Homebrew formula JSON"
2026-08-28T08:57:47.391169Z  INFO herdr::logging: tab focused event="tab.focus" subsystem="tab" outcome="ok" workspace_id="w4" tab_id="w4:t1"
2026-08-28T08:57:52.421310Z  INFO herdr::logging: session saved event="persist.save" subsystem="persist" outcome="ok" path=/Users/shahid/.config/herdr/session.json workspaces=3
2026-08-28T09:00:43.730043Z  INFO herdr::logging: tab focused event="tab.focus" subsystem="tab" outcome="ok" workspace_id="w4" tab_id="w4:t1"
2026-08-28T09:00:48.545884Z  INFO herdr::logging: tab focused event="tab.focus" subsystem="tab" outcome="ok" workspace_id="w4" tab_id="w4:t1"
2026-08-28T09:00:53.556244Z  INFO herdr::logging: session saved event="persist.save" subsystem="persist" outcome="ok" path=/Users/shahid/.config/herdr/session.json workspaces=3
2026-08-28T09:21:37.336155Z  INFO herdr::logging: checking for updates event="update.check.start" subsystem="update" outcome="started"
2026-08-28T10:01:02.139230Z  INFO herdr::logging: checking for updates event="update.check.start" subsystem="update" outcome="started"
2026-08-28T10:33:13.653716Z  INFO herdr::logging: checking for updates event="update.check.start" subsystem="update" outcome="started"
2026-08-28T11:37:30.730333Z  INFO herdr::server::headless: client detached client_id=2
2026-08-28T11:37:30.735523Z  INFO herdr::server::headless: client disconnected client_id=2
2026-08-28T11:39:10.490094Z  INFO herdr::server::headless: server shutdown initiated
2026-08-28T11:39:10.546582Z  INFO herdr::server::headless: completing server shutdown
2026-08-28T11:39:10.558539Z  INFO herdr::logging: session saved event="persist.save" subsystem="persist" outcome="ok" path=/Users/shahid/.config/herdr/session.json workspaces=3
2026-08-28T11:39:10.558671Z  INFO herdr::server::headless: headless server exiting
2026-08-28T11:39:10.584501Z  INFO herdr::pane: pane session terminated pane=4 pid=50716 signal=Hangup
2026-08-28T11:39:10.585480Z  INFO herdr::logging: pane child exited event="pane.exit" subsystem="pane" outcome="completed" pane_id=4 status="ExitStatus { code: 1, signal: None }"
2026-08-28T11:39:10.600034Z  INFO herdr::logging: pane child exited event="pane.exit" subsystem="pane" outcome="completed" pane_id=7 status="ExitStatus { code: 1, signal: None }"
2026-08-28T11:39:10.609603Z  INFO herdr::pane: pane session terminated pane=7 pid=50751 signal=Hangup
2026-08-28T11:39:10.625077Z  INFO herdr::logging: pane child exited event="pane.exit" subsystem="pane" outcome="completed" pane_id=9 status="ExitStatus { code: 1, signal: None }"
2026-08-28T11:39:10.635440Z  INFO herdr::pane: pane session terminated pane=9 pid=50757 signal=Hangup
2026-08-28T11:39:10.648722Z  INFO herdr::logging: pane child exited event="pane.exit" subsystem="pane" outcome="completed" pane_id=8 status="ExitStatus { code: 1, signal: None }"
2026-08-28T11:39:10.661346Z  INFO herdr::pane: pane session terminated pane=8 pid=50754 signal=Hangup
2026-08-28T11:39:10.673564Z  INFO herdr::logging: pane child exited event="pane.exit" subsystem="pane" outcome="completed" pane_id=6 status="ExitStatus { code: 1, signal: None }"
2026-08-28T11:39:10.687121Z  INFO herdr::pane: pane session terminated pane=6 pid=50749 signal=Hangup
2026-08-28T11:39:10.698504Z  INFO herdr::logging: pane child exited event="pane.exit" subsystem="pane" outcome="completed" pane_id=5 status="ExitStatus { code: 1, signal: None }"
2026-08-28T11:39:10.710521Z  INFO herdr::pane: pane session terminated pane=5 pid=50717 signal=Hangup
2026-08-28T11:39:10.726135Z  INFO herdr::logging: pane child exited event="pane.exit" subsystem="pane" outcome="completed" pane_id=10 status="ExitStatus { code: 1, signal: None }"
2026-08-28T11:39:10.736819Z  INFO herdr::pane: pane session terminated pane=10 pid=50764 signal=Hangup
2026-08-28T11:39:10.749289Z  INFO herdr::logging: pane child exited event="pane.exit" subsystem="pane" outcome="completed" pane_id=1 status="ExitStatus { code: 1, signal: None }"
2026-08-28T11:39:10.762873Z  INFO herdr::pane: pane session terminated pane=1 pid=50713 signal=Hangup
2026-08-28T11:39:10.773573Z  INFO herdr::logging: pane child exited event="pane.exit" subsystem="pane" outcome="completed" pane_id=11 status="ExitStatus { code: 1, signal: None }"
2026-08-28T11:39:10.788740Z  INFO herdr::pane: pane session terminated pane=11 pid=54167 signal=Hangup
2026-08-28T11:39:10.801479Z  INFO herdr::logging: pane child exited event="pane.exit" subsystem="pane" outcome="completed" pane_id=2 status="ExitStatus { code: 1, signal: None }"
2026-08-28T11:39:10.815762Z  INFO herdr::pane: pane session terminated pane=2 pid=50714 signal=Hangup
2026-08-28T11:39:10.826360Z  INFO herdr::logging: pane child exited event="pane.exit" subsystem="pane" outcome="completed" pane_id=3 status="ExitStatus { code: 1, signal: None }"
2026-08-28T11:39:10.841632Z  INFO herdr::pane: pane session terminated pane=3 pid=50715 signal=Hangup
2026-08-28T11:39:10.844923Z  INFO herdr::logging: herdr exiting event="app.shutdown" subsystem="server" outcome="completed" pid=50712
2026-08-29T12:54:48.545263Z  INFO herdr::platform::macos: raised server file descriptor soft limit previous=2048 target=8192
2026-08-29T12:54:48.546927Z  INFO herdr::api::server: api server listening path=/Users/shahid/.config/herdr/herdr.sock
2026-08-29T12:54:48.553224Z  INFO herdr::logging: spawning pane terminal event="pane.spawn.start" subsystem="pane" outcome="started" pane_id=1 rows=24 cols=80 scrollback_limit_bytes=10000000
2026-08-29T12:54:48.558861Z  INFO herdr::logging: pane child spawned event="pane.spawned" subsystem="pane" outcome="ok" pane_id=1 pid=14936
2026-08-29T12:54:48.559954Z  INFO herdr::logging: spawning pane terminal event="pane.spawn.start" subsystem="pane" outcome="started" pane_id=2 rows=24 cols=80 scrollback_limit_bytes=10000000
2026-08-29T12:54:48.562272Z  INFO herdr::logging: pane child spawned event="pane.spawned" subsystem="pane" outcome="ok" pane_id=2 pid=14937
2026-08-29T12:54:48.562686Z  INFO herdr::logging: spawning pane terminal event="pane.spawn.start" subsystem="pane" outcome="started" pane_id=3 rows=24 cols=80 scrollback_limit_bytes=10000000
2026-08-29T12:54:48.565145Z  INFO herdr::logging: pane child spawned event="pane.spawned" subsystem="pane" outcome="ok" pane_id=3 pid=14938
2026-08-29T12:54:48.565303Z  INFO herdr::logging: spawning pane terminal event="pane.spawn.start" subsystem="pane" outcome="started" pane_id=4 rows=24 cols=80 scrollback_limit_bytes=10000000
2026-08-29T12:54:48.567850Z  INFO herdr::logging: pane child spawned event="pane.spawned" subsystem="pane" outcome="ok" pane_id=4 pid=14939
2026-08-29T12:54:48.568021Z  INFO herdr::logging: spawning pane terminal event="pane.spawn.start" subsystem="pane" outcome="started" pane_id=5 rows=24 cols=80 scrollback_limit_bytes=10000000
2026-08-29T12:54:48.570630Z  INFO herdr::logging: pane child spawned event="pane.spawned" subsystem="pane" outcome="ok" pane_id=5 pid=14940
2026-08-29T12:54:48.570965Z  INFO herdr::logging: spawning pane terminal event="pane.spawn.start" subsystem="pane" outcome="started" pane_id=6 rows=24 cols=80 scrollback_limit_bytes=10000000
2026-08-29T12:54:48.573520Z  INFO herdr::logging: pane child spawned event="pane.spawned" subsystem="pane" outcome="ok" pane_id=6 pid=14941
2026-08-29T12:54:48.681274Z  INFO herdr::logging: spawning pane terminal event="pane.spawn.start" subsystem="pane" outcome="started" pane_id=7 rows=24 cols=80 scrollback_limit_bytes=10000000
2026-08-29T12:54:48.683869Z  INFO herdr::logging: pane child spawned event="pane.spawned" subsystem="pane" outcome="ok" pane_id=7 pid=14950
2026-08-29T12:54:48.684112Z  INFO herdr::logging: spawning pane terminal event="pane.spawn.start" subsystem="pane" outcome="started" pane_id=8 rows=24 cols=80 scrollback_limit_bytes=10000000
2026-08-29T12:54:48.686118Z  INFO herdr::logging: pane child spawned event="pane.spawned" subsystem="pane" outcome="ok" pane_id=8 pid=14951
2026-08-29T12:54:48.686359Z  INFO herdr::logging: spawning pane terminal event="pane.spawn.start" subsystem="pane" outcome="started" pane_id=9 rows=24 cols=80 scrollback_limit_bytes=10000000
2026-08-29T12:54:48.690145Z  INFO herdr::logging: pane child spawned event="pane.spawned" subsystem="pane" outcome="ok" pane_id=9 pid=14952
2026-08-29T12:54:48.690399Z  INFO herdr::logging: spawning pane terminal event="pane.spawn.start" subsystem="pane" outcome="started" pane_id=10 rows=24 cols=80 scrollback_limit_bytes=10000000
2026-08-29T12:54:48.693806Z  INFO herdr::logging: pane child spawned event="pane.spawned" subsystem="pane" outcome="ok" pane_id=10 pid=14954
2026-08-29T12:54:48.695529Z  INFO herdr::logging: spawning pane terminal event="pane.spawn.start" subsystem="pane" outcome="started" pane_id=11 rows=24 cols=80 scrollback_limit_bytes=10000000
2026-08-29T12:54:48.700126Z  INFO herdr::logging: pane child spawned event="pane.spawned" subsystem="pane" outcome="ok" pane_id=11 pid=14959
2026-08-29T12:54:48.700442Z  INFO herdr::logging: session restore evaluated event="persist.restore" subsystem="persist" outcome="ok" workspaces=3
2026-08-29T12:54:48.700960Z  INFO herdr::app: using pane scrollback configuration pane_scrollback_limit_bytes=10000000
2026-08-29T12:54:49.357595Z  INFO herdr::logging: checking for updates event="update.check.start" subsystem="update" outcome="started"
2026-08-29T12:54:49.436276Z  INFO herdr::server::headless: restored session already has workspaces; ignoring startup cwd cwd=/Users/shahid
2026-08-29T12:54:49.436760Z  INFO herdr::server::headless: client protocol socket listening path=/Users/shahid/.config/herdr/herdr-client.sock
2026-08-29T12:54:49.436789Z  INFO herdr::server::headless: herdr server started api_socket=/Users/shahid/.config/herdr/herdr.sock client_socket=/Users/shahid/.config/herdr/herdr-client.sock
2026-08-29T12:54:49.439490Z  INFO herdr::logging: herdr starting event="app.startup" subsystem="server" outcome="started" pid=14935
2026-08-29T12:54:49.701892Z  INFO herdr::server::headless: client connected client_id=2 cols=121 rows=30 cell_width_px=0 cell_height_px=0 render_encoding=SemanticFrame
2026-08-29T12:54:54.041873Z  INFO herdr::logging: tab focused event="tab.focus" subsystem="tab" outcome="ok" workspace_id="w4" tab_id="w4:t3"
2026-08-29T12:54:55.528803Z  INFO herdr::logging: tab focused event="tab.focus" subsystem="tab" outcome="ok" workspace_id="w4" tab_id="w4:t2"
2026-08-29T12:54:56.675780Z  INFO herdr::logging: tab focused event="tab.focus" subsystem="tab" outcome="ok" workspace_id="w4" tab_id="w4:t1"
2026-08-29T12:54:59.518013Z  INFO herdr::logging: workspace focused event="workspace.focus" subsystem="workspace" outcome="ok" workspace_id="w5"
2026-08-29T12:54:59.518095Z  INFO herdr::logging: tab focused event="tab.focus" subsystem="tab" outcome="ok" workspace_id="w5" tab_id="w5:t2"
2026-08-29T12:55:04.526050Z  INFO herdr::logging: session saved event="persist.save" subsystem="persist" outcome="ok" path=/Users/shahid/.config/herdr/session.json workspaces=3
2026-08-29T12:55:05.857027Z  INFO herdr::logging: tab focused event="tab.focus" subsystem="tab" outcome="ok" workspace_id="w5" tab_id="w5:t3"
2026-08-29T12:55:08.665308Z  INFO herdr::logging: tab focused event="tab.focus" subsystem="tab" outcome="ok" workspace_id="w5" tab_id="w5:t1"
2026-08-29T12:55:12.317725Z  INFO herdr::logging: tab focused event="tab.focus" subsystem="tab" outcome="ok" workspace_id="w5" tab_id="w5:t2"
2026-08-29T12:55:14.978095Z  INFO herdr::logging: tab focused event="tab.focus" subsystem="tab" outcome="ok" workspace_id="w5" tab_id="w5:t1"
2026-08-29T12:55:19.983767Z  INFO herdr::logging: session saved event="persist.save" subsystem="persist" outcome="ok" path=/Users/shahid/.config/herdr/session.json workspaces=3
2026-08-29T12:55:39.162322Z  INFO herdr::logging: tab focused event="tab.focus" subsystem="tab" outcome="ok" workspace_id="w5" tab_id="w5:t2"
2026-08-29T12:55:40.243808Z  INFO herdr::logging: tab focused event="tab.focus" subsystem="tab" outcome="ok" workspace_id="w5" tab_id="w5:t1"
2026-08-29T12:55:45.251383Z  INFO herdr::logging: session saved event="persist.save" subsystem="persist" outcome="ok" path=/Users/shahid/.config/herdr/session.json workspaces=3
2026-08-29T13:01:11.378203Z  INFO herdr::logging: tab focused event="tab.focus" subsystem="tab" outcome="ok" workspace_id="w5" tab_id="w5:t2"
2026-08-29T13:01:12.773819Z  INFO herdr::logging: tab focused event="tab.focus" subsystem="tab" outcome="ok" workspace_id="w5" tab_id="w5:t1"
2026-08-29T13:01:13.907649Z  INFO herdr::logging: tab focused event="tab.focus" subsystem="tab" outcome="ok" workspace_id="w5" tab_id="w5:t2"
2026-08-29T13:01:18.912460Z  INFO herdr::logging: session saved event="persist.save" subsystem="persist" outcome="ok" path=/Users/shahid/.config/herdr/session.json workspaces=3
2026-08-29T13:01:24.045014Z  INFO herdr::logging: tab focused event="tab.focus" subsystem="tab" outcome="ok" workspace_id="w5" tab_id="w5:t1"
2026-08-29T13:01:29.049027Z  INFO herdr::logging: session saved event="persist.save" subsystem="persist" outcome="ok" path=/Users/shahid/.config/herdr/session.json workspaces=3
2026-08-29T13:01:38.972408Z  INFO herdr::logging: tab focused event="tab.focus" subsystem="tab" outcome="ok" workspace_id="w5" tab_id="w5:t2"
2026-08-29T13:01:40.551949Z  INFO herdr::logging: tab focused event="tab.focus" subsystem="tab" outcome="ok" workspace_id="w5" tab_id="w5:t1"
2026-08-29T13:01:45.550587Z  INFO herdr::logging: session saved event="persist.save" subsystem="persist" outcome="ok" path=/Users/shahid/.config/herdr/session.json workspaces=3
2026-08-29T13:14:49.988703Z  WARN herdr::raw_input: flushing lone escape after input timeout; if this follows an alt chord or focus switch it may reach the pane as plain esc bytes=[27]
2026-08-29T13:15:44.902691Z  WARN herdr::raw_input: flushing lone escape after input timeout; if this follows an alt chord or focus switch it may reach the pane as plain esc bytes=[27]
2026-08-29T13:17:40.231378Z  WARN herdr::raw_input: flushing lone escape after input timeout; if this follows an alt chord or focus switch it may reach the pane as plain esc bytes=[27]
2026-08-29T13:17:53.930628Z  WARN herdr::raw_input: flushing lone escape after input timeout; if this follows an alt chord or focus switch it may reach the pane as plain esc bytes=[27]
2026-08-29T13:17:57.543522Z  WARN herdr::raw_input: flushing lone escape after input timeout; if this follows an alt chord or focus switch it may reach the pane as plain esc bytes=[27]
2026-08-29T13:18:04.613177Z  WARN herdr::raw_input: flushing lone escape after input timeout; if this follows an alt chord or focus switch it may reach the pane as plain esc bytes=[27]
2026-08-29T13:18:23.724436Z  WARN herdr::raw_input: flushing lone escape after input timeout; if this follows an alt chord or focus switch it may reach the pane as plain esc bytes=[27]
2026-08-29T13:18:24.114851Z  WARN herdr::raw_input: flushing lone escape after input timeout; if this follows an alt chord or focus switch it may reach the pane as plain esc bytes=[27]
2026-08-29T13:18:51.411736Z  WARN herdr::raw_input: flushing lone escape after input timeout; if this follows an alt chord or focus switch it may reach the pane as plain esc bytes=[27]
2026-08-29T13:19:15.947580Z  WARN herdr::raw_input: flushing lone escape after input timeout; if this follows an alt chord or focus switch it may reach the pane as plain esc bytes=[27]
2026-08-29T13:19:49.206164Z  WARN herdr::raw_input: flushing lone escape after input timeout; if this follows an alt chord or focus switch it may reach the pane as plain esc bytes=[27]
2026-08-29T13:20:51.656531Z  WARN herdr::raw_input: flushing lone escape after input timeout; if this follows an alt chord or focus switch it may reach the pane as plain esc bytes=[27]
2026-08-29T13:21:05.666434Z  WARN herdr::raw_input: flushing lone escape after input timeout; if this follows an alt chord or focus switch it may reach the pane as plain esc bytes=[27]
2026-08-29T13:22:04.140683Z  WARN herdr::raw_input: flushing lone escape after input timeout; if this follows an alt chord or focus switch it may reach the pane as plain esc bytes=[27]
2026-08-29T13:22:12.809927Z  WARN herdr::raw_input: flushing lone escape after input timeout; if this follows an alt chord or focus switch it may reach the pane as plain esc bytes=[27]
2026-08-29T13:22:20.032073Z  WARN herdr::raw_input: flushing lone escape after input timeout; if this follows an alt chord or focus switch it may reach the pane as plain esc bytes=[27]
2026-08-29T13:22:33.939133Z  WARN herdr::raw_input: flushing lone escape after input timeout; if this follows an alt chord or focus switch it may reach the pane as plain esc bytes=[27]
2026-08-29T13:22:40.687658Z  WARN herdr::raw_input: flushing lone escape after input timeout; if this follows an alt chord or focus switch it may reach the pane as plain esc bytes=[27]
2026-08-29T13:22:48.826725Z  WARN herdr::raw_input: flushing lone escape after input timeout; if this follows an alt chord or focus switch it may reach the pane as plain esc bytes=[27]
2026-08-29T13:22:54.869841Z  WARN herdr::raw_input: flushing lone escape after input timeout; if this follows an alt chord or focus switch it may reach the pane as plain esc bytes=[27]
2026-08-29T13:23:00.987393Z  WARN herdr::raw_input: flushing lone escape after input timeout; if this follows an alt chord or focus switch it may reach the pane as plain esc bytes=[27]
2026-08-29T13:23:09.365035Z  WARN herdr::raw_input: flushing lone escape after input timeout; if this follows an alt chord or focus switch it may reach the pane as plain esc bytes=[27]
2026-08-29T13:23:16.966550Z  WARN herdr::raw_input: flushing lone escape after input timeout; if this follows an alt chord or focus switch it may reach the pane as plain esc bytes=[27]
2026-08-29T13:24:49.325260Z  INFO herdr::logging: checking for updates event="update.check.start" subsystem="update" outcome="started"
2026-08-29T13:36:44.875967Z  WARN herdr::raw_input: flushing lone escape after input timeout; if this follows an alt chord or focus switch it may reach the pane as plain esc bytes=[27]
2026-08-29T13:37:25.633377Z  WARN herdr::raw_input: flushing lone escape after input timeout; if this follows an alt chord or focus switch it may reach the pane as plain esc bytes=[27]
2026-08-29T13:37:25.947835Z  WARN herdr::raw_input: flushing lone escape after input timeout; if this follows an alt chord or focus switch it may reach the pane as plain esc bytes=[27]
2026-08-29T13:39:12.096508Z  WARN herdr::raw_input: flushing lone escape after input timeout; if this follows an alt chord or focus switch it may reach the pane as plain esc bytes=[27]
2026-08-29T13:39:17.483303Z  WARN herdr::raw_input: flushing lone escape after input timeout; if this follows an alt chord or focus switch it may reach the pane as plain esc bytes=[27]
2026-08-29T13:39:21.289979Z  WARN herdr::raw_input: flushing lone escape after input timeout; if this follows an alt chord or focus switch it may reach the pane as plain esc bytes=[27]
2026-08-29T13:39:30.898455Z  WARN herdr::raw_input: flushing lone escape after input timeout; if this follows an alt chord or focus switch it may reach the pane as plain esc bytes=[27]
2026-08-29T13:39:41.651028Z  WARN herdr::raw_input: flushing lone escape after input timeout; if this follows an alt chord or focus switch it may reach the pane as plain esc bytes=[27]
2026-08-29T13:39:57.613668Z  WARN herdr::raw_input: flushing lone escape after input timeout; if this follows an alt chord or focus switch it may reach the pane as plain esc bytes=[27]
2026-08-29T13:41:00.842500Z  WARN herdr::raw_input: flushing lone escape after input timeout; if this follows an alt chord or focus switch it may reach the pane as plain esc bytes=[27]
2026-08-29T13:41:15.444174Z  WARN herdr::raw_input: flushing lone escape after input timeout; if this follows an alt chord or focus switch it may reach the pane as plain esc bytes=[27]
2026-08-29T13:41:31.444453Z  WARN herdr::raw_input: flushing lone escape after input timeout; if this follows an alt chord or focus switch it may reach the pane as plain esc bytes=[27]
2026-08-29T14:01:34.205056Z  WARN herdr::raw_input: flushing lone escape after input timeout; if this follows an alt chord or focus switch it may reach the pane as plain esc bytes=[27]
2026-08-29T14:02:53.003068Z  INFO herdr::logging: checking for updates event="update.check.start" subsystem="update" outcome="started"
2026-08-29T14:04:14.538599Z  WARN herdr::raw_input: flushing lone escape after input timeout; if this follows an alt chord or focus switch it may reach the pane as plain esc bytes=[27]
2026-08-29T14:04:31.921399Z  WARN herdr::raw_input: flushing lone escape after input timeout; if this follows an alt chord or focus switch it may reach the pane as plain esc bytes=[27]
2026-08-29T14:04:39.723838Z  WARN herdr::raw_input: flushing lone escape after input timeout; if this follows an alt chord or focus switch it may reach the pane as plain esc bytes=[27]
2026-08-29T14:04:40.015301Z  WARN herdr::raw_input: flushing lone escape after input timeout; if this follows an alt chord or focus switch it may reach the pane as plain esc bytes=[27]
2026-08-29T14:04:40.281709Z  WARN herdr::raw_input: flushing lone escape after input timeout; if this follows an alt chord or focus switch it may reach the pane as plain esc bytes=[27]
2026-08-29T14:04:42.191890Z  WARN herdr::raw_input: flushing lone escape after input timeout; if this follows an alt chord or focus switch it may reach the pane as plain esc bytes=[27]
2026-08-29T14:09:53.285106Z  WARN herdr::raw_input: flushing lone escape after input timeout; if this follows an alt chord or focus switch it may reach the pane as plain esc bytes=[27]
2026-08-29T14:10:21.986223Z  WARN herdr::raw_input: flushing lone escape after input timeout; if this follows an alt chord or focus switch it may reach the pane as plain esc bytes=[27]
2026-08-29T14:11:39.309497Z  WARN herdr::raw_input: flushing lone escape after input timeout; if this follows an alt chord or focus switch it may reach the pane as plain esc bytes=[27]
2026-08-29T14:12:45.514762Z  WARN herdr::raw_input: flushing lone escape after input timeout; if this follows an alt chord or focus switch it may reach the pane as plain esc bytes=[27]
2026-08-29T14:13:12.653817Z  WARN herdr::raw_input: flushing lone escape after input timeout; if this follows an alt chord or focus switch it may reach the pane as plain esc bytes=[27]
2026-08-29T14:13:28.857447Z  WARN herdr::raw_input: flushing lone escape after input timeout; if this follows an alt chord or focus switch it may reach the pane as plain esc bytes=[27]
2026-08-29T14:15:37.883116Z  WARN herdr::raw_input: flushing lone escape after input timeout; if this follows an alt chord or focus switch it may reach the pane as plain esc bytes=[27]
2026-08-29T14:15:39.709190Z  WARN herdr::raw_input: flushing lone escape after input timeout; if this follows an alt chord or focus switch it may reach the pane as plain esc bytes=[27]
2026-08-29T14:15:39.927400Z  WARN herdr::raw_input: flushing lone escape after input timeout; if this follows an alt chord or focus switch it may reach the pane as plain esc bytes=[27]
2026-08-29T14:15:44.067036Z  WARN herdr::raw_input: flushing lone escape after input timeout; if this follows an alt chord or focus switch it may reach the pane as plain esc bytes=[27]
2026-08-29T14:15:44.254433Z  WARN herdr::raw_input: flushing lone escape after input timeout; if this follows an alt chord or focus switch it may reach the pane as plain esc bytes=[27]
2026-08-29T14:16:24.964380Z  WARN herdr::raw_input: flushing lone escape after input timeout; if this follows an alt chord or focus switch it may reach the pane as plain esc bytes=[27]
2026-08-29T14:16:58.035566Z  WARN herdr::raw_input: flushing lone escape after input timeout; if this follows an alt chord or focus switch it may reach the pane as plain esc bytes=[27]
2026-08-29T14:17:05.206332Z  WARN herdr::raw_input: flushing lone escape after input timeout; if this follows an alt chord or focus switch it may reach the pane as plain esc bytes=[27]
2026-08-29T14:32:53.010982Z  INFO herdr::logging: checking for updates event="update.check.start" subsystem="update" outcome="started"
2026-08-29T14:33:50.062534Z  WARN herdr::raw_input: flushing lone escape after input timeout; if this follows an alt chord or focus switch it may reach the pane as plain esc bytes=[27]
2026-08-29T14:34:03.370888Z  WARN herdr::raw_input: flushing lone escape after input timeout; if this follows an alt chord or focus switch it may reach the pane as plain esc bytes=[27]
2026-08-29T14:35:39.138149Z  WARN herdr::raw_input: flushing lone escape after input timeout; if this follows an alt chord or focus switch it may reach the pane as plain esc bytes=[27]
2026-08-29T14:35:47.229804Z  WARN herdr::raw_input: flushing lone escape after input timeout; if this follows an alt chord or focus switch it may reach the pane as plain esc bytes=[27]
2026-08-29T14:36:22.690445Z  WARN herdr::raw_input: flushing lone escape after input timeout; if this follows an alt chord or focus switch it may reach the pane as plain esc bytes=[27]
2026-08-29T14:37:50.783794Z  WARN herdr::raw_input: flushing lone escape after input timeout; if this follows an alt chord or focus switch it may reach the pane as plain esc bytes=[27]
2026-08-29T14:38:39.329050Z  WARN herdr::raw_input: flushing lone escape after input timeout; if this follows an alt chord or focus switch it may reach the pane as plain esc bytes=[27]
2026-08-29T14:38:58.304828Z  WARN herdr::raw_input: flushing lone escape after input timeout; if this follows an alt chord or focus switch it may reach the pane as plain esc bytes=[27]
2026-08-29T14:39:11.638830Z  WARN herdr::raw_input: flushing lone escape after input timeout; if this follows an alt chord or focus switch it may reach the pane as plain esc bytes=[27]
2026-08-29T14:40:49.041761Z  WARN herdr::raw_input: flushing lone escape after input timeout; if this follows an alt chord or focus switch it may reach the pane as plain esc bytes=[27]
2026-08-29T14:41:32.003084Z  WARN herdr::raw_input: flushing lone escape after input timeout; if this follows an alt chord or focus switch it may reach the pane as plain esc bytes=[27]
2026-08-29T14:43:03.248314Z  WARN herdr::raw_input: flushing lone escape after input timeout; if this follows an alt chord or focus switch it may reach the pane as plain esc bytes=[27]
2026-08-29T14:44:08.131489Z  WARN herdr::raw_input: flushing lone escape after input timeout; if this follows an alt chord or focus switch it may reach the pane as plain esc bytes=[27]
2026-08-29T14:44:26.231354Z  WARN herdr::raw_input: flushing lone escape after input timeout; if this follows an alt chord or focus switch it may reach the pane as plain esc bytes=[27]
2026-08-29T14:44:36.623364Z  WARN herdr::raw_input: flushing lone escape after input timeout; if this follows an alt chord or focus switch it may reach the pane as plain esc bytes=[27]
2026-08-29T14:45:02.183372Z  WARN herdr::raw_input: flushing lone escape after input timeout; if this follows an alt chord or focus switch it may reach the pane as plain esc bytes=[27]
2026-08-29T14:45:17.556819Z  WARN herdr::raw_input: flushing lone escape after input timeout; if this follows an alt chord or focus switch it may reach the pane as plain esc bytes=[27]
2026-08-29T14:45:21.556670Z  WARN herdr::raw_input: flushing lone escape after input timeout; if this follows an alt chord or focus switch it may reach the pane as plain esc bytes=[27]
2026-08-29T14:45:41.286659Z  WARN herdr::raw_input: flushing lone escape after input timeout; if this follows an alt chord or focus switch it may reach the pane as plain esc bytes=[27]
2026-08-29T14:45:50.564403Z  WARN herdr::raw_input: flushing lone escape after input timeout; if this follows an alt chord or focus switch it may reach the pane as plain esc bytes=[27]
2026-08-29T14:46:19.257147Z  WARN herdr::raw_input: flushing lone escape after input timeout; if this follows an alt chord or focus switch it may reach the pane as plain esc bytes=[27]
2026-08-29T14:46:22.662351Z  WARN herdr::raw_input: flushing lone escape after input timeout; if this follows an alt chord or focus switch it may reach the pane as plain esc bytes=[27]
2026-08-29T14:46:27.039301Z  WARN herdr::raw_input: flushing lone escape after input timeout; if this follows an alt chord or focus switch it may reach the pane as plain esc bytes=[27]
2026-08-29T14:54:40.989753Z  WARN herdr::raw_input: flushing lone escape after input timeout; if this follows an alt chord or focus switch it may reach the pane as plain esc bytes=[27]
2026-08-29T14:55:20.031827Z  WARN herdr::raw_input: flushing lone escape after input timeout; if this follows an alt chord or focus switch it may reach the pane as plain esc bytes=[27]
2026-08-29T14:55:34.539729Z  WARN herdr::raw_input: flushing lone escape after input timeout; if this follows an alt chord or focus switch it may reach the pane as plain esc bytes=[27]
2026-08-29T14:55:54.996341Z  WARN herdr::raw_input: flushing lone escape after input timeout; if this follows an alt chord or focus switch it may reach the pane as plain esc bytes=[27]
2026-08-29T14:56:06.723179Z  WARN herdr::raw_input: flushing lone escape after input timeout; if this follows an alt chord or focus switch it may reach the pane as plain esc bytes=[27]
2026-08-29T14:56:50.323642Z  WARN herdr::raw_input: flushing lone escape after input timeout; if this follows an alt chord or focus switch it may reach the pane as plain esc bytes=[27]
2026-08-29T14:58:06.085553Z  WARN herdr::raw_input: flushing lone escape after input timeout; if this follows an alt chord or focus switch it may reach the pane as plain esc bytes=[27]
2026-08-29T14:58:40.312642Z  WARN herdr::raw_input: flushing lone escape after input timeout; if this follows an alt chord or focus switch it may reach the pane as plain esc bytes=[27]
2026-08-29T15:00:04.227508Z  WARN herdr::raw_input: flushing lone escape after input timeout; if this follows an alt chord or focus switch it may reach the pane as plain esc bytes=[27]
2026-08-29T15:01:42.832967Z  WARN herdr::raw_input: flushing lone escape after input timeout; if this follows an alt chord or focus switch it may reach the pane as plain esc bytes=[27]
2026-08-29T15:02:32.300670Z  WARN herdr::raw_input: flushing lone escape after input timeout; if this follows an alt chord or focus switch it may reach the pane as plain esc bytes=[27]
2026-08-29T15:02:42.304497Z  WARN herdr::raw_input: flushing lone escape after input timeout; if this follows an alt chord or focus switch it may reach the pane as plain esc bytes=[27]
2026-08-29T15:02:56.963620Z  WARN herdr::raw_input: flushing lone escape after input timeout; if this follows an alt chord or focus switch it may reach the pane as plain esc bytes=[27]
2026-08-29T15:03:11.307536Z  WARN herdr::raw_input: flushing lone escape after input timeout; if this follows an alt chord or focus switch it may reach the pane as plain esc bytes=[27]
2026-08-29T15:03:20.107813Z  WARN herdr::raw_input: flushing lone escape after input timeout; if this follows an alt chord or focus switch it may reach the pane as plain esc bytes=[27]
2026-08-29T15:10:04.393885Z  INFO herdr::logging: checking for updates event="update.check.start" subsystem="update" outcome="started"
2026-08-30T08:54:32.294078Z  INFO herdr::logging: checking for updates event="update.check.start" subsystem="update" outcome="started"
2026-08-30T13:14:55.538269Z  INFO herdr::logging: tab focused event="tab.focus" subsystem="tab" outcome="ok" workspace_id="w5" tab_id="w5:t2"
2026-08-30T13:14:59.523870Z  INFO herdr::logging: tab focused event="tab.focus" subsystem="tab" outcome="ok" workspace_id="w5" tab_id="w5:t1"
2026-08-30T13:15:04.532420Z  INFO herdr::logging: session saved event="persist.save" subsystem="persist" outcome="ok" path=/Users/shahid/.config/herdr/session.json workspaces=3
2026-08-30T13:16:02.597664Z  WARN herdr::raw_input: flushing lone escape after input timeout; if this follows an alt chord or focus switch it may reach the pane as plain esc bytes=[27]
2026-08-30T13:17:37.269726Z  WARN herdr::raw_input: flushing lone escape after input timeout; if this follows an alt chord or focus switch it may reach the pane as plain esc bytes=[27]
2026-08-30T13:17:39.965458Z  WARN herdr::raw_input: flushing lone escape after input timeout; if this follows an alt chord or focus switch it may reach the pane as plain esc bytes=[27]
2026-08-30T13:17:55.104030Z  WARN herdr::raw_input: flushing lone escape after input timeout; if this follows an alt chord or focus switch it may reach the pane as plain esc bytes=[27]
2026-08-30T13:18:24.062541Z  WARN herdr::raw_input: flushing lone escape after input timeout; if this follows an alt chord or focus switch it may reach the pane as plain esc bytes=[27]
2026-08-30T13:19:30.337025Z  WARN herdr::raw_input: flushing lone escape after input timeout; if this follows an alt chord or focus switch it may reach the pane as plain esc bytes=[27]
2026-08-30T13:21:23.834910Z  WARN herdr::raw_input: flushing lone escape after input timeout; if this follows an alt chord or focus switch it may reach the pane as plain esc bytes=[27]
2026-08-30T13:21:27.413930Z  WARN herdr::raw_input: flushing lone escape after input timeout; if this follows an alt chord or focus switch it may reach the pane as plain esc bytes=[27]
2026-08-30T13:22:24.258864Z  WARN herdr::raw_input: flushing lone escape after input timeout; if this follows an alt chord or focus switch it may reach the pane as plain esc bytes=[27]
2026-08-30T13:22:35.359407Z  WARN herdr::raw_input: flushing lone escape after input timeout; if this follows an alt chord or focus switch it may reach the pane as plain esc bytes=[27]
2026-08-30T13:24:00.642626Z  WARN herdr::raw_input: flushing lone escape after input timeout; if this follows an alt chord or focus switch it may reach the pane as plain esc bytes=[27]
2026-08-30T13:24:11.232378Z  WARN herdr::raw_input: flushing lone escape after input timeout; if this follows an alt chord or focus switch it may reach the pane as plain esc bytes=[27]
2026-08-30T13:24:40.586493Z  WARN herdr::raw_input: flushing lone escape after input timeout; if this follows an alt chord or focus switch it may reach the pane as plain esc bytes=[27]
2026-08-30T13:25:48.481336Z  WARN herdr::raw_input: flushing lone escape after input timeout; if this follows an alt chord or focus switch it may reach the pane as plain esc bytes=[27]
2026-08-30T13:25:55.849718Z  WARN herdr::raw_input: flushing lone escape after input timeout; if this follows an alt chord or focus switch it may reach the pane as plain esc bytes=[27]
2026-08-30T13:26:06.645057Z  WARN herdr::raw_input: flushing lone escape after input timeout; if this follows an alt chord or focus switch it may reach the pane as plain esc bytes=[27]
2026-08-30T13:26:53.291712Z  WARN herdr::raw_input: flushing lone escape after input timeout; if this follows an alt chord or focus switch it may reach the pane as plain esc bytes=[27]
2026-08-30T13:27:29.493900Z  WARN herdr::raw_input: flushing lone escape after input timeout; if this follows an alt chord or focus switch it may reach the pane as plain esc bytes=[27]
2026-08-30T13:29:39.094456Z  WARN herdr::raw_input: flushing lone escape after input timeout; if this follows an alt chord or focus switch it may reach the pane as plain esc bytes=[27]
2026-08-30T13:29:46.976832Z  WARN herdr::raw_input: flushing lone escape after input timeout; if this follows an alt chord or focus switch it may reach the pane as plain esc bytes=[27]
2026-08-30T13:30:36.778442Z  WARN herdr::raw_input: flushing lone escape after input timeout; if this follows an alt chord or focus switch it may reach the pane as plain esc bytes=[27]
2026-08-30T13:30:47.402230Z  WARN herdr::raw_input: flushing lone escape after input timeout; if this follows an alt chord or focus switch it may reach the pane as plain esc bytes=[27]
2026-08-30T13:31:32.028678Z  WARN herdr::raw_input: flushing lone escape after input timeout; if this follows an alt chord or focus switch it may reach the pane as plain esc bytes=[27]
2026-08-30T13:35:01.572211Z  WARN herdr::raw_input: flushing lone escape after input timeout; if this follows an alt chord or focus switch it may reach the pane as plain esc bytes=[27]
2026-08-30T13:35:14.040668Z  WARN herdr::raw_input: flushing lone escape after input timeout; if this follows an alt chord or focus switch it may reach the pane as plain esc bytes=[27]
2026-08-30T13:36:21.891385Z  WARN herdr::raw_input: flushing lone escape after input timeout; if this follows an alt chord or focus switch it may reach the pane as plain esc bytes=[27]
2026-08-30T13:36:33.857910Z  WARN herdr::raw_input: flushing lone escape after input timeout; if this follows an alt chord or focus switch it may reach the pane as plain esc bytes=[27]
2026-08-30T13:37:50.355792Z  INFO herdr::logging: checking for updates event="update.check.start" subsystem="update" outcome="started"
2026-08-30T14:07:50.366335Z  INFO herdr::logging: checking for updates event="update.check.start" subsystem="update" outcome="started"
2026-08-30T14:15:54.569073Z  WARN herdr::raw_input: flushing lone escape after input timeout; if this follows an alt chord or focus switch it may reach the pane as plain esc bytes=[27]
2026-08-30T14:16:29.361165Z  WARN herdr::raw_input: flushing lone escape after input timeout; if this follows an alt chord or focus switch it may reach the pane as plain esc bytes=[27]
2026-08-30T14:17:15.358984Z  WARN herdr::raw_input: flushing lone escape after input timeout; if this follows an alt chord or focus switch it may reach the pane as plain esc bytes=[27]
2026-08-30T14:17:28.180751Z  WARN herdr::raw_input: flushing lone escape after input timeout; if this follows an alt chord or focus switch it may reach the pane as plain esc bytes=[27]
2026-08-30T14:17:47.929571Z  WARN herdr::raw_input: flushing lone escape after input timeout; if this follows an alt chord or focus switch it may reach the pane as plain esc bytes=[27]
2026-08-30T14:18:50.851960Z  WARN herdr::raw_input: flushing lone escape after input timeout; if this follows an alt chord or focus switch it may reach the pane as plain esc bytes=[27]
2026-08-30T14:19:15.251341Z  WARN herdr::raw_input: flushing lone escape after input timeout; if this follows an alt chord or focus switch it may reach the pane as plain esc bytes=[27]
2026-08-31T01:26:47.551856Z  INFO herdr::logging: checking for updates event="update.check.start" subsystem="update" outcome="started"
2026-08-31T01:56:47.550154Z  INFO herdr::logging: checking for updates event="update.check.start" subsystem="update" outcome="started"
2026-08-31T02:26:47.549392Z  INFO herdr::logging: checking for updates event="update.check.start" subsystem="update" outcome="started"
2026-08-31T02:56:47.543178Z  INFO herdr::logging: checking for updates event="update.check.start" subsystem="update" outcome="started"
2026-08-31T03:21:52.358971Z  INFO herdr::server::headless: client resize client_id=2 cols=121 rows=30 cell_width_px=0 cell_height_px=0
2026-08-31T03:21:52.776458Z  INFO herdr::server::headless: client resize client_id=2 cols=161 rows=33 cell_width_px=0 cell_height_px=0
2026-08-31T03:21:52.878112Z  INFO herdr::server::headless: client resize client_id=2 cols=206 rows=50 cell_width_px=0 cell_height_px=0
2026-08-31T03:24:42.674360Z  INFO herdr::logging: tab focused event="tab.focus" subsystem="tab" outcome="ok" workspace_id="w5" tab_id="w5:t2"
2026-08-31T03:24:43.903609Z  INFO herdr::logging: workspace focused event="workspace.focus" subsystem="workspace" outcome="ok" workspace_id="w6"
2026-08-31T03:24:43.903708Z  INFO herdr::logging: tab focused event="tab.focus" subsystem="tab" outcome="ok" workspace_id="w6" tab_id="w6:t1"
2026-08-31T03:24:48.916657Z  INFO herdr::logging: session saved event="persist.save" subsystem="persist" outcome="ok" path=/Users/shahid/.config/herdr/session.json workspaces=3
2026-08-31T03:25:44.331330Z  INFO herdr::logging: workspace focused event="workspace.focus" subsystem="workspace" outcome="ok" workspace_id="w4"
2026-08-31T03:25:44.331418Z  INFO herdr::logging: tab focused event="tab.focus" subsystem="tab" outcome="ok" workspace_id="w4" tab_id="w4:t1"
2026-08-31T03:25:49.335810Z  INFO herdr::logging: session saved event="persist.save" subsystem="persist" outcome="ok" path=/Users/shahid/.config/herdr/session.json workspaces=3
2026-08-31T03:26:47.556260Z  INFO herdr::logging: checking for updates event="update.check.start" subsystem="update" outcome="started"
2026-08-31T03:28:03.950226Z  INFO herdr::logging: tab focused event="tab.focus" subsystem="tab" outcome="ok" workspace_id="w4" tab_id="w4:t2"
2026-08-31T03:28:04.656851Z  INFO herdr::logging: tab focused event="tab.focus" subsystem="tab" outcome="ok" workspace_id="w4" tab_id="w4:t3"
2026-08-31T03:28:08.688325Z  INFO herdr::logging: tab focused event="tab.focus" subsystem="tab" outcome="ok" workspace_id="w4" tab_id="w4:t3"
2026-08-31T03:28:13.695828Z  INFO herdr::logging: session saved event="persist.save" subsystem="persist" outcome="ok" path=/Users/shahid/.config/herdr/session.json workspaces=3
2026-08-31T03:28:38.311012Z  INFO herdr::logging: tab focused event="tab.focus" subsystem="tab" outcome="ok" workspace_id="w4" tab_id="w4:t1"
2026-08-31T03:28:42.668407Z  INFO herdr::logging: tab focused event="tab.focus" subsystem="tab" outcome="ok" workspace_id="w4" tab_id="w4:t3"
2026-08-31T03:28:44.384124Z  INFO herdr::logging: tab focused event="tab.focus" subsystem="tab" outcome="ok" workspace_id="w4" tab_id="w4:t1"
2026-08-31T03:28:49.396996Z  INFO herdr::logging: session saved event="persist.save" subsystem="persist" outcome="ok" path=/Users/shahid/.config/herdr/session.json workspaces=3
2026-08-31T03:29:24.298211Z  INFO herdr::logging: tab focused event="tab.focus" subsystem="tab" outcome="ok" workspace_id="w4" tab_id="w4:t1"
2026-08-31T03:29:27.924937Z  INFO herdr::logging: spawning pane terminal event="pane.spawn.start" subsystem="pane" outcome="started" pane_id=12 rows=49 cols=101 scrollback_limit_bytes=10000000
2026-08-31T03:29:27.935352Z  INFO herdr::logging: pane child spawned event="pane.spawned" subsystem="pane" outcome="ok" pane_id=12 pid=17127
2026-08-31T03:29:27.936129Z  INFO herdr::logging: tab focused event="tab.focus" subsystem="tab" outcome="ok" workspace_id="w4" tab_id="w4:t1"
2026-08-31T03:29:29.116364Z  INFO herdr::logging: tab focused event="tab.focus" subsystem="tab" outcome="ok" workspace_id="w4" tab_id="w4:t1"
2026-08-31T03:29:34.121677Z  INFO herdr::logging: session saved event="persist.save" subsystem="persist" outcome="ok" path=/Users/shahid/.config/herdr/session.json workspaces=3
2026-08-31T03:29:43.397858Z  INFO herdr::logging: tab focused event="tab.focus" subsystem="tab" outcome="ok" workspace_id="w4" tab_id="w4:t1"
2026-08-31T03:29:48.403086Z  INFO herdr::logging: session saved event="persist.save" subsystem="persist" outcome="ok" path=/Users/shahid/.config/herdr/session.json workspaces=3
2026-08-31T03:30:01.907636Z  INFO herdr::logging: tab focused event="tab.focus" subsystem="tab" outcome="ok" workspace_id="w4" tab_id="w4:t1"
2026-08-31T03:30:06.913664Z  INFO herdr::logging: session saved event="persist.save" subsystem="persist" outcome="ok" path=/Users/shahid/.config/herdr/session.json workspaces=3
2026-08-31T03:32:58.260058Z  WARN herdr::raw_input: flushing lone escape after input timeout; if this follows an alt chord or focus switch it may reach the pane as plain esc bytes=[27]
2026-08-31T03:33:01.013763Z  INFO herdr::logging: tab focused event="tab.focus" subsystem="tab" outcome="ok" workspace_id="w4" tab_id="w4:t1"
2026-08-31T03:33:06.021097Z  INFO herdr::logging: session saved event="persist.save" subsystem="persist" outcome="ok" path=/Users/shahid/.config/herdr/session.json workspaces=3
2026-08-31T03:33:45.797645Z  WARN herdr::raw_input: flushing lone escape after input timeout; if this follows an alt chord or focus switch it may reach the pane as plain esc bytes=[27]
2026-08-31T03:33:49.455044Z  INFO herdr::logging: tab focused event="tab.focus" subsystem="tab" outcome="ok" workspace_id="w4" tab_id="w4:t1"
2026-08-31T03:33:52.847051Z  INFO herdr::logging: tab focused event="tab.focus" subsystem="tab" outcome="ok" workspace_id="w4" tab_id="w4:t1"
2026-08-31T03:33:57.850519Z  INFO herdr::logging: session saved event="persist.save" subsystem="persist" outcome="ok" path=/Users/shahid/.config/herdr/session.json workspaces=3
2026-08-31T03:33:58.278010Z  INFO herdr::logging: tab focused event="tab.focus" subsystem="tab" outcome="ok" workspace_id="w4" tab_id="w4:t1"
2026-08-31T03:34:03.281412Z  INFO herdr::logging: session saved event="persist.save" subsystem="persist" outcome="ok" path=/Users/shahid/.config/herdr/session.json workspaces=3
2026-08-31T03:34:08.734750Z  INFO herdr::logging: tab focused event="tab.focus" subsystem="tab" outcome="ok" workspace_id="w4" tab_id="w4:t3"
2026-08-31T03:34:11.232580Z  INFO herdr::logging: workspace focused event="workspace.focus" subsystem="workspace" outcome="ok" workspace_id="w4"
2026-08-31T03:34:11.232628Z  INFO herdr::logging: tab focused event="tab.focus" subsystem="tab" outcome="ok" workspace_id="w4" tab_id="w4:t3"
2026-08-31T03:34:11.232654Z  INFO herdr::logging: tab focused event="tab.focus" subsystem="tab" outcome="ok" workspace_id="w4" tab_id="w4:t3"
2026-08-31T03:34:11.235937Z  INFO herdr::logging: pane child exited event="pane.exit" subsystem="pane" outcome="completed" pane_id=5 status="ExitStatus { code: 1, signal: None }"
2026-08-31T03:34:11.254926Z  INFO herdr::pane: pane session terminated pane=5 pid=14940 signal=Hangup
2026-08-31T03:34:11.257612Z  INFO herdr::logging: pane child exited event="pane.exit" subsystem="pane" outcome="completed" pane_id=6 status="ExitStatus { code: 1, signal: None }"
2026-08-31T03:34:11.280373Z  INFO herdr::pane: pane session terminated pane=6 pid=14941 signal=Hangup
2026-08-31T03:34:11.281404Z  WARN herdr::app::actions: PaneDied for unknown pane pane=5
2026-08-31T03:34:11.281424Z  WARN herdr::app::actions: PaneDied for unknown pane pane=6
2026-08-31T03:34:12.688867Z  INFO herdr::logging: tab focused event="tab.focus" subsystem="tab" outcome="ok" workspace_id="w4" tab_id="w4:t1"
2026-08-31T03:34:17.692320Z  INFO herdr::logging: session saved event="persist.save" subsystem="persist" outcome="ok" path=/Users/shahid/.config/herdr/session.json workspaces=3
2026-08-31T03:35:27.301403Z  INFO herdr::server::headless: client resize client_id=2 cols=100 rows=50 cell_width_px=0 cell_height_px=0
2026-08-31T03:35:32.463432Z  INFO herdr::server::headless: client resize client_id=2 cols=206 rows=50 cell_width_px=0 cell_height_px=0
2026-08-31T03:56:47.549689Z  INFO herdr::logging: checking for updates event="update.check.start" subsystem="update" outcome="started"
2026-08-31T04:09:41.965455Z  INFO herdr::logging: tab focused event="tab.focus" subsystem="tab" outcome="ok" workspace_id="w4" tab_id="w4:t2"
2026-08-31T04:09:46.243974Z  INFO herdr::logging: tab focused event="tab.focus" subsystem="tab" outcome="ok" workspace_id="w4" tab_id="w4:t2"
2026-08-31T04:09:51.253945Z  INFO herdr::logging: session saved event="persist.save" subsystem="persist" outcome="ok" path=/Users/shahid/.config/herdr/session.json workspaces=3
2026-08-31T04:10:17.489925Z  INFO herdr::logging: tab focused event="tab.focus" subsystem="tab" outcome="ok" workspace_id="w4" tab_id="w4:t2"
2026-08-31T04:10:22.496192Z  INFO herdr::logging: session saved event="persist.save" subsystem="persist" outcome="ok" path=/Users/shahid/.config/herdr/session.json workspaces=3
2026-08-31T04:26:47.529993Z  INFO herdr::logging: checking for updates event="update.check.start" subsystem="update" outcome="started"
2026-08-31T04:56:28.328842Z  INFO herdr::server::headless: client resize client_id=2 cols=121 rows=30 cell_width_px=0 cell_height_px=0
2026-08-31T04:56:28.451656Z  INFO herdr::server::headless: client resize client_id=2 cols=206 rows=31 cell_width_px=0 cell_height_px=0
2026-08-31T04:56:29.077337Z  INFO herdr::server::headless: client resize client_id=2 cols=206 rows=50 cell_width_px=0 cell_height_px=0
2026-08-31T04:56:29.180528Z  INFO herdr::server::headless: client resize client_id=2 cols=206 rows=31 cell_width_px=0 cell_height_px=0
2026-08-31T04:56:48.169788Z  INFO herdr::logging: checking for updates event="update.check.start" subsystem="update" outcome="started"
2026-08-31T04:57:39.628147Z  INFO herdr::server::headless: client resize client_id=2 cols=206 rows=31 cell_width_px=0 cell_height_px=0
2026-08-31T04:57:40.532311Z  INFO herdr::server::headless: client resize client_id=2 cols=206 rows=31 cell_width_px=0 cell_height_px=0
2026-08-31T04:58:51.024779Z  INFO herdr::server::headless: client resize client_id=2 cols=206 rows=31 cell_width_px=0 cell_height_px=0
2026-08-31T04:58:51.958878Z  INFO herdr::server::headless: client resize client_id=2 cols=206 rows=31 cell_width_px=0 cell_height_px=0
2026-08-31T05:00:08.058297Z  INFO herdr::server::headless: client resize client_id=2 cols=206 rows=31 cell_width_px=0 cell_height_px=0
2026-08-31T05:00:08.844724Z  INFO herdr::server::headless: client resize client_id=2 cols=206 rows=31 cell_width_px=0 cell_height_px=0
2026-08-31T05:01:19.580252Z  INFO herdr::server::headless: client resize client_id=2 cols=206 rows=31 cell_width_px=0 cell_height_px=0
2026-08-31T05:01:20.414424Z  INFO herdr::server::headless: client resize client_id=2 cols=206 rows=31 cell_width_px=0 cell_height_px=0
2026-08-31T05:02:30.800697Z  INFO herdr::server::headless: client resize client_id=2 cols=206 rows=31 cell_width_px=0 cell_height_px=0
2026-08-31T05:02:31.644257Z  INFO herdr::server::headless: client resize client_id=2 cols=206 rows=31 cell_width_px=0 cell_height_px=0
2026-08-31T05:03:42.232023Z  INFO herdr::server::headless: client resize client_id=2 cols=206 rows=31 cell_width_px=0 cell_height_px=0
2026-08-31T05:03:43.063119Z  INFO herdr::server::headless: client resize client_id=2 cols=206 rows=31 cell_width_px=0 cell_height_px=0
2026-08-31T05:04:53.695998Z  INFO herdr::server::headless: client resize client_id=2 cols=206 rows=31 cell_width_px=0 cell_height_px=0
2026-08-31T05:04:54.537906Z  INFO herdr::server::headless: client resize client_id=2 cols=206 rows=31 cell_width_px=0 cell_height_px=0
2026-08-31T05:06:05.178539Z  INFO herdr::server::headless: client resize client_id=2 cols=206 rows=31 cell_width_px=0 cell_height_px=0
2026-08-31T05:06:05.915658Z  INFO herdr::server::headless: client resize client_id=2 cols=206 rows=31 cell_width_px=0 cell_height_px=0
2026-08-31T05:07:16.612925Z  INFO herdr::server::headless: client resize client_id=2 cols=206 rows=31 cell_width_px=0 cell_height_px=0
2026-08-31T05:07:17.367474Z  INFO herdr::server::headless: client resize client_id=2 cols=206 rows=31 cell_width_px=0 cell_height_px=0
2026-08-31T05:08:27.947966Z  INFO herdr::server::headless: client resize client_id=2 cols=206 rows=31 cell_width_px=0 cell_height_px=0
2026-08-31T05:08:28.867881Z  INFO herdr::server::headless: client resize client_id=2 cols=206 rows=31 cell_width_px=0 cell_height_px=0
2026-08-31T05:24:11.801988Z  INFO herdr::server::headless: client resize client_id=2 cols=206 rows=31 cell_width_px=0 cell_height_px=0
2026-08-31T05:24:12.635432Z  INFO herdr::server::headless: client resize client_id=2 cols=206 rows=31 cell_width_px=0 cell_height_px=0
2026-08-31T05:24:15.951915Z  INFO herdr::server::headless: client resize client_id=2 cols=206 rows=50 cell_width_px=0 cell_height_px=0
2026-08-31T05:33:52.113220Z  INFO herdr::logging: checking for updates event="update.check.start" subsystem="update" outcome="started"
2026-08-31T06:03:52.118496Z  INFO herdr::logging: checking for updates event="update.check.start" subsystem="update" outcome="started"
2026-08-31T06:20:10.456063Z  INFO herdr::server::headless: client resize client_id=2 cols=206 rows=31 cell_width_px=0 cell_height_px=0
2026-08-31T06:20:14.180969Z  INFO herdr::server::headless: client resize client_id=2 cols=121 rows=30 cell_width_px=0 cell_height_px=0
2026-08-31T06:33:52.140940Z  INFO herdr::logging: checking for updates event="update.check.start" subsystem="update" outcome="started"
2026-08-31T07:03:52.131583Z  INFO herdr::logging: checking for updates event="update.check.start" subsystem="update" outcome="started"
2026-08-31T07:24:23.259450Z  INFO herdr::server::headless: client resize client_id=2 cols=206 rows=50 cell_width_px=0 cell_height_px=0
2026-08-31T07:24:23.558211Z  INFO herdr::server::headless: client resize client_id=2 cols=119 rows=28 cell_width_px=0 cell_height_px=0
2026-08-31T07:24:23.868845Z  INFO herdr::server::headless: client resize client_id=2 cols=121 rows=30 cell_width_px=0 cell_height_px=0
2026-08-31T07:33:52.090311Z  INFO herdr::logging: checking for updates event="update.check.start" subsystem="update" outcome="started"
2026-08-31T08:03:52.033235Z  INFO herdr::logging: checking for updates event="update.check.start" subsystem="update" outcome="started"
2026-08-31T08:13:40.476116Z  INFO herdr::server::headless: client resize client_id=2 cols=121 rows=30 cell_width_px=0 cell_height_px=0
2026-08-31T12:36:24.496019Z  INFO herdr::logging: checking for updates event="update.check.start" subsystem="update" outcome="started"
2026-08-31T13:11:38.402353Z  INFO herdr::server::headless: client resize client_id=2 cols=121 rows=30 cell_width_px=0 cell_height_px=0
2026-08-31T13:26:56.586192Z  INFO herdr::logging: tab focused event="tab.focus" subsystem="tab" outcome="ok" workspace_id="w4" tab_id="w4:t2"
2026-08-31T13:27:01.601207Z  INFO herdr::logging: session saved event="persist.save" subsystem="persist" outcome="ok" path=/Users/shahid/.config/herdr/session.json workspaces=3
2026-08-31T13:30:21.929623Z  INFO herdr::logging: checking for updates event="update.check.start" subsystem="update" outcome="started"
2026-08-31T13:51:18.301076Z  INFO herdr::logging: tab focused event="tab.focus" subsystem="tab" outcome="ok" workspace_id="w4" tab_id="w4:t2"
2026-08-31T13:51:20.986033Z  INFO herdr::logging: tab focused event="tab.focus" subsystem="tab" outcome="ok" workspace_id="w4" tab_id="w4:t1"
2026-08-31T13:51:23.429993Z  INFO herdr::logging: tab focused event="tab.focus" subsystem="tab" outcome="ok" workspace_id="w4" tab_id="w4:t1"
2026-08-31T13:51:24.940141Z  INFO herdr::logging: tab focused event="tab.focus" subsystem="tab" outcome="ok" workspace_id="w4" tab_id="w4:t1"
2026-08-31T13:51:26.656949Z  INFO herdr::logging: tab focused event="tab.focus" subsystem="tab" outcome="ok" workspace_id="w4" tab_id="w4:t1"
2026-08-31T13:51:30.402607Z  WARN herdr::raw_input: flushing lone escape after input timeout; if this follows an alt chord or focus switch it may reach the pane as plain esc bytes=[27]
2026-08-31T13:51:31.660514Z  INFO herdr::logging: session saved event="persist.save" subsystem="persist" outcome="ok" path=/Users/shahid/.config/herdr/session.json workspaces=3
2026-08-31T13:51:34.689320Z  INFO herdr::logging: tab focused event="tab.focus" subsystem="tab" outcome="ok" workspace_id="w4" tab_id="w4:t1"
2026-08-31T13:51:39.694945Z  INFO herdr::logging: session saved event="persist.save" subsystem="persist" outcome="ok" path=/Users/shahid/.config/herdr/session.json workspaces=3
2026-08-31T13:51:39.884021Z  WARN herdr::raw_input: flushing lone escape after input timeout; if this follows an alt chord or focus switch it may reach the pane as plain esc bytes=[27]
2026-08-31T13:51:46.045183Z  INFO herdr::logging: tab focused event="tab.focus" subsystem="tab" outcome="ok" workspace_id="w4" tab_id="w4:t1"
2026-08-31T13:51:49.026520Z  INFO herdr::logging: tab focused event="tab.focus" subsystem="tab" outcome="ok" workspace_id="w4" tab_id="w4:t1"
2026-08-31T13:51:54.030001Z  INFO herdr::logging: session saved event="persist.save" subsystem="persist" outcome="ok" path=/Users/shahid/.config/herdr/session.json workspaces=3
2026-08-31T14:00:21.929867Z  INFO herdr::logging: checking for updates event="update.check.start" subsystem="update" outcome="started"
2026-08-31T14:21:39.432002Z  INFO herdr::logging: tab focused event="tab.focus" subsystem="tab" outcome="ok" workspace_id="w4" tab_id="w4:t1"
2026-08-31T14:21:44.452638Z  INFO herdr::logging: session saved event="persist.save" subsystem="persist" outcome="ok" path=/Users/shahid/.config/herdr/session.json workspaces=3
2026-08-31T14:30:21.902567Z  INFO herdr::logging: checking for updates event="update.check.start" subsystem="update" outcome="started"
2026-08-31T14:32:53.308569Z  INFO herdr::logging: tab focused event="tab.focus" subsystem="tab" outcome="ok" workspace_id="w4" tab_id="w4:t1"
2026-08-31T14:32:56.275690Z  INFO herdr::logging: tab focused event="tab.focus" subsystem="tab" outcome="ok" workspace_id="w4" tab_id="w4:t1"
2026-08-31T14:33:01.283975Z  INFO herdr::logging: session saved event="persist.save" subsystem="persist" outcome="ok" path=/Users/shahid/.config/herdr/session.json workspaces=3
2026-08-31T15:01:19.922828Z  INFO herdr::logging: checking for updates event="update.check.start" subsystem="update" outcome="started"
2026-08-31T15:31:19.951448Z  INFO herdr::logging: checking for updates event="update.check.start" subsystem="update" outcome="started"
2026-09-01T01:04:25.392748Z  INFO herdr::server::headless: client resize client_id=2 cols=166 rows=40 cell_width_px=0 cell_height_px=0
2026-09-01T01:05:28.823702Z  INFO herdr::logging: tab focused event="tab.focus" subsystem="tab" outcome="ok" workspace_id="w4" tab_id="w4:t1"
2026-09-01T01:05:33.833531Z  INFO herdr::logging: session saved event="persist.save" subsystem="persist" outcome="ok" path=/Users/shahid/.config/herdr/session.json workspaces=3
2026-09-01T01:05:34.571548Z  INFO herdr::logging: tab focused event="tab.focus" subsystem="tab" outcome="ok" workspace_id="w4" tab_id="w4:t1"
2026-09-01T01:05:39.576520Z  INFO herdr::logging: session saved event="persist.save" subsystem="persist" outcome="ok" path=/Users/shahid/.config/herdr/session.json workspaces=3
2026-09-01T01:05:47.952615Z  INFO herdr::logging: tab focused event="tab.focus" subsystem="tab" outcome="ok" workspace_id="w4" tab_id="w4:t1"
2026-09-01T01:05:52.959779Z  INFO herdr::logging: session saved event="persist.save" subsystem="persist" outcome="ok" path=/Users/shahid/.config/herdr/session.json workspaces=3
2026-09-01T01:06:00.924991Z  INFO herdr::logging: tab focused event="tab.focus" subsystem="tab" outcome="ok" workspace_id="w4" tab_id="w4:t1"
2026-09-01T01:06:05.928661Z  INFO herdr::logging: session saved event="persist.save" subsystem="persist" outcome="ok" path=/Users/shahid/.config/herdr/session.json workspaces=3
2026-09-01T01:06:41.711757Z  INFO herdr::logging: tab focused event="tab.focus" subsystem="tab" outcome="ok" workspace_id="w4" tab_id="w4:t1"
2026-09-01T01:06:46.716569Z  INFO herdr::logging: session saved event="persist.save" subsystem="persist" outcome="ok" path=/Users/shahid/.config/herdr/session.json workspaces=3
2026-09-01T01:06:59.323712Z  INFO herdr::logging: tab focused event="tab.focus" subsystem="tab" outcome="ok" workspace_id="w4" tab_id="w4:t1"
2026-09-01T01:07:04.330645Z  INFO herdr::logging: session saved event="persist.save" subsystem="persist" outcome="ok" path=/Users/shahid/.config/herdr/session.json workspaces=3
2026-09-01T01:07:13.107330Z  INFO herdr::logging: tab focused event="tab.focus" subsystem="tab" outcome="ok" workspace_id="w4" tab_id="w4:t1"
2026-09-01T01:07:16.389385Z  INFO herdr::logging: tab focused event="tab.focus" subsystem="tab" outcome="ok" workspace_id="w4" tab_id="w4:t1"
2026-09-01T01:07:21.397664Z  INFO herdr::logging: session saved event="persist.save" subsystem="persist" outcome="ok" path=/Users/shahid/.config/herdr/session.json workspaces=3
2026-09-01T01:07:37.435880Z  WARN herdr::raw_input: flushing lone escape after input timeout; if this follows an alt chord or focus switch it may reach the pane as plain esc bytes=[27]
2026-09-01T01:08:08.411142Z  WARN herdr::raw_input: flushing lone escape after input timeout; if this follows an alt chord or focus switch it may reach the pane as plain esc bytes=[27]
2026-09-01T01:08:15.372930Z  INFO herdr::logging: workspace focused event="workspace.focus" subsystem="workspace" outcome="ok" workspace_id="w6"
2026-09-01T01:08:15.373741Z  INFO herdr::logging: tab focused event="tab.focus" subsystem="tab" outcome="ok" workspace_id="w6" tab_id="w6:t1"
2026-09-01T01:08:20.382150Z  INFO herdr::logging: session saved event="persist.save" subsystem="persist" outcome="ok" path=/Users/shahid/.config/herdr/session.json workspaces=3
2026-09-01T01:09:34.257895Z  INFO herdr::logging: checking for updates event="update.check.start" subsystem="update" outcome="started"
2026-09-01T01:35:06.293268Z  INFO herdr::logging: workspace focused event="workspace.focus" subsystem="workspace" outcome="ok" workspace_id="w5"
2026-09-01T01:35:06.294523Z  INFO herdr::logging: tab focused event="tab.focus" subsystem="tab" outcome="ok" workspace_id="w5" tab_id="w5:t2"
2026-09-01T01:35:11.300522Z  INFO herdr::logging: session saved event="persist.save" subsystem="persist" outcome="ok" path=/Users/shahid/.config/herdr/session.json workspaces=3
2026-09-01T01:39:34.309303Z  INFO herdr::logging: checking for updates event="update.check.start" subsystem="update" outcome="started"
2026-09-01T02:09:34.360158Z  INFO herdr::logging: checking for updates event="update.check.start" subsystem="update" outcome="started"
2026-09-01T02:39:34.360092Z  INFO herdr::logging: checking for updates event="update.check.start" subsystem="update" outcome="started"
2026-09-01T02:40:28.180477Z  INFO herdr::logging: workspace focused event="workspace.focus" subsystem="workspace" outcome="ok" workspace_id="w6"
2026-09-01T02:40:28.181060Z  INFO herdr::logging: tab focused event="tab.focus" subsystem="tab" outcome="ok" workspace_id="w6" tab_id="w6:t1"
2026-09-01T02:40:33.190897Z  INFO herdr::logging: session saved event="persist.save" subsystem="persist" outcome="ok" path=/Users/shahid/.config/herdr/session.json workspaces=3
2026-09-01T03:09:34.385848Z  INFO herdr::logging: checking for updates event="update.check.start" subsystem="update" outcome="started"
2026-09-01T03:26:18.566649Z  INFO herdr::logging: workspace focused event="workspace.focus" subsystem="workspace" outcome="ok" workspace_id="w5"
2026-09-01T03:26:18.568046Z  INFO herdr::logging: tab focused event="tab.focus" subsystem="tab" outcome="ok" workspace_id="w5" tab_id="w5:t2"
2026-09-01T03:26:23.579134Z  INFO herdr::logging: session saved event="persist.save" subsystem="persist" outcome="ok" path=/Users/shahid/.config/herdr/session.json workspaces=3
2026-09-01T03:36:16.474690Z  INFO herdr::logging: workspace focused event="workspace.focus" subsystem="workspace" outcome="ok" workspace_id="w6"
2026-09-01T03:36:16.476759Z  INFO herdr::logging: tab focused event="tab.focus" subsystem="tab" outcome="ok" workspace_id="w6" tab_id="w6:t1"
2026-09-01T03:36:17.561976Z  INFO herdr::logging: workspace focused event="workspace.focus" subsystem="workspace" outcome="ok" workspace_id="w4"
2026-09-01T03:36:17.562117Z  INFO herdr::logging: tab focused event="tab.focus" subsystem="tab" outcome="ok" workspace_id="w4" tab_id="w4:t1"
2026-09-01T03:36:18.333600Z  INFO herdr::logging: tab focused event="tab.focus" subsystem="tab" outcome="ok" workspace_id="w4" tab_id="w4:t1"
2026-09-01T03:36:19.926116Z  INFO herdr::logging: tab focused event="tab.focus" subsystem="tab" outcome="ok" workspace_id="w4" tab_id="w4:t2"
2026-09-01T03:36:21.554329Z  INFO herdr::logging: tab focused event="tab.focus" subsystem="tab" outcome="ok" workspace_id="w4" tab_id="w4:t2"
2026-09-01T03:36:26.563646Z  INFO herdr::logging: session saved event="persist.save" subsystem="persist" outcome="ok" path=/Users/shahid/.config/herdr/session.json workspaces=3
2026-09-01T03:36:30.147449Z  INFO herdr::logging: tab focused event="tab.focus" subsystem="tab" outcome="ok" workspace_id="w4" tab_id="w4:t2"
2026-09-01T03:36:35.151775Z  INFO herdr::logging: session saved event="persist.save" subsystem="persist" outcome="ok" path=/Users/shahid/.config/herdr/session.json workspaces=3
2026-09-01T03:36:39.275754Z  INFO herdr::logging: tab focused event="tab.focus" subsystem="tab" outcome="ok" workspace_id="w4" tab_id="w4:t2"
2026-09-01T03:36:42.637210Z  INFO herdr::logging: tab focused event="tab.focus" subsystem="tab" outcome="ok" workspace_id="w4" tab_id="w4:t2"
2026-09-01T03:36:47.642129Z  INFO herdr::logging: session saved event="persist.save" subsystem="persist" outcome="ok" path=/Users/shahid/.config/herdr/session.json workspaces=3
2026-09-01T03:39:05.969437Z  INFO herdr::logging: tab focused event="tab.focus" subsystem="tab" outcome="ok" workspace_id="w4" tab_id="w4:t1"
2026-09-01T03:39:08.066594Z  INFO herdr::logging: tab focused event="tab.focus" subsystem="tab" outcome="ok" workspace_id="w4" tab_id="w4:t2"
2026-09-01T03:39:13.070850Z  INFO herdr::logging: session saved event="persist.save" subsystem="persist" outcome="ok" path=/Users/shahid/.config/herdr/session.json workspaces=3
2026-09-01T03:39:23.825990Z  INFO herdr::logging: tab focused event="tab.focus" subsystem="tab" outcome="ok" workspace_id="w4" tab_id="w4:t2"
2026-09-01T03:39:28.827638Z  INFO herdr::logging: session saved event="persist.save" subsystem="persist" outcome="ok" path=/Users/shahid/.config/herdr/session.json workspaces=3
2026-09-01T03:39:34.374040Z  INFO herdr::logging: checking for updates event="update.check.start" subsystem="update" outcome="started"
2026-09-01T03:39:54.481872Z  INFO herdr::logging: tab focused event="tab.focus" subsystem="tab" outcome="ok" workspace_id="w4" tab_id="w4:t2"
2026-09-01T03:39:56.960335Z  INFO herdr::app::actions: copied selection to clipboard
2026-09-01T03:39:59.486081Z  INFO herdr::logging: session saved event="persist.save" subsystem="persist" outcome="ok" path=/Users/shahid/.config/herdr/session.json workspaces=3
2026-09-01T03:41:05.760864Z  INFO herdr::app::actions: copied selection to clipboard
2026-09-01T03:43:49.046812Z  INFO herdr::logging: tab focused event="tab.focus" subsystem="tab" outcome="ok" workspace_id="w4" tab_id="w4:t2"
2026-09-01T03:43:54.053053Z  INFO herdr::logging: session saved event="persist.save" subsystem="persist" outcome="ok" path=/Users/shahid/.config/herdr/session.json workspaces=3
2026-09-01T03:45:45.352219Z  WARN herdr::raw_input: flushing lone escape after input timeout; if this follows an alt chord or focus switch it may reach the pane as plain esc bytes=[27]
2026-09-01T03:45:46.326420Z  WARN herdr::raw_input: flushing lone escape after input timeout; if this follows an alt chord or focus switch it may reach the pane as plain esc bytes=[27]
2026-09-01T03:46:58.350275Z  INFO herdr::logging: session saved event="persist.save" subsystem="persist" outcome="ok" path=/Users/shahid/.config/herdr/session.json workspaces=3
2026-09-01T03:58:55.948173Z  INFO herdr::logging: tab focused event="tab.focus" subsystem="tab" outcome="ok" workspace_id="w4" tab_id="w4:t2"
2026-09-01T03:59:00.956661Z  INFO herdr::logging: session saved event="persist.save" subsystem="persist" outcome="ok" path=/Users/shahid/.config/herdr/session.json workspaces=3
2026-09-01T04:02:08.862181Z  INFO herdr::logging: tab focused event="tab.focus" subsystem="tab" outcome="ok" workspace_id="w4" tab_id="w4:t2"
2026-09-01T04:02:13.869015Z  INFO herdr::logging: session saved event="persist.save" subsystem="persist" outcome="ok" path=/Users/shahid/.config/herdr/session.json workspaces=3
2026-09-01T04:04:28.538917Z  INFO herdr::logging: session saved event="persist.save" subsystem="persist" outcome="ok" path=/Users/shahid/.config/herdr/session.json workspaces=3
2026-09-01T04:07:52.716477Z  INFO herdr::logging: session saved event="persist.save" subsystem="persist" outcome="ok" path=/Users/shahid/.config/herdr/session.json workspaces=3
2026-09-01T04:09:08.525045Z  INFO herdr::logging: tab focused event="tab.focus" subsystem="tab" outcome="ok" workspace_id="w4" tab_id="w4:t2"
2026-09-01T04:09:13.529328Z  INFO herdr::logging: session saved event="persist.save" subsystem="persist" outcome="ok" path=/Users/shahid/.config/herdr/session.json workspaces=3
2026-09-01T04:09:14.268979Z  INFO herdr::logging: tab focused event="tab.focus" subsystem="tab" outcome="ok" workspace_id="w4" tab_id="w4:t2"
2026-09-01T04:09:19.272603Z  INFO herdr::logging: session saved event="persist.save" subsystem="persist" outcome="ok" path=/Users/shahid/.config/herdr/session.json workspaces=3
2026-09-01T04:09:20.793108Z  INFO herdr::logging: tab focused event="tab.focus" subsystem="tab" outcome="ok" workspace_id="w4" tab_id="w4:t2"
2026-09-01T04:09:25.796674Z  INFO herdr::logging: session saved event="persist.save" subsystem="persist" outcome="ok" path=/Users/shahid/.config/herdr/session.json workspaces=3
2026-09-01T04:09:34.389592Z  INFO herdr::logging: checking for updates event="update.check.start" subsystem="update" outcome="started"
2026-09-01T04:09:39.311869Z  INFO herdr::logging: tab focused event="tab.focus" subsystem="tab" outcome="ok" workspace_id="w4" tab_id="w4:t2"
2026-09-01T04:09:44.314399Z  INFO herdr::logging: session saved event="persist.save" subsystem="persist" outcome="ok" path=/Users/shahid/.config/herdr/session.json workspaces=3
2026-09-01T04:12:42.446798Z  INFO herdr::logging: session saved event="persist.save" subsystem="persist" outcome="ok" path=/Users/shahid/.config/herdr/session.json workspaces=3
2026-09-01T04:17:24.230725Z  INFO herdr::logging: tab focused event="tab.focus" subsystem="tab" outcome="ok" workspace_id="w4" tab_id="w4:t2"
2026-09-01T04:17:29.235795Z  INFO herdr::logging: session saved event="persist.save" subsystem="persist" outcome="ok" path=/Users/shahid/.config/herdr/session.json workspaces=3
2026-09-01T04:17:40.566895Z  INFO herdr::logging: tab focused event="tab.focus" subsystem="tab" outcome="ok" workspace_id="w4" tab_id="w4:t2"
2026-09-01T04:17:45.572758Z  INFO herdr::logging: session saved event="persist.save" subsystem="persist" outcome="ok" path=/Users/shahid/.config/herdr/session.json workspaces=3
2026-09-01T04:17:49.874954Z  INFO herdr::logging: tab focused event="tab.focus" subsystem="tab" outcome="ok" workspace_id="w4" tab_id="w4:t2"
2026-09-01T04:17:53.346994Z  INFO herdr::logging: tab focused event="tab.focus" subsystem="tab" outcome="ok" workspace_id="w4" tab_id="w4:t2"
2026-09-01T04:17:58.351872Z  INFO herdr::logging: session saved event="persist.save" subsystem="persist" outcome="ok" path=/Users/shahid/.config/herdr/session.json workspaces=3
2026-09-01T04:18:52.152130Z  INFO herdr::logging: tab focused event="tab.focus" subsystem="tab" outcome="ok" workspace_id="w4" tab_id="w4:t2"
2026-09-01T04:18:57.157610Z  INFO herdr::logging: session saved event="persist.save" subsystem="persist" outcome="ok" path=/Users/shahid/.config/herdr/session.json workspaces=3
2026-09-01T04:18:58.053260Z  INFO herdr::logging: tab focused event="tab.focus" subsystem="tab" outcome="ok" workspace_id="w4" tab_id="w4:t2"
2026-09-01T04:19:03.058489Z  INFO herdr::logging: session saved event="persist.save" subsystem="persist" outcome="ok" path=/Users/shahid/.config/herdr/session.json workspaces=3
2026-09-01T04:19:39.480705Z  INFO herdr::logging: tab focused event="tab.focus" subsystem="tab" outcome="ok" workspace_id="w4" tab_id="w4:t2"
2026-09-01T04:19:44.489993Z  INFO herdr::logging: session saved event="persist.save" subsystem="persist" outcome="ok" path=/Users/shahid/.config/herdr/session.json workspaces=3
2026-09-01T04:21:28.540830Z  INFO herdr::logging: tab focused event="tab.focus" subsystem="tab" outcome="ok" workspace_id="w4" tab_id="w4:t2"
2026-09-01T04:21:31.262788Z  INFO herdr::logging: tab focused event="tab.focus" subsystem="tab" outcome="ok" workspace_id="w4" tab_id="w4:t2"
2026-09-01T04:21:34.839835Z  INFO herdr::logging: tab focused event="tab.focus" subsystem="tab" outcome="ok" workspace_id="w4" tab_id="w4:t2"
2026-09-01T04:21:39.844760Z  INFO herdr::logging: session saved event="persist.save" subsystem="persist" outcome="ok" path=/Users/shahid/.config/herdr/session.json workspaces=3
2026-09-01T04:21:47.129300Z  INFO herdr::logging: tab focused event="tab.focus" subsystem="tab" outcome="ok" workspace_id="w4" tab_id="w4:t2"
2026-09-01T04:21:52.125542Z  INFO herdr::logging: tab focused event="tab.focus" subsystem="tab" outcome="ok" workspace_id="w4" tab_id="w4:t2"
2026-09-01T04:21:57.127168Z  INFO herdr::logging: session saved event="persist.save" subsystem="persist" outcome="ok" path=/Users/shahid/.config/herdr/session.json workspaces=3
2026-09-01T04:28:45.255774Z  INFO herdr::logging: tab focused event="tab.focus" subsystem="tab" outcome="ok" workspace_id="w4" tab_id="w4:t2"
2026-09-01T04:28:50.281745Z  INFO herdr::logging: session saved event="persist.save" subsystem="persist" outcome="ok" path=/Users/shahid/.config/herdr/session.json workspaces=3
2026-09-01T04:28:55.866043Z  INFO herdr::logging: tab focused event="tab.focus" subsystem="tab" outcome="ok" workspace_id="w4" tab_id="w4:t2"
2026-09-01T04:29:00.874082Z  INFO herdr::logging: session saved event="persist.save" subsystem="persist" outcome="ok" path=/Users/shahid/.config/herdr/session.json workspaces=3
2026-09-01T04:30:32.022927Z  INFO herdr::server::headless: client resize client_id=2 cols=121 rows=30 cell_width_px=0 cell_height_px=0
2026-09-01T04:30:32.687145Z  INFO herdr::server::headless: client resize client_id=2 cols=121 rows=30 cell_width_px=0 cell_height_px=0
2026-09-01T04:33:23.170538Z  INFO herdr::server::headless: client resize client_id=2 cols=121 rows=30 cell_width_px=0 cell_height_px=0
2026-09-01T04:33:23.274886Z  INFO herdr::server::headless: client resize client_id=2 cols=121 rows=30 cell_width_px=0 cell_height_px=0
2026-09-01T04:33:23.693317Z  INFO herdr::server::headless: client resize client_id=2 cols=100 rows=50 cell_width_px=0 cell_height_px=0
2026-09-01T04:33:27.787185Z  INFO herdr::server::headless: client resize client_id=2 cols=206 rows=50 cell_width_px=0 cell_height_px=0
2026-09-01T04:33:32.186353Z  INFO herdr::server::headless: client resize client_id=2 cols=100 rows=50 cell_width_px=0 cell_height_px=0
2026-09-01T04:36:20.294366Z  INFO herdr::logging: session saved event="persist.save" subsystem="persist" outcome="ok" path=/Users/shahid/.config/herdr/session.json workspaces=3
2026-09-01T04:39:34.359811Z  INFO herdr::logging: checking for updates event="update.check.start" subsystem="update" outcome="started"
2026-09-01T04:50:36.114677Z  INFO herdr::logging: tab focused event="tab.focus" subsystem="tab" outcome="ok" workspace_id="w4" tab_id="w4:t2"
2026-09-01T04:50:41.127037Z  INFO herdr::logging: session saved event="persist.save" subsystem="persist" outcome="ok" path=/Users/shahid/.config/herdr/session.json workspaces=3
2026-09-01T05:09:34.342736Z  INFO herdr::logging: checking for updates event="update.check.start" subsystem="update" outcome="started"
2026-09-01T05:14:28.905578Z  INFO herdr::server::headless: client resize client_id=2 cols=206 rows=50 cell_width_px=0 cell_height_px=0
2026-09-01T05:14:32.883717Z  INFO herdr::logging: workspace focused event="workspace.focus" subsystem="workspace" outcome="ok" workspace_id="w6"
2026-09-01T05:14:32.883814Z  INFO herdr::logging: tab focused event="tab.focus" subsystem="tab" outcome="ok" workspace_id="w6" tab_id="w6:t1"
2026-09-01T05:14:37.892045Z  INFO herdr::logging: session saved event="persist.save" subsystem="persist" outcome="ok" path=/Users/shahid/.config/herdr/session.json workspaces=3
2026-09-01T05:39:34.348349Z  INFO herdr::logging: checking for updates event="update.check.start" subsystem="update" outcome="started"
2026-09-01T05:46:22.266371Z  INFO herdr::server::headless: client resize client_id=2 cols=100 rows=50 cell_width_px=0 cell_height_px=0
2026-09-01T05:46:25.281483Z  INFO herdr::server::headless: client resize client_id=2 cols=206 rows=50 cell_width_px=0 cell_height_px=0
2026-09-01T06:09:34.368003Z  INFO herdr::logging: checking for updates event="update.check.start" subsystem="update" outcome="started"
2026-09-01T06:12:56.843588Z  INFO herdr::server::headless: client resize client_id=2 cols=206 rows=31 cell_width_px=0 cell_height_px=0
2026-09-01T06:12:57.546418Z  INFO herdr::server::headless: client resize client_id=2 cols=206 rows=50 cell_width_px=0 cell_height_px=0
2026-09-01T06:12:57.610721Z  INFO herdr::server::headless: client resize client_id=2 cols=206 rows=31 cell_width_px=0 cell_height_px=0
2026-09-01T06:14:08.080576Z  INFO herdr::server::headless: client resize client_id=2 cols=206 rows=31 cell_width_px=0 cell_height_px=0
2026-09-01T06:14:09.033708Z  INFO herdr::server::headless: client resize client_id=2 cols=206 rows=31 cell_width_px=0 cell_height_px=0
2026-09-01T06:15:19.820836Z  INFO herdr::server::headless: client resize client_id=2 cols=206 rows=31 cell_width_px=0 cell_height_px=0
2026-09-01T06:15:20.729987Z  INFO herdr::server::headless: client resize client_id=2 cols=206 rows=31 cell_width_px=0 cell_height_px=0
2026-09-01T06:16:30.975848Z  INFO herdr::server::headless: client resize client_id=2 cols=206 rows=31 cell_width_px=0 cell_height_px=0
2026-09-01T06:16:31.928386Z  INFO herdr::server::headless: client resize client_id=2 cols=206 rows=31 cell_width_px=0 cell_height_px=0
2026-09-01T06:17:42.448393Z  INFO herdr::server::headless: client resize client_id=2 cols=206 rows=31 cell_width_px=0 cell_height_px=0
2026-09-01T06:17:43.278536Z  INFO herdr::server::headless: client resize client_id=2 cols=206 rows=31 cell_width_px=0 cell_height_px=0
2026-09-01T06:18:53.892493Z  INFO herdr::server::headless: client resize client_id=2 cols=206 rows=31 cell_width_px=0 cell_height_px=0
2026-09-01T06:18:54.698611Z  INFO herdr::server::headless: client resize client_id=2 cols=206 rows=31 cell_width_px=0 cell_height_px=0
2026-09-01T06:20:05.315274Z  INFO herdr::server::headless: client resize client_id=2 cols=206 rows=31 cell_width_px=0 cell_height_px=0
2026-09-01T06:20:06.232863Z  INFO herdr::server::headless: client resize client_id=2 cols=206 rows=31 cell_width_px=0 cell_height_px=0
2026-09-01T06:21:16.698078Z  INFO herdr::server::headless: client resize client_id=2 cols=206 rows=31 cell_width_px=0 cell_height_px=0
2026-09-01T06:21:17.645578Z  INFO herdr::server::headless: client resize client_id=2 cols=206 rows=31 cell_width_px=0 cell_height_px=0
2026-09-01T06:22:28.225363Z  INFO herdr::server::headless: client resize client_id=2 cols=206 rows=31 cell_width_px=0 cell_height_px=0
2026-09-01T06:22:29.260560Z  INFO herdr::server::headless: client resize client_id=2 cols=206 rows=31 cell_width_px=0 cell_height_px=0
2026-09-01T06:23:39.555558Z  INFO herdr::server::headless: client resize client_id=2 cols=206 rows=31 cell_width_px=0 cell_height_px=0
2026-09-01T06:23:40.487430Z  INFO herdr::server::headless: client resize client_id=2 cols=206 rows=31 cell_width_px=0 cell_height_px=0
2026-09-01T06:24:51.074049Z  INFO herdr::server::headless: client resize client_id=2 cols=206 rows=31 cell_width_px=0 cell_height_px=0
2026-09-01T06:24:51.909305Z  INFO herdr::server::headless: client resize client_id=2 cols=206 rows=31 cell_width_px=0 cell_height_px=0
2026-09-01T06:26:02.839052Z  INFO herdr::server::headless: client resize client_id=2 cols=206 rows=31 cell_width_px=0 cell_height_px=0
2026-09-01T06:26:03.693445Z  INFO herdr::server::headless: client resize client_id=2 cols=206 rows=31 cell_width_px=0 cell_height_px=0
2026-09-01T06:27:13.966974Z  INFO herdr::server::headless: client resize client_id=2 cols=206 rows=31 cell_width_px=0 cell_height_px=0
2026-09-01T06:27:14.701358Z  INFO herdr::server::headless: client resize client_id=2 cols=206 rows=31 cell_width_px=0 cell_height_px=0
2026-09-01T06:28:30.914915Z  INFO herdr::server::headless: client resize client_id=2 cols=206 rows=31 cell_width_px=0 cell_height_px=0
2026-09-01T06:28:31.769916Z  INFO herdr::server::headless: client resize client_id=2 cols=206 rows=31 cell_width_px=0 cell_height_px=0
2026-09-01T06:29:42.310186Z  INFO herdr::server::headless: client resize client_id=2 cols=206 rows=31 cell_width_px=0 cell_height_px=0
2026-09-01T06:29:43.142398Z  INFO herdr::server::headless: client resize client_id=2 cols=206 rows=31 cell_width_px=0 cell_height_px=0
2026-09-01T06:30:53.656319Z  INFO herdr::server::headless: client resize client_id=2 cols=206 rows=31 cell_width_px=0 cell_height_px=0
2026-09-01T06:30:54.535840Z  INFO herdr::server::headless: client resize client_id=2 cols=206 rows=31 cell_width_px=0 cell_height_px=0
2026-09-01T06:32:05.381615Z  INFO herdr::server::headless: client resize client_id=2 cols=206 rows=31 cell_width_px=0 cell_height_px=0
2026-09-01T06:32:06.190718Z  INFO herdr::server::headless: client resize client_id=2 cols=206 rows=31 cell_width_px=0 cell_height_px=0
2026-09-01T06:33:16.897639Z  INFO herdr::server::headless: client resize client_id=2 cols=206 rows=31 cell_width_px=0 cell_height_px=0
2026-09-01T06:33:17.725744Z  INFO herdr::server::headless: client resize client_id=2 cols=206 rows=31 cell_width_px=0 cell_height_px=0
2026-09-01T06:34:28.374863Z  INFO herdr::server::headless: client resize client_id=2 cols=206 rows=31 cell_width_px=0 cell_height_px=0
2026-09-01T06:34:29.196901Z  INFO herdr::server::headless: client resize client_id=2 cols=206 rows=31 cell_width_px=0 cell_height_px=0
2026-09-01T06:35:39.780832Z  INFO herdr::server::headless: client resize client_id=2 cols=206 rows=31 cell_width_px=0 cell_height_px=0
2026-09-01T06:35:40.597746Z  INFO herdr::server::headless: client resize client_id=2 cols=206 rows=31 cell_width_px=0 cell_height_px=0
2026-09-01T06:42:48.311930Z  INFO herdr::logging: checking for updates event="update.check.start" subsystem="update" outcome="started"
2026-09-01T08:12:43.718926Z  INFO herdr::server::headless: client resize client_id=2 cols=206 rows=31 cell_width_px=0 cell_height_px=0
2026-09-01T08:27:35.798782Z  INFO herdr::logging: checking for updates event="update.check.start" subsystem="update" outcome="started"
2026-09-01T08:58:36.345271Z  INFO herdr::logging: checking for updates event="update.check.start" subsystem="update" outcome="started"
2026-09-01T09:28:36.326517Z  INFO herdr::logging: checking for updates event="update.check.start" subsystem="update" outcome="started"
2026-09-01T09:58:36.305916Z  INFO herdr::logging: checking for updates event="update.check.start" subsystem="update" outcome="started"
2026-09-01T10:28:36.306682Z  INFO herdr::logging: checking for updates event="update.check.start" subsystem="update" outcome="started"
2026-09-01T10:58:36.309954Z  INFO herdr::logging: checking for updates event="update.check.start" subsystem="update" outcome="started"
2026-09-01T11:28:36.321572Z  INFO herdr::logging: checking for updates event="update.check.start" subsystem="update" outcome="started"
2026-09-01T11:58:36.348089Z  INFO herdr::logging: checking for updates event="update.check.start" subsystem="update" outcome="started"
2026-09-01T12:28:36.376115Z  INFO herdr::logging: checking for updates event="update.check.start" subsystem="update" outcome="started"
2026-09-01T12:58:36.370197Z  INFO herdr::logging: checking for updates event="update.check.start" subsystem="update" outcome="started"
2026-09-01T13:28:36.361484Z  INFO herdr::logging: checking for updates event="update.check.start" subsystem="update" outcome="started"
2026-09-01T13:58:36.392489Z  INFO herdr::logging: checking for updates event="update.check.start" subsystem="update" outcome="started"
2026-09-01T14:09:40.417730Z  INFO herdr::server::headless: client resize client_id=2 cols=166 rows=40 cell_width_px=0 cell_height_px=0
2026-09-01T14:09:40.512372Z  INFO herdr::server::headless: client resize client_id=2 cols=166 rows=40 cell_width_px=0 cell_height_px=0
2026-09-01T14:09:42.727590Z  INFO herdr::server::headless: client resize client_id=2 cols=166 rows=33 cell_width_px=0 cell_height_px=0
2026-09-01T14:09:42.763450Z  INFO herdr::server::headless: client resize client_id=2 cols=166 rows=33 cell_width_px=0 cell_height_px=0
2026-09-02T00:30:45.143564Z  INFO herdr::logging: checking for updates event="update.check.start" subsystem="update" outcome="started"
2026-09-02T00:30:53.256680Z  WARN herdr::detect::manifest_update: agent detection manifest update failed: failed to fetch https://herdr.dev/agent-detection/index.toml
2026-09-02T02:11:05.308244Z  INFO herdr::server::headless: client resize client_id=2 cols=166 rows=33 cell_width_px=0 cell_height_px=0
2026-09-02T02:11:52.124443Z  INFO herdr::server::headless: client resize client_id=2 cols=166 rows=40 cell_width_px=0 cell_height_px=0
2026-09-02T02:34:21.997005Z  INFO herdr::logging: checking for updates event="update.check.start" subsystem="update" outcome="started"
2026-09-02T02:49:53.187677Z  WARN herdr::raw_input: flushing lone escape after input timeout; if this follows an alt chord or focus switch it may reach the pane as plain esc bytes=[27]
2026-09-02T02:49:57.057857Z  WARN herdr::raw_input: flushing lone escape after input timeout; if this follows an alt chord or focus switch it may reach the pane as plain esc bytes=[27]
2026-09-02T02:50:07.182641Z  WARN herdr::raw_input: flushing lone escape after input timeout; if this follows an alt chord or focus switch it may reach the pane as plain esc bytes=[27]
2026-09-02T02:51:06.758910Z  WARN herdr::raw_input: flushing lone escape after input timeout; if this follows an alt chord or focus switch it may reach the pane as plain esc bytes=[27]
2026-09-02T02:51:12.688181Z  WARN herdr::raw_input: flushing lone escape after input timeout; if this follows an alt chord or focus switch it may reach the pane as plain esc bytes=[27]
2026-09-02T02:51:19.125707Z  WARN herdr::raw_input: flushing lone escape after input timeout; if this follows an alt chord or focus switch it may reach the pane as plain esc bytes=[27]
2026-09-02T02:51:30.536667Z  WARN herdr::raw_input: flushing lone escape after input timeout; if this follows an alt chord or focus switch it may reach the pane as plain esc bytes=[27]
2026-09-02T02:54:00.569180Z  WARN herdr::raw_input: flushing lone escape after input timeout; if this follows an alt chord or focus switch it may reach the pane as plain esc bytes=[27]
2026-09-02T02:54:39.192816Z  WARN herdr::raw_input: flushing lone escape after input timeout; if this follows an alt chord or focus switch it may reach the pane as plain esc bytes=[27]
2026-09-02T02:54:53.808056Z  WARN herdr::raw_input: flushing lone escape after input timeout; if this follows an alt chord or focus switch it may reach the pane as plain esc bytes=[27]
2026-09-02T02:54:54.029544Z  WARN herdr::raw_input: flushing lone escape after input timeout; if this follows an alt chord or focus switch it may reach the pane as plain esc bytes=[27]
2026-09-02T02:55:49.730726Z  WARN herdr::raw_input: flushing lone escape after input timeout; if this follows an alt chord or focus switch it may reach the pane as plain esc bytes=[27]
2026-09-02T02:55:51.453921Z  WARN herdr::raw_input: flushing lone escape after input timeout; if this follows an alt chord or focus switch it may reach the pane as plain esc bytes=[27]
2026-09-02T02:56:47.691337Z  WARN herdr::raw_input: flushing lone escape after input timeout; if this follows an alt chord or focus switch it may reach the pane as plain esc bytes=[27]
2026-09-02T02:56:47.878741Z  WARN herdr::raw_input: flushing lone escape after input timeout; if this follows an alt chord or focus switch it may reach the pane as plain esc bytes=[27]
2026-09-02T03:04:22.012775Z  INFO herdr::logging: checking for updates event="update.check.start" subsystem="update" outcome="started"
2026-09-02T03:07:16.327581Z  WARN herdr::raw_input: flushing lone escape after input timeout; if this follows an alt chord or focus switch it may reach the pane as plain esc bytes=[27]
2026-09-02T03:07:36.251062Z  WARN herdr::raw_input: flushing lone escape after input timeout; if this follows an alt chord or focus switch it may reach the pane as plain esc bytes=[27]
2026-09-02T03:07:48.117183Z  INFO herdr::logging: api request received event="api.request.start" subsystem="api" outcome="started" request_id="cli:server:reload-config" method="server.reload_config" changes_ui=true
2026-09-02T03:07:48.119621Z  INFO herdr::logging: api request completed event="api.request.complete" subsystem="api" outcome="ok" request_id="cli:server:reload-config" method="server.reload_config"
2026-09-02T03:29:49.000484Z  INFO herdr::server::headless: client resize client_id=2 cols=166 rows=40 cell_width_px=0 cell_height_px=0
2026-09-02T03:29:49.568138Z  INFO herdr::server::headless: client resize client_id=2 cols=166 rows=31 cell_width_px=0 cell_height_px=0
2026-09-02T03:30:20.975390Z  INFO herdr::server::headless: client resize client_id=2 cols=121 rows=30 cell_width_px=0 cell_height_px=0
2026-09-02T03:34:22.018483Z  INFO herdr::logging: checking for updates event="update.check.start" subsystem="update" outcome="started"
2026-09-02T03:36:58.894759Z  INFO herdr::server::headless: client resize client_id=2 cols=121 rows=30 cell_width_px=0 cell_height_px=0
2026-09-02T03:36:59.303782Z  INFO herdr::server::headless: client resize client_id=2 cols=100 rows=39 cell_width_px=0 cell_height_px=0
2026-09-02T03:36:59.408472Z  INFO herdr::server::headless: client resize client_id=2 cols=100 rows=50 cell_width_px=0 cell_height_px=0
2026-09-02T03:37:22.044732Z  WARN herdr::raw_input: flushing lone escape after input timeout; if this follows an alt chord or focus switch it may reach the pane as plain esc bytes=[27]
2026-09-02T03:37:38.185090Z  WARN herdr::raw_input: flushing lone escape after input timeout; if this follows an alt chord or focus switch it may reach the pane as plain esc bytes=[27]
2026-09-02T03:37:42.129851Z  WARN herdr::raw_input: flushing lone escape after input timeout; if this follows an alt chord or focus switch it may reach the pane as plain esc bytes=[27]
2026-09-02T03:37:55.432921Z  WARN herdr::raw_input: flushing lone escape after input timeout; if this follows an alt chord or focus switch it may reach the pane as plain esc bytes=[27]
2026-09-02T03:38:02.852352Z  INFO herdr::logging: api request received event="api.request.start" subsystem="api" outcome="started" request_id="cli:server:reload-config" method="server.reload_config" changes_ui=true
2026-09-02T03:38:02.855163Z  INFO herdr::logging: api request completed event="api.request.complete" subsystem="api" outcome="ok" request_id="cli:server:reload-config" method="server.reload_config"
2026-09-02T03:38:32.081129Z  WARN herdr::raw_input: flushing lone escape after input timeout; if this follows an alt chord or focus switch it may reach the pane as plain esc bytes=[27]
2026-09-02T03:38:47.922971Z  WARN herdr::raw_input: flushing lone escape after input timeout; if this follows an alt chord or focus switch it may reach the pane as plain esc bytes=[27]
2026-09-02T03:38:48.235778Z  WARN herdr::raw_input: flushing lone escape after input timeout; if this follows an alt chord or focus switch it may reach the pane as plain esc bytes=[27]
2026-09-02T03:39:51.504009Z  INFO herdr::logging: api request received event="api.request.start" subsystem="api" outcome="started" request_id="cli:server:reload-config" method="server.reload_config" changes_ui=true
2026-09-02T03:39:51.505480Z  INFO herdr::logging: api request completed event="api.request.complete" subsystem="api" outcome="ok" request_id="cli:server:reload-config" method="server.reload_config"
2026-09-02T03:40:18.203465Z  INFO herdr::logging: workspace focused event="workspace.focus" subsystem="workspace" outcome="ok" workspace_id="w4"
2026-09-02T03:40:18.203694Z  INFO herdr::logging: tab focused event="tab.focus" subsystem="tab" outcome="ok" workspace_id="w4" tab_id="w4:t2"
2026-09-02T03:40:19.378822Z  INFO herdr::logging: workspace focused event="workspace.focus" subsystem="workspace" outcome="ok" workspace_id="w5"
2026-09-02T03:40:19.379004Z  INFO herdr::logging: tab focused event="tab.focus" subsystem="tab" outcome="ok" workspace_id="w5" tab_id="w5:t2"
2026-09-02T03:40:21.131306Z  INFO herdr::logging: workspace focused event="workspace.focus" subsystem="workspace" outcome="ok" workspace_id="w6"
2026-09-02T03:40:21.131380Z  INFO herdr::logging: tab focused event="tab.focus" subsystem="tab" outcome="ok" workspace_id="w6" tab_id="w6:t1"
2026-09-02T03:40:22.229742Z  INFO herdr::logging: workspace focused event="workspace.focus" subsystem="workspace" outcome="ok" workspace_id="w4"
2026-09-02T03:40:22.229820Z  INFO herdr::logging: tab focused event="tab.focus" subsystem="tab" outcome="ok" workspace_id="w4" tab_id="w4:t2"
2026-09-02T03:40:23.824822Z  INFO herdr::logging: workspace focused event="workspace.focus" subsystem="workspace" outcome="ok" workspace_id="w5"
2026-09-02T03:40:23.824907Z  INFO herdr::logging: tab focused event="tab.focus" subsystem="tab" outcome="ok" workspace_id="w5" tab_id="w5:t2"
2026-09-02T03:40:24.593343Z  INFO herdr::logging: workspace focused event="workspace.focus" subsystem="workspace" outcome="ok" workspace_id="w6"
2026-09-02T03:40:24.593405Z  INFO herdr::logging: tab focused event="tab.focus" subsystem="tab" outcome="ok" workspace_id="w6" tab_id="w6:t1"
2026-09-02T03:40:29.599411Z  INFO herdr::logging: session saved event="persist.save" subsystem="persist" outcome="ok" path=/Users/shahid/.config/herdr/session.json workspaces=3
2026-09-02T03:47:20.600462Z  INFO herdr::server::headless: client resize client_id=2 cols=100 rows=41 cell_width_px=0 cell_height_px=0
2026-09-02T03:47:35.129544Z  INFO herdr::server::headless: client resize client_id=2 cols=81 rows=40 cell_width_px=0 cell_height_px=0
2026-09-02T03:48:33.958821Z  WARN herdr::raw_input: flushing lone escape after input timeout; if this follows an alt chord or focus switch it may reach the pane as plain esc bytes=[27]
2026-09-02T03:49:30.163743Z  WARN herdr::raw_input: flushing lone escape after input timeout; if this follows an alt chord or focus switch it may reach the pane as plain esc bytes=[27]
2026-09-02T04:04:22.010143Z  INFO herdr::logging: checking for updates event="update.check.start" subsystem="update" outcome="started"
2026-09-02T04:08:33.434561Z  INFO herdr::logging: workspace focused event="workspace.focus" subsystem="workspace" outcome="ok" workspace_id="w5"
2026-09-02T04:08:33.434964Z  INFO herdr::logging: tab focused event="tab.focus" subsystem="tab" outcome="ok" workspace_id="w5" tab_id="w5:t2"
2026-09-02T04:08:36.358331Z  INFO herdr::logging: workspace focused event="workspace.focus" subsystem="workspace" outcome="ok" workspace_id="w6"
2026-09-02T04:08:36.358450Z  INFO herdr::logging: tab focused event="tab.focus" subsystem="tab" outcome="ok" workspace_id="w6" tab_id="w6:t1"
2026-09-02T04:08:41.368091Z  INFO herdr::logging: session saved event="persist.save" subsystem="persist" outcome="ok" path=/Users/shahid/.config/herdr/session.json workspaces=3
2026-09-02T04:08:59.436468Z  INFO herdr::logging: workspace focused event="workspace.focus" subsystem="workspace" outcome="ok" workspace_id="w4"
2026-09-02T04:08:59.436582Z  INFO herdr::logging: tab focused event="tab.focus" subsystem="tab" outcome="ok" workspace_id="w4" tab_id="w4:t2"
2026-09-02T04:09:02.540572Z  INFO herdr::logging: workspace focused event="workspace.focus" subsystem="workspace" outcome="ok" workspace_id="w6"
2026-09-02T04:09:02.541933Z  INFO herdr::logging: tab focused event="tab.focus" subsystem="tab" outcome="ok" workspace_id="w6" tab_id="w6:t1"
2026-09-02T04:09:07.547000Z  INFO herdr::logging: session saved event="persist.save" subsystem="persist" outcome="ok" path=/Users/shahid/.config/herdr/session.json workspaces=3
2026-09-02T04:10:11.263770Z  WARN herdr::raw_input: flushing lone escape after input timeout; if this follows an alt chord or focus switch it may reach the pane as plain esc bytes=[27]
2026-09-02T04:10:31.702402Z  INFO herdr::logging: api request received event="api.request.start" subsystem="api" outcome="started" request_id="cli:server:reload-config" method="server.reload_config" changes_ui=true
2026-09-02T04:10:31.705079Z  INFO herdr::logging: api request completed event="api.request.complete" subsystem="api" outcome="ok" request_id="cli:server:reload-config" method="server.reload_config"
2026-09-02T04:10:50.914550Z  WARN herdr::raw_input: flushing lone escape after input timeout; if this follows an alt chord or focus switch it may reach the pane as plain esc bytes=[27]
2026-09-02T04:25:31.706091Z  INFO herdr::server::headless: client resize client_id=2 cols=166 rows=33 cell_width_px=0 cell_height_px=0
2026-09-02T04:25:31.990464Z  INFO herdr::server::headless: client resize client_id=2 cols=166 rows=33 cell_width_px=0 cell_height_px=0
2026-09-02T04:25:32.677094Z  INFO herdr::server::headless: client resize client_id=2 cols=40 rows=20 cell_width_px=0 cell_height_px=0
2026-09-02T04:34:23.783032Z  INFO herdr::logging: checking for updates event="update.check.start" subsystem="update" outcome="started"
2026-09-02T04:55:07.042291Z  INFO herdr::server::headless: client resize client_id=2 cols=166 rows=33 cell_width_px=0 cell_height_px=0
2026-09-02T04:55:07.796085Z  INFO herdr::server::headless: client resize client_id=2 cols=40 rows=20 cell_width_px=0 cell_height_px=0
2026-09-02T04:55:07.934308Z  INFO herdr::server::headless: client resize client_id=2 cols=40 rows=20 cell_width_px=0 cell_height_px=0
2026-09-02T04:56:28.191062Z  INFO herdr::server::headless: client resize client_id=2 cols=81 rows=40 cell_width_px=0 cell_height_px=0
2026-09-02T04:56:37.333228Z  INFO herdr::server::headless: client resize client_id=2 cols=166 rows=40 cell_width_px=0 cell_height_px=0
2026-09-02T05:09:23.107439Z  INFO herdr::logging: checking for updates event="update.check.start" subsystem="update" outcome="started"
2026-09-02T05:23:29.078253Z  WARN herdr::raw_input: flushing lone escape after input timeout; if this follows an alt chord or focus switch it may reach the pane as plain esc bytes=[27]
2026-09-02T05:23:33.997493Z  WARN herdr::raw_input: flushing lone escape after input timeout; if this follows an alt chord or focus switch it may reach the pane as plain esc bytes=[27]
2026-09-02T05:23:51.529794Z  WARN herdr::raw_input: flushing lone escape after input timeout; if this follows an alt chord or focus switch it may reach the pane as plain esc bytes=[27]
2026-09-02T05:24:07.989404Z  WARN herdr::raw_input: flushing lone escape after input timeout; if this follows an alt chord or focus switch it may reach the pane as plain esc bytes=[27]
2026-09-02T05:24:09.430492Z  WARN herdr::raw_input: flushing lone escape after input timeout; if this follows an alt chord or focus switch it may reach the pane as plain esc bytes=[27]
2026-09-02T05:24:11.137648Z  WARN herdr::raw_input: flushing lone escape after input timeout; if this follows an alt chord or focus switch it may reach the pane as plain esc bytes=[27]
2026-09-02T05:26:14.962218Z  WARN herdr::raw_input: flushing lone escape after input timeout; if this follows an alt chord or focus switch it may reach the pane as plain esc bytes=[27]
2026-09-02T05:26:31.074267Z  WARN herdr::raw_input: flushing lone escape after input timeout; if this follows an alt chord or focus switch it may reach the pane as plain esc bytes=[27]
2026-09-02T05:37:58.466551Z  WARN herdr::raw_input: flushing lone escape after input timeout; if this follows an alt chord or focus switch it may reach the pane as plain esc bytes=[27]
2026-09-02T05:38:05.283669Z  INFO herdr::logging: api request received event="api.request.start" subsystem="api" outcome="started" request_id="cli:server:reload-config" method="server.reload_config" changes_ui=true
2026-09-02T05:38:05.290059Z  INFO herdr::logging: api request completed event="api.request.complete" subsystem="api" outcome="ok" request_id="cli:server:reload-config" method="server.reload_config"
2026-09-02T05:39:23.125149Z  INFO herdr::logging: checking for updates event="update.check.start" subsystem="update" outcome="started"
2026-09-02T05:39:55.008086Z  WARN herdr::raw_input: flushing lone escape after input timeout; if this follows an alt chord or focus switch it may reach the pane as plain esc bytes=[27]
2026-09-02T05:39:58.062636Z  INFO herdr::logging: api request received event="api.request.start" subsystem="api" outcome="started" request_id="cli:server:reload-config" method="server.reload_config" changes_ui=true
2026-09-02T05:39:58.063106Z  INFO herdr::logging: api request completed event="api.request.complete" subsystem="api" outcome="ok" request_id="cli:server:reload-config" method="server.reload_config"
2026-09-02T05:43:10.500528Z  INFO herdr::logging: api request received event="api.request.start" subsystem="api" outcome="started" request_id="cli:server:reload-config" method="server.reload_config" changes_ui=true
2026-09-02T05:43:10.501442Z  INFO herdr::logging: api request completed event="api.request.complete" subsystem="api" outcome="ok" request_id="cli:server:reload-config" method="server.reload_config"
2026-09-02T05:43:33.232433Z  WARN herdr::raw_input: flushing lone escape after input timeout; if this follows an alt chord or focus switch it may reach the pane as plain esc bytes=[27]
2026-09-02T05:43:44.451139Z  WARN herdr::raw_input: flushing lone escape after input timeout; if this follows an alt chord or focus switch it may reach the pane as plain esc bytes=[27]
2026-09-02T05:43:44.628179Z  WARN herdr::raw_input: flushing lone escape after input timeout; if this follows an alt chord or focus switch it may reach the pane as plain esc bytes=[27]
2026-09-02T05:44:03.650167Z  WARN herdr::raw_input: flushing lone escape after input timeout; if this follows an alt chord or focus switch it may reach the pane as plain esc bytes=[27]
2026-09-02T05:44:13.528522Z  INFO herdr::logging: api request received event="api.request.start" subsystem="api" outcome="started" request_id="cli:server:reload-config" method="server.reload_config" changes_ui=true
2026-09-02T05:44:13.529275Z  INFO herdr::logging: api request completed event="api.request.complete" subsystem="api" outcome="ok" request_id="cli:server:reload-config" method="server.reload_config"
2026-09-02T05:44:28.395760Z  INFO herdr::logging: api request received event="api.request.start" subsystem="api" outcome="started" request_id="cli:server:reload-config" method="server.reload_config" changes_ui=true
2026-09-02T05:44:28.396175Z  INFO herdr::logging: api request completed event="api.request.complete" subsystem="api" outcome="ok" request_id="cli:server:reload-config" method="server.reload_config"
2026-09-02T05:44:47.379456Z  INFO herdr::logging: api request received event="api.request.start" subsystem="api" outcome="started" request_id="cli:server:reload-config" method="server.reload_config" changes_ui=true
2026-09-02T05:44:47.379755Z  INFO herdr::logging: api request completed event="api.request.complete" subsystem="api" outcome="ok" request_id="cli:server:reload-config" method="server.reload_config"
2026-09-02T05:45:04.039842Z  WARN herdr::raw_input: flushing lone escape after input timeout; if this follows an alt chord or focus switch it may reach the pane as plain esc bytes=[27]
2026-09-02T05:45:40.984219Z  WARN herdr::raw_input: flushing lone escape after input timeout; if this follows an alt chord or focus switch it may reach the pane as plain esc bytes=[27]
2026-09-02T05:45:51.696228Z  WARN herdr::raw_input: flushing lone escape after input timeout; if this follows an alt chord or focus switch it may reach the pane as plain esc bytes=[27]
2026-09-02T05:45:59.271053Z  WARN herdr::raw_input: flushing lone escape after input timeout; if this follows an alt chord or focus switch it may reach the pane as plain esc bytes=[27]
2026-09-02T05:51:11.581286Z  WARN herdr::raw_input: flushing lone escape after input timeout; if this follows an alt chord or focus switch it may reach the pane as plain esc bytes=[27]
2026-09-02T05:55:04.299983Z  WARN herdr::raw_input: flushing lone escape after input timeout; if this follows an alt chord or focus switch it may reach the pane as plain esc bytes=[27]
2026-09-02T06:00:24.966571Z  INFO herdr::logging: api request received event="api.request.start" subsystem="api" outcome="started" request_id="cli:server:reload-config" method="server.reload_config" changes_ui=true
2026-09-02T06:00:24.967446Z  INFO herdr::logging: api request completed event="api.request.complete" subsystem="api" outcome="ok" request_id="cli:server:reload-config" method="server.reload_config"
2026-09-02T06:00:30.652746Z  INFO herdr::logging: workspace focused event="workspace.focus" subsystem="workspace" outcome="ok" workspace_id="w5"
2026-09-02T06:00:30.652864Z  INFO herdr::logging: tab focused event="tab.focus" subsystem="tab" outcome="ok" workspace_id="w5" tab_id="w5:t2"
2026-09-02T06:00:31.923761Z  INFO herdr::logging: workspace focused event="workspace.focus" subsystem="workspace" outcome="ok" workspace_id="w6"
2026-09-02T06:00:31.924075Z  INFO herdr::logging: tab focused event="tab.focus" subsystem="tab" outcome="ok" workspace_id="w6" tab_id="w6:t1"
2026-09-02T06:00:36.931303Z  INFO herdr::logging: session saved event="persist.save" subsystem="persist" outcome="ok" path=/Users/shahid/.config/herdr/session.json workspaces=3
2026-09-02T06:09:23.097886Z  INFO herdr::logging: checking for updates event="update.check.start" subsystem="update" outcome="started"
2026-09-02T06:21:02.277530Z  WARN herdr::raw_input: flushing lone escape after input timeout; if this follows an alt chord or focus switch it may reach the pane as plain esc bytes=[27]
2026-09-02T06:21:10.109390Z  WARN herdr::raw_input: flushing lone escape after input timeout; if this follows an alt chord or focus switch it may reach the pane as plain esc bytes=[27]
2026-09-02T06:22:25.879471Z  WARN herdr::raw_input: flushing lone escape after input timeout; if this follows an alt chord or focus switch it may reach the pane as plain esc bytes=[27]
2026-09-02T06:22:44.769281Z  WARN herdr::raw_input: flushing lone escape after input timeout; if this follows an alt chord or focus switch it may reach the pane as plain esc bytes=[27]
2026-09-02T06:24:16.540328Z  INFO herdr::logging: workspace focused event="workspace.focus" subsystem="workspace" outcome="ok" workspace_id="w6"
2026-09-02T06:24:16.541791Z  INFO herdr::logging: tab focused event="tab.focus" subsystem="tab" outcome="ok" workspace_id="w6" tab_id="w6:t1"
2026-09-02T06:24:19.615478Z  WARN herdr::raw_input: flushing lone escape after input timeout; if this follows an alt chord or focus switch it may reach the pane as plain esc bytes=[27]
2026-09-02T06:24:21.549480Z  INFO herdr::logging: session saved event="persist.save" subsystem="persist" outcome="ok" path=/Users/shahid/.config/herdr/session.json workspaces=3
2026-09-02T06:33:32.755285Z  WARN herdr::raw_input: flushing lone escape after input timeout; if this follows an alt chord or focus switch it may reach the pane as plain esc bytes=[27]
2026-09-02T06:33:59.833788Z  WARN herdr::raw_input: flushing lone escape after input timeout; if this follows an alt chord or focus switch it may reach the pane as plain esc bytes=[27]
2026-09-02T06:34:03.367359Z  WARN herdr::raw_input: flushing lone escape after input timeout; if this follows an alt chord or focus switch it may reach the pane as plain esc bytes=[27]
2026-09-02T06:34:19.212972Z  WARN herdr::raw_input: flushing lone escape after input timeout; if this follows an alt chord or focus switch it may reach the pane as plain esc bytes=[27]
2026-09-02T06:34:29.991594Z  WARN herdr::raw_input: flushing lone escape after input timeout; if this follows an alt chord or focus switch it may reach the pane as plain esc bytes=[27]
2026-09-02T06:34:32.647492Z  WARN herdr::raw_input: flushing lone escape after input timeout; if this follows an alt chord or focus switch it may reach the pane as plain esc bytes=[27]
2026-09-02T06:34:49.587403Z  WARN herdr::raw_input: flushing lone escape after input timeout; if this follows an alt chord or focus switch it may reach the pane as plain esc bytes=[27]
2026-09-02T06:35:37.154022Z  WARN herdr::raw_input: flushing lone escape after input timeout; if this follows an alt chord or focus switch it may reach the pane as plain esc bytes=[27]
2026-09-02T06:36:00.943810Z  WARN herdr::raw_input: flushing lone escape after input timeout; if this follows an alt chord or focus switch it may reach the pane as plain esc bytes=[27]
2026-09-02T06:36:23.082218Z  WARN herdr::raw_input: flushing lone escape after input timeout; if this follows an alt chord or focus switch it may reach the pane as plain esc bytes=[27]
2026-09-02T06:36:28.799041Z  WARN herdr::raw_input: flushing lone escape after input timeout; if this follows an alt chord or focus switch it may reach the pane as plain esc bytes=[27]
2026-09-02T06:36:31.259522Z  WARN herdr::raw_input: flushing lone escape after input timeout; if this follows an alt chord or focus switch it may reach the pane as plain esc bytes=[27]
2026-09-02T06:36:58.166046Z  WARN herdr::raw_input: flushing lone escape after input timeout; if this follows an alt chord or focus switch it may reach the pane as plain esc bytes=[27]
2026-09-02T06:37:35.063842Z  WARN herdr::raw_input: flushing lone escape after input timeout; if this follows an alt chord or focus switch it may reach the pane as plain esc bytes=[27]
2026-09-02T06:39:23.107397Z  INFO herdr::logging: checking for updates event="update.check.start" subsystem="update" outcome="started"
2026-09-02T06:41:16.968162Z  INFO herdr::logging: api request received event="api.request.start" subsystem="api" outcome="started" request_id="cli:server:reload-config" method="server.reload_config" changes_ui=true
2026-09-02T06:41:16.971113Z  INFO herdr::logging: api request completed event="api.request.complete" subsystem="api" outcome="ok" request_id="cli:server:reload-config" method="server.reload_config"
2026-09-02T06:42:39.014580Z  INFO herdr::logging: api request received event="api.request.start" subsystem="api" outcome="started" request_id="cli:server:reload-config" method="server.reload_config" changes_ui=true
2026-09-02T06:42:39.015532Z  INFO herdr::logging: api request completed event="api.request.complete" subsystem="api" outcome="ok" request_id="cli:server:reload-config" method="server.reload_config"
2026-09-02T06:56:46.877422Z  INFO herdr::server::headless: client resize client_id=2 cols=166 rows=33 cell_width_px=0 cell_height_px=0
2026-09-02T06:56:47.197831Z  INFO herdr::server::headless: client resize client_id=2 cols=166 rows=33 cell_width_px=0 cell_height_px=0
2026-09-02T06:56:48.696110Z  INFO herdr::server::headless: client resize client_id=2 cols=166 rows=31 cell_width_px=0 cell_height_px=0
2026-09-02T06:56:50.863017Z  INFO herdr::server::headless: client resize client_id=2 cols=121 rows=30 cell_width_px=0 cell_height_px=0
2026-09-02T07:09:23.102641Z  INFO herdr::logging: checking for updates event="update.check.start" subsystem="update" outcome="started"
2026-09-02T07:39:23.115925Z  INFO herdr::logging: checking for updates event="update.check.start" subsystem="update" outcome="started"
2026-09-02T08:09:23.102634Z  INFO herdr::logging: checking for updates event="update.check.start" subsystem="update" outcome="started"
2026-09-02T12:39:29.443278Z  INFO herdr::logging: api request received event="api.request.start" subsystem="api" outcome="started" request_id="cli:server:reload-config" method="server.reload_config" changes_ui=true
2026-09-02T12:39:29.445407Z  INFO herdr::logging: api request completed event="api.request.complete" subsystem="api" outcome="ok" request_id="cli:server:reload-config" method="server.reload_config"
2026-09-02T12:39:35.932907Z  INFO herdr::logging: workspace focused event="workspace.focus" subsystem="workspace" outcome="ok" workspace_id="w5"
2026-09-02T12:39:35.933019Z  INFO herdr::logging: tab focused event="tab.focus" subsystem="tab" outcome="ok" workspace_id="w5" tab_id="w5:t2"
2026-09-02T12:39:38.149201Z  INFO herdr::logging: workspace focused event="workspace.focus" subsystem="workspace" outcome="ok" workspace_id="w4"
2026-09-02T12:39:38.149281Z  INFO herdr::logging: tab focused event="tab.focus" subsystem="tab" outcome="ok" workspace_id="w4" tab_id="w4:t2"
2026-09-02T12:39:41.783925Z  INFO herdr::logging: workspace focused event="workspace.focus" subsystem="workspace" outcome="ok" workspace_id="w5"
2026-09-02T12:39:41.784045Z  INFO herdr::logging: tab focused event="tab.focus" subsystem="tab" outcome="ok" workspace_id="w5" tab_id="w5:t2"
2026-09-02T12:39:46.789117Z  INFO herdr::logging: session saved event="persist.save" subsystem="persist" outcome="ok" path=/Users/shahid/.config/herdr/session.json workspaces=3
2026-09-02T12:39:50.499762Z  INFO herdr::logging: workspace focused event="workspace.focus" subsystem="workspace" outcome="ok" workspace_id="w4"
2026-09-02T12:39:50.499889Z  INFO herdr::logging: tab focused event="tab.focus" subsystem="tab" outcome="ok" workspace_id="w4" tab_id="w4:t2"
2026-09-02T12:39:52.718542Z  INFO herdr::logging: workspace focused event="workspace.focus" subsystem="workspace" outcome="ok" workspace_id="w5"
2026-09-02T12:39:52.718681Z  INFO herdr::logging: tab focused event="tab.focus" subsystem="tab" outcome="ok" workspace_id="w5" tab_id="w5:t2"
2026-09-02T12:39:57.724119Z  INFO herdr::logging: session saved event="persist.save" subsystem="persist" outcome="ok" path=/Users/shahid/.config/herdr/session.json workspaces=3
2026-09-02T12:40:01.522448Z  INFO herdr::logging: tab focused event="tab.focus" subsystem="tab" outcome="ok" workspace_id="w5" tab_id="w5:t2"
2026-09-02T12:40:06.535388Z  INFO herdr::logging: session saved event="persist.save" subsystem="persist" outcome="ok" path=/Users/shahid/.config/herdr/session.json workspaces=3
2026-09-02T12:40:31.298767Z  INFO herdr::logging: tab focused event="tab.focus" subsystem="tab" outcome="ok" workspace_id="w5" tab_id="w5:t2"
2026-09-02T12:40:33.026035Z  INFO herdr::logging: tab focused event="tab.focus" subsystem="tab" outcome="ok" workspace_id="w5" tab_id="w5:t1"
2026-09-02T12:40:38.029175Z  INFO herdr::logging: session saved event="persist.save" subsystem="persist" outcome="ok" path=/Users/shahid/.config/herdr/session.json workspaces=3
2026-09-02T12:41:44.982100Z  INFO herdr::logging: workspace focused event="workspace.focus" subsystem="workspace" outcome="ok" workspace_id="w6"
2026-09-02T12:41:44.983293Z  INFO herdr::logging: tab focused event="tab.focus" subsystem="tab" outcome="ok" workspace_id="w6" tab_id="w6:t1"
2026-09-02T12:41:46.397920Z  INFO herdr::logging: workspace focused event="workspace.focus" subsystem="workspace" outcome="ok" workspace_id="w4"
2026-09-02T12:41:46.398038Z  INFO herdr::logging: tab focused event="tab.focus" subsystem="tab" outcome="ok" workspace_id="w4" tab_id="w4:t2"
2026-09-02T12:41:48.860401Z  INFO herdr::logging: tab focused event="tab.focus" subsystem="tab" outcome="ok" workspace_id="w4" tab_id="w4:t1"
2026-09-02T12:41:53.868090Z  INFO herdr::logging: session saved event="persist.save" subsystem="persist" outcome="ok" path=/Users/shahid/.config/herdr/session.json workspaces=3
2026-09-02T12:49:58.520440Z  INFO herdr::logging: tab focused event="tab.focus" subsystem="tab" outcome="ok" workspace_id="w4" tab_id="w4:t1"
2026-09-02T12:50:03.531506Z  INFO herdr::logging: session saved event="persist.save" subsystem="persist" outcome="ok" path=/Users/shahid/.config/herdr/session.json workspaces=3
2026-09-02T12:50:24.858180Z  INFO herdr::logging: tab focused event="tab.focus" subsystem="tab" outcome="ok" workspace_id="w4" tab_id="w4:t1"
2026-09-02T12:50:29.862393Z  INFO herdr::logging: session saved event="persist.save" subsystem="persist" outcome="ok" path=/Users/shahid/.config/herdr/session.json workspaces=3
2026-09-02T12:50:39.000564Z  INFO herdr::logging: tab focused event="tab.focus" subsystem="tab" outcome="ok" workspace_id="w4" tab_id="w4:t1"
2026-09-02T12:50:44.004630Z  INFO herdr::logging: session saved event="persist.save" subsystem="persist" outcome="ok" path=/Users/shahid/.config/herdr/session.json workspaces=3
2026-09-02T12:50:46.605313Z  INFO herdr::logging: tab focused event="tab.focus" subsystem="tab" outcome="ok" workspace_id="w4" tab_id="w4:t1"
2026-09-02T12:50:51.617968Z  INFO herdr::logging: session saved event="persist.save" subsystem="persist" outcome="ok" path=/Users/shahid/.config/herdr/session.json workspaces=3
2026-09-02T12:51:21.536825Z  INFO herdr::logging: tab focused event="tab.focus" subsystem="tab" outcome="ok" workspace_id="w4" tab_id="w4:t1"
2026-09-02T12:51:24.808870Z  INFO herdr::logging: tab focused event="tab.focus" subsystem="tab" outcome="ok" workspace_id="w4" tab_id="w4:t1"
2026-09-02T12:51:27.566541Z  INFO herdr::logging: tab focused event="tab.focus" subsystem="tab" outcome="ok" workspace_id="w4" tab_id="w4:t1"
2026-09-02T12:51:32.571658Z  INFO herdr::logging: session saved event="persist.save" subsystem="persist" outcome="ok" path=/Users/shahid/.config/herdr/session.json workspaces=3
2026-09-02T12:51:45.720469Z  INFO herdr::logging: tab focused event="tab.focus" subsystem="tab" outcome="ok" workspace_id="w4" tab_id="w4:t1"
2026-09-02T12:51:50.723898Z  INFO herdr::logging: session saved event="persist.save" subsystem="persist" outcome="ok" path=/Users/shahid/.config/herdr/session.json workspaces=3
2026-09-02T13:01:05.752453Z  INFO herdr::logging: tab focused event="tab.focus" subsystem="tab" outcome="ok" workspace_id="w4" tab_id="w4:t1"
2026-09-02T13:01:10.761138Z  INFO herdr::logging: session saved event="persist.save" subsystem="persist" outcome="ok" path=/Users/shahid/.config/herdr/session.json workspaces=3
2026-09-02T13:01:14.175143Z  INFO herdr::logging: checking for updates event="update.check.start" subsystem="update" outcome="started"
2026-09-02T13:25:19.044875Z  INFO herdr::logging: tab focused event="tab.focus" subsystem="tab" outcome="ok" workspace_id="w4" tab_id="w4:t1"
2026-09-02T13:25:20.364613Z  INFO herdr::logging: tab focused event="tab.focus" subsystem="tab" outcome="ok" workspace_id="w4" tab_id="w4:t1"
2026-09-02T13:25:23.967676Z  INFO herdr::logging: tab focused event="tab.focus" subsystem="tab" outcome="ok" workspace_id="w4" tab_id="w4:t2"
2026-09-02T13:25:25.732545Z  INFO herdr::logging: tab focused event="tab.focus" subsystem="tab" outcome="ok" workspace_id="w4" tab_id="w4:t2"
2026-09-02T13:25:30.740828Z  INFO herdr::logging: session saved event="persist.save" subsystem="persist" outcome="ok" path=/Users/shahid/.config/herdr/session.json workspaces=3
2026-09-02T13:31:33.645994Z  INFO herdr::logging: checking for updates event="update.check.start" subsystem="update" outcome="started"
2026-09-02T13:36:07.918402Z  INFO herdr::logging: workspace focused event="workspace.focus" subsystem="workspace" outcome="ok" workspace_id="w6"
2026-09-02T13:36:07.918553Z  INFO herdr::logging: tab focused event="tab.focus" subsystem="tab" outcome="ok" workspace_id="w6" tab_id="w6:t1"
2026-09-02T13:36:12.924194Z  INFO herdr::logging: session saved event="persist.save" subsystem="persist" outcome="ok" path=/Users/shahid/.config/herdr/session.json workspaces=3
2026-09-02T13:38:19.092576Z  INFO herdr::logging: workspace focused event="workspace.focus" subsystem="workspace" outcome="ok" workspace_id="w4"
2026-09-02T13:38:19.092990Z  INFO herdr::logging: tab focused event="tab.focus" subsystem="tab" outcome="ok" workspace_id="w4" tab_id="w4:t2"
2026-09-02T13:38:21.406058Z  INFO herdr::logging: workspace focused event="workspace.focus" subsystem="workspace" outcome="ok" workspace_id="w5"
2026-09-02T13:38:21.406239Z  INFO herdr::logging: tab focused event="tab.focus" subsystem="tab" outcome="ok" workspace_id="w5" tab_id="w5:t1"
2026-09-02T13:38:26.411722Z  INFO herdr::logging: session saved event="persist.save" subsystem="persist" outcome="ok" path=/Users/shahid/.config/herdr/session.json workspaces=3
2026-09-02T13:41:07.505177Z  WARN herdr::raw_input: flushing lone escape after input timeout; if this follows an alt chord or focus switch it may reach the pane as plain esc bytes=[27]
2026-09-02T13:41:19.234498Z  WARN herdr::raw_input: flushing lone escape after input timeout; if this follows an alt chord or focus switch it may reach the pane as plain esc bytes=[27]
2026-09-02T13:41:19.443437Z  WARN herdr::raw_input: flushing lone escape after input timeout; if this follows an alt chord or focus switch it may reach the pane as plain esc bytes=[27]
2026-09-02T13:41:28.362308Z  WARN herdr::raw_input: flushing lone escape after input timeout; if this follows an alt chord or focus switch it may reach the pane as plain esc bytes=[27]
2026-09-02T13:41:52.738526Z  WARN herdr::raw_input: flushing lone escape after input timeout; if this follows an alt chord or focus switch it may reach the pane as plain esc bytes=[27]
2026-09-02T13:42:16.996763Z  WARN herdr::raw_input: flushing lone escape after input timeout; if this follows an alt chord or focus switch it may reach the pane as plain esc bytes=[27]
2026-09-02T13:43:37.348780Z  WARN herdr::raw_input: flushing lone escape after input timeout; if this follows an alt chord or focus switch it may reach the pane as plain esc bytes=[27]
2026-09-02T13:43:57.218020Z  WARN herdr::raw_input: flushing lone escape after input timeout; if this follows an alt chord or focus switch it may reach the pane as plain esc bytes=[27]
2026-09-02T13:44:43.603794Z  WARN herdr::raw_input: flushing lone escape after input timeout; if this follows an alt chord or focus switch it may reach the pane as plain esc bytes=[27]
2026-09-02T13:44:49.115708Z  WARN herdr::raw_input: flushing lone escape after input timeout; if this follows an alt chord or focus switch it may reach the pane as plain esc bytes=[27]
2026-09-02T13:45:39.053856Z  WARN herdr::raw_input: flushing lone escape after input timeout; if this follows an alt chord or focus switch it may reach the pane as plain esc bytes=[27]
2026-09-02T13:46:09.689189Z  WARN herdr::raw_input: flushing lone escape after input timeout; if this follows an alt chord or focus switch it may reach the pane as plain esc bytes=[27]
2026-09-02T13:46:52.704846Z  WARN herdr::raw_input: flushing lone escape after input timeout; if this follows an alt chord or focus switch it may reach the pane as plain esc bytes=[27]
2026-09-02T13:47:47.689691Z  WARN herdr::raw_input: flushing lone escape after input timeout; if this follows an alt chord or focus switch it may reach the pane as plain esc bytes=[27]
2026-09-02T13:48:41.899105Z  WARN herdr::raw_input: flushing lone escape after input timeout; if this follows an alt chord or focus switch it may reach the pane as plain esc bytes=[27]
2026-09-02T13:49:45.758984Z  WARN herdr::raw_input: flushing lone escape after input timeout; if this follows an alt chord or focus switch it may reach the pane as plain esc bytes=[27]
2026-09-02T13:51:39.908396Z  WARN herdr::raw_input: flushing lone escape after input timeout; if this follows an alt chord or focus switch it may reach the pane as plain esc bytes=[27]
2026-09-02T13:51:52.035339Z  WARN herdr::raw_input: flushing lone escape after input timeout; if this follows an alt chord or focus switch it may reach the pane as plain esc bytes=[27]
2026-09-02T13:52:28.125753Z  WARN herdr::raw_input: flushing lone escape after input timeout; if this follows an alt chord or focus switch it may reach the pane as plain esc bytes=[27]
2026-09-02T13:53:23.826898Z  WARN herdr::raw_input: flushing lone escape after input timeout; if this follows an alt chord or focus switch it may reach the pane as plain esc bytes=[27]
2026-09-03T02:09:54.534573Z  INFO herdr::server::headless: client resize client_id=2 cols=166 rows=40 cell_width_px=0 cell_height_px=0
2026-09-03T02:10:30.796456Z  INFO herdr::logging: workspace focused event="workspace.focus" subsystem="workspace" outcome="ok" workspace_id="w6"
2026-09-03T02:10:30.797520Z  INFO herdr::logging: tab focused event="tab.focus" subsystem="tab" outcome="ok" workspace_id="w6" tab_id="w6:t1"
2026-09-03T02:10:35.145975Z  INFO herdr::logging: checking for updates event="update.check.start" subsystem="update" outcome="started"
2026-09-03T02:10:35.801287Z  INFO herdr::logging: session saved event="persist.save" subsystem="persist" outcome="ok" path=/Users/shahid/.config/herdr/session.json workspaces=3
2026-09-03T02:11:00.136209Z  INFO herdr::logging: api request received event="api.request.start" subsystem="api" outcome="started" request_id="cli:server:reload-config" method="server.reload_config" changes_ui=true
2026-09-03T02:11:00.139334Z  INFO herdr::logging: api request completed event="api.request.complete" subsystem="api" outcome="ok" request_id="cli:server:reload-config" method="server.reload_config"
2026-09-03T02:11:09.949076Z  INFO herdr::logging: workspace focused event="workspace.focus" subsystem="workspace" outcome="ok" workspace_id="w5"
2026-09-03T02:11:09.949165Z  INFO herdr::logging: tab focused event="tab.focus" subsystem="tab" outcome="ok" workspace_id="w5" tab_id="w5:t1"
2026-09-03T02:11:14.954778Z  INFO herdr::logging: session saved event="persist.save" subsystem="persist" outcome="ok" path=/Users/shahid/.config/herdr/session.json workspaces=3
2026-09-03T02:11:16.696704Z  WARN herdr::raw_input: flushing lone escape after input timeout; if this follows an alt chord or focus switch it may reach the pane as plain esc bytes=[27]
2026-09-03T02:24:23.160572Z  INFO herdr::logging: tab focused event="tab.focus" subsystem="tab" outcome="ok" workspace_id="w5" tab_id="w5:t2"
2026-09-03T02:24:25.732735Z  INFO herdr::logging: workspace focused event="workspace.focus" subsystem="workspace" outcome="ok" workspace_id="w5"
2026-09-03T02:24:25.733620Z  INFO herdr::logging: tab focused event="tab.focus" subsystem="tab" outcome="ok" workspace_id="w5" tab_id="w5:t2"
2026-09-03T02:24:26.574215Z  INFO herdr::logging: workspace focused event="workspace.focus" subsystem="workspace" outcome="ok" workspace_id="w6"
2026-09-03T02:24:26.574359Z  INFO herdr::logging: tab focused event="tab.focus" subsystem="tab" outcome="ok" workspace_id="w6" tab_id="w6:t1"
2026-09-03T02:24:31.581585Z  INFO herdr::logging: session saved event="persist.save" subsystem="persist" outcome="ok" path=/Users/shahid/.config/herdr/session.json workspaces=3
2026-09-03T02:28:16.005961Z  INFO herdr::logging: workspace focused event="workspace.focus" subsystem="workspace" outcome="ok" workspace_id="w5"
2026-09-03T02:28:16.007563Z  INFO herdr::logging: tab focused event="tab.focus" subsystem="tab" outcome="ok" workspace_id="w5" tab_id="w5:t2"
2026-09-03T02:28:19.333204Z  INFO herdr::logging: workspace focused event="workspace.focus" subsystem="workspace" outcome="ok" workspace_id="w4"
2026-09-03T02:28:19.333375Z  INFO herdr::logging: tab focused event="tab.focus" subsystem="tab" outcome="ok" workspace_id="w4" tab_id="w4:t2"
2026-09-03T02:28:20.688983Z  INFO herdr::logging: workspace focused event="workspace.focus" subsystem="workspace" outcome="ok" workspace_id="w4"
2026-09-03T02:28:20.689086Z  INFO herdr::logging: tab focused event="tab.focus" subsystem="tab" outcome="ok" workspace_id="w4" tab_id="w4:t2"
2026-09-03T02:28:21.391909Z  INFO herdr::logging: tab focused event="tab.focus" subsystem="tab" outcome="ok" workspace_id="w4" tab_id="w4:t2"
2026-09-03T02:28:26.398718Z  INFO herdr::logging: session saved event="persist.save" subsystem="persist" outcome="ok" path=/Users/shahid/.config/herdr/session.json workspaces=3
2026-09-03T02:28:29.314748Z  INFO herdr::logging: workspace focused event="workspace.focus" subsystem="workspace" outcome="ok" workspace_id="w6"
2026-09-03T02:28:29.314894Z  INFO herdr::logging: tab focused event="tab.focus" subsystem="tab" outcome="ok" workspace_id="w6" tab_id="w6:t1"
2026-09-03T02:28:34.319728Z  INFO herdr::logging: session saved event="persist.save" subsystem="persist" outcome="ok" path=/Users/shahid/.config/herdr/session.json workspaces=3
2026-09-03T02:29:28.965650Z  WARN herdr::raw_input: flushing lone escape after input timeout; if this follows an alt chord or focus switch it may reach the pane as plain esc bytes=[27]
2026-09-03T02:29:50.066891Z  WARN herdr::raw_input: flushing lone escape after input timeout; if this follows an alt chord or focus switch it may reach the pane as plain esc bytes=[27]
2026-09-03T02:30:54.464009Z  WARN herdr::raw_input: flushing lone escape after input timeout; if this follows an alt chord or focus switch it may reach the pane as plain esc bytes=[27]
2026-09-03T02:31:26.015787Z  WARN herdr::raw_input: flushing lone escape after input timeout; if this follows an alt chord or focus switch it may reach the pane as plain esc bytes=[27]
2026-09-03T02:31:28.276091Z  WARN herdr::raw_input: flushing lone escape after input timeout; if this follows an alt chord or focus switch it may reach the pane as plain esc bytes=[27]
2026-09-03T02:31:43.489621Z  WARN herdr::raw_input: flushing lone escape after input timeout; if this follows an alt chord or focus switch it may reach the pane as plain esc bytes=[27]
2026-09-03T02:31:46.895273Z  WARN herdr::raw_input: flushing lone escape after input timeout; if this follows an alt chord or focus switch it may reach the pane as plain esc bytes=[27]
2026-09-03T02:32:08.958355Z  WARN herdr::raw_input: flushing lone escape after input timeout; if this follows an alt chord or focus switch it may reach the pane as plain esc bytes=[27]
2026-09-03T02:32:15.392838Z  WARN herdr::raw_input: flushing lone escape after input timeout; if this follows an alt chord or focus switch it may reach the pane as plain esc bytes=[27]
2026-09-03T02:32:15.981488Z  WARN herdr::raw_input: flushing lone escape after input timeout; if this follows an alt chord or focus switch it may reach the pane as plain esc bytes=[27]
2026-09-03T02:32:19.442770Z  WARN herdr::raw_input: flushing lone escape after input timeout; if this follows an alt chord or focus switch it may reach the pane as plain esc bytes=[27]
2026-09-03T02:32:19.617162Z  WARN herdr::raw_input: flushing lone escape after input timeout; if this follows an alt chord or focus switch it may reach the pane as plain esc bytes=[27]
2026-09-03T02:32:44.414307Z  WARN herdr::raw_input: flushing lone escape after input timeout; if this follows an alt chord or focus switch it may reach the pane as plain esc bytes=[27]
2026-09-03T02:32:49.977176Z  WARN herdr::raw_input: flushing lone escape after input timeout; if this follows an alt chord or focus switch it may reach the pane as plain esc bytes=[27]
2026-09-03T02:33:01.466957Z  WARN herdr::raw_input: flushing lone escape after input timeout; if this follows an alt chord or focus switch it may reach the pane as plain esc bytes=[27]
2026-09-03T02:33:17.115359Z  WARN herdr::raw_input: flushing lone escape after input timeout; if this follows an alt chord or focus switch it may reach the pane as plain esc bytes=[27]
2026-09-03T02:33:18.763232Z  WARN herdr::raw_input: flushing lone escape after input timeout; if this follows an alt chord or focus switch it may reach the pane as plain esc bytes=[27]
2026-09-03T02:33:27.527054Z  WARN herdr::raw_input: flushing lone escape after input timeout; if this follows an alt chord or focus switch it may reach the pane as plain esc bytes=[27]
2026-09-03T02:34:00.594478Z  WARN herdr::raw_input: flushing lone escape after input timeout; if this follows an alt chord or focus switch it may reach the pane as plain esc bytes=[27]
2026-09-03T02:34:05.016874Z  WARN herdr::raw_input: flushing lone escape after input timeout; if this follows an alt chord or focus switch it may reach the pane as plain esc bytes=[27]
2026-09-03T02:34:13.516868Z  WARN herdr::raw_input: flushing lone escape after input timeout; if this follows an alt chord or focus switch it may reach the pane as plain esc bytes=[27]
2026-09-03T02:34:19.609066Z  WARN herdr::raw_input: flushing lone escape after input timeout; if this follows an alt chord or focus switch it may reach the pane as plain esc bytes=[27]
2026-09-03T02:34:46.413150Z  WARN herdr::raw_input: flushing lone escape after input timeout; if this follows an alt chord or focus switch it may reach the pane as plain esc bytes=[27]
