2026-07-28T01:52:35.968570Z  INFO herdr::logging: herdr starting event="app.startup" subsystem="client" outcome="started" pid=60579
2026-07-28T01:52:35.968616Z  INFO herdr::client: connecting to server path=/Users/shahid/.config/herdr/herdr-client.sock
2026-07-28T01:52:36.206464Z  INFO herdr::client: handshake succeeded version=17 encoding=SemanticFrame
2026-07-28T01:52:40.978498Z  WARN herdr::raw_input: flushing lone escape after input timeout; if this follows an alt chord or focus switch it may reach the pane as plain esc bytes=[27]
2026-07-28T01:52:40.978812Z  WARN herdr::raw_input: flushing lone escape after input timeout; if this follows an alt chord or focus switch it may reach the pane as plain esc bytes=[27]
2026-07-28T01:53:01.661775Z  WARN herdr::raw_input: flushing lone escape after input timeout; if this follows an alt chord or focus switch it may reach the pane as plain esc bytes=[27]
2026-07-28T01:53:01.662528Z  WARN herdr::raw_input: flushing lone escape after input timeout; if this follows an alt chord or focus switch it may reach the pane as plain esc bytes=[27]
2026-07-28T01:53:15.897710Z  WARN herdr::raw_input: flushing lone escape after input timeout; if this follows an alt chord or focus switch it may reach the pane as plain esc bytes=[27]
2026-07-28T01:53:15.898536Z  WARN herdr::raw_input: flushing lone escape after input timeout; if this follows an alt chord or focus switch it may reach the pane as plain esc bytes=[27]
2026-07-28T01:53:47.865502Z  WARN herdr::raw_input: flushing lone escape after input timeout; if this follows an alt chord or focus switch it may reach the pane as plain esc bytes=[27]
2026-07-28T01:53:47.866183Z  WARN herdr::raw_input: flushing lone escape after input timeout; if this follows an alt chord or focus switch it may reach the pane as plain esc bytes=[27]
2026-07-28T01:54:50.650712Z  WARN herdr::raw_input: flushing lone escape after input timeout; if this follows an alt chord or focus switch it may reach the pane as plain esc bytes=[27]
2026-07-28T01:54:50.653784Z  WARN herdr::raw_input: flushing lone escape after input timeout; if this follows an alt chord or focus switch it may reach the pane as plain esc bytes=[27]
2026-07-28T01:55:12.286291Z  INFO herdr::logging: herdr starting event="app.startup" subsystem="client" outcome="started" pid=64202
2026-07-28T01:55:12.286544Z  INFO herdr::client: connecting to server path=/Users/shahid/.config/herdr/herdr-client.sock
2026-07-28T01:55:12.385593Z  INFO herdr::client: handshake succeeded version=17 encoding=SemanticFrame
2026-07-28T01:56:08.334792Z  WARN herdr::raw_input: flushing lone escape after input timeout; if this follows an alt chord or focus switch it may reach the pane as plain esc bytes=[27]
2026-07-28T01:56:08.335235Z  WARN herdr::raw_input: flushing lone escape after input timeout; if this follows an alt chord or focus switch it may reach the pane as plain esc bytes=[27]
2026-07-28T01:56:30.189279Z  WARN herdr::raw_input: flushing lone escape after input timeout; if this follows an alt chord or focus switch it may reach the pane as plain esc bytes=[27]
2026-07-28T01:56:30.189961Z  WARN herdr::raw_input: flushing lone escape after input timeout; if this follows an alt chord or focus switch it may reach the pane as plain esc bytes=[27]
2026-07-28T01:58:09.658945Z  WARN herdr::raw_input: flushing lone escape after input timeout; if this follows an alt chord or focus switch it may reach the pane as plain esc bytes=[27]
2026-07-28T01:58:09.660165Z  WARN herdr::raw_input: flushing lone escape after input timeout; if this follows an alt chord or focus switch it may reach the pane as plain esc bytes=[27]
2026-07-28T01:59:32.078137Z  WARN herdr::raw_input: flushing lone escape after input timeout; if this follows an alt chord or focus switch it may reach the pane as plain esc bytes=[27]
2026-07-28T01:59:32.078766Z  WARN herdr::raw_input: flushing lone escape after input timeout; if this follows an alt chord or focus switch it may reach the pane as plain esc bytes=[27]
2026-07-28T02:00:02.423419Z  WARN herdr::raw_input: flushing lone escape after input timeout; if this follows an alt chord or focus switch it may reach the pane as plain esc bytes=[27]
2026-07-28T02:00:02.424405Z  WARN herdr::raw_input: flushing lone escape after input timeout; if this follows an alt chord or focus switch it may reach the pane as plain esc bytes=[27]
2026-07-28T02:00:07.687629Z  WARN herdr::raw_input: flushing lone escape after input timeout; if this follows an alt chord or focus switch it may reach the pane as plain esc bytes=[27]
2026-07-28T02:00:07.687813Z  WARN herdr::raw_input: flushing lone escape after input timeout; if this follows an alt chord or focus switch it may reach the pane as plain esc bytes=[27]
2026-07-28T02:00:13.373427Z  WARN herdr::raw_input: flushing lone escape after input timeout; if this follows an alt chord or focus switch it may reach the pane as plain esc bytes=[27]
2026-07-28T02:00:13.373503Z  WARN herdr::raw_input: flushing lone escape after input timeout; if this follows an alt chord or focus switch it may reach the pane as plain esc bytes=[27]
2026-07-28T02:00:19.087983Z  WARN herdr::raw_input: flushing lone escape after input timeout; if this follows an alt chord or focus switch it may reach the pane as plain esc bytes=[27]
2026-07-28T02:00:19.088305Z  WARN herdr::raw_input: flushing lone escape after input timeout; if this follows an alt chord or focus switch it may reach the pane as plain esc bytes=[27]
2026-07-28T02:01:12.639084Z  WARN herdr::raw_input: flushing lone escape after input timeout; if this follows an alt chord or focus switch it may reach the pane as plain esc bytes=[27]
2026-07-28T02:01:12.639738Z  WARN herdr::raw_input: flushing lone escape after input timeout; if this follows an alt chord or focus switch it may reach the pane as plain esc bytes=[27]
2026-07-28T02:01:22.584883Z  WARN herdr::raw_input: flushing lone escape after input timeout; if this follows an alt chord or focus switch it may reach the pane as plain esc bytes=[27]
2026-07-28T02:01:22.585156Z  WARN herdr::raw_input: flushing lone escape after input timeout; if this follows an alt chord or focus switch it may reach the pane as plain esc bytes=[27]
2026-07-28T02:01:29.543644Z  WARN herdr::raw_input: flushing lone escape after input timeout; if this follows an alt chord or focus switch it may reach the pane as plain esc bytes=[27]
2026-07-28T02:01:29.543938Z  WARN herdr::raw_input: flushing lone escape after input timeout; if this follows an alt chord or focus switch it may reach the pane as plain esc bytes=[27]
2026-07-28T02:01:44.507140Z  WARN herdr::raw_input: flushing lone escape after input timeout; if this follows an alt chord or focus switch it may reach the pane as plain esc bytes=[27]
2026-07-28T02:01:44.507978Z  WARN herdr::raw_input: flushing lone escape after input timeout; if this follows an alt chord or focus switch it may reach the pane as plain esc bytes=[27]
2026-07-28T02:01:49.749609Z  WARN herdr::raw_input: flushing lone escape after input timeout; if this follows an alt chord or focus switch it may reach the pane as plain esc bytes=[27]
2026-07-28T02:01:49.749829Z  WARN herdr::raw_input: flushing lone escape after input timeout; if this follows an alt chord or focus switch it may reach the pane as plain esc bytes=[27]
2026-07-28T02:01:57.445234Z  WARN herdr::raw_input: flushing lone escape after input timeout; if this follows an alt chord or focus switch it may reach the pane as plain esc bytes=[27]
2026-07-28T02:01:57.445523Z  WARN herdr::raw_input: flushing lone escape after input timeout; if this follows an alt chord or focus switch it may reach the pane as plain esc bytes=[27]
2026-07-28T02:02:01.959078Z  WARN herdr::raw_input: flushing lone escape after input timeout; if this follows an alt chord or focus switch it may reach the pane as plain esc bytes=[27]
2026-07-28T02:02:01.959153Z  WARN herdr::raw_input: flushing lone escape after input timeout; if this follows an alt chord or focus switch it may reach the pane as plain esc bytes=[27]
2026-07-28T02:02:15.249837Z  WARN herdr::raw_input: flushing lone escape after input timeout; if this follows an alt chord or focus switch it may reach the pane as plain esc bytes=[27]
2026-07-28T02:02:15.250224Z  WARN herdr::raw_input: flushing lone escape after input timeout; if this follows an alt chord or focus switch it may reach the pane as plain esc bytes=[27]
2026-07-28T02:02:19.958242Z  WARN herdr::raw_input: flushing lone escape after input timeout; if this follows an alt chord or focus switch it may reach the pane as plain esc bytes=[27]
2026-07-28T02:02:19.958307Z  WARN herdr::raw_input: flushing lone escape after input timeout; if this follows an alt chord or focus switch it may reach the pane as plain esc bytes=[27]
2026-07-28T02:02:26.603996Z  WARN herdr::raw_input: flushing lone escape after input timeout; if this follows an alt chord or focus switch it may reach the pane as plain esc bytes=[27]
2026-07-28T02:02:26.604301Z  WARN herdr::raw_input: flushing lone escape after input timeout; if this follows an alt chord or focus switch it may reach the pane as plain esc bytes=[27]
2026-07-28T02:03:03.625750Z  WARN herdr::raw_input: flushing lone escape after input timeout; if this follows an alt chord or focus switch it may reach the pane as plain esc bytes=[27]
2026-07-28T02:03:03.626201Z  WARN herdr::raw_input: flushing lone escape after input timeout; if this follows an alt chord or focus switch it may reach the pane as plain esc bytes=[27]
2026-07-28T02:03:09.039869Z  WARN herdr::raw_input: flushing lone escape after input timeout; if this follows an alt chord or focus switch it may reach the pane as plain esc bytes=[27]
2026-07-28T02:03:09.040069Z  WARN herdr::raw_input: flushing lone escape after input timeout; if this follows an alt chord or focus switch it may reach the pane as plain esc bytes=[27]
2026-07-28T02:03:35.685412Z  WARN herdr::raw_input: flushing lone escape after input timeout; if this follows an alt chord or focus switch it may reach the pane as plain esc bytes=[27]
2026-07-28T02:03:35.686081Z  WARN herdr::raw_input: flushing lone escape after input timeout; if this follows an alt chord or focus switch it may reach the pane as plain esc bytes=[27]
2026-07-28T02:03:41.516100Z  WARN herdr::raw_input: flushing lone escape after input timeout; if this follows an alt chord or focus switch it may reach the pane as plain esc bytes=[27]
2026-07-28T02:03:41.516296Z  WARN herdr::raw_input: flushing lone escape after input timeout; if this follows an alt chord or focus switch it may reach the pane as plain esc bytes=[27]
2026-07-28T02:04:11.368575Z  WARN herdr::raw_input: flushing lone escape after input timeout; if this follows an alt chord or focus switch it may reach the pane as plain esc bytes=[27]
2026-07-28T02:04:11.368903Z  WARN herdr::raw_input: flushing lone escape after input timeout; if this follows an alt chord or focus switch it may reach the pane as plain esc bytes=[27]
2026-07-28T02:04:16.569984Z  WARN herdr::raw_input: flushing lone escape after input timeout; if this follows an alt chord or focus switch it may reach the pane as plain esc bytes=[27]
2026-07-28T02:04:16.570271Z  WARN herdr::raw_input: flushing lone escape after input timeout; if this follows an alt chord or focus switch it may reach the pane as plain esc bytes=[27]
2026-07-28T02:04:21.835339Z  WARN herdr::raw_input: flushing lone escape after input timeout; if this follows an alt chord or focus switch it may reach the pane as plain esc bytes=[27]
2026-07-28T02:04:21.835403Z  WARN herdr::raw_input: flushing lone escape after input timeout; if this follows an alt chord or focus switch it may reach the pane as plain esc bytes=[27]
2026-07-28T02:05:03.460711Z  WARN herdr::raw_input: flushing lone escape after input timeout; if this follows an alt chord or focus switch it may reach the pane as plain esc bytes=[27]
2026-07-28T02:05:03.461176Z  WARN herdr::raw_input: flushing lone escape after input timeout; if this follows an alt chord or focus switch it may reach the pane as plain esc bytes=[27]
2026-07-28T02:05:06.750360Z  WARN herdr::raw_input: flushing lone escape after input timeout; if this follows an alt chord or focus switch it may reach the pane as plain esc bytes=[27]
2026-07-28T02:05:06.750763Z  WARN herdr::raw_input: flushing lone escape after input timeout; if this follows an alt chord or focus switch it may reach the pane as plain esc bytes=[27]
2026-07-28T02:05:10.842248Z  WARN herdr::raw_input: flushing lone escape after input timeout; if this follows an alt chord or focus switch it may reach the pane as plain esc bytes=[27]
2026-07-28T02:05:10.842782Z  WARN herdr::raw_input: flushing lone escape after input timeout; if this follows an alt chord or focus switch it may reach the pane as plain esc bytes=[27]
2026-07-28T02:05:14.545591Z  WARN herdr::raw_input: flushing lone escape after input timeout; if this follows an alt chord or focus switch it may reach the pane as plain esc bytes=[27]
2026-07-28T02:05:14.545674Z  WARN herdr::raw_input: flushing lone escape after input timeout; if this follows an alt chord or focus switch it may reach the pane as plain esc bytes=[27]
2026-07-28T02:05:54.506405Z  WARN herdr::raw_input: flushing lone escape after input timeout; if this follows an alt chord or focus switch it may reach the pane as plain esc bytes=[27]
2026-07-28T02:05:54.506837Z  WARN herdr::raw_input: flushing lone escape after input timeout; if this follows an alt chord or focus switch it may reach the pane as plain esc bytes=[27]
2026-07-28T02:06:36.326838Z  WARN herdr::raw_input: flushing lone escape after input timeout; if this follows an alt chord or focus switch it may reach the pane as plain esc bytes=[27]
2026-07-28T02:06:36.327165Z  WARN herdr::raw_input: flushing lone escape after input timeout; if this follows an alt chord or focus switch it may reach the pane as plain esc bytes=[27]
2026-07-28T02:06:39.535998Z  WARN herdr::raw_input: flushing lone escape after input timeout; if this follows an alt chord or focus switch it may reach the pane as plain esc bytes=[27]
2026-07-28T02:06:39.536065Z  WARN herdr::raw_input: flushing lone escape after input timeout; if this follows an alt chord or focus switch it may reach the pane as plain esc bytes=[27]
2026-07-28T02:06:45.492778Z  WARN herdr::raw_input: flushing lone escape after input timeout; if this follows an alt chord or focus switch it may reach the pane as plain esc bytes=[27]
2026-07-28T02:06:45.493070Z  WARN herdr::raw_input: flushing lone escape after input timeout; if this follows an alt chord or focus switch it may reach the pane as plain esc bytes=[27]
2026-07-28T02:07:08.486595Z  WARN herdr::raw_input: flushing lone escape after input timeout; if this follows an alt chord or focus switch it may reach the pane as plain esc bytes=[27]
2026-07-28T02:07:08.486916Z  WARN herdr::raw_input: flushing lone escape after input timeout; if this follows an alt chord or focus switch it may reach the pane as plain esc bytes=[27]
2026-07-28T02:07:28.213705Z  WARN herdr::raw_input: flushing lone escape after input timeout; if this follows an alt chord or focus switch it may reach the pane as plain esc bytes=[27]
2026-07-28T02:07:28.213934Z  WARN herdr::raw_input: flushing lone escape after input timeout; if this follows an alt chord or focus switch it may reach the pane as plain esc bytes=[27]
2026-07-28T02:07:45.688216Z  WARN herdr::raw_input: flushing lone escape after input timeout; if this follows an alt chord or focus switch it may reach the pane as plain esc bytes=[27]
2026-07-28T02:07:45.688533Z  WARN herdr::raw_input: flushing lone escape after input timeout; if this follows an alt chord or focus switch it may reach the pane as plain esc bytes=[27]
2026-07-28T02:08:46.544588Z  WARN herdr::raw_input: flushing lone escape after input timeout; if this follows an alt chord or focus switch it may reach the pane as plain esc bytes=[27]
2026-07-28T02:08:46.545342Z  WARN herdr::raw_input: flushing lone escape after input timeout; if this follows an alt chord or focus switch it may reach the pane as plain esc bytes=[27]
2026-07-28T02:09:07.589157Z  WARN herdr::raw_input: flushing lone escape after input timeout; if this follows an alt chord or focus switch it may reach the pane as plain esc bytes=[27]
2026-07-28T02:09:07.590222Z  WARN herdr::raw_input: flushing lone escape after input timeout; if this follows an alt chord or focus switch it may reach the pane as plain esc bytes=[27]
2026-07-28T02:09:13.904510Z  WARN herdr::raw_input: flushing lone escape after input timeout; if this follows an alt chord or focus switch it may reach the pane as plain esc bytes=[27]
2026-07-28T02:09:13.904595Z  WARN herdr::raw_input: flushing lone escape after input timeout; if this follows an alt chord or focus switch it may reach the pane as plain esc bytes=[27]
2026-07-28T02:09:17.623414Z  WARN herdr::raw_input: flushing lone escape after input timeout; if this follows an alt chord or focus switch it may reach the pane as plain esc bytes=[27]
2026-07-28T02:09:17.623742Z  WARN herdr::raw_input: flushing lone escape after input timeout; if this follows an alt chord or focus switch it may reach the pane as plain esc bytes=[27]
2026-07-28T02:16:26.249530Z  WARN herdr::raw_input: flushing lone escape after input timeout; if this follows an alt chord or focus switch it may reach the pane as plain esc bytes=[27]
2026-07-28T02:16:26.254617Z  WARN herdr::raw_input: flushing lone escape after input timeout; if this follows an alt chord or focus switch it may reach the pane as plain esc bytes=[27]
2026-07-28T02:21:49.259263Z  WARN herdr::raw_input: flushing lone escape after input timeout; if this follows an alt chord or focus switch it may reach the pane as plain esc bytes=[27]
2026-07-28T02:21:49.260781Z  WARN herdr::raw_input: flushing lone escape after input timeout; if this follows an alt chord or focus switch it may reach the pane as plain esc bytes=[27]
2026-07-28T02:21:54.539687Z  WARN herdr::raw_input: flushing lone escape after input timeout; if this follows an alt chord or focus switch it may reach the pane as plain esc bytes=[27]
2026-07-28T02:21:54.539779Z  WARN herdr::raw_input: flushing lone escape after input timeout; if this follows an alt chord or focus switch it may reach the pane as plain esc bytes=[27]
2026-07-28T02:22:08.084916Z  WARN herdr::raw_input: flushing lone escape after input timeout; if this follows an alt chord or focus switch it may reach the pane as plain esc bytes=[27]
2026-07-28T02:22:08.085540Z  WARN herdr::raw_input: flushing lone escape after input timeout; if this follows an alt chord or focus switch it may reach the pane as plain esc bytes=[27]
2026-07-28T02:22:27.510793Z  WARN herdr::raw_input: flushing lone escape after input timeout; if this follows an alt chord or focus switch it may reach the pane as plain esc bytes=[27]
2026-07-28T02:22:27.511564Z  WARN herdr::raw_input: flushing lone escape after input timeout; if this follows an alt chord or focus switch it may reach the pane as plain esc bytes=[27]
2026-07-28T02:22:30.703979Z  WARN herdr::raw_input: flushing lone escape after input timeout; if this follows an alt chord or focus switch it may reach the pane as plain esc bytes=[27]
2026-07-28T02:22:30.704061Z  WARN herdr::raw_input: flushing lone escape after input timeout; if this follows an alt chord or focus switch it may reach the pane as plain esc bytes=[27]
2026-07-28T02:22:39.301717Z  WARN herdr::raw_input: flushing lone escape after input timeout; if this follows an alt chord or focus switch it may reach the pane as plain esc bytes=[27]
2026-07-28T02:22:39.301885Z  WARN herdr::raw_input: flushing lone escape after input timeout; if this follows an alt chord or focus switch it may reach the pane as plain esc bytes=[27]
2026-07-28T02:32:39.857368Z  WARN herdr::raw_input: flushing lone escape after input timeout; if this follows an alt chord or focus switch it may reach the pane as plain esc bytes=[27]
2026-07-28T02:32:39.857712Z  WARN herdr::raw_input: flushing lone escape after input timeout; if this follows an alt chord or focus switch it may reach the pane as plain esc bytes=[27]
2026-07-28T02:34:51.062618Z  WARN herdr::raw_input: flushing lone escape after input timeout; if this follows an alt chord or focus switch it may reach the pane as plain esc bytes=[27]
2026-07-28T02:34:51.063108Z  WARN herdr::raw_input: flushing lone escape after input timeout; if this follows an alt chord or focus switch it may reach the pane as plain esc bytes=[27]
2026-07-28T02:35:08.628408Z  WARN herdr::raw_input: flushing lone escape after input timeout; if this follows an alt chord or focus switch it may reach the pane as plain esc bytes=[27]
2026-07-28T02:35:08.629406Z  WARN herdr::raw_input: flushing lone escape after input timeout; if this follows an alt chord or focus switch it may reach the pane as plain esc bytes=[27]
2026-07-28T02:35:35.238708Z  WARN herdr::raw_input: flushing lone escape after input timeout; if this follows an alt chord or focus switch it may reach the pane as plain esc bytes=[27]
2026-07-28T02:35:35.239237Z  WARN herdr::raw_input: flushing lone escape after input timeout; if this follows an alt chord or focus switch it may reach the pane as plain esc bytes=[27]
2026-07-28T02:35:54.452772Z  WARN herdr::raw_input: flushing lone escape after input timeout; if this follows an alt chord or focus switch it may reach the pane as plain esc bytes=[27]
2026-07-28T02:35:54.454354Z  WARN herdr::raw_input: flushing lone escape after input timeout; if this follows an alt chord or focus switch it may reach the pane as plain esc bytes=[27]
2026-07-28T02:36:10.533310Z  WARN herdr::raw_input: flushing lone escape after input timeout; if this follows an alt chord or focus switch it may reach the pane as plain esc bytes=[27]
2026-07-28T02:36:10.533609Z  WARN herdr::raw_input: flushing lone escape after input timeout; if this follows an alt chord or focus switch it may reach the pane as plain esc bytes=[27]
2026-07-28T02:40:59.280772Z  WARN herdr::raw_input: flushing lone escape after input timeout; if this follows an alt chord or focus switch it may reach the pane as plain esc bytes=[27]
2026-07-28T02:40:59.281742Z  WARN herdr::raw_input: flushing lone escape after input timeout; if this follows an alt chord or focus switch it may reach the pane as plain esc bytes=[27]
2026-07-28T02:41:03.592804Z  WARN herdr::raw_input: flushing lone escape after input timeout; if this follows an alt chord or focus switch it may reach the pane as plain esc bytes=[27]
2026-07-28T02:41:03.592929Z  WARN herdr::raw_input: flushing lone escape after input timeout; if this follows an alt chord or focus switch it may reach the pane as plain esc bytes=[27]
2026-07-28T02:43:38.225336Z  WARN herdr::raw_input: flushing lone escape after input timeout; if this follows an alt chord or focus switch it may reach the pane as plain esc bytes=[27]
2026-07-28T02:43:38.226665Z  WARN herdr::raw_input: flushing lone escape after input timeout; if this follows an alt chord or focus switch it may reach the pane as plain esc bytes=[27]
2026-07-28T02:43:45.500625Z  WARN herdr::raw_input: flushing lone escape after input timeout; if this follows an alt chord or focus switch it may reach the pane as plain esc bytes=[27]
2026-07-28T02:43:45.500966Z  WARN herdr::raw_input: flushing lone escape after input timeout; if this follows an alt chord or focus switch it may reach the pane as plain esc bytes=[27]
2026-07-28T02:44:05.172860Z  WARN herdr::raw_input: flushing lone escape after input timeout; if this follows an alt chord or focus switch it may reach the pane as plain esc bytes=[27]
2026-07-28T02:44:05.173039Z  WARN herdr::raw_input: flushing lone escape after input timeout; if this follows an alt chord or focus switch it may reach the pane as plain esc bytes=[27]
2026-07-28T02:44:08.261362Z  WARN herdr::raw_input: flushing lone escape after input timeout; if this follows an alt chord or focus switch it may reach the pane as plain esc bytes=[27]
2026-07-28T02:44:08.261604Z  WARN herdr::raw_input: flushing lone escape after input timeout; if this follows an alt chord or focus switch it may reach the pane as plain esc bytes=[27]
2026-07-28T02:44:08.525789Z  WARN herdr::raw_input: flushing lone escape after input timeout; if this follows an alt chord or focus switch it may reach the pane as plain esc bytes=[27]
2026-07-28T02:44:08.528760Z  WARN herdr::raw_input: flushing lone escape after input timeout; if this follows an alt chord or focus switch it may reach the pane as plain esc bytes=[27]
2026-07-28T02:46:51.476842Z  WARN herdr::raw_input: flushing lone escape after input timeout; if this follows an alt chord or focus switch it may reach the pane as plain esc bytes=[27]
2026-07-28T02:46:51.478285Z  WARN herdr::raw_input: flushing lone escape after input timeout; if this follows an alt chord or focus switch it may reach the pane as plain esc bytes=[27]
2026-07-28T02:47:26.648448Z  WARN herdr::raw_input: flushing lone escape after input timeout; if this follows an alt chord or focus switch it may reach the pane as plain esc bytes=[27]
2026-07-28T02:47:26.649729Z  WARN herdr::raw_input: flushing lone escape after input timeout; if this follows an alt chord or focus switch it may reach the pane as plain esc bytes=[27]
2026-07-28T02:47:55.415328Z  WARN herdr::raw_input: flushing lone escape after input timeout; if this follows an alt chord or focus switch it may reach the pane as plain esc bytes=[27]
2026-07-28T02:47:55.416307Z  WARN herdr::raw_input: flushing lone escape after input timeout; if this follows an alt chord or focus switch it may reach the pane as plain esc bytes=[27]
2026-07-28T02:47:59.917988Z  WARN herdr::raw_input: flushing lone escape after input timeout; if this follows an alt chord or focus switch it may reach the pane as plain esc bytes=[27]
2026-07-28T02:47:59.918059Z  WARN herdr::raw_input: flushing lone escape after input timeout; if this follows an alt chord or focus switch it may reach the pane as plain esc bytes=[27]
2026-07-28T02:48:08.676407Z  WARN herdr::raw_input: flushing lone escape after input timeout; if this follows an alt chord or focus switch it may reach the pane as plain esc bytes=[27]
2026-07-28T02:48:08.677417Z  WARN herdr::raw_input: flushing lone escape after input timeout; if this follows an alt chord or focus switch it may reach the pane as plain esc bytes=[27]
2026-07-28T02:48:14.061051Z  WARN herdr::raw_input: flushing lone escape after input timeout; if this follows an alt chord or focus switch it may reach the pane as plain esc bytes=[27]
2026-07-28T02:48:14.062003Z  WARN herdr::raw_input: flushing lone escape after input timeout; if this follows an alt chord or focus switch it may reach the pane as plain esc bytes=[27]
2026-07-28T02:48:27.291897Z  WARN herdr::raw_input: flushing lone escape after input timeout; if this follows an alt chord or focus switch it may reach the pane as plain esc bytes=[27]
2026-07-28T02:48:27.292882Z  WARN herdr::raw_input: flushing lone escape after input timeout; if this follows an alt chord or focus switch it may reach the pane as plain esc bytes=[27]
2026-07-28T02:48:30.815292Z  WARN herdr::raw_input: flushing lone escape after input timeout; if this follows an alt chord or focus switch it may reach the pane as plain esc bytes=[27]
2026-07-28T02:48:30.815364Z  WARN herdr::raw_input: flushing lone escape after input timeout; if this follows an alt chord or focus switch it may reach the pane as plain esc bytes=[27]
2026-07-28T02:48:46.130996Z  WARN herdr::raw_input: flushing lone escape after input timeout; if this follows an alt chord or focus switch it may reach the pane as plain esc bytes=[27]
2026-07-28T02:48:46.131258Z  WARN herdr::raw_input: flushing lone escape after input timeout; if this follows an alt chord or focus switch it may reach the pane as plain esc bytes=[27]
2026-07-28T02:48:49.162229Z  WARN herdr::raw_input: flushing lone escape after input timeout; if this follows an alt chord or focus switch it may reach the pane as plain esc bytes=[27]
2026-07-28T02:48:49.162307Z  WARN herdr::raw_input: flushing lone escape after input timeout; if this follows an alt chord or focus switch it may reach the pane as plain esc bytes=[27]
2026-07-28T02:49:01.342135Z  WARN herdr::raw_input: flushing lone escape after input timeout; if this follows an alt chord or focus switch it may reach the pane as plain esc bytes=[27]
2026-07-28T02:49:01.342386Z  WARN herdr::raw_input: flushing lone escape after input timeout; if this follows an alt chord or focus switch it may reach the pane as plain esc bytes=[27]
2026-07-28T02:49:05.604580Z  WARN herdr::raw_input: flushing lone escape after input timeout; if this follows an alt chord or focus switch it may reach the pane as plain esc bytes=[27]
2026-07-28T02:49:05.604669Z  WARN herdr::raw_input: flushing lone escape after input timeout; if this follows an alt chord or focus switch it may reach the pane as plain esc bytes=[27]
2026-07-28T02:49:26.690844Z  WARN herdr::raw_input: flushing lone escape after input timeout; if this follows an alt chord or focus switch it may reach the pane as plain esc bytes=[27]
2026-07-28T02:49:26.691234Z  WARN herdr::raw_input: flushing lone escape after input timeout; if this follows an alt chord or focus switch it may reach the pane as plain esc bytes=[27]
2026-07-28T02:49:34.208306Z  WARN herdr::raw_input: flushing lone escape after input timeout; if this follows an alt chord or focus switch it may reach the pane as plain esc bytes=[27]
2026-07-28T02:49:34.208938Z  WARN herdr::raw_input: flushing lone escape after input timeout; if this follows an alt chord or focus switch it may reach the pane as plain esc bytes=[27]
2026-07-28T02:49:58.823506Z  WARN herdr::raw_input: flushing lone escape after input timeout; if this follows an alt chord or focus switch it may reach the pane as plain esc bytes=[27]
2026-07-28T02:49:58.824639Z  WARN herdr::raw_input: flushing lone escape after input timeout; if this follows an alt chord or focus switch it may reach the pane as plain esc bytes=[27]
2026-07-28T02:50:05.544421Z  WARN herdr::raw_input: flushing lone escape after input timeout; if this follows an alt chord or focus switch it may reach the pane as plain esc bytes=[27]
2026-07-28T02:50:05.544820Z  WARN herdr::raw_input: flushing lone escape after input timeout; if this follows an alt chord or focus switch it may reach the pane as plain esc bytes=[27]
2026-07-28T02:50:11.078703Z  WARN herdr::raw_input: flushing lone escape after input timeout; if this follows an alt chord or focus switch it may reach the pane as plain esc bytes=[27]
2026-07-28T02:50:11.079086Z  WARN herdr::raw_input: flushing lone escape after input timeout; if this follows an alt chord or focus switch it may reach the pane as plain esc bytes=[27]
2026-07-28T02:50:26.706782Z  WARN herdr::raw_input: flushing lone escape after input timeout; if this follows an alt chord or focus switch it may reach the pane as plain esc bytes=[27]
2026-07-28T02:50:26.708859Z  WARN herdr::raw_input: flushing lone escape after input timeout; if this follows an alt chord or focus switch it may reach the pane as plain esc bytes=[27]
2026-07-28T02:50:56.857353Z  WARN herdr::raw_input: flushing lone escape after input timeout; if this follows an alt chord or focus switch it may reach the pane as plain esc bytes=[27]
2026-07-28T02:50:56.858384Z  WARN herdr::raw_input: flushing lone escape after input timeout; if this follows an alt chord or focus switch it may reach the pane as plain esc bytes=[27]
2026-07-28T02:51:18.247654Z  WARN herdr::raw_input: flushing lone escape after input timeout; if this follows an alt chord or focus switch it may reach the pane as plain esc bytes=[27]
2026-07-28T02:51:18.248061Z  WARN herdr::raw_input: flushing lone escape after input timeout; if this follows an alt chord or focus switch it may reach the pane as plain esc bytes=[27]
2026-07-28T02:51:25.193596Z  WARN herdr::raw_input: flushing lone escape after input timeout; if this follows an alt chord or focus switch it may reach the pane as plain esc bytes=[27]
2026-07-28T02:51:25.194140Z  WARN herdr::raw_input: flushing lone escape after input timeout; if this follows an alt chord or focus switch it may reach the pane as plain esc bytes=[27]
2026-07-28T02:51:38.034605Z  WARN herdr::raw_input: flushing lone escape after input timeout; if this follows an alt chord or focus switch it may reach the pane as plain esc bytes=[27]
2026-07-28T02:51:38.035706Z  WARN herdr::raw_input: flushing lone escape after input timeout; if this follows an alt chord or focus switch it may reach the pane as plain esc bytes=[27]
2026-07-28T02:51:52.267620Z  WARN herdr::raw_input: flushing lone escape after input timeout; if this follows an alt chord or focus switch it may reach the pane as plain esc bytes=[27]
2026-07-28T02:51:52.267915Z  WARN herdr::raw_input: flushing lone escape after input timeout; if this follows an alt chord or focus switch it may reach the pane as plain esc bytes=[27]
2026-07-28T02:52:01.825423Z  WARN herdr::raw_input: flushing lone escape after input timeout; if this follows an alt chord or focus switch it may reach the pane as plain esc bytes=[27]
2026-07-28T02:52:01.828376Z  WARN herdr::raw_input: flushing lone escape after input timeout; if this follows an alt chord or focus switch it may reach the pane as plain esc bytes=[27]
2026-07-28T02:52:14.407827Z  WARN herdr::raw_input: flushing lone escape after input timeout; if this follows an alt chord or focus switch it may reach the pane as plain esc bytes=[27]
2026-07-28T02:52:14.408849Z  WARN herdr::raw_input: flushing lone escape after input timeout; if this follows an alt chord or focus switch it may reach the pane as plain esc bytes=[27]
2026-07-28T02:52:38.860098Z  WARN herdr::raw_input: flushing lone escape after input timeout; if this follows an alt chord or focus switch it may reach the pane as plain esc bytes=[27]
2026-07-28T02:52:38.861066Z  WARN herdr::raw_input: flushing lone escape after input timeout; if this follows an alt chord or focus switch it may reach the pane as plain esc bytes=[27]
2026-07-28T02:53:06.180300Z  WARN herdr::raw_input: flushing lone escape after input timeout; if this follows an alt chord or focus switch it may reach the pane as plain esc bytes=[27]
2026-07-28T02:53:06.182142Z  WARN herdr::raw_input: flushing lone escape after input timeout; if this follows an alt chord or focus switch it may reach the pane as plain esc bytes=[27]
2026-07-28T02:53:32.785473Z  WARN herdr::raw_input: flushing lone escape after input timeout; if this follows an alt chord or focus switch it may reach the pane as plain esc bytes=[27]
2026-07-28T02:53:32.786567Z  WARN herdr::raw_input: flushing lone escape after input timeout; if this follows an alt chord or focus switch it may reach the pane as plain esc bytes=[27]
2026-07-28T02:54:22.976412Z  WARN herdr::raw_input: flushing lone escape after input timeout; if this follows an alt chord or focus switch it may reach the pane as plain esc bytes=[27]
2026-07-28T02:54:22.977951Z  WARN herdr::raw_input: flushing lone escape after input timeout; if this follows an alt chord or focus switch it may reach the pane as plain esc bytes=[27]
2026-07-28T02:55:15.249510Z  WARN herdr::raw_input: flushing lone escape after input timeout; if this follows an alt chord or focus switch it may reach the pane as plain esc bytes=[27]
2026-07-28T02:55:15.250150Z  WARN herdr::raw_input: flushing lone escape after input timeout; if this follows an alt chord or focus switch it may reach the pane as plain esc bytes=[27]
2026-07-28T02:55:34.480775Z  WARN herdr::raw_input: flushing lone escape after input timeout; if this follows an alt chord or focus switch it may reach the pane as plain esc bytes=[27]
2026-07-28T02:55:34.480845Z  WARN herdr::raw_input: flushing lone escape after input timeout; if this follows an alt chord or focus switch it may reach the pane as plain esc bytes=[27]
2026-07-28T02:55:37.423196Z  WARN herdr::raw_input: flushing lone escape after input timeout; if this follows an alt chord or focus switch it may reach the pane as plain esc bytes=[27]
2026-07-28T02:55:37.424287Z  WARN herdr::raw_input: flushing lone escape after input timeout; if this follows an alt chord or focus switch it may reach the pane as plain esc bytes=[27]
2026-07-28T02:55:37.628827Z  WARN herdr::raw_input: flushing lone escape after input timeout; if this follows an alt chord or focus switch it may reach the pane as plain esc bytes=[27]
2026-07-28T02:55:37.629168Z  WARN herdr::raw_input: flushing lone escape after input timeout; if this follows an alt chord or focus switch it may reach the pane as plain esc bytes=[27]
2026-07-28T02:55:56.228267Z  WARN herdr::raw_input: flushing lone escape after input timeout; if this follows an alt chord or focus switch it may reach the pane as plain esc bytes=[27]
2026-07-28T02:55:56.229329Z  WARN herdr::raw_input: flushing lone escape after input timeout; if this follows an alt chord or focus switch it may reach the pane as plain esc bytes=[27]
2026-07-28T02:56:06.548216Z  WARN herdr::raw_input: flushing lone escape after input timeout; if this follows an alt chord or focus switch it may reach the pane as plain esc bytes=[27]
2026-07-28T02:56:06.550274Z  WARN herdr::raw_input: flushing lone escape after input timeout; if this follows an alt chord or focus switch it may reach the pane as plain esc bytes=[27]
2026-07-28T02:56:16.118604Z  WARN herdr::raw_input: flushing lone escape after input timeout; if this follows an alt chord or focus switch it may reach the pane as plain esc bytes=[27]
2026-07-28T02:56:16.118813Z  WARN herdr::raw_input: flushing lone escape after input timeout; if this follows an alt chord or focus switch it may reach the pane as plain esc bytes=[27]
2026-07-28T02:56:17.453566Z  WARN herdr::raw_input: flushing lone escape after input timeout; if this follows an alt chord or focus switch it may reach the pane as plain esc bytes=[27]
2026-07-28T02:56:17.453636Z  WARN herdr::raw_input: flushing lone escape after input timeout; if this follows an alt chord or focus switch it may reach the pane as plain esc bytes=[27]
2026-07-28T02:56:23.459766Z  WARN herdr::raw_input: flushing lone escape after input timeout; if this follows an alt chord or focus switch it may reach the pane as plain esc bytes=[27]
2026-07-28T02:56:23.460735Z  WARN herdr::raw_input: flushing lone escape after input timeout; if this follows an alt chord or focus switch it may reach the pane as plain esc bytes=[27]
2026-07-28T02:58:13.407016Z  WARN herdr::raw_input: flushing lone escape after input timeout; if this follows an alt chord or focus switch it may reach the pane as plain esc bytes=[27]
2026-07-28T02:58:13.407332Z  WARN herdr::raw_input: flushing lone escape after input timeout; if this follows an alt chord or focus switch it may reach the pane as plain esc bytes=[27]
2026-07-28T02:58:36.075766Z  WARN herdr::raw_input: flushing lone escape after input timeout; if this follows an alt chord or focus switch it may reach the pane as plain esc bytes=[27]
2026-07-28T02:58:36.077247Z  WARN herdr::raw_input: flushing lone escape after input timeout; if this follows an alt chord or focus switch it may reach the pane as plain esc bytes=[27]
2026-07-28T03:16:22.057969Z  WARN herdr::raw_input: flushing lone escape after input timeout; if this follows an alt chord or focus switch it may reach the pane as plain esc bytes=[27]
2026-07-28T03:16:22.058768Z  WARN herdr::raw_input: flushing lone escape after input timeout; if this follows an alt chord or focus switch it may reach the pane as plain esc bytes=[27]
2026-07-28T03:16:34.630134Z  WARN herdr::raw_input: flushing lone escape after input timeout; if this follows an alt chord or focus switch it may reach the pane as plain esc bytes=[27]
2026-07-28T03:16:34.631673Z  WARN herdr::raw_input: flushing lone escape after input timeout; if this follows an alt chord or focus switch it may reach the pane as plain esc bytes=[27]
2026-07-28T03:16:34.837408Z  WARN herdr::raw_input: flushing lone escape after input timeout; if this follows an alt chord or focus switch it may reach the pane as plain esc bytes=[27]
2026-07-28T03:16:34.837640Z  WARN herdr::raw_input: flushing lone escape after input timeout; if this follows an alt chord or focus switch it may reach the pane as plain esc bytes=[27]
2026-07-28T03:16:43.569610Z  WARN herdr::raw_input: flushing lone escape after input timeout; if this follows an alt chord or focus switch it may reach the pane as plain esc bytes=[27]
2026-07-28T03:16:43.569870Z  WARN herdr::raw_input: flushing lone escape after input timeout; if this follows an alt chord or focus switch it may reach the pane as plain esc bytes=[27]
2026-07-28T03:16:56.829912Z  WARN herdr::raw_input: flushing lone escape after input timeout; if this follows an alt chord or focus switch it may reach the pane as plain esc bytes=[27]
2026-07-28T03:16:56.831197Z  WARN herdr::raw_input: flushing lone escape after input timeout; if this follows an alt chord or focus switch it may reach the pane as plain esc bytes=[27]
2026-07-28T03:17:15.159516Z  WARN herdr::raw_input: flushing lone escape after input timeout; if this follows an alt chord or focus switch it may reach the pane as plain esc bytes=[27]
2026-07-28T03:17:15.160899Z  WARN herdr::raw_input: flushing lone escape after input timeout; if this follows an alt chord or focus switch it may reach the pane as plain esc bytes=[27]
2026-07-28T03:18:28.673258Z  WARN herdr::raw_input: flushing lone escape after input timeout; if this follows an alt chord or focus switch it may reach the pane as plain esc bytes=[27]
2026-07-28T03:18:28.674172Z  WARN herdr::raw_input: flushing lone escape after input timeout; if this follows an alt chord or focus switch it may reach the pane as plain esc bytes=[27]
2026-07-28T03:18:46.882796Z  WARN herdr::raw_input: flushing lone escape after input timeout; if this follows an alt chord or focus switch it may reach the pane as plain esc bytes=[27]
2026-07-28T03:18:46.883419Z  WARN herdr::raw_input: flushing lone escape after input timeout; if this follows an alt chord or focus switch it may reach the pane as plain esc bytes=[27]
2026-07-28T03:19:32.364748Z  WARN herdr::raw_input: flushing lone escape after input timeout; if this follows an alt chord or focus switch it may reach the pane as plain esc bytes=[27]
2026-07-28T03:19:32.365508Z  WARN herdr::raw_input: flushing lone escape after input timeout; if this follows an alt chord or focus switch it may reach the pane as plain esc bytes=[27]
2026-07-28T03:19:36.445982Z  WARN herdr::raw_input: flushing lone escape after input timeout; if this follows an alt chord or focus switch it may reach the pane as plain esc bytes=[27]
2026-07-28T03:19:36.446069Z  WARN herdr::raw_input: flushing lone escape after input timeout; if this follows an alt chord or focus switch it may reach the pane as plain esc bytes=[27]
2026-07-28T03:20:02.797120Z  WARN herdr::raw_input: flushing lone escape after input timeout; if this follows an alt chord or focus switch it may reach the pane as plain esc bytes=[27]
2026-07-28T03:20:02.797725Z  WARN herdr::raw_input: flushing lone escape after input timeout; if this follows an alt chord or focus switch it may reach the pane as plain esc bytes=[27]
2026-07-28T03:20:32.227744Z  WARN herdr::raw_input: flushing lone escape after input timeout; if this follows an alt chord or focus switch it may reach the pane as plain esc bytes=[27]
2026-07-28T03:20:32.228954Z  WARN herdr::raw_input: flushing lone escape after input timeout; if this follows an alt chord or focus switch it may reach the pane as plain esc bytes=[27]
2026-07-28T03:20:51.683607Z  WARN herdr::raw_input: flushing lone escape after input timeout; if this follows an alt chord or focus switch it may reach the pane as plain esc bytes=[27]
2026-07-28T03:20:51.684302Z  WARN herdr::raw_input: flushing lone escape after input timeout; if this follows an alt chord or focus switch it may reach the pane as plain esc bytes=[27]
2026-07-28T03:21:17.887547Z  WARN herdr::raw_input: flushing lone escape after input timeout; if this follows an alt chord or focus switch it may reach the pane as plain esc bytes=[27]
2026-07-28T03:21:17.888940Z  WARN herdr::raw_input: flushing lone escape after input timeout; if this follows an alt chord or focus switch it may reach the pane as plain esc bytes=[27]
2026-07-28T03:21:41.784999Z  WARN herdr::raw_input: flushing lone escape after input timeout; if this follows an alt chord or focus switch it may reach the pane as plain esc bytes=[27]
2026-07-28T03:21:41.785118Z  WARN herdr::raw_input: flushing lone escape after input timeout; if this follows an alt chord or focus switch it may reach the pane as plain esc bytes=[27]
2026-07-28T03:21:52.944899Z  WARN herdr::raw_input: flushing lone escape after input timeout; if this follows an alt chord or focus switch it may reach the pane as plain esc bytes=[27]
2026-07-28T03:21:52.946296Z  WARN herdr::raw_input: flushing lone escape after input timeout; if this follows an alt chord or focus switch it may reach the pane as plain esc bytes=[27]
2026-07-28T03:22:07.209977Z  WARN herdr::raw_input: flushing lone escape after input timeout; if this follows an alt chord or focus switch it may reach the pane as plain esc bytes=[27]
2026-07-28T03:22:07.216423Z  WARN herdr::raw_input: flushing lone escape after input timeout; if this follows an alt chord or focus switch it may reach the pane as plain esc bytes=[27]
2026-07-28T03:22:28.133031Z  WARN herdr::raw_input: flushing lone escape after input timeout; if this follows an alt chord or focus switch it may reach the pane as plain esc bytes=[27]
2026-07-28T03:22:28.133497Z  WARN herdr::raw_input: flushing lone escape after input timeout; if this follows an alt chord or focus switch it may reach the pane as plain esc bytes=[27]
2026-07-28T03:24:50.414312Z  WARN herdr::raw_input: flushing lone escape after input timeout; if this follows an alt chord or focus switch it may reach the pane as plain esc bytes=[27]
2026-07-28T03:24:50.416486Z  WARN herdr::raw_input: flushing lone escape after input timeout; if this follows an alt chord or focus switch it may reach the pane as plain esc bytes=[27]
2026-07-28T03:24:50.634210Z  WARN herdr::raw_input: flushing lone escape after input timeout; if this follows an alt chord or focus switch it may reach the pane as plain esc bytes=[27]
2026-07-28T03:24:50.634347Z  WARN herdr::raw_input: flushing lone escape after input timeout; if this follows an alt chord or focus switch it may reach the pane as plain esc bytes=[27]
2026-07-28T03:25:03.104952Z  WARN herdr::raw_input: flushing lone escape after input timeout; if this follows an alt chord or focus switch it may reach the pane as plain esc bytes=[27]
2026-07-28T03:25:03.107196Z  WARN herdr::raw_input: flushing lone escape after input timeout; if this follows an alt chord or focus switch it may reach the pane as plain esc bytes=[27]
2026-07-28T03:25:11.964598Z  WARN herdr::raw_input: flushing lone escape after input timeout; if this follows an alt chord or focus switch it may reach the pane as plain esc bytes=[27]
2026-07-28T03:25:11.965859Z  WARN herdr::raw_input: flushing lone escape after input timeout; if this follows an alt chord or focus switch it may reach the pane as plain esc bytes=[27]
2026-07-28T03:25:15.060157Z  WARN herdr::raw_input: flushing lone escape after input timeout; if this follows an alt chord or focus switch it may reach the pane as plain esc bytes=[27]
2026-07-28T03:25:15.060286Z  WARN herdr::raw_input: flushing lone escape after input timeout; if this follows an alt chord or focus switch it may reach the pane as plain esc bytes=[27]
2026-07-28T03:25:27.626041Z  WARN herdr::raw_input: flushing lone escape after input timeout; if this follows an alt chord or focus switch it may reach the pane as plain esc bytes=[27]
2026-07-28T03:25:27.627316Z  WARN herdr::raw_input: flushing lone escape after input timeout; if this follows an alt chord or focus switch it may reach the pane as plain esc bytes=[27]
2026-07-28T03:26:13.706579Z  WARN herdr::raw_input: flushing lone escape after input timeout; if this follows an alt chord or focus switch it may reach the pane as plain esc bytes=[27]
2026-07-28T03:26:13.707882Z  WARN herdr::raw_input: flushing lone escape after input timeout; if this follows an alt chord or focus switch it may reach the pane as plain esc bytes=[27]
2026-07-28T03:30:44.916747Z  WARN herdr::raw_input: flushing lone escape after input timeout; if this follows an alt chord or focus switch it may reach the pane as plain esc bytes=[27]
2026-07-28T03:30:44.917952Z  WARN herdr::raw_input: flushing lone escape after input timeout; if this follows an alt chord or focus switch it may reach the pane as plain esc bytes=[27]
2026-07-28T03:45:33.711689Z  WARN herdr::raw_input: flushing lone escape after input timeout; if this follows an alt chord or focus switch it may reach the pane as plain esc bytes=[27]
2026-07-28T03:45:33.713269Z  WARN herdr::raw_input: flushing lone escape after input timeout; if this follows an alt chord or focus switch it may reach the pane as plain esc bytes=[27]
2026-07-28T03:45:33.964925Z  WARN herdr::raw_input: flushing lone escape after input timeout; if this follows an alt chord or focus switch it may reach the pane as plain esc bytes=[27]
2026-07-28T03:45:33.965224Z  WARN herdr::raw_input: flushing lone escape after input timeout; if this follows an alt chord or focus switch it may reach the pane as plain esc bytes=[27]
2026-07-28T03:45:59.337711Z  WARN herdr::raw_input: flushing lone escape after input timeout; if this follows an alt chord or focus switch it may reach the pane as plain esc bytes=[27]
2026-07-28T03:45:59.338183Z  WARN herdr::raw_input: flushing lone escape after input timeout; if this follows an alt chord or focus switch it may reach the pane as plain esc bytes=[27]
2026-07-28T03:46:15.173284Z  WARN herdr::raw_input: flushing lone escape after input timeout; if this follows an alt chord or focus switch it may reach the pane as plain esc bytes=[27]
2026-07-28T03:46:15.174412Z  WARN herdr::raw_input: flushing lone escape after input timeout; if this follows an alt chord or focus switch it may reach the pane as plain esc bytes=[27]
2026-07-28T03:46:21.109017Z  WARN herdr::raw_input: flushing lone escape after input timeout; if this follows an alt chord or focus switch it may reach the pane as plain esc bytes=[27]
2026-07-28T03:46:21.109121Z  WARN herdr::raw_input: flushing lone escape after input timeout; if this follows an alt chord or focus switch it may reach the pane as plain esc bytes=[27]
2026-07-28T03:46:38.481677Z  WARN herdr::raw_input: flushing lone escape after input timeout; if this follows an alt chord or focus switch it may reach the pane as plain esc bytes=[27]
2026-07-28T03:46:38.482111Z  WARN herdr::raw_input: flushing lone escape after input timeout; if this follows an alt chord or focus switch it may reach the pane as plain esc bytes=[27]
2026-07-28T03:46:48.785604Z  WARN herdr::raw_input: flushing lone escape after input timeout; if this follows an alt chord or focus switch it may reach the pane as plain esc bytes=[27]
2026-07-28T03:46:48.786269Z  WARN herdr::raw_input: flushing lone escape after input timeout; if this follows an alt chord or focus switch it may reach the pane as plain esc bytes=[27]
2026-07-28T03:46:54.860932Z  WARN herdr::raw_input: flushing lone escape after input timeout; if this follows an alt chord or focus switch it may reach the pane as plain esc bytes=[27]
2026-07-28T03:46:54.861571Z  WARN herdr::raw_input: flushing lone escape after input timeout; if this follows an alt chord or focus switch it may reach the pane as plain esc bytes=[27]
2026-07-28T03:47:04.369069Z  WARN herdr::raw_input: flushing lone escape after input timeout; if this follows an alt chord or focus switch it may reach the pane as plain esc bytes=[27]
2026-07-28T03:47:04.370215Z  WARN herdr::raw_input: flushing lone escape after input timeout; if this follows an alt chord or focus switch it may reach the pane as plain esc bytes=[27]
2026-07-28T03:47:04.594583Z  WARN herdr::raw_input: flushing lone escape after input timeout; if this follows an alt chord or focus switch it may reach the pane as plain esc bytes=[27]
2026-07-28T03:47:04.594738Z  WARN herdr::raw_input: flushing lone escape after input timeout; if this follows an alt chord or focus switch it may reach the pane as plain esc bytes=[27]
2026-07-28T03:47:22.776363Z  WARN herdr::raw_input: flushing lone escape after input timeout; if this follows an alt chord or focus switch it may reach the pane as plain esc bytes=[27]
2026-07-28T03:47:22.777564Z  WARN herdr::raw_input: flushing lone escape after input timeout; if this follows an alt chord or focus switch it may reach the pane as plain esc bytes=[27]
2026-07-28T03:48:56.211971Z  WARN herdr::raw_input: flushing lone escape after input timeout; if this follows an alt chord or focus switch it may reach the pane as plain esc bytes=[27]
2026-07-28T03:48:56.214602Z  WARN herdr::raw_input: flushing lone escape after input timeout; if this follows an alt chord or focus switch it may reach the pane as plain esc bytes=[27]
2026-07-28T03:50:04.765566Z  WARN herdr::raw_input: flushing lone escape after input timeout; if this follows an alt chord or focus switch it may reach the pane as plain esc bytes=[27]
2026-07-28T03:50:04.767847Z  WARN herdr::raw_input: flushing lone escape after input timeout; if this follows an alt chord or focus switch it may reach the pane as plain esc bytes=[27]
2026-07-28T03:51:10.721116Z  WARN herdr::raw_input: flushing lone escape after input timeout; if this follows an alt chord or focus switch it may reach the pane as plain esc bytes=[27]
2026-07-28T03:51:10.723244Z  WARN herdr::raw_input: flushing lone escape after input timeout; if this follows an alt chord or focus switch it may reach the pane as plain esc bytes=[27]
2026-07-28T03:52:48.386614Z  WARN herdr::raw_input: flushing lone escape after input timeout; if this follows an alt chord or focus switch it may reach the pane as plain esc bytes=[27]
2026-07-28T03:52:48.387425Z  WARN herdr::raw_input: flushing lone escape after input timeout; if this follows an alt chord or focus switch it may reach the pane as plain esc bytes=[27]
2026-07-28T05:45:37.582299Z  WARN herdr::raw_input: flushing lone escape after input timeout; if this follows an alt chord or focus switch it may reach the pane as plain esc bytes=[27]
2026-07-28T05:45:37.584526Z  WARN herdr::raw_input: flushing lone escape after input timeout; if this follows an alt chord or focus switch it may reach the pane as plain esc bytes=[27]
2026-07-28T05:49:05.601221Z  WARN herdr::raw_input: flushing lone escape after input timeout; if this follows an alt chord or focus switch it may reach the pane as plain esc bytes=[27]
2026-07-28T05:49:05.602488Z  WARN herdr::raw_input: flushing lone escape after input timeout; if this follows an alt chord or focus switch it may reach the pane as plain esc bytes=[27]
2026-07-28T05:49:52.108727Z  WARN herdr::raw_input: flushing lone escape after input timeout; if this follows an alt chord or focus switch it may reach the pane as plain esc bytes=[27]
2026-07-28T05:49:52.110046Z  WARN herdr::raw_input: flushing lone escape after input timeout; if this follows an alt chord or focus switch it may reach the pane as plain esc bytes=[27]
2026-07-28T05:49:53.753116Z  WARN herdr::raw_input: flushing lone escape after input timeout; if this follows an alt chord or focus switch it may reach the pane as plain esc bytes=[27]
2026-07-28T05:49:53.753438Z  WARN herdr::raw_input: flushing lone escape after input timeout; if this follows an alt chord or focus switch it may reach the pane as plain esc bytes=[27]
2026-07-28T05:49:54.132127Z  WARN herdr::raw_input: flushing lone escape after input timeout; if this follows an alt chord or focus switch it may reach the pane as plain esc bytes=[27]
2026-07-28T05:49:54.132255Z  WARN herdr::raw_input: flushing lone escape after input timeout; if this follows an alt chord or focus switch it may reach the pane as plain esc bytes=[27]
2026-07-28T05:49:57.609195Z  WARN herdr::raw_input: flushing lone escape after input timeout; if this follows an alt chord or focus switch it may reach the pane as plain esc bytes=[27]
2026-07-28T05:49:57.609712Z  WARN herdr::raw_input: flushing lone escape after input timeout; if this follows an alt chord or focus switch it may reach the pane as plain esc bytes=[27]
2026-07-28T05:51:26.975267Z  WARN herdr::raw_input: flushing lone escape after input timeout; if this follows an alt chord or focus switch it may reach the pane as plain esc bytes=[27]
2026-07-28T05:51:26.979463Z  WARN herdr::raw_input: flushing lone escape after input timeout; if this follows an alt chord or focus switch it may reach the pane as plain esc bytes=[27]
2026-07-28T05:51:31.054993Z  WARN herdr::raw_input: flushing lone escape after input timeout; if this follows an alt chord or focus switch it may reach the pane as plain esc bytes=[27]
2026-07-28T05:51:31.055151Z  WARN herdr::raw_input: flushing lone escape after input timeout; if this follows an alt chord or focus switch it may reach the pane as plain esc bytes=[27]
2026-07-28T05:52:08.574017Z  WARN herdr::raw_input: flushing lone escape after input timeout; if this follows an alt chord or focus switch it may reach the pane as plain esc bytes=[27]
2026-07-28T05:52:08.574366Z  WARN herdr::raw_input: flushing lone escape after input timeout; if this follows an alt chord or focus switch it may reach the pane as plain esc bytes=[27]
2026-07-28T05:52:15.514077Z  WARN herdr::raw_input: flushing lone escape after input timeout; if this follows an alt chord or focus switch it may reach the pane as plain esc bytes=[27]
2026-07-28T05:52:15.514375Z  WARN herdr::raw_input: flushing lone escape after input timeout; if this follows an alt chord or focus switch it may reach the pane as plain esc bytes=[27]
2026-07-28T05:53:37.948215Z  WARN herdr::raw_input: flushing lone escape after input timeout; if this follows an alt chord or focus switch it may reach the pane as plain esc bytes=[27]
2026-07-28T05:53:37.949534Z  WARN herdr::raw_input: flushing lone escape after input timeout; if this follows an alt chord or focus switch it may reach the pane as plain esc bytes=[27]
2026-07-28T05:53:42.652166Z  WARN herdr::raw_input: flushing lone escape after input timeout; if this follows an alt chord or focus switch it may reach the pane as plain esc bytes=[27]
2026-07-28T05:53:42.652344Z  WARN herdr::raw_input: flushing lone escape after input timeout; if this follows an alt chord or focus switch it may reach the pane as plain esc bytes=[27]
2026-07-28T05:53:42.858441Z  WARN herdr::raw_input: flushing lone escape after input timeout; if this follows an alt chord or focus switch it may reach the pane as plain esc bytes=[27]
2026-07-28T05:53:42.858938Z  WARN herdr::raw_input: flushing lone escape after input timeout; if this follows an alt chord or focus switch it may reach the pane as plain esc bytes=[27]
2026-07-28T05:54:56.797939Z  WARN herdr::raw_input: flushing lone escape after input timeout; if this follows an alt chord or focus switch it may reach the pane as plain esc bytes=[27]
2026-07-28T05:54:56.798921Z  WARN herdr::raw_input: flushing lone escape after input timeout; if this follows an alt chord or focus switch it may reach the pane as plain esc bytes=[27]
2026-07-28T05:54:57.041415Z  WARN herdr::raw_input: flushing lone escape after input timeout; if this follows an alt chord or focus switch it may reach the pane as plain esc bytes=[27]
2026-07-28T05:54:57.041627Z  WARN herdr::raw_input: flushing lone escape after input timeout; if this follows an alt chord or focus switch it may reach the pane as plain esc bytes=[27]
2026-07-28T10:36:35.775104Z  WARN herdr::raw_input: flushing lone escape after input timeout; if this follows an alt chord or focus switch it may reach the pane as plain esc bytes=[27]
2026-07-28T10:36:35.776083Z  WARN herdr::raw_input: flushing lone escape after input timeout; if this follows an alt chord or focus switch it may reach the pane as plain esc bytes=[27]
2026-07-28T10:37:35.500335Z  WARN herdr::raw_input: flushing lone escape after input timeout; if this follows an alt chord or focus switch it may reach the pane as plain esc bytes=[27]
2026-07-28T10:37:35.501224Z  WARN herdr::raw_input: flushing lone escape after input timeout; if this follows an alt chord or focus switch it may reach the pane as plain esc bytes=[27]
2026-07-28T10:37:48.562586Z  WARN herdr::raw_input: flushing lone escape after input timeout; if this follows an alt chord or focus switch it may reach the pane as plain esc bytes=[27]
2026-07-28T10:37:48.563096Z  WARN herdr::raw_input: flushing lone escape after input timeout; if this follows an alt chord or focus switch it may reach the pane as plain esc bytes=[27]
2026-07-28T10:38:04.374151Z  WARN herdr::raw_input: flushing lone escape after input timeout; if this follows an alt chord or focus switch it may reach the pane as plain esc bytes=[27]
2026-07-28T10:38:04.374692Z  WARN herdr::raw_input: flushing lone escape after input timeout; if this follows an alt chord or focus switch it may reach the pane as plain esc bytes=[27]
2026-07-28T10:38:08.772719Z  WARN herdr::raw_input: flushing lone escape after input timeout; if this follows an alt chord or focus switch it may reach the pane as plain esc bytes=[27]
2026-07-28T10:38:08.772811Z  WARN herdr::raw_input: flushing lone escape after input timeout; if this follows an alt chord or focus switch it may reach the pane as plain esc bytes=[27]
2026-07-28T10:38:15.626110Z  WARN herdr::raw_input: flushing lone escape after input timeout; if this follows an alt chord or focus switch it may reach the pane as plain esc bytes=[27]
2026-07-28T10:38:15.626284Z  WARN herdr::raw_input: flushing lone escape after input timeout; if this follows an alt chord or focus switch it may reach the pane as plain esc bytes=[27]
2026-07-28T10:38:20.486954Z  WARN herdr::raw_input: flushing lone escape after input timeout; if this follows an alt chord or focus switch it may reach the pane as plain esc bytes=[27]
2026-07-28T10:38:20.487027Z  WARN herdr::raw_input: flushing lone escape after input timeout; if this follows an alt chord or focus switch it may reach the pane as plain esc bytes=[27]
2026-07-28T10:38:29.341228Z  WARN herdr::raw_input: flushing lone escape after input timeout; if this follows an alt chord or focus switch it may reach the pane as plain esc bytes=[27]
2026-07-28T10:38:29.341530Z  WARN herdr::raw_input: flushing lone escape after input timeout; if this follows an alt chord or focus switch it may reach the pane as plain esc bytes=[27]
2026-07-28T10:38:37.026313Z  WARN herdr::raw_input: flushing lone escape after input timeout; if this follows an alt chord or focus switch it may reach the pane as plain esc bytes=[27]
2026-07-28T10:38:37.026759Z  WARN herdr::raw_input: flushing lone escape after input timeout; if this follows an alt chord or focus switch it may reach the pane as plain esc bytes=[27]
2026-07-28T10:39:26.613876Z  WARN herdr::raw_input: flushing lone escape after input timeout; if this follows an alt chord or focus switch it may reach the pane as plain esc bytes=[27]
2026-07-28T10:39:26.614446Z  WARN herdr::raw_input: flushing lone escape after input timeout; if this follows an alt chord or focus switch it may reach the pane as plain esc bytes=[27]
2026-07-28T10:39:28.549778Z  WARN herdr::raw_input: flushing lone escape after input timeout; if this follows an alt chord or focus switch it may reach the pane as plain esc bytes=[27]
2026-07-28T10:39:28.549848Z  WARN herdr::raw_input: flushing lone escape after input timeout; if this follows an alt chord or focus switch it may reach the pane as plain esc bytes=[27]
2026-07-28T10:39:33.546063Z  WARN herdr::raw_input: flushing lone escape after input timeout; if this follows an alt chord or focus switch it may reach the pane as plain esc bytes=[27]
2026-07-28T10:39:33.546240Z  WARN herdr::raw_input: flushing lone escape after input timeout; if this follows an alt chord or focus switch it may reach the pane as plain esc bytes=[27]
2026-07-28T10:39:35.293189Z  WARN herdr::raw_input: flushing lone escape after input timeout; if this follows an alt chord or focus switch it may reach the pane as plain esc bytes=[27]
2026-07-28T10:39:35.293269Z  WARN herdr::raw_input: flushing lone escape after input timeout; if this follows an alt chord or focus switch it may reach the pane as plain esc bytes=[27]
2026-07-28T10:40:14.841717Z  WARN herdr::raw_input: flushing lone escape after input timeout; if this follows an alt chord or focus switch it may reach the pane as plain esc bytes=[27]
2026-07-28T10:40:14.842481Z  WARN herdr::raw_input: flushing lone escape after input timeout; if this follows an alt chord or focus switch it may reach the pane as plain esc bytes=[27]
2026-07-28T10:40:16.907633Z  WARN herdr::raw_input: flushing lone escape after input timeout; if this follows an alt chord or focus switch it may reach the pane as plain esc bytes=[27]
2026-07-28T10:40:16.907744Z  WARN herdr::raw_input: flushing lone escape after input timeout; if this follows an alt chord or focus switch it may reach the pane as plain esc bytes=[27]
2026-07-28T10:40:19.922825Z  WARN herdr::raw_input: flushing lone escape after input timeout; if this follows an alt chord or focus switch it may reach the pane as plain esc bytes=[27]
2026-07-28T10:40:19.922878Z  WARN herdr::raw_input: flushing lone escape after input timeout; if this follows an alt chord or focus switch it may reach the pane as plain esc bytes=[27]
2026-07-28T10:40:21.846373Z  WARN herdr::raw_input: flushing lone escape after input timeout; if this follows an alt chord or focus switch it may reach the pane as plain esc bytes=[27]
2026-07-28T10:40:21.846516Z  WARN herdr::raw_input: flushing lone escape after input timeout; if this follows an alt chord or focus switch it may reach the pane as plain esc bytes=[27]
2026-07-28T10:40:24.392769Z  WARN herdr::raw_input: flushing lone escape after input timeout; if this follows an alt chord or focus switch it may reach the pane as plain esc bytes=[27]
2026-07-28T10:40:24.392856Z  WARN herdr::raw_input: flushing lone escape after input timeout; if this follows an alt chord or focus switch it may reach the pane as plain esc bytes=[27]
2026-07-28T10:40:26.784852Z  WARN herdr::raw_input: flushing lone escape after input timeout; if this follows an alt chord or focus switch it may reach the pane as plain esc bytes=[27]
2026-07-28T10:40:26.784940Z  WARN herdr::raw_input: flushing lone escape after input timeout; if this follows an alt chord or focus switch it may reach the pane as plain esc bytes=[27]
2026-07-28T10:41:04.684472Z  WARN herdr::raw_input: flushing lone escape after input timeout; if this follows an alt chord or focus switch it may reach the pane as plain esc bytes=[27]
2026-07-28T10:41:04.684770Z  WARN herdr::raw_input: flushing lone escape after input timeout; if this follows an alt chord or focus switch it may reach the pane as plain esc bytes=[27]
2026-07-28T10:41:20.058579Z  WARN herdr::raw_input: flushing lone escape after input timeout; if this follows an alt chord or focus switch it may reach the pane as plain esc bytes=[27]
2026-07-28T10:41:20.059591Z  WARN herdr::raw_input: flushing lone escape after input timeout; if this follows an alt chord or focus switch it may reach the pane as plain esc bytes=[27]
2026-07-28T10:41:25.886333Z  WARN herdr::raw_input: flushing lone escape after input timeout; if this follows an alt chord or focus switch it may reach the pane as plain esc bytes=[27]
2026-07-28T10:41:25.886587Z  WARN herdr::raw_input: flushing lone escape after input timeout; if this follows an alt chord or focus switch it may reach the pane as plain esc bytes=[27]
2026-07-28T10:41:55.463173Z  WARN herdr::raw_input: flushing lone escape after input timeout; if this follows an alt chord or focus switch it may reach the pane as plain esc bytes=[27]
2026-07-28T10:41:55.465122Z  WARN herdr::raw_input: flushing lone escape after input timeout; if this follows an alt chord or focus switch it may reach the pane as plain esc bytes=[27]
2026-07-28T10:42:17.485442Z  WARN herdr::raw_input: flushing lone escape after input timeout; if this follows an alt chord or focus switch it may reach the pane as plain esc bytes=[27]
2026-07-28T10:42:17.486242Z  WARN herdr::raw_input: flushing lone escape after input timeout; if this follows an alt chord or focus switch it may reach the pane as plain esc bytes=[27]
2026-07-28T10:42:19.241019Z  WARN herdr::raw_input: flushing lone escape after input timeout; if this follows an alt chord or focus switch it may reach the pane as plain esc bytes=[27]
2026-07-28T10:42:19.241120Z  WARN herdr::raw_input: flushing lone escape after input timeout; if this follows an alt chord or focus switch it may reach the pane as plain esc bytes=[27]
2026-07-28T10:42:30.283045Z  WARN herdr::raw_input: flushing lone escape after input timeout; if this follows an alt chord or focus switch it may reach the pane as plain esc bytes=[27]
2026-07-28T10:42:30.283459Z  WARN herdr::raw_input: flushing lone escape after input timeout; if this follows an alt chord or focus switch it may reach the pane as plain esc bytes=[27]
2026-07-28T10:43:47.138087Z  WARN herdr::raw_input: flushing lone escape after input timeout; if this follows an alt chord or focus switch it may reach the pane as plain esc bytes=[27]
2026-07-28T10:43:47.138950Z  WARN herdr::raw_input: flushing lone escape after input timeout; if this follows an alt chord or focus switch it may reach the pane as plain esc bytes=[27]
2026-07-28T10:44:02.783346Z  WARN herdr::raw_input: flushing lone escape after input timeout; if this follows an alt chord or focus switch it may reach the pane as plain esc bytes=[27]
2026-07-28T10:44:02.785181Z  WARN herdr::raw_input: flushing lone escape after input timeout; if this follows an alt chord or focus switch it may reach the pane as plain esc bytes=[27]
2026-07-28T10:44:08.790301Z  WARN herdr::raw_input: flushing lone escape after input timeout; if this follows an alt chord or focus switch it may reach the pane as plain esc bytes=[27]
2026-07-28T10:44:08.790385Z  WARN herdr::raw_input: flushing lone escape after input timeout; if this follows an alt chord or focus switch it may reach the pane as plain esc bytes=[27]
2026-07-28T10:45:01.790739Z  WARN herdr::raw_input: flushing lone escape after input timeout; if this follows an alt chord or focus switch it may reach the pane as plain esc bytes=[27]
2026-07-28T10:45:01.792421Z  WARN herdr::raw_input: flushing lone escape after input timeout; if this follows an alt chord or focus switch it may reach the pane as plain esc bytes=[27]
2026-07-28T10:47:27.258003Z  WARN herdr::raw_input: flushing lone escape after input timeout; if this follows an alt chord or focus switch it may reach the pane as plain esc bytes=[27]
2026-07-28T10:47:27.259605Z  WARN herdr::raw_input: flushing lone escape after input timeout; if this follows an alt chord or focus switch it may reach the pane as plain esc bytes=[27]
2026-07-28T10:47:40.146876Z  WARN herdr::raw_input: flushing lone escape after input timeout; if this follows an alt chord or focus switch it may reach the pane as plain esc bytes=[27]
2026-07-28T10:47:40.148088Z  WARN herdr::raw_input: flushing lone escape after input timeout; if this follows an alt chord or focus switch it may reach the pane as plain esc bytes=[27]
2026-07-28T10:47:47.108860Z  WARN herdr::raw_input: flushing lone escape after input timeout; if this follows an alt chord or focus switch it may reach the pane as plain esc bytes=[27]
2026-07-28T10:47:47.110257Z  WARN herdr::raw_input: flushing lone escape after input timeout; if this follows an alt chord or focus switch it may reach the pane as plain esc bytes=[27]
2026-07-28T10:47:50.633196Z  WARN herdr::raw_input: flushing lone escape after input timeout; if this follows an alt chord or focus switch it may reach the pane as plain esc bytes=[27]
2026-07-28T10:47:50.633273Z  WARN herdr::raw_input: flushing lone escape after input timeout; if this follows an alt chord or focus switch it may reach the pane as plain esc bytes=[27]
2026-07-28T10:48:04.958043Z  WARN herdr::raw_input: flushing lone escape after input timeout; if this follows an alt chord or focus switch it may reach the pane as plain esc bytes=[27]
2026-07-28T10:48:04.958451Z  WARN herdr::raw_input: flushing lone escape after input timeout; if this follows an alt chord or focus switch it may reach the pane as plain esc bytes=[27]
2026-07-28T10:48:08.211351Z  WARN herdr::raw_input: flushing lone escape after input timeout; if this follows an alt chord or focus switch it may reach the pane as plain esc bytes=[27]
2026-07-28T10:48:08.211421Z  WARN herdr::raw_input: flushing lone escape after input timeout; if this follows an alt chord or focus switch it may reach the pane as plain esc bytes=[27]
2026-07-28T10:48:36.283789Z  WARN herdr::raw_input: flushing lone escape after input timeout; if this follows an alt chord or focus switch it may reach the pane as plain esc bytes=[27]
2026-07-28T10:48:36.285214Z  WARN herdr::raw_input: flushing lone escape after input timeout; if this follows an alt chord or focus switch it may reach the pane as plain esc bytes=[27]
2026-07-28T10:48:41.253683Z  WARN herdr::raw_input: flushing lone escape after input timeout; if this follows an alt chord or focus switch it may reach the pane as plain esc bytes=[27]
2026-07-28T10:48:41.253776Z  WARN herdr::raw_input: flushing lone escape after input timeout; if this follows an alt chord or focus switch it may reach the pane as plain esc bytes=[27]
2026-07-28T10:48:59.207334Z  WARN herdr::raw_input: flushing lone escape after input timeout; if this follows an alt chord or focus switch it may reach the pane as plain esc bytes=[27]
2026-07-28T10:48:59.208407Z  WARN herdr::raw_input: flushing lone escape after input timeout; if this follows an alt chord or focus switch it may reach the pane as plain esc bytes=[27]
2026-07-28T10:49:12.742633Z  WARN herdr::raw_input: flushing lone escape after input timeout; if this follows an alt chord or focus switch it may reach the pane as plain esc bytes=[27]
2026-07-28T10:49:12.755088Z  WARN herdr::raw_input: flushing lone escape after input timeout; if this follows an alt chord or focus switch it may reach the pane as plain esc bytes=[27]
2026-07-28T10:49:35.542662Z  WARN herdr::raw_input: flushing lone escape after input timeout; if this follows an alt chord or focus switch it may reach the pane as plain esc bytes=[27]
2026-07-28T10:49:35.543082Z  WARN herdr::raw_input: flushing lone escape after input timeout; if this follows an alt chord or focus switch it may reach the pane as plain esc bytes=[27]
2026-07-28T10:49:47.597849Z  WARN herdr::raw_input: flushing lone escape after input timeout; if this follows an alt chord or focus switch it may reach the pane as plain esc bytes=[27]
2026-07-28T10:49:47.599020Z  WARN herdr::raw_input: flushing lone escape after input timeout; if this follows an alt chord or focus switch it may reach the pane as plain esc bytes=[27]
2026-07-28T10:51:16.698446Z  WARN herdr::raw_input: flushing lone escape after input timeout; if this follows an alt chord or focus switch it may reach the pane as plain esc bytes=[27]
2026-07-28T10:51:16.699287Z  WARN herdr::raw_input: flushing lone escape after input timeout; if this follows an alt chord or focus switch it may reach the pane as plain esc bytes=[27]
2026-07-28T10:52:48.278105Z  WARN herdr::raw_input: flushing lone escape after input timeout; if this follows an alt chord or focus switch it may reach the pane as plain esc bytes=[27]
2026-07-28T10:52:48.283539Z  WARN herdr::raw_input: flushing lone escape after input timeout; if this follows an alt chord or focus switch it may reach the pane as plain esc bytes=[27]
2026-07-28T10:54:14.436658Z  WARN herdr::raw_input: flushing lone escape after input timeout; if this follows an alt chord or focus switch it may reach the pane as plain esc bytes=[27]
2026-07-28T10:54:14.437698Z  WARN herdr::raw_input: flushing lone escape after input timeout; if this follows an alt chord or focus switch it may reach the pane as plain esc bytes=[27]
2026-07-28T10:54:38.693402Z  WARN herdr::raw_input: flushing lone escape after input timeout; if this follows an alt chord or focus switch it may reach the pane as plain esc bytes=[27]
2026-07-28T10:54:38.694382Z  WARN herdr::raw_input: flushing lone escape after input timeout; if this follows an alt chord or focus switch it may reach the pane as plain esc bytes=[27]
2026-07-28T10:54:45.277012Z  WARN herdr::raw_input: flushing lone escape after input timeout; if this follows an alt chord or focus switch it may reach the pane as plain esc bytes=[27]
2026-07-28T10:54:45.278572Z  WARN herdr::raw_input: flushing lone escape after input timeout; if this follows an alt chord or focus switch it may reach the pane as plain esc bytes=[27]
2026-07-28T10:55:05.317584Z  WARN herdr::raw_input: flushing lone escape after input timeout; if this follows an alt chord or focus switch it may reach the pane as plain esc bytes=[27]
2026-07-28T10:55:05.317936Z  WARN herdr::raw_input: flushing lone escape after input timeout; if this follows an alt chord or focus switch it may reach the pane as plain esc bytes=[27]
2026-07-28T10:55:18.805369Z  WARN herdr::raw_input: flushing lone escape after input timeout; if this follows an alt chord or focus switch it may reach the pane as plain esc bytes=[27]
2026-07-28T10:55:18.806417Z  WARN herdr::raw_input: flushing lone escape after input timeout; if this follows an alt chord or focus switch it may reach the pane as plain esc bytes=[27]
2026-07-28T10:55:35.832908Z  WARN herdr::raw_input: flushing lone escape after input timeout; if this follows an alt chord or focus switch it may reach the pane as plain esc bytes=[27]
2026-07-28T10:55:35.833221Z  WARN herdr::raw_input: flushing lone escape after input timeout; if this follows an alt chord or focus switch it may reach the pane as plain esc bytes=[27]
2026-07-28T10:55:44.106257Z  WARN herdr::raw_input: flushing lone escape after input timeout; if this follows an alt chord or focus switch it may reach the pane as plain esc bytes=[27]
2026-07-28T10:55:44.107257Z  WARN herdr::raw_input: flushing lone escape after input timeout; if this follows an alt chord or focus switch it may reach the pane as plain esc bytes=[27]
2026-07-28T10:56:04.420569Z  WARN herdr::raw_input: flushing lone escape after input timeout; if this follows an alt chord or focus switch it may reach the pane as plain esc bytes=[27]
2026-07-28T10:56:04.422477Z  WARN herdr::raw_input: flushing lone escape after input timeout; if this follows an alt chord or focus switch it may reach the pane as plain esc bytes=[27]
2026-07-28T10:56:25.166372Z  WARN herdr::raw_input: flushing lone escape after input timeout; if this follows an alt chord or focus switch it may reach the pane as plain esc bytes=[27]
2026-07-28T10:56:25.167167Z  WARN herdr::raw_input: flushing lone escape after input timeout; if this follows an alt chord or focus switch it may reach the pane as plain esc bytes=[27]
2026-07-28T10:56:36.673321Z  WARN herdr::raw_input: flushing lone escape after input timeout; if this follows an alt chord or focus switch it may reach the pane as plain esc bytes=[27]
2026-07-28T10:56:36.673665Z  WARN herdr::raw_input: flushing lone escape after input timeout; if this follows an alt chord or focus switch it may reach the pane as plain esc bytes=[27]
2026-07-28T10:56:57.736931Z  WARN herdr::raw_input: flushing lone escape after input timeout; if this follows an alt chord or focus switch it may reach the pane as plain esc bytes=[27]
2026-07-28T10:56:57.737328Z  WARN herdr::raw_input: flushing lone escape after input timeout; if this follows an alt chord or focus switch it may reach the pane as plain esc bytes=[27]
2026-07-28T10:59:37.447148Z  WARN herdr::raw_input: flushing lone escape after input timeout; if this follows an alt chord or focus switch it may reach the pane as plain esc bytes=[27]
2026-07-28T10:59:37.448520Z  WARN herdr::raw_input: flushing lone escape after input timeout; if this follows an alt chord or focus switch it may reach the pane as plain esc bytes=[27]
2026-07-28T10:59:41.230077Z  WARN herdr::raw_input: flushing lone escape after input timeout; if this follows an alt chord or focus switch it may reach the pane as plain esc bytes=[27]
2026-07-28T10:59:41.230475Z  WARN herdr::raw_input: flushing lone escape after input timeout; if this follows an alt chord or focus switch it may reach the pane as plain esc bytes=[27]
2026-07-28T10:59:41.463752Z  WARN herdr::raw_input: flushing lone escape after input timeout; if this follows an alt chord or focus switch it may reach the pane as plain esc bytes=[27]
2026-07-28T10:59:41.463909Z  WARN herdr::raw_input: flushing lone escape after input timeout; if this follows an alt chord or focus switch it may reach the pane as plain esc bytes=[27]
2026-07-28T10:59:53.831135Z  WARN herdr::raw_input: flushing lone escape after input timeout; if this follows an alt chord or focus switch it may reach the pane as plain esc bytes=[27]
2026-07-28T10:59:53.831579Z  WARN herdr::raw_input: flushing lone escape after input timeout; if this follows an alt chord or focus switch it may reach the pane as plain esc bytes=[27]
2026-07-28T11:00:02.516276Z  WARN herdr::raw_input: flushing lone escape after input timeout; if this follows an alt chord or focus switch it may reach the pane as plain esc bytes=[27]
2026-07-28T11:00:02.516338Z  WARN herdr::raw_input: flushing lone escape after input timeout; if this follows an alt chord or focus switch it may reach the pane as plain esc bytes=[27]
2026-07-28T11:00:06.333132Z  WARN herdr::raw_input: flushing lone escape after input timeout; if this follows an alt chord or focus switch it may reach the pane as plain esc bytes=[27]
2026-07-28T11:00:06.333181Z  WARN herdr::raw_input: flushing lone escape after input timeout; if this follows an alt chord or focus switch it may reach the pane as plain esc bytes=[27]
2026-07-28T11:04:20.739168Z  WARN herdr::raw_input: flushing lone escape after input timeout; if this follows an alt chord or focus switch it may reach the pane as plain esc bytes=[27]
2026-07-28T11:04:20.740915Z  WARN herdr::raw_input: flushing lone escape after input timeout; if this follows an alt chord or focus switch it may reach the pane as plain esc bytes=[27]
2026-07-28T11:05:00.653992Z  WARN herdr::raw_input: flushing lone escape after input timeout; if this follows an alt chord or focus switch it may reach the pane as plain esc bytes=[27]
2026-07-28T11:05:00.655594Z  WARN herdr::raw_input: flushing lone escape after input timeout; if this follows an alt chord or focus switch it may reach the pane as plain esc bytes=[27]
2026-07-28T11:05:15.915172Z  WARN herdr::raw_input: flushing lone escape after input timeout; if this follows an alt chord or focus switch it may reach the pane as plain esc bytes=[27]
2026-07-28T11:05:15.917089Z  WARN herdr::raw_input: flushing lone escape after input timeout; if this follows an alt chord or focus switch it may reach the pane as plain esc bytes=[27]
2026-07-28T11:05:46.741000Z  WARN herdr::raw_input: flushing lone escape after input timeout; if this follows an alt chord or focus switch it may reach the pane as plain esc bytes=[27]
2026-07-28T11:05:46.742002Z  WARN herdr::raw_input: flushing lone escape after input timeout; if this follows an alt chord or focus switch it may reach the pane as plain esc bytes=[27]
2026-07-28T11:05:47.973958Z  WARN herdr::raw_input: flushing lone escape after input timeout; if this follows an alt chord or focus switch it may reach the pane as plain esc bytes=[27]
2026-07-28T11:05:47.974047Z  WARN herdr::raw_input: flushing lone escape after input timeout; if this follows an alt chord or focus switch it may reach the pane as plain esc bytes=[27]
2026-07-28T11:06:27.167527Z  WARN herdr::raw_input: flushing lone escape after input timeout; if this follows an alt chord or focus switch it may reach the pane as plain esc bytes=[27]
2026-07-28T11:06:27.169321Z  WARN herdr::raw_input: flushing lone escape after input timeout; if this follows an alt chord or focus switch it may reach the pane as plain esc bytes=[27]
2026-07-28T11:06:32.217344Z  WARN herdr::raw_input: flushing lone escape after input timeout; if this follows an alt chord or focus switch it may reach the pane as plain esc bytes=[27]
2026-07-28T11:06:32.217471Z  WARN herdr::raw_input: flushing lone escape after input timeout; if this follows an alt chord or focus switch it may reach the pane as plain esc bytes=[27]
2026-07-28T11:06:36.653153Z  WARN herdr::raw_input: flushing lone escape after input timeout; if this follows an alt chord or focus switch it may reach the pane as plain esc bytes=[27]
2026-07-28T11:06:36.654242Z  WARN herdr::raw_input: flushing lone escape after input timeout; if this follows an alt chord or focus switch it may reach the pane as plain esc bytes=[27]
2026-07-28T11:06:46.162597Z  WARN herdr::raw_input: flushing lone escape after input timeout; if this follows an alt chord or focus switch it may reach the pane as plain esc bytes=[27]
2026-07-28T11:06:46.163661Z  WARN herdr::raw_input: flushing lone escape after input timeout; if this follows an alt chord or focus switch it may reach the pane as plain esc bytes=[27]
2026-07-28T11:06:49.240621Z  WARN herdr::raw_input: flushing lone escape after input timeout; if this follows an alt chord or focus switch it may reach the pane as plain esc bytes=[27]
2026-07-28T11:06:49.240707Z  WARN herdr::raw_input: flushing lone escape after input timeout; if this follows an alt chord or focus switch it may reach the pane as plain esc bytes=[27]
2026-07-28T11:07:12.904710Z  WARN herdr::raw_input: flushing lone escape after input timeout; if this follows an alt chord or focus switch it may reach the pane as plain esc bytes=[27]
2026-07-28T11:07:12.906811Z  WARN herdr::raw_input: flushing lone escape after input timeout; if this follows an alt chord or focus switch it may reach the pane as plain esc bytes=[27]
2026-07-28T11:07:52.654734Z  WARN herdr::raw_input: flushing lone escape after input timeout; if this follows an alt chord or focus switch it may reach the pane as plain esc bytes=[27]
2026-07-28T11:07:52.655736Z  WARN herdr::raw_input: flushing lone escape after input timeout; if this follows an alt chord or focus switch it may reach the pane as plain esc bytes=[27]
2026-07-28T11:08:08.870709Z  WARN herdr::raw_input: flushing lone escape after input timeout; if this follows an alt chord or focus switch it may reach the pane as plain esc bytes=[27]
2026-07-28T11:08:08.871780Z  WARN herdr::raw_input: flushing lone escape after input timeout; if this follows an alt chord or focus switch it may reach the pane as plain esc bytes=[27]
2026-07-28T11:13:41.486251Z  WARN herdr::raw_input: flushing lone escape after input timeout; if this follows an alt chord or focus switch it may reach the pane as plain esc bytes=[27]
2026-07-28T11:13:41.487164Z  WARN herdr::raw_input: flushing lone escape after input timeout; if this follows an alt chord or focus switch it may reach the pane as plain esc bytes=[27]
2026-07-28T11:13:41.789646Z  WARN herdr::raw_input: flushing lone escape after input timeout; if this follows an alt chord or focus switch it may reach the pane as plain esc bytes=[27]
2026-07-28T11:13:41.789948Z  WARN herdr::raw_input: flushing lone escape after input timeout; if this follows an alt chord or focus switch it may reach the pane as plain esc bytes=[27]
2026-07-28T11:13:45.556740Z  WARN herdr::raw_input: flushing lone escape after input timeout; if this follows an alt chord or focus switch it may reach the pane as plain esc bytes=[27]
2026-07-28T11:13:45.557192Z  WARN herdr::raw_input: flushing lone escape after input timeout; if this follows an alt chord or focus switch it may reach the pane as plain esc bytes=[27]
2026-07-28T11:13:45.779595Z  WARN herdr::raw_input: flushing lone escape after input timeout; if this follows an alt chord or focus switch it may reach the pane as plain esc bytes=[27]
2026-07-28T11:13:45.779945Z  WARN herdr::raw_input: flushing lone escape after input timeout; if this follows an alt chord or focus switch it may reach the pane as plain esc bytes=[27]
2026-07-28T11:13:45.971423Z  WARN herdr::raw_input: flushing lone escape after input timeout; if this follows an alt chord or focus switch it may reach the pane as plain esc bytes=[27]
2026-07-28T11:13:45.971747Z  WARN herdr::raw_input: flushing lone escape after input timeout; if this follows an alt chord or focus switch it may reach the pane as plain esc bytes=[27]
2026-07-28T11:15:33.860062Z  WARN herdr::raw_input: flushing lone escape after input timeout; if this follows an alt chord or focus switch it may reach the pane as plain esc bytes=[27]
2026-07-28T11:15:33.861530Z  WARN herdr::raw_input: flushing lone escape after input timeout; if this follows an alt chord or focus switch it may reach the pane as plain esc bytes=[27]
2026-07-28T11:15:49.734707Z  WARN herdr::raw_input: flushing lone escape after input timeout; if this follows an alt chord or focus switch it may reach the pane as plain esc bytes=[27]
2026-07-28T11:15:49.735588Z  WARN herdr::raw_input: flushing lone escape after input timeout; if this follows an alt chord or focus switch it may reach the pane as plain esc bytes=[27]
2026-07-28T12:30:30.606448Z  WARN herdr::raw_input: flushing lone escape after input timeout; if this follows an alt chord or focus switch it may reach the pane as plain esc bytes=[27]
2026-07-28T12:30:30.608989Z  WARN herdr::raw_input: flushing lone escape after input timeout; if this follows an alt chord or focus switch it may reach the pane as plain esc bytes=[27]
2026-07-28T12:31:52.122100Z  WARN herdr::raw_input: flushing lone escape after input timeout; if this follows an alt chord or focus switch it may reach the pane as plain esc bytes=[27]
2026-07-28T12:31:52.122609Z  WARN herdr::raw_input: flushing lone escape after input timeout; if this follows an alt chord or focus switch it may reach the pane as plain esc bytes=[27]
2026-07-28T12:32:50.661879Z  WARN herdr::raw_input: flushing lone escape after input timeout; if this follows an alt chord or focus switch it may reach the pane as plain esc bytes=[27]
2026-07-28T12:32:50.662206Z  WARN herdr::raw_input: flushing lone escape after input timeout; if this follows an alt chord or focus switch it may reach the pane as plain esc bytes=[27]
2026-07-28T12:32:55.492363Z  WARN herdr::raw_input: flushing lone escape after input timeout; if this follows an alt chord or focus switch it may reach the pane as plain esc bytes=[27]
2026-07-28T12:32:55.492549Z  WARN herdr::raw_input: flushing lone escape after input timeout; if this follows an alt chord or focus switch it may reach the pane as plain esc bytes=[27]
2026-07-28T12:32:57.494693Z  WARN herdr::raw_input: flushing lone escape after input timeout; if this follows an alt chord or focus switch it may reach the pane as plain esc bytes=[27]
2026-07-28T12:32:57.496618Z  WARN herdr::raw_input: flushing lone escape after input timeout; if this follows an alt chord or focus switch it may reach the pane as plain esc bytes=[27]
2026-07-28T12:33:00.755692Z  WARN herdr::raw_input: flushing lone escape after input timeout; if this follows an alt chord or focus switch it may reach the pane as plain esc bytes=[27]
2026-07-28T12:33:00.755844Z  WARN herdr::raw_input: flushing lone escape after input timeout; if this follows an alt chord or focus switch it may reach the pane as plain esc bytes=[27]
2026-07-28T12:33:04.343069Z  WARN herdr::raw_input: flushing lone escape after input timeout; if this follows an alt chord or focus switch it may reach the pane as plain esc bytes=[27]
2026-07-28T12:33:04.343435Z  WARN herdr::raw_input: flushing lone escape after input timeout; if this follows an alt chord or focus switch it may reach the pane as plain esc bytes=[27]
2026-07-28T12:33:15.121690Z  WARN herdr::raw_input: flushing lone escape after input timeout; if this follows an alt chord or focus switch it may reach the pane as plain esc bytes=[27]
2026-07-28T12:33:15.122759Z  WARN herdr::raw_input: flushing lone escape after input timeout; if this follows an alt chord or focus switch it may reach the pane as plain esc bytes=[27]
2026-07-28T12:34:17.687408Z  WARN herdr::raw_input: flushing lone escape after input timeout; if this follows an alt chord or focus switch it may reach the pane as plain esc bytes=[27]
2026-07-28T12:34:17.689755Z  WARN herdr::raw_input: flushing lone escape after input timeout; if this follows an alt chord or focus switch it may reach the pane as plain esc bytes=[27]
2026-07-28T12:34:21.752735Z  WARN herdr::raw_input: flushing lone escape after input timeout; if this follows an alt chord or focus switch it may reach the pane as plain esc bytes=[27]
2026-07-28T12:34:21.752797Z  WARN herdr::raw_input: flushing lone escape after input timeout; if this follows an alt chord or focus switch it may reach the pane as plain esc bytes=[27]
2026-07-28T12:34:42.895515Z  WARN herdr::raw_input: flushing lone escape after input timeout; if this follows an alt chord or focus switch it may reach the pane as plain esc bytes=[27]
2026-07-28T12:34:42.896527Z  WARN herdr::raw_input: flushing lone escape after input timeout; if this follows an alt chord or focus switch it may reach the pane as plain esc bytes=[27]
2026-07-28T12:34:46.989238Z  WARN herdr::raw_input: flushing lone escape after input timeout; if this follows an alt chord or focus switch it may reach the pane as plain esc bytes=[27]
2026-07-28T12:34:46.989439Z  WARN herdr::raw_input: flushing lone escape after input timeout; if this follows an alt chord or focus switch it may reach the pane as plain esc bytes=[27]
2026-07-28T12:35:04.623815Z  WARN herdr::raw_input: flushing lone escape after input timeout; if this follows an alt chord or focus switch it may reach the pane as plain esc bytes=[27]
2026-07-28T12:35:04.624889Z  WARN herdr::raw_input: flushing lone escape after input timeout; if this follows an alt chord or focus switch it may reach the pane as plain esc bytes=[27]
2026-07-28T12:36:24.850678Z  WARN herdr::raw_input: flushing lone escape after input timeout; if this follows an alt chord or focus switch it may reach the pane as plain esc bytes=[27]
2026-07-28T12:36:24.852185Z  WARN herdr::raw_input: flushing lone escape after input timeout; if this follows an alt chord or focus switch it may reach the pane as plain esc bytes=[27]
2026-07-28T12:36:28.438375Z  WARN herdr::raw_input: flushing lone escape after input timeout; if this follows an alt chord or focus switch it may reach the pane as plain esc bytes=[27]
2026-07-28T12:36:28.438449Z  WARN herdr::raw_input: flushing lone escape after input timeout; if this follows an alt chord or focus switch it may reach the pane as plain esc bytes=[27]
2026-07-28T12:36:44.334196Z  WARN herdr::raw_input: flushing lone escape after input timeout; if this follows an alt chord or focus switch it may reach the pane as plain esc bytes=[27]
2026-07-28T12:36:44.334577Z  WARN herdr::raw_input: flushing lone escape after input timeout; if this follows an alt chord or focus switch it may reach the pane as plain esc bytes=[27]
2026-07-28T12:37:23.480316Z  WARN herdr::raw_input: flushing lone escape after input timeout; if this follows an alt chord or focus switch it may reach the pane as plain esc bytes=[27]
2026-07-28T12:37:23.481748Z  WARN herdr::raw_input: flushing lone escape after input timeout; if this follows an alt chord or focus switch it may reach the pane as plain esc bytes=[27]
2026-07-28T12:38:07.601093Z  WARN herdr::raw_input: flushing lone escape after input timeout; if this follows an alt chord or focus switch it may reach the pane as plain esc bytes=[27]
2026-07-28T12:38:07.603055Z  WARN herdr::raw_input: flushing lone escape after input timeout; if this follows an alt chord or focus switch it may reach the pane as plain esc bytes=[27]
2026-07-28T12:39:15.467257Z  WARN herdr::raw_input: flushing lone escape after input timeout; if this follows an alt chord or focus switch it may reach the pane as plain esc bytes=[27]
2026-07-28T12:39:15.468039Z  WARN herdr::raw_input: flushing lone escape after input timeout; if this follows an alt chord or focus switch it may reach the pane as plain esc bytes=[27]
2026-07-28T12:41:20.915972Z  WARN herdr::raw_input: flushing lone escape after input timeout; if this follows an alt chord or focus switch it may reach the pane as plain esc bytes=[27]
2026-07-28T12:41:20.918350Z  WARN herdr::raw_input: flushing lone escape after input timeout; if this follows an alt chord or focus switch it may reach the pane as plain esc bytes=[27]
2026-07-28T12:41:39.454271Z  WARN herdr::raw_input: flushing lone escape after input timeout; if this follows an alt chord or focus switch it may reach the pane as plain esc bytes=[27]
2026-07-28T12:41:39.454612Z  WARN herdr::raw_input: flushing lone escape after input timeout; if this follows an alt chord or focus switch it may reach the pane as plain esc bytes=[27]
2026-07-28T12:41:50.935787Z  WARN herdr::raw_input: flushing lone escape after input timeout; if this follows an alt chord or focus switch it may reach the pane as plain esc bytes=[27]
2026-07-28T12:41:50.936828Z  WARN herdr::raw_input: flushing lone escape after input timeout; if this follows an alt chord or focus switch it may reach the pane as plain esc bytes=[27]
2026-07-28T12:42:14.672242Z  WARN herdr::raw_input: flushing lone escape after input timeout; if this follows an alt chord or focus switch it may reach the pane as plain esc bytes=[27]
2026-07-28T12:42:14.674572Z  WARN herdr::raw_input: flushing lone escape after input timeout; if this follows an alt chord or focus switch it may reach the pane as plain esc bytes=[27]
2026-07-28T12:42:14.985376Z  WARN herdr::raw_input: flushing lone escape after input timeout; if this follows an alt chord or focus switch it may reach the pane as plain esc bytes=[27]
2026-07-28T12:42:14.985797Z  WARN herdr::raw_input: flushing lone escape after input timeout; if this follows an alt chord or focus switch it may reach the pane as plain esc bytes=[27]
2026-07-28T12:42:57.521363Z  WARN herdr::raw_input: flushing lone escape after input timeout; if this follows an alt chord or focus switch it may reach the pane as plain esc bytes=[27]
2026-07-28T12:42:57.522142Z  WARN herdr::raw_input: flushing lone escape after input timeout; if this follows an alt chord or focus switch it may reach the pane as plain esc bytes=[27]
2026-07-28T12:43:29.175281Z  WARN herdr::raw_input: flushing lone escape after input timeout; if this follows an alt chord or focus switch it may reach the pane as plain esc bytes=[27]
2026-07-28T12:43:29.175641Z  WARN herdr::raw_input: flushing lone escape after input timeout; if this follows an alt chord or focus switch it may reach the pane as plain esc bytes=[27]
2026-07-28T12:43:54.362551Z  WARN herdr::raw_input: flushing lone escape after input timeout; if this follows an alt chord or focus switch it may reach the pane as plain esc bytes=[27]
2026-07-28T12:43:54.363545Z  WARN herdr::raw_input: flushing lone escape after input timeout; if this follows an alt chord or focus switch it may reach the pane as plain esc bytes=[27]
2026-07-28T12:44:40.519318Z  WARN herdr::raw_input: flushing lone escape after input timeout; if this follows an alt chord or focus switch it may reach the pane as plain esc bytes=[27]
2026-07-28T12:44:40.519716Z  WARN herdr::raw_input: flushing lone escape after input timeout; if this follows an alt chord or focus switch it may reach the pane as plain esc bytes=[27]
2026-07-28T12:46:16.760488Z  WARN herdr::raw_input: flushing lone escape after input timeout; if this follows an alt chord or focus switch it may reach the pane as plain esc bytes=[27]
2026-07-28T12:46:16.763050Z  WARN herdr::raw_input: flushing lone escape after input timeout; if this follows an alt chord or focus switch it may reach the pane as plain esc bytes=[27]
2026-07-28T12:46:17.032240Z  WARN herdr::raw_input: flushing lone escape after input timeout; if this follows an alt chord or focus switch it may reach the pane as plain esc bytes=[27]
2026-07-28T12:46:17.032492Z  WARN herdr::raw_input: flushing lone escape after input timeout; if this follows an alt chord or focus switch it may reach the pane as plain esc bytes=[27]
2026-07-28T12:48:26.525608Z  WARN herdr::raw_input: flushing lone escape after input timeout; if this follows an alt chord or focus switch it may reach the pane as plain esc bytes=[27]
2026-07-28T12:48:26.527464Z  WARN herdr::raw_input: flushing lone escape after input timeout; if this follows an alt chord or focus switch it may reach the pane as plain esc bytes=[27]
2026-07-28T12:49:28.102492Z  WARN herdr::raw_input: flushing lone escape after input timeout; if this follows an alt chord or focus switch it may reach the pane as plain esc bytes=[27]
2026-07-28T12:49:28.103083Z  WARN herdr::raw_input: flushing lone escape after input timeout; if this follows an alt chord or focus switch it may reach the pane as plain esc bytes=[27]
2026-07-28T12:49:36.232435Z  WARN herdr::raw_input: flushing lone escape after input timeout; if this follows an alt chord or focus switch it may reach the pane as plain esc bytes=[27]
2026-07-28T12:49:36.232806Z  WARN herdr::raw_input: flushing lone escape after input timeout; if this follows an alt chord or focus switch it may reach the pane as plain esc bytes=[27]
2026-07-28T12:49:47.084876Z  WARN herdr::raw_input: flushing lone escape after input timeout; if this follows an alt chord or focus switch it may reach the pane as plain esc bytes=[27]
2026-07-28T12:49:47.086063Z  WARN herdr::raw_input: flushing lone escape after input timeout; if this follows an alt chord or focus switch it may reach the pane as plain esc bytes=[27]
2026-07-28T12:50:18.832245Z  WARN herdr::raw_input: flushing lone escape after input timeout; if this follows an alt chord or focus switch it may reach the pane as plain esc bytes=[27]
2026-07-28T12:50:18.832762Z  WARN herdr::raw_input: flushing lone escape after input timeout; if this follows an alt chord or focus switch it may reach the pane as plain esc bytes=[27]
2026-07-28T12:50:35.070775Z  WARN herdr::raw_input: flushing lone escape after input timeout; if this follows an alt chord or focus switch it may reach the pane as plain esc bytes=[27]
2026-07-28T12:50:35.071934Z  WARN herdr::raw_input: flushing lone escape after input timeout; if this follows an alt chord or focus switch it may reach the pane as plain esc bytes=[27]
2026-07-28T12:50:49.111746Z  WARN herdr::raw_input: flushing lone escape after input timeout; if this follows an alt chord or focus switch it may reach the pane as plain esc bytes=[27]
2026-07-28T12:50:49.112783Z  WARN herdr::raw_input: flushing lone escape after input timeout; if this follows an alt chord or focus switch it may reach the pane as plain esc bytes=[27]
2026-07-28T12:51:02.170802Z  WARN herdr::raw_input: flushing lone escape after input timeout; if this follows an alt chord or focus switch it may reach the pane as plain esc bytes=[27]
2026-07-28T12:51:02.171850Z  WARN herdr::raw_input: flushing lone escape after input timeout; if this follows an alt chord or focus switch it may reach the pane as plain esc bytes=[27]
2026-07-28T12:51:36.783518Z  WARN herdr::raw_input: flushing lone escape after input timeout; if this follows an alt chord or focus switch it may reach the pane as plain esc bytes=[27]
2026-07-28T12:51:36.784534Z  WARN herdr::raw_input: flushing lone escape after input timeout; if this follows an alt chord or focus switch it may reach the pane as plain esc bytes=[27]
2026-07-28T12:51:45.854086Z  WARN herdr::raw_input: flushing lone escape after input timeout; if this follows an alt chord or focus switch it may reach the pane as plain esc bytes=[27]
2026-07-28T12:51:45.855112Z  WARN herdr::raw_input: flushing lone escape after input timeout; if this follows an alt chord or focus switch it may reach the pane as plain esc bytes=[27]
2026-07-28T12:52:00.583218Z  WARN herdr::raw_input: flushing lone escape after input timeout; if this follows an alt chord or focus switch it may reach the pane as plain esc bytes=[27]
2026-07-28T12:52:00.583572Z  WARN herdr::raw_input: flushing lone escape after input timeout; if this follows an alt chord or focus switch it may reach the pane as plain esc bytes=[27]
2026-07-28T12:56:19.038287Z  WARN herdr::raw_input: flushing lone escape after input timeout; if this follows an alt chord or focus switch it may reach the pane as plain esc bytes=[27]
2026-07-28T12:56:19.039269Z  WARN herdr::raw_input: flushing lone escape after input timeout; if this follows an alt chord or focus switch it may reach the pane as plain esc bytes=[27]
2026-07-28T12:56:25.577671Z  WARN herdr::raw_input: flushing lone escape after input timeout; if this follows an alt chord or focus switch it may reach the pane as plain esc bytes=[27]
2026-07-28T12:56:25.577898Z  WARN herdr::raw_input: flushing lone escape after input timeout; if this follows an alt chord or focus switch it may reach the pane as plain esc bytes=[27]
2026-07-28T13:30:55.426740Z  WARN herdr::raw_input: flushing lone escape after input timeout; if this follows an alt chord or focus switch it may reach the pane as plain esc bytes=[27]
2026-07-28T13:30:55.427740Z  WARN herdr::raw_input: flushing lone escape after input timeout; if this follows an alt chord or focus switch it may reach the pane as plain esc bytes=[27]
2026-07-28T14:23:21.506711Z  WARN herdr::raw_input: flushing lone escape after input timeout; if this follows an alt chord or focus switch it may reach the pane as plain esc bytes=[27]
2026-07-28T14:23:21.509346Z  WARN herdr::raw_input: flushing lone escape after input timeout; if this follows an alt chord or focus switch it may reach the pane as plain esc bytes=[27]
2026-07-28T14:24:27.788666Z  WARN herdr::raw_input: flushing lone escape after input timeout; if this follows an alt chord or focus switch it may reach the pane as plain esc bytes=[27]
2026-07-28T14:24:27.789941Z  WARN herdr::raw_input: flushing lone escape after input timeout; if this follows an alt chord or focus switch it may reach the pane as plain esc bytes=[27]
2026-07-28T14:25:07.265818Z  WARN herdr::raw_input: flushing lone escape after input timeout; if this follows an alt chord or focus switch it may reach the pane as plain esc bytes=[27]
2026-07-28T14:25:07.266997Z  WARN herdr::raw_input: flushing lone escape after input timeout; if this follows an alt chord or focus switch it may reach the pane as plain esc bytes=[27]
2026-07-28T14:25:33.736446Z  WARN herdr::raw_input: flushing lone escape after input timeout; if this follows an alt chord or focus switch it may reach the pane as plain esc bytes=[27]
2026-07-28T14:25:33.737121Z  WARN herdr::raw_input: flushing lone escape after input timeout; if this follows an alt chord or focus switch it may reach the pane as plain esc bytes=[27]
2026-07-28T14:25:34.988335Z  WARN herdr::raw_input: flushing lone escape after input timeout; if this follows an alt chord or focus switch it may reach the pane as plain esc bytes=[27]
2026-07-28T14:25:34.989095Z  WARN herdr::raw_input: flushing lone escape after input timeout; if this follows an alt chord or focus switch it may reach the pane as plain esc bytes=[27]
2026-07-28T14:27:06.972162Z  WARN herdr::raw_input: flushing lone escape after input timeout; if this follows an alt chord or focus switch it may reach the pane as plain esc bytes=[27]
2026-07-28T14:27:06.974233Z  WARN herdr::raw_input: flushing lone escape after input timeout; if this follows an alt chord or focus switch it may reach the pane as plain esc bytes=[27]
2026-07-28T14:27:18.160437Z  WARN herdr::raw_input: flushing lone escape after input timeout; if this follows an alt chord or focus switch it may reach the pane as plain esc bytes=[27]
2026-07-28T14:27:18.160803Z  WARN herdr::raw_input: flushing lone escape after input timeout; if this follows an alt chord or focus switch it may reach the pane as plain esc bytes=[27]
2026-07-28T14:28:03.131037Z  WARN herdr::raw_input: flushing lone escape after input timeout; if this follows an alt chord or focus switch it may reach the pane as plain esc bytes=[27]
2026-07-28T14:28:03.132590Z  WARN herdr::raw_input: flushing lone escape after input timeout; if this follows an alt chord or focus switch it may reach the pane as plain esc bytes=[27]
2026-07-28T14:28:09.385733Z  WARN herdr::raw_input: flushing lone escape after input timeout; if this follows an alt chord or focus switch it may reach the pane as plain esc bytes=[27]
2026-07-28T14:28:09.385919Z  WARN herdr::raw_input: flushing lone escape after input timeout; if this follows an alt chord or focus switch it may reach the pane as plain esc bytes=[27]
2026-07-28T14:29:40.598783Z  WARN herdr::raw_input: flushing lone escape after input timeout; if this follows an alt chord or focus switch it may reach the pane as plain esc bytes=[27]
2026-07-28T14:29:40.601736Z  WARN herdr::raw_input: flushing lone escape after input timeout; if this follows an alt chord or focus switch it may reach the pane as plain esc bytes=[27]
2026-07-28T14:30:29.471170Z  WARN herdr::raw_input: flushing lone escape after input timeout; if this follows an alt chord or focus switch it may reach the pane as plain esc bytes=[27]
2026-07-28T14:30:29.473718Z  WARN herdr::raw_input: flushing lone escape after input timeout; if this follows an alt chord or focus switch it may reach the pane as plain esc bytes=[27]
2026-07-28T14:30:51.620420Z  WARN herdr::raw_input: flushing lone escape after input timeout; if this follows an alt chord or focus switch it may reach the pane as plain esc bytes=[27]
2026-07-28T14:30:51.621808Z  WARN herdr::raw_input: flushing lone escape after input timeout; if this follows an alt chord or focus switch it may reach the pane as plain esc bytes=[27]
2026-07-28T14:33:53.838001Z  WARN herdr::raw_input: flushing lone escape after input timeout; if this follows an alt chord or focus switch it may reach the pane as plain esc bytes=[27]
2026-07-28T14:33:53.840478Z  WARN herdr::raw_input: flushing lone escape after input timeout; if this follows an alt chord or focus switch it may reach the pane as plain esc bytes=[27]
2026-07-28T14:34:44.682401Z  WARN herdr::raw_input: flushing lone escape after input timeout; if this follows an alt chord or focus switch it may reach the pane as plain esc bytes=[27]
2026-07-28T14:34:44.686017Z  WARN herdr::raw_input: flushing lone escape after input timeout; if this follows an alt chord or focus switch it may reach the pane as plain esc bytes=[27]
2026-07-28T14:35:15.862514Z  WARN herdr::raw_input: flushing lone escape after input timeout; if this follows an alt chord or focus switch it may reach the pane as plain esc bytes=[27]
2026-07-28T14:35:15.864078Z  WARN herdr::raw_input: flushing lone escape after input timeout; if this follows an alt chord or focus switch it may reach the pane as plain esc bytes=[27]
2026-07-28T14:35:56.717065Z  WARN herdr::raw_input: flushing lone escape after input timeout; if this follows an alt chord or focus switch it may reach the pane as plain esc bytes=[27]
2026-07-28T14:35:56.717739Z  WARN herdr::raw_input: flushing lone escape after input timeout; if this follows an alt chord or focus switch it may reach the pane as plain esc bytes=[27]
2026-07-28T14:36:36.207448Z  WARN herdr::raw_input: flushing lone escape after input timeout; if this follows an alt chord or focus switch it may reach the pane as plain esc bytes=[27]
2026-07-28T14:36:36.210092Z  WARN herdr::raw_input: flushing lone escape after input timeout; if this follows an alt chord or focus switch it may reach the pane as plain esc bytes=[27]
2026-07-28T14:36:56.600096Z  WARN herdr::raw_input: flushing lone escape after input timeout; if this follows an alt chord or focus switch it may reach the pane as plain esc bytes=[27]
2026-07-28T14:36:56.601780Z  WARN herdr::raw_input: flushing lone escape after input timeout; if this follows an alt chord or focus switch it may reach the pane as plain esc bytes=[27]
2026-07-28T14:38:16.002881Z  WARN herdr::raw_input: flushing lone escape after input timeout; if this follows an alt chord or focus switch it may reach the pane as plain esc bytes=[27]
2026-07-28T14:38:16.005444Z  WARN herdr::raw_input: flushing lone escape after input timeout; if this follows an alt chord or focus switch it may reach the pane as plain esc bytes=[27]
2026-07-28T14:38:29.719872Z  WARN herdr::raw_input: flushing lone escape after input timeout; if this follows an alt chord or focus switch it may reach the pane as plain esc bytes=[27]
2026-07-28T14:38:29.721203Z  WARN herdr::raw_input: flushing lone escape after input timeout; if this follows an alt chord or focus switch it may reach the pane as plain esc bytes=[27]
2026-07-28T14:38:52.669195Z  WARN herdr::raw_input: flushing lone escape after input timeout; if this follows an alt chord or focus switch it may reach the pane as plain esc bytes=[27]
2026-07-28T14:38:52.671199Z  WARN herdr::raw_input: flushing lone escape after input timeout; if this follows an alt chord or focus switch it may reach the pane as plain esc bytes=[27]
2026-07-28T14:44:20.382578Z  WARN herdr::raw_input: flushing lone escape after input timeout; if this follows an alt chord or focus switch it may reach the pane as plain esc bytes=[27]
2026-07-28T14:44:20.383837Z  WARN herdr::raw_input: flushing lone escape after input timeout; if this follows an alt chord or focus switch it may reach the pane as plain esc bytes=[27]
2026-07-28T14:44:37.967390Z  WARN herdr::raw_input: flushing lone escape after input timeout; if this follows an alt chord or focus switch it may reach the pane as plain esc bytes=[27]
2026-07-28T14:44:37.967719Z  WARN herdr::raw_input: flushing lone escape after input timeout; if this follows an alt chord or focus switch it may reach the pane as plain esc bytes=[27]
2026-07-28T14:48:38.884058Z  WARN herdr::raw_input: flushing lone escape after input timeout; if this follows an alt chord or focus switch it may reach the pane as plain esc bytes=[27]
2026-07-28T14:48:38.885760Z  WARN herdr::raw_input: flushing lone escape after input timeout; if this follows an alt chord or focus switch it may reach the pane as plain esc bytes=[27]
2026-07-28T14:49:26.788560Z  WARN herdr::raw_input: flushing lone escape after input timeout; if this follows an alt chord or focus switch it may reach the pane as plain esc bytes=[27]
2026-07-28T14:49:26.789563Z  WARN herdr::raw_input: flushing lone escape after input timeout; if this follows an alt chord or focus switch it may reach the pane as plain esc bytes=[27]
2026-07-28T14:49:37.490844Z  WARN herdr::raw_input: flushing lone escape after input timeout; if this follows an alt chord or focus switch it may reach the pane as plain esc bytes=[27]
2026-07-28T14:49:37.491194Z  WARN herdr::raw_input: flushing lone escape after input timeout; if this follows an alt chord or focus switch it may reach the pane as plain esc bytes=[27]
2026-07-28T14:50:35.488288Z  WARN herdr::raw_input: flushing lone escape after input timeout; if this follows an alt chord or focus switch it may reach the pane as plain esc bytes=[27]
2026-07-28T14:50:35.491153Z  WARN herdr::raw_input: flushing lone escape after input timeout; if this follows an alt chord or focus switch it may reach the pane as plain esc bytes=[27]
2026-07-28T14:51:02.472616Z  WARN herdr::raw_input: flushing lone escape after input timeout; if this follows an alt chord or focus switch it may reach the pane as plain esc bytes=[27]
2026-07-28T14:51:02.472956Z  WARN herdr::raw_input: flushing lone escape after input timeout; if this follows an alt chord or focus switch it may reach the pane as plain esc bytes=[27]
2026-07-28T14:51:59.135155Z  WARN herdr::raw_input: flushing lone escape after input timeout; if this follows an alt chord or focus switch it may reach the pane as plain esc bytes=[27]
2026-07-28T14:51:59.137183Z  WARN herdr::raw_input: flushing lone escape after input timeout; if this follows an alt chord or focus switch it may reach the pane as plain esc bytes=[27]
2026-07-29T00:09:47.621094Z  WARN herdr::raw_input: flushing lone escape after input timeout; if this follows an alt chord or focus switch it may reach the pane as plain esc bytes=[27]
2026-07-29T00:09:47.621941Z  WARN herdr::raw_input: flushing lone escape after input timeout; if this follows an alt chord or focus switch it may reach the pane as plain esc bytes=[27]
2026-07-29T00:11:45.752785Z  WARN herdr::raw_input: flushing lone escape after input timeout; if this follows an alt chord or focus switch it may reach the pane as plain esc bytes=[27]
2026-07-29T00:11:45.754190Z  WARN herdr::raw_input: flushing lone escape after input timeout; if this follows an alt chord or focus switch it may reach the pane as plain esc bytes=[27]
2026-07-29T00:13:01.399324Z  WARN herdr::raw_input: flushing lone escape after input timeout; if this follows an alt chord or focus switch it may reach the pane as plain esc bytes=[27]
2026-07-29T00:13:01.400319Z  WARN herdr::raw_input: flushing lone escape after input timeout; if this follows an alt chord or focus switch it may reach the pane as plain esc bytes=[27]
2026-07-29T00:13:18.405832Z  WARN herdr::raw_input: flushing lone escape after input timeout; if this follows an alt chord or focus switch it may reach the pane as plain esc bytes=[27]
2026-07-29T00:13:18.406262Z  WARN herdr::raw_input: flushing lone escape after input timeout; if this follows an alt chord or focus switch it may reach the pane as plain esc bytes=[27]
2026-07-29T00:14:17.859628Z  WARN herdr::raw_input: flushing lone escape after input timeout; if this follows an alt chord or focus switch it may reach the pane as plain esc bytes=[27]
2026-07-29T00:14:17.862500Z  WARN herdr::raw_input: flushing lone escape after input timeout; if this follows an alt chord or focus switch it may reach the pane as plain esc bytes=[27]
2026-07-29T00:14:25.898117Z  WARN herdr::raw_input: flushing lone escape after input timeout; if this follows an alt chord or focus switch it may reach the pane as plain esc bytes=[27]
2026-07-29T00:14:25.899162Z  WARN herdr::raw_input: flushing lone escape after input timeout; if this follows an alt chord or focus switch it may reach the pane as plain esc bytes=[27]
2026-07-29T00:14:46.813828Z  WARN herdr::raw_input: flushing lone escape after input timeout; if this follows an alt chord or focus switch it may reach the pane as plain esc bytes=[27]
2026-07-29T00:14:46.814691Z  WARN herdr::raw_input: flushing lone escape after input timeout; if this follows an alt chord or focus switch it may reach the pane as plain esc bytes=[27]
2026-07-29T00:14:58.752710Z  WARN herdr::raw_input: flushing lone escape after input timeout; if this follows an alt chord or focus switch it may reach the pane as plain esc bytes=[27]
2026-07-29T00:14:58.753252Z  WARN herdr::raw_input: flushing lone escape after input timeout; if this follows an alt chord or focus switch it may reach the pane as plain esc bytes=[27]
2026-07-29T00:15:22.836524Z  WARN herdr::raw_input: flushing lone escape after input timeout; if this follows an alt chord or focus switch it may reach the pane as plain esc bytes=[27]
2026-07-29T00:15:22.836851Z  WARN herdr::raw_input: flushing lone escape after input timeout; if this follows an alt chord or focus switch it may reach the pane as plain esc bytes=[27]
2026-07-29T00:15:27.411576Z  WARN herdr::raw_input: flushing lone escape after input timeout; if this follows an alt chord or focus switch it may reach the pane as plain esc bytes=[27]
2026-07-29T00:15:27.411658Z  WARN herdr::raw_input: flushing lone escape after input timeout; if this follows an alt chord or focus switch it may reach the pane as plain esc bytes=[27]
2026-07-29T00:15:37.895465Z  WARN herdr::raw_input: flushing lone escape after input timeout; if this follows an alt chord or focus switch it may reach the pane as plain esc bytes=[27]
2026-07-29T00:15:37.896898Z  WARN herdr::raw_input: flushing lone escape after input timeout; if this follows an alt chord or focus switch it may reach the pane as plain esc bytes=[27]
2026-07-29T00:15:48.477934Z  WARN herdr::raw_input: flushing lone escape after input timeout; if this follows an alt chord or focus switch it may reach the pane as plain esc bytes=[27]
2026-07-29T00:15:48.478286Z  WARN herdr::raw_input: flushing lone escape after input timeout; if this follows an alt chord or focus switch it may reach the pane as plain esc bytes=[27]
2026-07-29T00:15:52.961719Z  WARN herdr::raw_input: flushing lone escape after input timeout; if this follows an alt chord or focus switch it may reach the pane as plain esc bytes=[27]
2026-07-29T00:15:52.961834Z  WARN herdr::raw_input: flushing lone escape after input timeout; if this follows an alt chord or focus switch it may reach the pane as plain esc bytes=[27]
2026-07-29T00:16:09.704933Z  WARN herdr::raw_input: flushing lone escape after input timeout; if this follows an alt chord or focus switch it may reach the pane as plain esc bytes=[27]
2026-07-29T00:16:09.706364Z  WARN herdr::raw_input: flushing lone escape after input timeout; if this follows an alt chord or focus switch it may reach the pane as plain esc bytes=[27]
2026-07-29T00:16:24.249731Z  WARN herdr::raw_input: flushing lone escape after input timeout; if this follows an alt chord or focus switch it may reach the pane as plain esc bytes=[27]
2026-07-29T00:16:24.250780Z  WARN herdr::raw_input: flushing lone escape after input timeout; if this follows an alt chord or focus switch it may reach the pane as plain esc bytes=[27]
2026-07-29T00:16:29.896586Z  WARN herdr::raw_input: flushing lone escape after input timeout; if this follows an alt chord or focus switch it may reach the pane as plain esc bytes=[27]
2026-07-29T00:16:29.897012Z  WARN herdr::raw_input: flushing lone escape after input timeout; if this follows an alt chord or focus switch it may reach the pane as plain esc bytes=[27]
2026-07-29T00:16:38.357251Z  WARN herdr::raw_input: flushing lone escape after input timeout; if this follows an alt chord or focus switch it may reach the pane as plain esc bytes=[27]
2026-07-29T00:16:38.358229Z  WARN herdr::raw_input: flushing lone escape after input timeout; if this follows an alt chord or focus switch it may reach the pane as plain esc bytes=[27]
2026-07-29T00:16:45.289630Z  WARN herdr::raw_input: flushing lone escape after input timeout; if this follows an alt chord or focus switch it may reach the pane as plain esc bytes=[27]
2026-07-29T00:16:45.290657Z  WARN herdr::raw_input: flushing lone escape after input timeout; if this follows an alt chord or focus switch it may reach the pane as plain esc bytes=[27]
2026-07-29T00:16:50.224267Z  WARN herdr::raw_input: flushing lone escape after input timeout; if this follows an alt chord or focus switch it may reach the pane as plain esc bytes=[27]
2026-07-29T00:16:50.224410Z  WARN herdr::raw_input: flushing lone escape after input timeout; if this follows an alt chord or focus switch it may reach the pane as plain esc bytes=[27]
2026-07-29T00:17:01.153118Z  WARN herdr::raw_input: flushing lone escape after input timeout; if this follows an alt chord or focus switch it may reach the pane as plain esc bytes=[27]
2026-07-29T00:17:01.153544Z  WARN herdr::raw_input: flushing lone escape after input timeout; if this follows an alt chord or focus switch it may reach the pane as plain esc bytes=[27]
2026-07-29T00:17:12.945800Z  WARN herdr::raw_input: flushing lone escape after input timeout; if this follows an alt chord or focus switch it may reach the pane as plain esc bytes=[27]
2026-07-29T00:17:12.946464Z  WARN herdr::raw_input: flushing lone escape after input timeout; if this follows an alt chord or focus switch it may reach the pane as plain esc bytes=[27]
2026-07-29T00:17:20.570129Z  WARN herdr::raw_input: flushing lone escape after input timeout; if this follows an alt chord or focus switch it may reach the pane as plain esc bytes=[27]
2026-07-29T00:17:20.571737Z  WARN herdr::raw_input: flushing lone escape after input timeout; if this follows an alt chord or focus switch it may reach the pane as plain esc bytes=[27]
2026-07-29T00:17:24.656306Z  WARN herdr::raw_input: flushing lone escape after input timeout; if this follows an alt chord or focus switch it may reach the pane as plain esc bytes=[27]
2026-07-29T00:17:24.656480Z  WARN herdr::raw_input: flushing lone escape after input timeout; if this follows an alt chord or focus switch it may reach the pane as plain esc bytes=[27]
2026-07-29T00:17:29.106212Z  WARN herdr::raw_input: flushing lone escape after input timeout; if this follows an alt chord or focus switch it may reach the pane as plain esc bytes=[27]
2026-07-29T00:17:29.107415Z  WARN herdr::raw_input: flushing lone escape after input timeout; if this follows an alt chord or focus switch it may reach the pane as plain esc bytes=[27]
2026-07-29T00:17:35.759646Z  WARN herdr::raw_input: flushing lone escape after input timeout; if this follows an alt chord or focus switch it may reach the pane as plain esc bytes=[27]
2026-07-29T00:17:35.759893Z  WARN herdr::raw_input: flushing lone escape after input timeout; if this follows an alt chord or focus switch it may reach the pane as plain esc bytes=[27]
2026-07-29T00:18:23.570203Z  WARN herdr::raw_input: flushing lone escape after input timeout; if this follows an alt chord or focus switch it may reach the pane as plain esc bytes=[27]
2026-07-29T00:18:23.571315Z  WARN herdr::raw_input: flushing lone escape after input timeout; if this follows an alt chord or focus switch it may reach the pane as plain esc bytes=[27]
2026-07-29T00:18:34.426131Z  WARN herdr::raw_input: flushing lone escape after input timeout; if this follows an alt chord or focus switch it may reach the pane as plain esc bytes=[27]
2026-07-29T00:18:34.426401Z  WARN herdr::raw_input: flushing lone escape after input timeout; if this follows an alt chord or focus switch it may reach the pane as plain esc bytes=[27]
2026-07-29T00:18:42.645918Z  WARN herdr::raw_input: flushing lone escape after input timeout; if this follows an alt chord or focus switch it may reach the pane as plain esc bytes=[27]
2026-07-29T00:18:42.646510Z  WARN herdr::raw_input: flushing lone escape after input timeout; if this follows an alt chord or focus switch it may reach the pane as plain esc bytes=[27]
2026-07-29T00:20:00.550821Z  WARN herdr::raw_input: flushing lone escape after input timeout; if this follows an alt chord or focus switch it may reach the pane as plain esc bytes=[27]
2026-07-29T00:20:00.551864Z  WARN herdr::raw_input: flushing lone escape after input timeout; if this follows an alt chord or focus switch it may reach the pane as plain esc bytes=[27]
2026-07-29T00:20:17.655440Z  WARN herdr::raw_input: flushing lone escape after input timeout; if this follows an alt chord or focus switch it may reach the pane as plain esc bytes=[27]
2026-07-29T00:20:17.656387Z  WARN herdr::raw_input: flushing lone escape after input timeout; if this follows an alt chord or focus switch it may reach the pane as plain esc bytes=[27]
2026-07-29T00:20:24.446405Z  WARN herdr::raw_input: flushing lone escape after input timeout; if this follows an alt chord or focus switch it may reach the pane as plain esc bytes=[27]
2026-07-29T00:20:24.447774Z  WARN herdr::raw_input: flushing lone escape after input timeout; if this follows an alt chord or focus switch it may reach the pane as plain esc bytes=[27]
2026-07-29T00:20:38.942301Z  WARN herdr::raw_input: flushing lone escape after input timeout; if this follows an alt chord or focus switch it may reach the pane as plain esc bytes=[27]
2026-07-29T00:20:38.943741Z  WARN herdr::raw_input: flushing lone escape after input timeout; if this follows an alt chord or focus switch it may reach the pane as plain esc bytes=[27]
2026-07-29T00:21:03.098972Z  WARN herdr::raw_input: flushing lone escape after input timeout; if this follows an alt chord or focus switch it may reach the pane as plain esc bytes=[27]
2026-07-29T00:21:03.099596Z  WARN herdr::raw_input: flushing lone escape after input timeout; if this follows an alt chord or focus switch it may reach the pane as plain esc bytes=[27]
2026-07-29T00:21:18.328497Z  WARN herdr::raw_input: flushing lone escape after input timeout; if this follows an alt chord or focus switch it may reach the pane as plain esc bytes=[27]
2026-07-29T00:21:18.329761Z  WARN herdr::raw_input: flushing lone escape after input timeout; if this follows an alt chord or focus switch it may reach the pane as plain esc bytes=[27]
2026-07-29T00:22:22.460997Z  WARN herdr::raw_input: flushing lone escape after input timeout; if this follows an alt chord or focus switch it may reach the pane as plain esc bytes=[27]
2026-07-29T00:22:22.463291Z  WARN herdr::raw_input: flushing lone escape after input timeout; if this follows an alt chord or focus switch it may reach the pane as plain esc bytes=[27]
2026-07-29T00:22:26.987165Z  WARN herdr::raw_input: flushing lone escape after input timeout; if this follows an alt chord or focus switch it may reach the pane as plain esc bytes=[27]
2026-07-29T00:22:26.987236Z  WARN herdr::raw_input: flushing lone escape after input timeout; if this follows an alt chord or focus switch it may reach the pane as plain esc bytes=[27]
2026-07-29T00:22:59.060232Z  WARN herdr::raw_input: flushing lone escape after input timeout; if this follows an alt chord or focus switch it may reach the pane as plain esc bytes=[27]
2026-07-29T00:22:59.065102Z  WARN herdr::raw_input: flushing lone escape after input timeout; if this follows an alt chord or focus switch it may reach the pane as plain esc bytes=[27]
2026-07-29T00:23:07.128844Z  WARN herdr::raw_input: flushing lone escape after input timeout; if this follows an alt chord or focus switch it may reach the pane as plain esc bytes=[27]
2026-07-29T00:23:07.128958Z  WARN herdr::raw_input: flushing lone escape after input timeout; if this follows an alt chord or focus switch it may reach the pane as plain esc bytes=[27]
2026-07-29T00:23:12.534277Z  WARN herdr::raw_input: flushing lone escape after input timeout; if this follows an alt chord or focus switch it may reach the pane as plain esc bytes=[27]
2026-07-29T00:23:12.534611Z  WARN herdr::raw_input: flushing lone escape after input timeout; if this follows an alt chord or focus switch it may reach the pane as plain esc bytes=[27]
2026-07-29T00:23:27.762726Z  WARN herdr::raw_input: flushing lone escape after input timeout; if this follows an alt chord or focus switch it may reach the pane as plain esc bytes=[27]
2026-07-29T00:23:27.764321Z  WARN herdr::raw_input: flushing lone escape after input timeout; if this follows an alt chord or focus switch it may reach the pane as plain esc bytes=[27]
2026-07-29T00:23:35.094119Z  WARN herdr::raw_input: flushing lone escape after input timeout; if this follows an alt chord or focus switch it may reach the pane as plain esc bytes=[27]
2026-07-29T00:23:35.094528Z  WARN herdr::raw_input: flushing lone escape after input timeout; if this follows an alt chord or focus switch it may reach the pane as plain esc bytes=[27]
2026-07-29T00:23:39.945310Z  WARN herdr::raw_input: flushing lone escape after input timeout; if this follows an alt chord or focus switch it may reach the pane as plain esc bytes=[27]
2026-07-29T00:23:39.945631Z  WARN herdr::raw_input: flushing lone escape after input timeout; if this follows an alt chord or focus switch it may reach the pane as plain esc bytes=[27]
2026-07-29T00:24:25.715669Z  WARN herdr::raw_input: flushing lone escape after input timeout; if this follows an alt chord or focus switch it may reach the pane as plain esc bytes=[27]
2026-07-29T00:24:25.717512Z  WARN herdr::raw_input: flushing lone escape after input timeout; if this follows an alt chord or focus switch it may reach the pane as plain esc bytes=[27]
2026-07-29T00:24:36.293187Z  WARN herdr::raw_input: flushing lone escape after input timeout; if this follows an alt chord or focus switch it may reach the pane as plain esc bytes=[27]
2026-07-29T00:24:36.293548Z  WARN herdr::raw_input: flushing lone escape after input timeout; if this follows an alt chord or focus switch it may reach the pane as plain esc bytes=[27]
2026-07-29T00:25:32.108927Z  WARN herdr::raw_input: flushing lone escape after input timeout; if this follows an alt chord or focus switch it may reach the pane as plain esc bytes=[27]
2026-07-29T00:25:32.110167Z  WARN herdr::raw_input: flushing lone escape after input timeout; if this follows an alt chord or focus switch it may reach the pane as plain esc bytes=[27]
2026-07-29T00:26:02.287056Z  WARN herdr::raw_input: flushing lone escape after input timeout; if this follows an alt chord or focus switch it may reach the pane as plain esc bytes=[27]
2026-07-29T00:26:02.287389Z  WARN herdr::raw_input: flushing lone escape after input timeout; if this follows an alt chord or focus switch it may reach the pane as plain esc bytes=[27]
2026-07-29T00:27:06.350154Z  WARN herdr::raw_input: flushing lone escape after input timeout; if this follows an alt chord or focus switch it may reach the pane as plain esc bytes=[27]
2026-07-29T00:27:06.352669Z  WARN herdr::raw_input: flushing lone escape after input timeout; if this follows an alt chord or focus switch it may reach the pane as plain esc bytes=[27]
2026-07-29T00:27:07.282926Z  WARN herdr::raw_input: flushing lone escape after input timeout; if this follows an alt chord or focus switch it may reach the pane as plain esc bytes=[27]
2026-07-29T00:27:07.283099Z  WARN herdr::raw_input: flushing lone escape after input timeout; if this follows an alt chord or focus switch it may reach the pane as plain esc bytes=[27]
2026-07-29T00:27:38.371425Z  WARN herdr::raw_input: flushing lone escape after input timeout; if this follows an alt chord or focus switch it may reach the pane as plain esc bytes=[27]
2026-07-29T00:27:38.373192Z  WARN herdr::raw_input: flushing lone escape after input timeout; if this follows an alt chord or focus switch it may reach the pane as plain esc bytes=[27]
2026-07-29T00:28:10.517379Z  WARN herdr::raw_input: flushing lone escape after input timeout; if this follows an alt chord or focus switch it may reach the pane as plain esc bytes=[27]
2026-07-29T00:28:10.518058Z  WARN herdr::raw_input: flushing lone escape after input timeout; if this follows an alt chord or focus switch it may reach the pane as plain esc bytes=[27]
2026-07-29T00:28:27.687575Z  WARN herdr::raw_input: flushing lone escape after input timeout; if this follows an alt chord or focus switch it may reach the pane as plain esc bytes=[27]
2026-07-29T00:28:27.687752Z  WARN herdr::raw_input: flushing lone escape after input timeout; if this follows an alt chord or focus switch it may reach the pane as plain esc bytes=[27]
2026-07-29T00:30:04.221222Z  WARN herdr::raw_input: flushing lone escape after input timeout; if this follows an alt chord or focus switch it may reach the pane as plain esc bytes=[27]
2026-07-29T00:30:04.223620Z  WARN herdr::raw_input: flushing lone escape after input timeout; if this follows an alt chord or focus switch it may reach the pane as plain esc bytes=[27]
2026-07-29T00:30:38.386758Z  WARN herdr::raw_input: flushing lone escape after input timeout; if this follows an alt chord or focus switch it may reach the pane as plain esc bytes=[27]
2026-07-29T00:30:38.387985Z  WARN herdr::raw_input: flushing lone escape after input timeout; if this follows an alt chord or focus switch it may reach the pane as plain esc bytes=[27]
2026-07-29T00:30:42.883019Z  WARN herdr::raw_input: flushing lone escape after input timeout; if this follows an alt chord or focus switch it may reach the pane as plain esc bytes=[27]
2026-07-29T00:30:42.883149Z  WARN herdr::raw_input: flushing lone escape after input timeout; if this follows an alt chord or focus switch it may reach the pane as plain esc bytes=[27]
2026-07-29T00:30:53.973120Z  WARN herdr::raw_input: flushing lone escape after input timeout; if this follows an alt chord or focus switch it may reach the pane as plain esc bytes=[27]
2026-07-29T00:30:53.973484Z  WARN herdr::raw_input: flushing lone escape after input timeout; if this follows an alt chord or focus switch it may reach the pane as plain esc bytes=[27]
2026-07-29T00:31:01.164917Z  WARN herdr::raw_input: flushing lone escape after input timeout; if this follows an alt chord or focus switch it may reach the pane as plain esc bytes=[27]
2026-07-29T00:31:01.165930Z  WARN herdr::raw_input: flushing lone escape after input timeout; if this follows an alt chord or focus switch it may reach the pane as plain esc bytes=[27]
2026-07-29T00:34:44.418856Z  WARN herdr::raw_input: flushing lone escape after input timeout; if this follows an alt chord or focus switch it may reach the pane as plain esc bytes=[27]
2026-07-29T00:34:44.420817Z  WARN herdr::raw_input: flushing lone escape after input timeout; if this follows an alt chord or focus switch it may reach the pane as plain esc bytes=[27]
2026-07-29T00:40:54.124565Z  WARN herdr::raw_input: flushing lone escape after input timeout; if this follows an alt chord or focus switch it may reach the pane as plain esc bytes=[27]
2026-07-29T00:40:54.125334Z  WARN herdr::raw_input: flushing lone escape after input timeout; if this follows an alt chord or focus switch it may reach the pane as plain esc bytes=[27]
2026-07-29T00:41:51.224041Z  WARN herdr::raw_input: flushing lone escape after input timeout; if this follows an alt chord or focus switch it may reach the pane as plain esc bytes=[27]
2026-07-29T00:41:51.224741Z  WARN herdr::raw_input: flushing lone escape after input timeout; if this follows an alt chord or focus switch it may reach the pane as plain esc bytes=[27]
2026-07-29T00:41:55.681329Z  WARN herdr::raw_input: flushing lone escape after input timeout; if this follows an alt chord or focus switch it may reach the pane as plain esc bytes=[27]
2026-07-29T00:41:55.681421Z  WARN herdr::raw_input: flushing lone escape after input timeout; if this follows an alt chord or focus switch it may reach the pane as plain esc bytes=[27]
2026-07-29T00:41:58.165378Z  WARN herdr::raw_input: flushing lone escape after input timeout; if this follows an alt chord or focus switch it may reach the pane as plain esc bytes=[27]
2026-07-29T00:41:58.165444Z  WARN herdr::raw_input: flushing lone escape after input timeout; if this follows an alt chord or focus switch it may reach the pane as plain esc bytes=[27]
2026-07-29T00:42:36.096415Z  WARN herdr::raw_input: flushing lone escape after input timeout; if this follows an alt chord or focus switch it may reach the pane as plain esc bytes=[27]
2026-07-29T00:42:36.097752Z  WARN herdr::raw_input: flushing lone escape after input timeout; if this follows an alt chord or focus switch it may reach the pane as plain esc bytes=[27]
2026-07-29T00:43:19.818706Z  WARN herdr::raw_input: flushing lone escape after input timeout; if this follows an alt chord or focus switch it may reach the pane as plain esc bytes=[27]
2026-07-29T00:43:19.820399Z  WARN herdr::raw_input: flushing lone escape after input timeout; if this follows an alt chord or focus switch it may reach the pane as plain esc bytes=[27]
2026-07-29T00:44:08.280395Z  WARN herdr::raw_input: flushing lone escape after input timeout; if this follows an alt chord or focus switch it may reach the pane as plain esc bytes=[27]
2026-07-29T00:44:08.282619Z  WARN herdr::raw_input: flushing lone escape after input timeout; if this follows an alt chord or focus switch it may reach the pane as plain esc bytes=[27]
2026-07-29T00:44:43.096106Z  WARN herdr::raw_input: flushing lone escape after input timeout; if this follows an alt chord or focus switch it may reach the pane as plain esc bytes=[27]
2026-07-29T00:44:43.099712Z  WARN herdr::raw_input: flushing lone escape after input timeout; if this follows an alt chord or focus switch it may reach the pane as plain esc bytes=[27]
2026-07-29T00:45:41.016629Z  WARN herdr::raw_input: flushing lone escape after input timeout; if this follows an alt chord or focus switch it may reach the pane as plain esc bytes=[27]
2026-07-29T00:45:41.017451Z  WARN herdr::raw_input: flushing lone escape after input timeout; if this follows an alt chord or focus switch it may reach the pane as plain esc bytes=[27]
2026-07-29T00:45:46.328260Z  WARN herdr::raw_input: flushing lone escape after input timeout; if this follows an alt chord or focus switch it may reach the pane as plain esc bytes=[27]
2026-07-29T00:45:46.328335Z  WARN herdr::raw_input: flushing lone escape after input timeout; if this follows an alt chord or focus switch it may reach the pane as plain esc bytes=[27]
2026-07-29T00:46:23.816279Z  WARN herdr::raw_input: flushing lone escape after input timeout; if this follows an alt chord or focus switch it may reach the pane as plain esc bytes=[27]
2026-07-29T00:46:23.818876Z  WARN herdr::raw_input: flushing lone escape after input timeout; if this follows an alt chord or focus switch it may reach the pane as plain esc bytes=[27]
2026-07-29T00:46:29.247380Z  WARN herdr::raw_input: flushing lone escape after input timeout; if this follows an alt chord or focus switch it may reach the pane as plain esc bytes=[27]
2026-07-29T00:46:29.247436Z  WARN herdr::raw_input: flushing lone escape after input timeout; if this follows an alt chord or focus switch it may reach the pane as plain esc bytes=[27]
2026-07-29T00:46:41.583302Z  WARN herdr::raw_input: flushing lone escape after input timeout; if this follows an alt chord or focus switch it may reach the pane as plain esc bytes=[27]
2026-07-29T00:46:41.584845Z  WARN herdr::raw_input: flushing lone escape after input timeout; if this follows an alt chord or focus switch it may reach the pane as plain esc bytes=[27]
2026-07-29T00:46:45.553266Z  WARN herdr::raw_input: flushing lone escape after input timeout; if this follows an alt chord or focus switch it may reach the pane as plain esc bytes=[27]
2026-07-29T00:46:45.553431Z  WARN herdr::raw_input: flushing lone escape after input timeout; if this follows an alt chord or focus switch it may reach the pane as plain esc bytes=[27]
2026-07-29T00:47:42.521482Z  WARN herdr::raw_input: flushing lone escape after input timeout; if this follows an alt chord or focus switch it may reach the pane as plain esc bytes=[27]
2026-07-29T00:47:42.522561Z  WARN herdr::raw_input: flushing lone escape after input timeout; if this follows an alt chord or focus switch it may reach the pane as plain esc bytes=[27]
2026-07-29T00:47:48.026179Z  WARN herdr::raw_input: flushing lone escape after input timeout; if this follows an alt chord or focus switch it may reach the pane as plain esc bytes=[27]
2026-07-29T00:47:48.026585Z  WARN herdr::raw_input: flushing lone escape after input timeout; if this follows an alt chord or focus switch it may reach the pane as plain esc bytes=[27]
2026-07-29T00:47:59.021245Z  WARN herdr::raw_input: flushing lone escape after input timeout; if this follows an alt chord or focus switch it may reach the pane as plain esc bytes=[27]
2026-07-29T00:47:59.021562Z  WARN herdr::raw_input: flushing lone escape after input timeout; if this follows an alt chord or focus switch it may reach the pane as plain esc bytes=[27]
2026-07-29T00:48:05.476660Z  WARN herdr::raw_input: flushing lone escape after input timeout; if this follows an alt chord or focus switch it may reach the pane as plain esc bytes=[27]
2026-07-29T00:48:05.477789Z  WARN herdr::raw_input: flushing lone escape after input timeout; if this follows an alt chord or focus switch it may reach the pane as plain esc bytes=[27]
2026-07-29T00:48:15.502401Z  WARN herdr::raw_input: flushing lone escape after input timeout; if this follows an alt chord or focus switch it may reach the pane as plain esc bytes=[27]
2026-07-29T00:48:15.503463Z  WARN herdr::raw_input: flushing lone escape after input timeout; if this follows an alt chord or focus switch it may reach the pane as plain esc bytes=[27]
2026-07-29T00:48:32.975335Z  WARN herdr::raw_input: flushing lone escape after input timeout; if this follows an alt chord or focus switch it may reach the pane as plain esc bytes=[27]
2026-07-29T00:48:32.976567Z  WARN herdr::raw_input: flushing lone escape after input timeout; if this follows an alt chord or focus switch it may reach the pane as plain esc bytes=[27]
2026-07-29T00:49:03.951907Z  WARN herdr::raw_input: flushing lone escape after input timeout; if this follows an alt chord or focus switch it may reach the pane as plain esc bytes=[27]
2026-07-29T00:49:03.952251Z  WARN herdr::raw_input: flushing lone escape after input timeout; if this follows an alt chord or focus switch it may reach the pane as plain esc bytes=[27]
2026-07-29T00:49:10.785067Z  WARN herdr::raw_input: flushing lone escape after input timeout; if this follows an alt chord or focus switch it may reach the pane as plain esc bytes=[27]
2026-07-29T00:49:10.785792Z  WARN herdr::raw_input: flushing lone escape after input timeout; if this follows an alt chord or focus switch it may reach the pane as plain esc bytes=[27]
2026-07-29T00:52:15.989448Z  WARN herdr::raw_input: flushing lone escape after input timeout; if this follows an alt chord or focus switch it may reach the pane as plain esc bytes=[27]
2026-07-29T00:52:15.991771Z  WARN herdr::raw_input: flushing lone escape after input timeout; if this follows an alt chord or focus switch it may reach the pane as plain esc bytes=[27]
2026-07-29T00:52:27.294369Z  WARN herdr::raw_input: flushing lone escape after input timeout; if this follows an alt chord or focus switch it may reach the pane as plain esc bytes=[27]
2026-07-29T00:52:27.295884Z  WARN herdr::raw_input: flushing lone escape after input timeout; if this follows an alt chord or focus switch it may reach the pane as plain esc bytes=[27]
2026-07-29T00:53:40.284406Z  WARN herdr::raw_input: flushing lone escape after input timeout; if this follows an alt chord or focus switch it may reach the pane as plain esc bytes=[27]
2026-07-29T00:53:40.286339Z  WARN herdr::raw_input: flushing lone escape after input timeout; if this follows an alt chord or focus switch it may reach the pane as plain esc bytes=[27]
2026-07-29T01:00:15.970554Z  WARN herdr::raw_input: flushing lone escape after input timeout; if this follows an alt chord or focus switch it may reach the pane as plain esc bytes=[27]
2026-07-29T01:00:15.973057Z  WARN herdr::raw_input: flushing lone escape after input timeout; if this follows an alt chord or focus switch it may reach the pane as plain esc bytes=[27]
2026-07-29T01:02:43.368040Z  WARN herdr::raw_input: flushing lone escape after input timeout; if this follows an alt chord or focus switch it may reach the pane as plain esc bytes=[27]
2026-07-29T01:02:43.369158Z  WARN herdr::raw_input: flushing lone escape after input timeout; if this follows an alt chord or focus switch it may reach the pane as plain esc bytes=[27]
2026-07-29T01:04:52.633047Z  WARN herdr::raw_input: flushing lone escape after input timeout; if this follows an alt chord or focus switch it may reach the pane as plain esc bytes=[27]
2026-07-29T01:04:52.635816Z  WARN herdr::raw_input: flushing lone escape after input timeout; if this follows an alt chord or focus switch it may reach the pane as plain esc bytes=[27]
2026-07-29T01:44:03.865237Z  WARN herdr::raw_input: flushing lone escape after input timeout; if this follows an alt chord or focus switch it may reach the pane as plain esc bytes=[27]
2026-07-29T01:44:03.865985Z  WARN herdr::raw_input: flushing lone escape after input timeout; if this follows an alt chord or focus switch it may reach the pane as plain esc bytes=[27]
2026-07-29T01:44:21.159829Z  WARN herdr::raw_input: flushing lone escape after input timeout; if this follows an alt chord or focus switch it may reach the pane as plain esc bytes=[27]
2026-07-29T01:44:21.160927Z  WARN herdr::raw_input: flushing lone escape after input timeout; if this follows an alt chord or focus switch it may reach the pane as plain esc bytes=[27]
2026-07-29T01:44:29.469713Z  WARN herdr::raw_input: flushing lone escape after input timeout; if this follows an alt chord or focus switch it may reach the pane as plain esc bytes=[27]
2026-07-29T01:44:29.470406Z  WARN herdr::raw_input: flushing lone escape after input timeout; if this follows an alt chord or focus switch it may reach the pane as plain esc bytes=[27]
2026-07-29T01:44:40.379720Z  WARN herdr::raw_input: flushing lone escape after input timeout; if this follows an alt chord or focus switch it may reach the pane as plain esc bytes=[27]
2026-07-29T01:44:40.380047Z  WARN herdr::raw_input: flushing lone escape after input timeout; if this follows an alt chord or focus switch it may reach the pane as plain esc bytes=[27]
2026-07-29T01:44:42.084794Z  WARN herdr::raw_input: flushing lone escape after input timeout; if this follows an alt chord or focus switch it may reach the pane as plain esc bytes=[27]
2026-07-29T01:44:42.084877Z  WARN herdr::raw_input: flushing lone escape after input timeout; if this follows an alt chord or focus switch it may reach the pane as plain esc bytes=[27]
2026-07-29T01:56:26.776716Z  WARN herdr::raw_input: flushing lone escape after input timeout; if this follows an alt chord or focus switch it may reach the pane as plain esc bytes=[27]
2026-07-29T01:56:26.777439Z  WARN herdr::raw_input: flushing lone escape after input timeout; if this follows an alt chord or focus switch it may reach the pane as plain esc bytes=[27]
2026-07-29T01:58:27.529169Z  WARN herdr::raw_input: flushing lone escape after input timeout; if this follows an alt chord or focus switch it may reach the pane as plain esc bytes=[27]
2026-07-29T01:58:27.529925Z  WARN herdr::raw_input: flushing lone escape after input timeout; if this follows an alt chord or focus switch it may reach the pane as plain esc bytes=[27]
2026-07-29T02:00:35.419253Z  WARN herdr::raw_input: flushing lone escape after input timeout; if this follows an alt chord or focus switch it may reach the pane as plain esc bytes=[27]
2026-07-29T02:00:35.420004Z  WARN herdr::raw_input: flushing lone escape after input timeout; if this follows an alt chord or focus switch it may reach the pane as plain esc bytes=[27]
2026-07-29T02:08:10.276710Z  WARN herdr::raw_input: flushing lone escape after input timeout; if this follows an alt chord or focus switch it may reach the pane as plain esc bytes=[27]
2026-07-29T02:08:10.278790Z  WARN herdr::raw_input: flushing lone escape after input timeout; if this follows an alt chord or focus switch it may reach the pane as plain esc bytes=[27]
2026-07-29T02:08:10.714094Z  WARN herdr::raw_input: flushing lone escape after input timeout; if this follows an alt chord or focus switch it may reach the pane as plain esc bytes=[27]
2026-07-29T02:08:10.714212Z  WARN herdr::raw_input: flushing lone escape after input timeout; if this follows an alt chord or focus switch it may reach the pane as plain esc bytes=[27]
2026-07-29T02:08:37.991984Z  WARN herdr::raw_input: flushing lone escape after input timeout; if this follows an alt chord or focus switch it may reach the pane as plain esc bytes=[27]
2026-07-29T02:08:37.992334Z  WARN herdr::raw_input: flushing lone escape after input timeout; if this follows an alt chord or focus switch it may reach the pane as plain esc bytes=[27]
2026-07-29T02:08:40.992502Z  WARN herdr::raw_input: flushing lone escape after input timeout; if this follows an alt chord or focus switch it may reach the pane as plain esc bytes=[27]
2026-07-29T02:08:40.992633Z  WARN herdr::raw_input: flushing lone escape after input timeout; if this follows an alt chord or focus switch it may reach the pane as plain esc bytes=[27]
2026-07-29T02:09:07.678597Z  WARN herdr::raw_input: flushing lone escape after input timeout; if this follows an alt chord or focus switch it may reach the pane as plain esc bytes=[27]
2026-07-29T02:09:07.683518Z  WARN herdr::raw_input: flushing lone escape after input timeout; if this follows an alt chord or focus switch it may reach the pane as plain esc bytes=[27]
2026-07-29T02:09:26.343470Z  WARN herdr::raw_input: flushing lone escape after input timeout; if this follows an alt chord or focus switch it may reach the pane as plain esc bytes=[27]
2026-07-29T02:09:26.344147Z  WARN herdr::raw_input: flushing lone escape after input timeout; if this follows an alt chord or focus switch it may reach the pane as plain esc bytes=[27]
2026-07-29T02:09:28.211112Z  WARN herdr::raw_input: flushing lone escape after input timeout; if this follows an alt chord or focus switch it may reach the pane as plain esc bytes=[27]
2026-07-29T02:09:28.211226Z  WARN herdr::raw_input: flushing lone escape after input timeout; if this follows an alt chord or focus switch it may reach the pane as plain esc bytes=[27]
2026-07-29T02:09:46.754986Z  WARN herdr::raw_input: flushing lone escape after input timeout; if this follows an alt chord or focus switch it may reach the pane as plain esc bytes=[27]
2026-07-29T02:09:46.755280Z  WARN herdr::raw_input: flushing lone escape after input timeout; if this follows an alt chord or focus switch it may reach the pane as plain esc bytes=[27]
2026-07-29T02:10:02.623475Z  WARN herdr::raw_input: flushing lone escape after input timeout; if this follows an alt chord or focus switch it may reach the pane as plain esc bytes=[27]
2026-07-29T02:10:02.624001Z  WARN herdr::raw_input: flushing lone escape after input timeout; if this follows an alt chord or focus switch it may reach the pane as plain esc bytes=[27]
2026-07-29T02:10:08.629753Z  WARN herdr::raw_input: flushing lone escape after input timeout; if this follows an alt chord or focus switch it may reach the pane as plain esc bytes=[27]
2026-07-29T02:10:08.631489Z  WARN herdr::raw_input: flushing lone escape after input timeout; if this follows an alt chord or focus switch it may reach the pane as plain esc bytes=[27]
2026-07-29T02:14:32.837887Z  WARN herdr::raw_input: flushing lone escape after input timeout; if this follows an alt chord or focus switch it may reach the pane as plain esc bytes=[27]
2026-07-29T02:14:32.844406Z  WARN herdr::raw_input: flushing lone escape after input timeout; if this follows an alt chord or focus switch it may reach the pane as plain esc bytes=[27]
2026-07-29T02:14:46.155211Z  WARN herdr::raw_input: flushing lone escape after input timeout; if this follows an alt chord or focus switch it may reach the pane as plain esc bytes=[27]
2026-07-29T02:14:46.156953Z  WARN herdr::raw_input: flushing lone escape after input timeout; if this follows an alt chord or focus switch it may reach the pane as plain esc bytes=[27]
2026-07-29T02:15:28.991083Z  WARN herdr::raw_input: flushing lone escape after input timeout; if this follows an alt chord or focus switch it may reach the pane as plain esc bytes=[27]
2026-07-29T02:15:28.992714Z  WARN herdr::raw_input: flushing lone escape after input timeout; if this follows an alt chord or focus switch it may reach the pane as plain esc bytes=[27]
2026-07-29T02:15:48.916373Z  WARN herdr::raw_input: flushing lone escape after input timeout; if this follows an alt chord or focus switch it may reach the pane as plain esc bytes=[27]
2026-07-29T02:15:48.916694Z  WARN herdr::raw_input: flushing lone escape after input timeout; if this follows an alt chord or focus switch it may reach the pane as plain esc bytes=[27]
2026-07-29T02:21:31.377224Z  WARN herdr::raw_input: flushing lone escape after input timeout; if this follows an alt chord or focus switch it may reach the pane as plain esc bytes=[27]
2026-07-29T02:21:31.379043Z  WARN herdr::raw_input: flushing lone escape after input timeout; if this follows an alt chord or focus switch it may reach the pane as plain esc bytes=[27]
2026-07-29T02:23:29.688234Z  WARN herdr::raw_input: flushing lone escape after input timeout; if this follows an alt chord or focus switch it may reach the pane as plain esc bytes=[27]
2026-07-29T02:23:29.691031Z  WARN herdr::raw_input: flushing lone escape after input timeout; if this follows an alt chord or focus switch it may reach the pane as plain esc bytes=[27]
2026-07-29T02:26:14.376839Z  WARN herdr::raw_input: flushing lone escape after input timeout; if this follows an alt chord or focus switch it may reach the pane as plain esc bytes=[27]
2026-07-29T02:26:14.378896Z  WARN herdr::raw_input: flushing lone escape after input timeout; if this follows an alt chord or focus switch it may reach the pane as plain esc bytes=[27]
2026-07-29T02:27:37.878770Z  WARN herdr::raw_input: flushing lone escape after input timeout; if this follows an alt chord or focus switch it may reach the pane as plain esc bytes=[27]
2026-07-29T02:27:37.881628Z  WARN herdr::raw_input: flushing lone escape after input timeout; if this follows an alt chord or focus switch it may reach the pane as plain esc bytes=[27]
2026-07-29T02:28:37.734157Z  WARN herdr::raw_input: flushing lone escape after input timeout; if this follows an alt chord or focus switch it may reach the pane as plain esc bytes=[27]
2026-07-29T02:28:37.735197Z  WARN herdr::raw_input: flushing lone escape after input timeout; if this follows an alt chord or focus switch it may reach the pane as plain esc bytes=[27]
2026-07-29T02:28:48.890299Z  WARN herdr::raw_input: flushing lone escape after input timeout; if this follows an alt chord or focus switch it may reach the pane as plain esc bytes=[27]
2026-07-29T02:28:48.891594Z  WARN herdr::raw_input: flushing lone escape after input timeout; if this follows an alt chord or focus switch it may reach the pane as plain esc bytes=[27]
2026-07-29T02:29:03.940654Z  WARN herdr::raw_input: flushing lone escape after input timeout; if this follows an alt chord or focus switch it may reach the pane as plain esc bytes=[27]
2026-07-29T02:29:03.942049Z  WARN herdr::raw_input: flushing lone escape after input timeout; if this follows an alt chord or focus switch it may reach the pane as plain esc bytes=[27]
2026-07-29T02:29:10.914665Z  WARN herdr::raw_input: flushing lone escape after input timeout; if this follows an alt chord or focus switch it may reach the pane as plain esc bytes=[27]
2026-07-29T02:29:10.916265Z  WARN herdr::raw_input: flushing lone escape after input timeout; if this follows an alt chord or focus switch it may reach the pane as plain esc bytes=[27]
2026-07-29T02:29:24.593694Z  WARN herdr::raw_input: flushing lone escape after input timeout; if this follows an alt chord or focus switch it may reach the pane as plain esc bytes=[27]
2026-07-29T02:29:24.594901Z  WARN herdr::raw_input: flushing lone escape after input timeout; if this follows an alt chord or focus switch it may reach the pane as plain esc bytes=[27]
2026-07-29T02:29:31.962065Z  WARN herdr::raw_input: flushing lone escape after input timeout; if this follows an alt chord or focus switch it may reach the pane as plain esc bytes=[27]
2026-07-29T02:29:31.962826Z  WARN herdr::raw_input: flushing lone escape after input timeout; if this follows an alt chord or focus switch it may reach the pane as plain esc bytes=[27]
2026-07-29T02:29:36.278460Z  WARN herdr::raw_input: flushing lone escape after input timeout; if this follows an alt chord or focus switch it may reach the pane as plain esc bytes=[27]
2026-07-29T02:29:36.278588Z  WARN herdr::raw_input: flushing lone escape after input timeout; if this follows an alt chord or focus switch it may reach the pane as plain esc bytes=[27]
2026-07-29T02:29:42.833973Z  WARN herdr::raw_input: flushing lone escape after input timeout; if this follows an alt chord or focus switch it may reach the pane as plain esc bytes=[27]
2026-07-29T02:29:42.834203Z  WARN herdr::raw_input: flushing lone escape after input timeout; if this follows an alt chord or focus switch it may reach the pane as plain esc bytes=[27]
2026-07-29T02:31:47.522156Z  WARN herdr::raw_input: flushing lone escape after input timeout; if this follows an alt chord or focus switch it may reach the pane as plain esc bytes=[27]
2026-07-29T02:31:47.524006Z  WARN herdr::raw_input: flushing lone escape after input timeout; if this follows an alt chord or focus switch it may reach the pane as plain esc bytes=[27]
2026-07-29T02:31:56.565873Z  WARN herdr::raw_input: flushing lone escape after input timeout; if this follows an alt chord or focus switch it may reach the pane as plain esc bytes=[27]
2026-07-29T02:31:56.567620Z  WARN herdr::raw_input: flushing lone escape after input timeout; if this follows an alt chord or focus switch it may reach the pane as plain esc bytes=[27]
2026-07-29T02:32:55.333312Z  WARN herdr::raw_input: flushing lone escape after input timeout; if this follows an alt chord or focus switch it may reach the pane as plain esc bytes=[27]
2026-07-29T02:32:55.336185Z  WARN herdr::raw_input: flushing lone escape after input timeout; if this follows an alt chord or focus switch it may reach the pane as plain esc bytes=[27]
2026-07-29T02:35:28.108119Z  WARN herdr::raw_input: flushing lone escape after input timeout; if this follows an alt chord or focus switch it may reach the pane as plain esc bytes=[27]
2026-07-29T02:35:28.109745Z  WARN herdr::raw_input: flushing lone escape after input timeout; if this follows an alt chord or focus switch it may reach the pane as plain esc bytes=[27]
2026-07-29T02:35:45.493268Z  WARN herdr::raw_input: flushing lone escape after input timeout; if this follows an alt chord or focus switch it may reach the pane as plain esc bytes=[27]
2026-07-29T02:35:57.110693Z  WARN herdr::raw_input: flushing lone escape after input timeout; if this follows an alt chord or focus switch it may reach the pane as plain esc bytes=[27]
2026-07-29T02:35:57.111190Z  WARN herdr::raw_input: flushing lone escape after input timeout; if this follows an alt chord or focus switch it may reach the pane as plain esc bytes=[27]
2026-07-29T02:36:24.967928Z  WARN herdr::raw_input: flushing lone escape after input timeout; if this follows an alt chord or focus switch it may reach the pane as plain esc bytes=[27]
2026-07-29T02:36:24.969829Z  WARN herdr::raw_input: flushing lone escape after input timeout; if this follows an alt chord or focus switch it may reach the pane as plain esc bytes=[27]
2026-07-29T02:36:57.157041Z  WARN herdr::raw_input: flushing lone escape after input timeout; if this follows an alt chord or focus switch it may reach the pane as plain esc bytes=[27]
2026-07-29T02:36:57.158155Z  WARN herdr::raw_input: flushing lone escape after input timeout; if this follows an alt chord or focus switch it may reach the pane as plain esc bytes=[27]
2026-07-29T02:37:53.239731Z  WARN herdr::raw_input: flushing lone escape after input timeout; if this follows an alt chord or focus switch it may reach the pane as plain esc bytes=[27]
2026-07-29T02:37:53.240613Z  WARN herdr::raw_input: flushing lone escape after input timeout; if this follows an alt chord or focus switch it may reach the pane as plain esc bytes=[27]
2026-07-29T02:38:08.750433Z  WARN herdr::raw_input: flushing lone escape after input timeout; if this follows an alt chord or focus switch it may reach the pane as plain esc bytes=[27]
2026-07-29T02:38:08.750780Z  WARN herdr::raw_input: flushing lone escape after input timeout; if this follows an alt chord or focus switch it may reach the pane as plain esc bytes=[27]
2026-07-29T02:41:13.406461Z  WARN herdr::raw_input: flushing lone escape after input timeout; if this follows an alt chord or focus switch it may reach the pane as plain esc bytes=[27]
2026-07-29T02:41:13.407482Z  WARN herdr::raw_input: flushing lone escape after input timeout; if this follows an alt chord or focus switch it may reach the pane as plain esc bytes=[27]
2026-07-29T02:42:58.162523Z  WARN herdr::raw_input: flushing lone escape after input timeout; if this follows an alt chord or focus switch it may reach the pane as plain esc bytes=[27]
2026-07-29T02:42:58.164167Z  WARN herdr::raw_input: flushing lone escape after input timeout; if this follows an alt chord or focus switch it may reach the pane as plain esc bytes=[27]
2026-07-29T02:43:27.893417Z  WARN herdr::raw_input: flushing lone escape after input timeout; if this follows an alt chord or focus switch it may reach the pane as plain esc bytes=[27]
2026-07-29T02:43:27.894807Z  WARN herdr::raw_input: flushing lone escape after input timeout; if this follows an alt chord or focus switch it may reach the pane as plain esc bytes=[27]
2026-07-29T02:43:37.175055Z  WARN herdr::raw_input: flushing lone escape after input timeout; if this follows an alt chord or focus switch it may reach the pane as plain esc bytes=[27]
2026-07-29T02:43:37.176133Z  WARN herdr::raw_input: flushing lone escape after input timeout; if this follows an alt chord or focus switch it may reach the pane as plain esc bytes=[27]
2026-07-29T02:43:53.875935Z  WARN herdr::raw_input: flushing lone escape after input timeout; if this follows an alt chord or focus switch it may reach the pane as plain esc bytes=[27]
2026-07-29T02:43:53.877925Z  WARN herdr::raw_input: flushing lone escape after input timeout; if this follows an alt chord or focus switch it may reach the pane as plain esc bytes=[27]
2026-07-29T03:21:42.383611Z  WARN herdr::raw_input: flushing lone escape after input timeout; if this follows an alt chord or focus switch it may reach the pane as plain esc bytes=[27]
2026-07-29T03:21:42.384233Z  WARN herdr::raw_input: flushing lone escape after input timeout; if this follows an alt chord or focus switch it may reach the pane as plain esc bytes=[27]
2026-07-29T03:26:19.909801Z  WARN herdr::raw_input: flushing lone escape after input timeout; if this follows an alt chord or focus switch it may reach the pane as plain esc bytes=[27]
2026-07-29T03:26:19.910536Z  WARN herdr::raw_input: flushing lone escape after input timeout; if this follows an alt chord or focus switch it may reach the pane as plain esc bytes=[27]
2026-07-30T13:24:00.815779Z  WARN herdr::raw_input: flushing lone escape after input timeout; if this follows an alt chord or focus switch it may reach the pane as plain esc bytes=[27]
2026-07-30T13:24:00.818096Z  WARN herdr::raw_input: flushing lone escape after input timeout; if this follows an alt chord or focus switch it may reach the pane as plain esc bytes=[27]
2026-07-30T13:30:55.493702Z  WARN herdr::raw_input: flushing lone escape after input timeout; if this follows an alt chord or focus switch it may reach the pane as plain esc bytes=[27]
2026-07-30T13:30:55.494775Z  WARN herdr::raw_input: flushing lone escape after input timeout; if this follows an alt chord or focus switch it may reach the pane as plain esc bytes=[27]
2026-07-30T14:05:55.114853Z  WARN herdr::raw_input: flushing lone escape after input timeout; if this follows an alt chord or focus switch it may reach the pane as plain esc bytes=[27]
2026-07-30T14:05:55.116161Z  WARN herdr::raw_input: flushing lone escape after input timeout; if this follows an alt chord or focus switch it may reach the pane as plain esc bytes=[27]
2026-07-31T14:12:08.006912Z  WARN herdr::raw_input: flushing lone escape after input timeout; if this follows an alt chord or focus switch it may reach the pane as plain esc bytes=[27]
2026-07-31T14:12:08.008559Z  WARN herdr::raw_input: flushing lone escape after input timeout; if this follows an alt chord or focus switch it may reach the pane as plain esc bytes=[27]
2026-08-01T00:22:44.144087Z  WARN herdr::raw_input: flushing lone escape after input timeout; if this follows an alt chord or focus switch it may reach the pane as plain esc bytes=[27]
2026-08-01T00:22:44.147461Z  WARN herdr::raw_input: flushing lone escape after input timeout; if this follows an alt chord or focus switch it may reach the pane as plain esc bytes=[27]
2026-08-01T00:41:31.630788Z  WARN herdr::raw_input: flushing lone escape after input timeout; if this follows an alt chord or focus switch it may reach the pane as plain esc bytes=[27]
2026-08-01T00:41:31.632938Z  WARN herdr::raw_input: flushing lone escape after input timeout; if this follows an alt chord or focus switch it may reach the pane as plain esc bytes=[27]
2026-08-01T00:41:31.824810Z  WARN herdr::raw_input: flushing lone escape after input timeout; if this follows an alt chord or focus switch it may reach the pane as plain esc bytes=[27]
2026-08-01T00:41:31.825339Z  WARN herdr::raw_input: flushing lone escape after input timeout; if this follows an alt chord or focus switch it may reach the pane as plain esc bytes=[27]
2026-08-01T00:41:53.643479Z  WARN herdr::raw_input: flushing lone escape after input timeout; if this follows an alt chord or focus switch it may reach the pane as plain esc bytes=[27]
2026-08-01T00:41:53.643815Z  WARN herdr::raw_input: flushing lone escape after input timeout; if this follows an alt chord or focus switch it may reach the pane as plain esc bytes=[27]
2026-08-01T00:41:58.626325Z  WARN herdr::raw_input: flushing lone escape after input timeout; if this follows an alt chord or focus switch it may reach the pane as plain esc bytes=[27]
2026-08-01T00:41:58.626413Z  WARN herdr::raw_input: flushing lone escape after input timeout; if this follows an alt chord or focus switch it may reach the pane as plain esc bytes=[27]
2026-08-01T00:42:06.306573Z  WARN herdr::raw_input: flushing lone escape after input timeout; if this follows an alt chord or focus switch it may reach the pane as plain esc bytes=[27]
2026-08-01T00:42:06.307522Z  WARN herdr::raw_input: flushing lone escape after input timeout; if this follows an alt chord or focus switch it may reach the pane as plain esc bytes=[27]
2026-08-01T00:42:28.838100Z  WARN herdr::raw_input: flushing lone escape after input timeout; if this follows an alt chord or focus switch it may reach the pane as plain esc bytes=[27]
2026-08-01T00:42:28.838460Z  WARN herdr::raw_input: flushing lone escape after input timeout; if this follows an alt chord or focus switch it may reach the pane as plain esc bytes=[27]
2026-08-01T00:43:11.120266Z  WARN herdr::raw_input: flushing lone escape after input timeout; if this follows an alt chord or focus switch it may reach the pane as plain esc bytes=[27]
2026-08-01T00:43:11.121259Z  WARN herdr::raw_input: flushing lone escape after input timeout; if this follows an alt chord or focus switch it may reach the pane as plain esc bytes=[27]
2026-08-01T00:43:20.771592Z  WARN herdr::raw_input: flushing lone escape after input timeout; if this follows an alt chord or focus switch it may reach the pane as plain esc bytes=[27]
2026-08-01T00:43:20.772597Z  WARN herdr::raw_input: flushing lone escape after input timeout; if this follows an alt chord or focus switch it may reach the pane as plain esc bytes=[27]
2026-08-01T00:43:33.045570Z  WARN herdr::raw_input: flushing lone escape after input timeout; if this follows an alt chord or focus switch it may reach the pane as plain esc bytes=[27]
2026-08-01T00:43:33.046601Z  WARN herdr::raw_input: flushing lone escape after input timeout; if this follows an alt chord or focus switch it may reach the pane as plain esc bytes=[27]
2026-08-01T00:43:39.328113Z  WARN herdr::raw_input: flushing lone escape after input timeout; if this follows an alt chord or focus switch it may reach the pane as plain esc bytes=[27]
2026-08-01T00:43:39.328674Z  WARN herdr::raw_input: flushing lone escape after input timeout; if this follows an alt chord or focus switch it may reach the pane as plain esc bytes=[27]
2026-08-01T00:43:44.599851Z  WARN herdr::raw_input: flushing lone escape after input timeout; if this follows an alt chord or focus switch it may reach the pane as plain esc bytes=[27]
2026-08-01T00:43:44.599925Z  WARN herdr::raw_input: flushing lone escape after input timeout; if this follows an alt chord or focus switch it may reach the pane as plain esc bytes=[27]
2026-08-01T00:43:52.492936Z  WARN herdr::raw_input: flushing lone escape after input timeout; if this follows an alt chord or focus switch it may reach the pane as plain esc bytes=[27]
2026-08-01T00:43:52.493930Z  WARN herdr::raw_input: flushing lone escape after input timeout; if this follows an alt chord or focus switch it may reach the pane as plain esc bytes=[27]
2026-08-01T00:44:31.777517Z  WARN herdr::raw_input: flushing lone escape after input timeout; if this follows an alt chord or focus switch it may reach the pane as plain esc bytes=[27]
2026-08-01T00:44:31.778564Z  WARN herdr::raw_input: flushing lone escape after input timeout; if this follows an alt chord or focus switch it may reach the pane as plain esc bytes=[27]
2026-08-01T00:44:39.876140Z  WARN herdr::raw_input: flushing lone escape after input timeout; if this follows an alt chord or focus switch it may reach the pane as plain esc bytes=[27]
2026-08-01T00:44:39.877172Z  WARN herdr::raw_input: flushing lone escape after input timeout; if this follows an alt chord or focus switch it may reach the pane as plain esc bytes=[27]
2026-08-01T00:44:49.217549Z  WARN herdr::raw_input: flushing lone escape after input timeout; if this follows an alt chord or focus switch it may reach the pane as plain esc bytes=[27]
2026-08-01T00:44:49.218600Z  WARN herdr::raw_input: flushing lone escape after input timeout; if this follows an alt chord or focus switch it may reach the pane as plain esc bytes=[27]
2026-08-01T00:44:54.681845Z  WARN herdr::raw_input: flushing lone escape after input timeout; if this follows an alt chord or focus switch it may reach the pane as plain esc bytes=[27]
2026-08-01T00:44:54.681925Z  WARN herdr::raw_input: flushing lone escape after input timeout; if this follows an alt chord or focus switch it may reach the pane as plain esc bytes=[27]
2026-08-01T00:45:04.428316Z  WARN herdr::raw_input: flushing lone escape after input timeout; if this follows an alt chord or focus switch it may reach the pane as plain esc bytes=[27]
2026-08-01T00:45:04.429296Z  WARN herdr::raw_input: flushing lone escape after input timeout; if this follows an alt chord or focus switch it may reach the pane as plain esc bytes=[27]
2026-08-01T00:45:07.894082Z  WARN herdr::raw_input: flushing lone escape after input timeout; if this follows an alt chord or focus switch it may reach the pane as plain esc bytes=[27]
2026-08-01T00:45:07.894170Z  WARN herdr::raw_input: flushing lone escape after input timeout; if this follows an alt chord or focus switch it may reach the pane as plain esc bytes=[27]
2026-08-01T00:45:25.781863Z  WARN herdr::raw_input: flushing lone escape after input timeout; if this follows an alt chord or focus switch it may reach the pane as plain esc bytes=[27]
2026-08-01T00:45:25.782906Z  WARN herdr::raw_input: flushing lone escape after input timeout; if this follows an alt chord or focus switch it may reach the pane as plain esc bytes=[27]
2026-08-01T00:45:31.164350Z  WARN herdr::raw_input: flushing lone escape after input timeout; if this follows an alt chord or focus switch it may reach the pane as plain esc bytes=[27]
2026-08-01T00:45:31.165373Z  WARN herdr::raw_input: flushing lone escape after input timeout; if this follows an alt chord or focus switch it may reach the pane as plain esc bytes=[27]
2026-08-01T00:45:44.997367Z  WARN herdr::raw_input: flushing lone escape after input timeout; if this follows an alt chord or focus switch it may reach the pane as plain esc bytes=[27]
2026-08-01T00:45:44.998403Z  WARN herdr::raw_input: flushing lone escape after input timeout; if this follows an alt chord or focus switch it may reach the pane as plain esc bytes=[27]
2026-08-01T00:46:21.795681Z  WARN herdr::raw_input: flushing lone escape after input timeout; if this follows an alt chord or focus switch it may reach the pane as plain esc bytes=[27]
2026-08-01T00:46:21.796702Z  WARN herdr::raw_input: flushing lone escape after input timeout; if this follows an alt chord or focus switch it may reach the pane as plain esc bytes=[27]
2026-08-01T00:46:27.259864Z  WARN herdr::raw_input: flushing lone escape after input timeout; if this follows an alt chord or focus switch it may reach the pane as plain esc bytes=[27]
2026-08-01T00:46:27.259984Z  WARN herdr::raw_input: flushing lone escape after input timeout; if this follows an alt chord or focus switch it may reach the pane as plain esc bytes=[27]
2026-08-01T00:47:50.693834Z  WARN herdr::raw_input: flushing lone escape after input timeout; if this follows an alt chord or focus switch it may reach the pane as plain esc bytes=[27]
2026-08-01T00:47:50.695977Z  WARN herdr::raw_input: flushing lone escape after input timeout; if this follows an alt chord or focus switch it may reach the pane as plain esc bytes=[27]
2026-08-01T00:48:06.036826Z  WARN herdr::raw_input: flushing lone escape after input timeout; if this follows an alt chord or focus switch it may reach the pane as plain esc bytes=[27]
2026-08-01T00:48:06.037919Z  WARN herdr::raw_input: flushing lone escape after input timeout; if this follows an alt chord or focus switch it may reach the pane as plain esc bytes=[27]
2026-08-01T00:48:12.545845Z  WARN herdr::raw_input: flushing lone escape after input timeout; if this follows an alt chord or focus switch it may reach the pane as plain esc bytes=[27]
2026-08-01T00:48:12.545939Z  WARN herdr::raw_input: flushing lone escape after input timeout; if this follows an alt chord or focus switch it may reach the pane as plain esc bytes=[27]
2026-08-01T00:49:45.489817Z  WARN herdr::raw_input: flushing lone escape after input timeout; if this follows an alt chord or focus switch it may reach the pane as plain esc bytes=[27]
2026-08-01T00:49:45.490565Z  WARN herdr::raw_input: flushing lone escape after input timeout; if this follows an alt chord or focus switch it may reach the pane as plain esc bytes=[27]
2026-08-02T04:55:44.625878Z  WARN herdr::raw_input: flushing lone escape after input timeout; if this follows an alt chord or focus switch it may reach the pane as plain esc bytes=[27]
2026-08-02T04:55:44.629149Z  WARN herdr::raw_input: flushing lone escape after input timeout; if this follows an alt chord or focus switch it may reach the pane as plain esc bytes=[27]
2026-08-02T04:56:23.792687Z  WARN herdr::raw_input: flushing lone escape after input timeout; if this follows an alt chord or focus switch it may reach the pane as plain esc bytes=[27]
2026-08-02T04:56:23.793556Z  WARN herdr::raw_input: flushing lone escape after input timeout; if this follows an alt chord or focus switch it may reach the pane as plain esc bytes=[27]
2026-08-02T04:57:52.451605Z  WARN herdr::raw_input: flushing lone escape after input timeout; if this follows an alt chord or focus switch it may reach the pane as plain esc bytes=[27]
2026-08-02T04:57:52.454323Z  WARN herdr::raw_input: flushing lone escape after input timeout; if this follows an alt chord or focus switch it may reach the pane as plain esc bytes=[27]
2026-08-02T04:57:58.537857Z  WARN herdr::raw_input: flushing lone escape after input timeout; if this follows an alt chord or focus switch it may reach the pane as plain esc bytes=[27]
2026-08-02T04:57:58.538113Z  WARN herdr::raw_input: flushing lone escape after input timeout; if this follows an alt chord or focus switch it may reach the pane as plain esc bytes=[27]
2026-08-02T05:08:10.654387Z  WARN herdr::raw_input: flushing lone escape after input timeout; if this follows an alt chord or focus switch it may reach the pane as plain esc bytes=[27]
2026-08-02T05:08:10.655364Z  WARN herdr::raw_input: flushing lone escape after input timeout; if this follows an alt chord or focus switch it may reach the pane as plain esc bytes=[27]
2026-08-02T05:08:21.892168Z  WARN herdr::raw_input: flushing lone escape after input timeout; if this follows an alt chord or focus switch it may reach the pane as plain esc bytes=[27]
2026-08-02T05:08:21.893172Z  WARN herdr::raw_input: flushing lone escape after input timeout; if this follows an alt chord or focus switch it may reach the pane as plain esc bytes=[27]
2026-08-02T05:08:32.212275Z  WARN herdr::raw_input: flushing lone escape after input timeout; if this follows an alt chord or focus switch it may reach the pane as plain esc bytes=[27]
2026-08-02T05:08:32.213275Z  WARN herdr::raw_input: flushing lone escape after input timeout; if this follows an alt chord or focus switch it may reach the pane as plain esc bytes=[27]
2026-08-02T05:10:04.705362Z  WARN herdr::raw_input: flushing lone escape after input timeout; if this follows an alt chord or focus switch it may reach the pane as plain esc bytes=[27]
2026-08-02T05:10:04.705671Z  WARN herdr::raw_input: flushing lone escape after input timeout; if this follows an alt chord or focus switch it may reach the pane as plain esc bytes=[27]
2026-08-02T05:18:26.217452Z  WARN herdr::raw_input: flushing lone escape after input timeout; if this follows an alt chord or focus switch it may reach the pane as plain esc bytes=[27]
2026-08-02T05:18:26.218792Z  WARN herdr::raw_input: flushing lone escape after input timeout; if this follows an alt chord or focus switch it may reach the pane as plain esc bytes=[27]
2026-08-02T05:18:37.766875Z  WARN herdr::raw_input: flushing lone escape after input timeout; if this follows an alt chord or focus switch it may reach the pane as plain esc bytes=[27]
2026-08-02T05:18:37.767393Z  WARN herdr::raw_input: flushing lone escape after input timeout; if this follows an alt chord or focus switch it may reach the pane as plain esc bytes=[27]
2026-08-02T05:18:39.492110Z  WARN herdr::raw_input: flushing lone escape after input timeout; if this follows an alt chord or focus switch it may reach the pane as plain esc bytes=[27]
2026-08-02T05:18:39.492175Z  WARN herdr::raw_input: flushing lone escape after input timeout; if this follows an alt chord or focus switch it may reach the pane as plain esc bytes=[27]
2026-08-02T05:19:17.353028Z  WARN herdr::raw_input: flushing lone escape after input timeout; if this follows an alt chord or focus switch it may reach the pane as plain esc bytes=[27]
2026-08-02T05:19:17.354797Z  WARN herdr::raw_input: flushing lone escape after input timeout; if this follows an alt chord or focus switch it may reach the pane as plain esc bytes=[27]
2026-08-02T05:19:24.296148Z  WARN herdr::raw_input: flushing lone escape after input timeout; if this follows an alt chord or focus switch it may reach the pane as plain esc bytes=[27]
2026-08-02T05:19:24.299329Z  WARN herdr::raw_input: flushing lone escape after input timeout; if this follows an alt chord or focus switch it may reach the pane as plain esc bytes=[27]
2026-08-02T05:27:01.437963Z  WARN herdr::raw_input: flushing lone escape after input timeout; if this follows an alt chord or focus switch it may reach the pane as plain esc bytes=[27]
2026-08-02T05:27:01.438594Z  WARN herdr::raw_input: flushing lone escape after input timeout; if this follows an alt chord or focus switch it may reach the pane as plain esc bytes=[27]
2026-08-02T05:27:05.071676Z  WARN herdr::raw_input: flushing lone escape after input timeout; if this follows an alt chord or focus switch it may reach the pane as plain esc bytes=[27]
2026-08-02T05:27:05.071819Z  WARN herdr::raw_input: flushing lone escape after input timeout; if this follows an alt chord or focus switch it may reach the pane as plain esc bytes=[27]
2026-08-02T05:28:49.047404Z  WARN herdr::raw_input: flushing lone escape after input timeout; if this follows an alt chord or focus switch it may reach the pane as plain esc bytes=[27]
2026-08-02T05:28:49.048536Z  WARN herdr::raw_input: flushing lone escape after input timeout; if this follows an alt chord or focus switch it may reach the pane as plain esc bytes=[27]
2026-08-02T05:29:01.108958Z  WARN herdr::raw_input: flushing lone escape after input timeout; if this follows an alt chord or focus switch it may reach the pane as plain esc bytes=[27]
2026-08-02T05:29:01.109400Z  WARN herdr::raw_input: flushing lone escape after input timeout; if this follows an alt chord or focus switch it may reach the pane as plain esc bytes=[27]
2026-08-02T05:29:13.842631Z  WARN herdr::raw_input: flushing lone escape after input timeout; if this follows an alt chord or focus switch it may reach the pane as plain esc bytes=[27]
2026-08-02T05:29:13.843634Z  WARN herdr::raw_input: flushing lone escape after input timeout; if this follows an alt chord or focus switch it may reach the pane as plain esc bytes=[27]
2026-08-02T05:29:35.878021Z  WARN herdr::raw_input: flushing lone escape after input timeout; if this follows an alt chord or focus switch it may reach the pane as plain esc bytes=[27]
2026-08-02T05:29:35.879033Z  WARN herdr::raw_input: flushing lone escape after input timeout; if this follows an alt chord or focus switch it may reach the pane as plain esc bytes=[27]
2026-08-02T05:45:37.983113Z  WARN herdr::raw_input: flushing lone escape after input timeout; if this follows an alt chord or focus switch it may reach the pane as plain esc bytes=[27]
2026-08-02T05:45:37.984594Z  WARN herdr::raw_input: flushing lone escape after input timeout; if this follows an alt chord or focus switch it may reach the pane as plain esc bytes=[27]
2026-08-02T05:51:02.658579Z  WARN herdr::raw_input: flushing lone escape after input timeout; if this follows an alt chord or focus switch it may reach the pane as plain esc bytes=[27]
2026-08-02T05:51:20.004261Z  WARN herdr::raw_input: flushing lone escape after input timeout; if this follows an alt chord or focus switch it may reach the pane as plain esc bytes=[27]
2026-08-02T05:51:20.006135Z  WARN herdr::raw_input: flushing lone escape after input timeout; if this follows an alt chord or focus switch it may reach the pane as plain esc bytes=[27]
2026-08-02T05:51:51.980480Z  WARN herdr::raw_input: flushing lone escape after input timeout; if this follows an alt chord or focus switch it may reach the pane as plain esc bytes=[27]
2026-08-02T05:51:51.982029Z  WARN herdr::raw_input: flushing lone escape after input timeout; if this follows an alt chord or focus switch it may reach the pane as plain esc bytes=[27]
2026-08-02T05:54:12.404191Z  WARN herdr::raw_input: flushing lone escape after input timeout; if this follows an alt chord or focus switch it may reach the pane as plain esc bytes=[27]
2026-08-02T05:54:12.405240Z  WARN herdr::raw_input: flushing lone escape after input timeout; if this follows an alt chord or focus switch it may reach the pane as plain esc bytes=[27]
2026-08-02T05:54:43.095437Z  WARN herdr::raw_input: flushing lone escape after input timeout; if this follows an alt chord or focus switch it may reach the pane as plain esc bytes=[27]
2026-08-02T05:54:43.097418Z  WARN herdr::raw_input: flushing lone escape after input timeout; if this follows an alt chord or focus switch it may reach the pane as plain esc bytes=[27]
2026-08-03T02:39:59.805833Z  WARN herdr::raw_input: flushing lone escape after input timeout; if this follows an alt chord or focus switch it may reach the pane as plain esc bytes=[27]
2026-08-03T02:39:59.806955Z  WARN herdr::raw_input: flushing lone escape after input timeout; if this follows an alt chord or focus switch it may reach the pane as plain esc bytes=[27]
2026-08-03T02:40:40.755725Z  WARN herdr::raw_input: flushing lone escape after input timeout; if this follows an alt chord or focus switch it may reach the pane as plain esc bytes=[27]
2026-08-03T02:40:40.756752Z  WARN herdr::raw_input: flushing lone escape after input timeout; if this follows an alt chord or focus switch it may reach the pane as plain esc bytes=[27]
2026-08-03T02:44:59.616101Z  WARN herdr::raw_input: flushing lone escape after input timeout; if this follows an alt chord or focus switch it may reach the pane as plain esc bytes=[27]
2026-08-03T02:44:59.616630Z  WARN herdr::raw_input: flushing lone escape after input timeout; if this follows an alt chord or focus switch it may reach the pane as plain esc bytes=[27]
2026-08-03T02:54:11.362992Z  WARN herdr::raw_input: flushing lone escape after input timeout; if this follows an alt chord or focus switch it may reach the pane as plain esc bytes=[27]
2026-08-03T02:54:11.365236Z  WARN herdr::raw_input: flushing lone escape after input timeout; if this follows an alt chord or focus switch it may reach the pane as plain esc bytes=[27]
2026-08-03T02:55:58.036807Z  WARN herdr::raw_input: flushing lone escape after input timeout; if this follows an alt chord or focus switch it may reach the pane as plain esc bytes=[27]
2026-08-03T02:55:58.037188Z  WARN herdr::raw_input: flushing lone escape after input timeout; if this follows an alt chord or focus switch it may reach the pane as plain esc bytes=[27]
2026-08-03T02:56:24.526725Z  WARN herdr::raw_input: flushing lone escape after input timeout; if this follows an alt chord or focus switch it may reach the pane as plain esc bytes=[27]
2026-08-03T02:56:24.527727Z  WARN herdr::raw_input: flushing lone escape after input timeout; if this follows an alt chord or focus switch it may reach the pane as plain esc bytes=[27]
2026-08-03T02:56:37.765788Z  WARN herdr::raw_input: flushing lone escape after input timeout; if this follows an alt chord or focus switch it may reach the pane as plain esc bytes=[27]
2026-08-03T02:56:37.765995Z  WARN herdr::raw_input: flushing lone escape after input timeout; if this follows an alt chord or focus switch it may reach the pane as plain esc bytes=[27]
2026-08-03T02:56:37.997612Z  WARN herdr::raw_input: flushing lone escape after input timeout; if this follows an alt chord or focus switch it may reach the pane as plain esc bytes=[27]
2026-08-03T02:56:38.001502Z  WARN herdr::raw_input: flushing lone escape after input timeout; if this follows an alt chord or focus switch it may reach the pane as plain esc bytes=[27]
2026-08-03T02:57:40.305904Z  WARN herdr::raw_input: flushing lone escape after input timeout; if this follows an alt chord or focus switch it may reach the pane as plain esc bytes=[27]
2026-08-03T02:57:40.307571Z  WARN herdr::raw_input: flushing lone escape after input timeout; if this follows an alt chord or focus switch it may reach the pane as plain esc bytes=[27]
2026-08-03T02:57:44.481489Z  WARN herdr::raw_input: flushing lone escape after input timeout; if this follows an alt chord or focus switch it may reach the pane as plain esc bytes=[27]
2026-08-03T02:57:44.481806Z  WARN herdr::raw_input: flushing lone escape after input timeout; if this follows an alt chord or focus switch it may reach the pane as plain esc bytes=[27]
2026-08-03T02:57:47.146062Z  WARN herdr::raw_input: flushing lone escape after input timeout; if this follows an alt chord or focus switch it may reach the pane as plain esc bytes=[27]
2026-08-03T02:57:47.147092Z  WARN herdr::raw_input: flushing lone escape after input timeout; if this follows an alt chord or focus switch it may reach the pane as plain esc bytes=[27]
2026-08-03T02:57:49.505228Z  WARN herdr::raw_input: flushing lone escape after input timeout; if this follows an alt chord or focus switch it may reach the pane as plain esc bytes=[27]
2026-08-03T02:57:49.505302Z  WARN herdr::raw_input: flushing lone escape after input timeout; if this follows an alt chord or focus switch it may reach the pane as plain esc bytes=[27]
2026-08-03T02:57:52.111166Z  WARN herdr::raw_input: flushing lone escape after input timeout; if this follows an alt chord or focus switch it may reach the pane as plain esc bytes=[27]
2026-08-03T02:57:52.111244Z  WARN herdr::raw_input: flushing lone escape after input timeout; if this follows an alt chord or focus switch it may reach the pane as plain esc bytes=[27]
2026-08-03T02:58:36.559915Z  WARN herdr::raw_input: flushing lone escape after input timeout; if this follows an alt chord or focus switch it may reach the pane as plain esc bytes=[27]
2026-08-03T02:58:40.006858Z  WARN herdr::raw_input: flushing lone escape after input timeout; if this follows an alt chord or focus switch it may reach the pane as plain esc bytes=[27]
2026-08-03T02:58:40.006949Z  WARN herdr::raw_input: flushing lone escape after input timeout; if this follows an alt chord or focus switch it may reach the pane as plain esc bytes=[27]
2026-08-03T03:36:41.038165Z  WARN herdr::raw_input: flushing lone escape after input timeout; if this follows an alt chord or focus switch it may reach the pane as plain esc bytes=[27]
2026-08-03T03:36:41.039454Z  WARN herdr::raw_input: flushing lone escape after input timeout; if this follows an alt chord or focus switch it may reach the pane as plain esc bytes=[27]
2026-08-03T03:37:01.842896Z  WARN herdr::raw_input: flushing lone escape after input timeout; if this follows an alt chord or focus switch it may reach the pane as plain esc bytes=[27]
2026-08-03T03:37:01.843066Z  WARN herdr::raw_input: flushing lone escape after input timeout; if this follows an alt chord or focus switch it may reach the pane as plain esc bytes=[27]
2026-08-03T03:37:04.034442Z  WARN herdr::raw_input: flushing lone escape after input timeout; if this follows an alt chord or focus switch it may reach the pane as plain esc bytes=[27]
2026-08-03T03:37:04.034514Z  WARN herdr::raw_input: flushing lone escape after input timeout; if this follows an alt chord or focus switch it may reach the pane as plain esc bytes=[27]
2026-08-03T03:37:20.129049Z  WARN herdr::raw_input: flushing lone escape after input timeout; if this follows an alt chord or focus switch it may reach the pane as plain esc bytes=[27]
2026-08-03T03:37:20.129452Z  WARN herdr::raw_input: flushing lone escape after input timeout; if this follows an alt chord or focus switch it may reach the pane as plain esc bytes=[27]
2026-08-03T03:37:25.629963Z  WARN herdr::raw_input: flushing lone escape after input timeout; if this follows an alt chord or focus switch it may reach the pane as plain esc bytes=[27]
2026-08-03T03:37:25.630052Z  WARN herdr::raw_input: flushing lone escape after input timeout; if this follows an alt chord or focus switch it may reach the pane as plain esc bytes=[27]
2026-08-03T03:38:37.719790Z  WARN herdr::raw_input: flushing lone escape after input timeout; if this follows an alt chord or focus switch it may reach the pane as plain esc bytes=[27]
2026-08-03T03:38:37.720249Z  WARN herdr::raw_input: flushing lone escape after input timeout; if this follows an alt chord or focus switch it may reach the pane as plain esc bytes=[27]
2026-08-03T03:39:25.458768Z  WARN herdr::raw_input: flushing lone escape after input timeout; if this follows an alt chord or focus switch it may reach the pane as plain esc bytes=[27]
2026-08-03T03:39:25.460069Z  WARN herdr::raw_input: flushing lone escape after input timeout; if this follows an alt chord or focus switch it may reach the pane as plain esc bytes=[27]
2026-08-03T03:39:28.650581Z  WARN herdr::raw_input: flushing lone escape after input timeout; if this follows an alt chord or focus switch it may reach the pane as plain esc bytes=[27]
2026-08-03T03:39:28.650678Z  WARN herdr::raw_input: flushing lone escape after input timeout; if this follows an alt chord or focus switch it may reach the pane as plain esc bytes=[27]
2026-08-03T03:39:28.994478Z  WARN herdr::raw_input: flushing lone escape after input timeout; if this follows an alt chord or focus switch it may reach the pane as plain esc bytes=[27]
2026-08-03T03:39:28.994564Z  WARN herdr::raw_input: flushing lone escape after input timeout; if this follows an alt chord or focus switch it may reach the pane as plain esc bytes=[27]
2026-08-03T03:39:36.174925Z  WARN herdr::raw_input: flushing lone escape after input timeout; if this follows an alt chord or focus switch it may reach the pane as plain esc bytes=[27]
2026-08-03T03:39:36.175882Z  WARN herdr::raw_input: flushing lone escape after input timeout; if this follows an alt chord or focus switch it may reach the pane as plain esc bytes=[27]
2026-08-03T03:40:49.266169Z  WARN herdr::raw_input: flushing lone escape after input timeout; if this follows an alt chord or focus switch it may reach the pane as plain esc bytes=[27]
2026-08-03T03:40:49.266847Z  WARN herdr::raw_input: flushing lone escape after input timeout; if this follows an alt chord or focus switch it may reach the pane as plain esc bytes=[27]
2026-08-03T03:41:01.871086Z  WARN herdr::raw_input: flushing lone escape after input timeout; if this follows an alt chord or focus switch it may reach the pane as plain esc bytes=[27]
2026-08-03T03:41:01.871428Z  WARN herdr::raw_input: flushing lone escape after input timeout; if this follows an alt chord or focus switch it may reach the pane as plain esc bytes=[27]
2026-08-03T03:41:39.693393Z  WARN herdr::raw_input: flushing lone escape after input timeout; if this follows an alt chord or focus switch it may reach the pane as plain esc bytes=[27]
2026-08-03T03:41:39.695552Z  WARN herdr::raw_input: flushing lone escape after input timeout; if this follows an alt chord or focus switch it may reach the pane as plain esc bytes=[27]
2026-08-03T03:41:42.468940Z  WARN herdr::raw_input: flushing lone escape after input timeout; if this follows an alt chord or focus switch it may reach the pane as plain esc bytes=[27]
2026-08-03T03:41:42.468987Z  WARN herdr::raw_input: flushing lone escape after input timeout; if this follows an alt chord or focus switch it may reach the pane as plain esc bytes=[27]
2026-08-03T03:41:48.535604Z  WARN herdr::raw_input: flushing lone escape after input timeout; if this follows an alt chord or focus switch it may reach the pane as plain esc bytes=[27]
2026-08-03T03:41:48.535939Z  WARN herdr::raw_input: flushing lone escape after input timeout; if this follows an alt chord or focus switch it may reach the pane as plain esc bytes=[27]
2026-08-03T03:41:51.202929Z  WARN herdr::raw_input: flushing lone escape after input timeout; if this follows an alt chord or focus switch it may reach the pane as plain esc bytes=[27]
2026-08-03T03:41:51.202980Z  WARN herdr::raw_input: flushing lone escape after input timeout; if this follows an alt chord or focus switch it may reach the pane as plain esc bytes=[27]
2026-08-03T03:41:54.783685Z  WARN herdr::raw_input: flushing lone escape after input timeout; if this follows an alt chord or focus switch it may reach the pane as plain esc bytes=[27]
2026-08-03T03:41:54.784005Z  WARN herdr::raw_input: flushing lone escape after input timeout; if this follows an alt chord or focus switch it may reach the pane as plain esc bytes=[27]
2026-08-03T03:42:36.089849Z  WARN herdr::raw_input: flushing lone escape after input timeout; if this follows an alt chord or focus switch it may reach the pane as plain esc bytes=[27]
2026-08-03T03:42:36.091032Z  WARN herdr::raw_input: flushing lone escape after input timeout; if this follows an alt chord or focus switch it may reach the pane as plain esc bytes=[27]
2026-08-03T03:47:19.274945Z  WARN herdr::raw_input: flushing lone escape after input timeout; if this follows an alt chord or focus switch it may reach the pane as plain esc bytes=[27]
2026-08-03T03:47:19.275957Z  WARN herdr::raw_input: flushing lone escape after input timeout; if this follows an alt chord or focus switch it may reach the pane as plain esc bytes=[27]
2026-08-03T03:47:34.515388Z  WARN herdr::raw_input: flushing lone escape after input timeout; if this follows an alt chord or focus switch it may reach the pane as plain esc bytes=[27]
2026-08-03T03:47:34.515652Z  WARN herdr::raw_input: flushing lone escape after input timeout; if this follows an alt chord or focus switch it may reach the pane as plain esc bytes=[27]
2026-08-03T03:49:19.210456Z  WARN herdr::raw_input: flushing lone escape after input timeout; if this follows an alt chord or focus switch it may reach the pane as plain esc bytes=[27]
2026-08-03T03:49:19.211156Z  WARN herdr::raw_input: flushing lone escape after input timeout; if this follows an alt chord or focus switch it may reach the pane as plain esc bytes=[27]
2026-08-03T03:50:51.662991Z  WARN herdr::raw_input: flushing lone escape after input timeout; if this follows an alt chord or focus switch it may reach the pane as plain esc bytes=[27]
2026-08-03T03:50:51.665056Z  WARN herdr::raw_input: flushing lone escape after input timeout; if this follows an alt chord or focus switch it may reach the pane as plain esc bytes=[27]
2026-08-03T03:50:56.341595Z  WARN herdr::raw_input: flushing lone escape after input timeout; if this follows an alt chord or focus switch it may reach the pane as plain esc bytes=[27]
2026-08-03T03:50:56.341686Z  WARN herdr::raw_input: flushing lone escape after input timeout; if this follows an alt chord or focus switch it may reach the pane as plain esc bytes=[27]
2026-08-03T03:51:15.270512Z  WARN herdr::raw_input: flushing lone escape after input timeout; if this follows an alt chord or focus switch it may reach the pane as plain esc bytes=[27]
2026-08-03T03:51:15.272729Z  WARN herdr::raw_input: flushing lone escape after input timeout; if this follows an alt chord or focus switch it may reach the pane as plain esc bytes=[27]
2026-08-03T03:52:05.877139Z  WARN herdr::raw_input: flushing lone escape after input timeout; if this follows an alt chord or focus switch it may reach the pane as plain esc bytes=[27]
2026-08-03T03:52:05.878615Z  WARN herdr::raw_input: flushing lone escape after input timeout; if this follows an alt chord or focus switch it may reach the pane as plain esc bytes=[27]
2026-08-03T03:52:10.427437Z  WARN herdr::raw_input: flushing lone escape after input timeout; if this follows an alt chord or focus switch it may reach the pane as plain esc bytes=[27]
2026-08-03T03:52:10.427608Z  WARN herdr::raw_input: flushing lone escape after input timeout; if this follows an alt chord or focus switch it may reach the pane as plain esc bytes=[27]
2026-08-03T03:53:25.089609Z  WARN herdr::raw_input: flushing lone escape after input timeout; if this follows an alt chord or focus switch it may reach the pane as plain esc bytes=[27]
2026-08-03T03:53:25.091794Z  WARN herdr::raw_input: flushing lone escape after input timeout; if this follows an alt chord or focus switch it may reach the pane as plain esc bytes=[27]
2026-08-03T03:54:27.947200Z  WARN herdr::raw_input: flushing lone escape after input timeout; if this follows an alt chord or focus switch it may reach the pane as plain esc bytes=[27]
2026-08-03T03:54:27.949375Z  WARN herdr::raw_input: flushing lone escape after input timeout; if this follows an alt chord or focus switch it may reach the pane as plain esc bytes=[27]
2026-08-03T03:54:42.445351Z  WARN herdr::raw_input: flushing lone escape after input timeout; if this follows an alt chord or focus switch it may reach the pane as plain esc bytes=[27]
2026-08-03T03:54:42.445623Z  WARN herdr::raw_input: flushing lone escape after input timeout; if this follows an alt chord or focus switch it may reach the pane as plain esc bytes=[27]
2026-08-03T03:55:02.421790Z  WARN herdr::raw_input: flushing lone escape after input timeout; if this follows an alt chord or focus switch it may reach the pane as plain esc bytes=[27]
2026-08-03T03:55:02.423331Z  WARN herdr::raw_input: flushing lone escape after input timeout; if this follows an alt chord or focus switch it may reach the pane as plain esc bytes=[27]
2026-08-03T03:55:16.734663Z  WARN herdr::raw_input: flushing lone escape after input timeout; if this follows an alt chord or focus switch it may reach the pane as plain esc bytes=[27]
2026-08-03T03:55:16.735011Z  WARN herdr::raw_input: flushing lone escape after input timeout; if this follows an alt chord or focus switch it may reach the pane as plain esc bytes=[27]
2026-08-03T03:57:34.326502Z  WARN herdr::raw_input: flushing lone escape after input timeout; if this follows an alt chord or focus switch it may reach the pane as plain esc bytes=[27]
2026-08-03T03:57:34.330887Z  WARN herdr::raw_input: flushing lone escape after input timeout; if this follows an alt chord or focus switch it may reach the pane as plain esc bytes=[27]
2026-08-03T03:58:42.274664Z  WARN herdr::raw_input: flushing lone escape after input timeout; if this follows an alt chord or focus switch it may reach the pane as plain esc bytes=[27]
2026-08-03T03:58:42.276816Z  WARN herdr::raw_input: flushing lone escape after input timeout; if this follows an alt chord or focus switch it may reach the pane as plain esc bytes=[27]
2026-08-03T03:59:51.174896Z  WARN herdr::raw_input: flushing lone escape after input timeout; if this follows an alt chord or focus switch it may reach the pane as plain esc bytes=[27]
2026-08-03T03:59:51.177139Z  WARN herdr::raw_input: flushing lone escape after input timeout; if this follows an alt chord or focus switch it may reach the pane as plain esc bytes=[27]
2026-08-03T03:59:57.916470Z  WARN herdr::raw_input: flushing lone escape after input timeout; if this follows an alt chord or focus switch it may reach the pane as plain esc bytes=[27]
2026-08-03T03:59:57.917461Z  WARN herdr::raw_input: flushing lone escape after input timeout; if this follows an alt chord or focus switch it may reach the pane as plain esc bytes=[27]
2026-08-03T03:59:59.054512Z  WARN herdr::raw_input: flushing lone escape after input timeout; if this follows an alt chord or focus switch it may reach the pane as plain esc bytes=[27]
2026-08-03T03:59:59.054687Z  WARN herdr::raw_input: flushing lone escape after input timeout; if this follows an alt chord or focus switch it may reach the pane as plain esc bytes=[27]
2026-08-03T04:01:40.059730Z  WARN herdr::raw_input: flushing lone escape after input timeout; if this follows an alt chord or focus switch it may reach the pane as plain esc bytes=[27]
2026-08-03T04:01:40.061308Z  WARN herdr::raw_input: flushing lone escape after input timeout; if this follows an alt chord or focus switch it may reach the pane as plain esc bytes=[27]
2026-08-03T04:05:56.169895Z  WARN herdr::raw_input: flushing lone escape after input timeout; if this follows an alt chord or focus switch it may reach the pane as plain esc bytes=[27]
2026-08-03T04:05:56.171190Z  WARN herdr::raw_input: flushing lone escape after input timeout; if this follows an alt chord or focus switch it may reach the pane as plain esc bytes=[27]
2026-08-03T04:06:29.233399Z  WARN herdr::raw_input: flushing lone escape after input timeout; if this follows an alt chord or focus switch it may reach the pane as plain esc bytes=[27]
2026-08-03T04:06:29.233622Z  WARN herdr::raw_input: flushing lone escape after input timeout; if this follows an alt chord or focus switch it may reach the pane as plain esc bytes=[27]
2026-08-03T04:06:36.627596Z  WARN herdr::raw_input: flushing lone escape after input timeout; if this follows an alt chord or focus switch it may reach the pane as plain esc bytes=[27]
2026-08-03T04:06:36.627977Z  WARN herdr::raw_input: flushing lone escape after input timeout; if this follows an alt chord or focus switch it may reach the pane as plain esc bytes=[27]
2026-08-03T04:06:42.513416Z  WARN herdr::raw_input: flushing lone escape after input timeout; if this follows an alt chord or focus switch it may reach the pane as plain esc bytes=[27]
2026-08-03T04:06:42.514372Z  WARN herdr::raw_input: flushing lone escape after input timeout; if this follows an alt chord or focus switch it may reach the pane as plain esc bytes=[27]
2026-08-03T04:07:02.804079Z  WARN herdr::raw_input: flushing lone escape after input timeout; if this follows an alt chord or focus switch it may reach the pane as plain esc bytes=[27]
2026-08-03T04:07:02.806348Z  WARN herdr::raw_input: flushing lone escape after input timeout; if this follows an alt chord or focus switch it may reach the pane as plain esc bytes=[27]
2026-08-03T04:07:35.042379Z  WARN herdr::raw_input: flushing lone escape after input timeout; if this follows an alt chord or focus switch it may reach the pane as plain esc bytes=[27]
2026-08-03T04:07:35.043157Z  WARN herdr::raw_input: flushing lone escape after input timeout; if this follows an alt chord or focus switch it may reach the pane as plain esc bytes=[27]
2026-08-03T04:08:04.006571Z  WARN herdr::raw_input: flushing lone escape after input timeout; if this follows an alt chord or focus switch it may reach the pane as plain esc bytes=[27]
2026-08-03T04:08:04.007417Z  WARN herdr::raw_input: flushing lone escape after input timeout; if this follows an alt chord or focus switch it may reach the pane as plain esc bytes=[27]
2026-08-03T04:08:08.398217Z  WARN herdr::raw_input: flushing lone escape after input timeout; if this follows an alt chord or focus switch it may reach the pane as plain esc bytes=[27]
2026-08-03T04:08:08.398341Z  WARN herdr::raw_input: flushing lone escape after input timeout; if this follows an alt chord or focus switch it may reach the pane as plain esc bytes=[27]
2026-08-03T04:08:19.011745Z  WARN herdr::raw_input: flushing lone escape after input timeout; if this follows an alt chord or focus switch it may reach the pane as plain esc bytes=[27]
2026-08-03T04:08:19.012039Z  WARN herdr::raw_input: flushing lone escape after input timeout; if this follows an alt chord or focus switch it may reach the pane as plain esc bytes=[27]
2026-08-03T04:08:51.356731Z  WARN herdr::raw_input: flushing lone escape after input timeout; if this follows an alt chord or focus switch it may reach the pane as plain esc bytes=[27]
2026-08-03T04:08:51.357302Z  WARN herdr::raw_input: flushing lone escape after input timeout; if this follows an alt chord or focus switch it may reach the pane as plain esc bytes=[27]
2026-08-03T04:09:07.272080Z  WARN herdr::raw_input: flushing lone escape after input timeout; if this follows an alt chord or focus switch it may reach the pane as plain esc bytes=[27]
2026-08-03T04:09:07.272389Z  WARN herdr::raw_input: flushing lone escape after input timeout; if this follows an alt chord or focus switch it may reach the pane as plain esc bytes=[27]
2026-08-03T04:09:34.269199Z  WARN herdr::raw_input: flushing lone escape after input timeout; if this follows an alt chord or focus switch it may reach the pane as plain esc bytes=[27]
2026-08-03T04:09:34.270931Z  WARN herdr::raw_input: flushing lone escape after input timeout; if this follows an alt chord or focus switch it may reach the pane as plain esc bytes=[27]
2026-08-03T04:09:49.392314Z  WARN herdr::raw_input: flushing lone escape after input timeout; if this follows an alt chord or focus switch it may reach the pane as plain esc bytes=[27]
2026-08-03T04:09:49.393354Z  WARN herdr::raw_input: flushing lone escape after input timeout; if this follows an alt chord or focus switch it may reach the pane as plain esc bytes=[27]
2026-08-03T04:10:11.131952Z  WARN herdr::raw_input: flushing lone escape after input timeout; if this follows an alt chord or focus switch it may reach the pane as plain esc bytes=[27]
2026-08-03T04:10:11.132413Z  WARN herdr::raw_input: flushing lone escape after input timeout; if this follows an alt chord or focus switch it may reach the pane as plain esc bytes=[27]
2026-08-03T04:10:16.125893Z  WARN herdr::raw_input: flushing lone escape after input timeout; if this follows an alt chord or focus switch it may reach the pane as plain esc bytes=[27]
2026-08-03T04:10:16.125993Z  WARN herdr::raw_input: flushing lone escape after input timeout; if this follows an alt chord or focus switch it may reach the pane as plain esc bytes=[27]
2026-08-03T04:10:51.535527Z  WARN herdr::raw_input: flushing lone escape after input timeout; if this follows an alt chord or focus switch it may reach the pane as plain esc bytes=[27]
2026-08-03T04:10:51.536247Z  WARN herdr::raw_input: flushing lone escape after input timeout; if this follows an alt chord or focus switch it may reach the pane as plain esc bytes=[27]
2026-08-03T04:10:54.382626Z  WARN herdr::raw_input: flushing lone escape after input timeout; if this follows an alt chord or focus switch it may reach the pane as plain esc bytes=[27]
2026-08-03T04:10:54.382685Z  WARN herdr::raw_input: flushing lone escape after input timeout; if this follows an alt chord or focus switch it may reach the pane as plain esc bytes=[27]
2026-08-03T04:11:29.933326Z  WARN herdr::raw_input: flushing lone escape after input timeout; if this follows an alt chord or focus switch it may reach the pane as plain esc bytes=[27]
2026-08-03T04:11:29.934584Z  WARN herdr::raw_input: flushing lone escape after input timeout; if this follows an alt chord or focus switch it may reach the pane as plain esc bytes=[27]
2026-08-03T04:11:44.286992Z  WARN herdr::raw_input: flushing lone escape after input timeout; if this follows an alt chord or focus switch it may reach the pane as plain esc bytes=[27]
2026-08-03T04:11:44.287797Z  WARN herdr::raw_input: flushing lone escape after input timeout; if this follows an alt chord or focus switch it may reach the pane as plain esc bytes=[27]
2026-08-03T04:12:35.628058Z  WARN herdr::raw_input: flushing lone escape after input timeout; if this follows an alt chord or focus switch it may reach the pane as plain esc bytes=[27]
2026-08-03T04:12:35.628907Z  WARN herdr::raw_input: flushing lone escape after input timeout; if this follows an alt chord or focus switch it may reach the pane as plain esc bytes=[27]
2026-08-03T04:12:45.350657Z  WARN herdr::raw_input: flushing lone escape after input timeout; if this follows an alt chord or focus switch it may reach the pane as plain esc bytes=[27]
2026-08-03T04:12:45.350969Z  WARN herdr::raw_input: flushing lone escape after input timeout; if this follows an alt chord or focus switch it may reach the pane as plain esc bytes=[27]
2026-08-03T04:13:07.290811Z  WARN herdr::raw_input: flushing lone escape after input timeout; if this follows an alt chord or focus switch it may reach the pane as plain esc bytes=[27]
2026-08-03T04:13:07.291570Z  WARN herdr::raw_input: flushing lone escape after input timeout; if this follows an alt chord or focus switch it may reach the pane as plain esc bytes=[27]
2026-08-03T04:13:25.785636Z  WARN herdr::raw_input: flushing lone escape after input timeout; if this follows an alt chord or focus switch it may reach the pane as plain esc bytes=[27]
2026-08-03T04:13:25.786506Z  WARN herdr::raw_input: flushing lone escape after input timeout; if this follows an alt chord or focus switch it may reach the pane as plain esc bytes=[27]
2026-08-03T04:13:46.371430Z  WARN herdr::raw_input: flushing lone escape after input timeout; if this follows an alt chord or focus switch it may reach the pane as plain esc bytes=[27]
2026-08-03T04:13:46.372296Z  WARN herdr::raw_input: flushing lone escape after input timeout; if this follows an alt chord or focus switch it may reach the pane as plain esc bytes=[27]
2026-08-03T04:13:52.060821Z  WARN herdr::raw_input: flushing lone escape after input timeout; if this follows an alt chord or focus switch it may reach the pane as plain esc bytes=[27]
2026-08-03T04:13:52.061244Z  WARN herdr::raw_input: flushing lone escape after input timeout; if this follows an alt chord or focus switch it may reach the pane as plain esc bytes=[27]
2026-08-03T04:14:02.447253Z  WARN herdr::raw_input: flushing lone escape after input timeout; if this follows an alt chord or focus switch it may reach the pane as plain esc bytes=[27]
2026-08-03T04:14:02.447592Z  WARN herdr::raw_input: flushing lone escape after input timeout; if this follows an alt chord or focus switch it may reach the pane as plain esc bytes=[27]
2026-08-03T04:14:07.857413Z  WARN herdr::raw_input: flushing lone escape after input timeout; if this follows an alt chord or focus switch it may reach the pane as plain esc bytes=[27]
2026-08-03T04:14:07.857674Z  WARN herdr::raw_input: flushing lone escape after input timeout; if this follows an alt chord or focus switch it may reach the pane as plain esc bytes=[27]
2026-08-03T04:14:30.657360Z  WARN herdr::raw_input: flushing lone escape after input timeout; if this follows an alt chord or focus switch it may reach the pane as plain esc bytes=[27]
2026-08-03T04:14:30.658126Z  WARN herdr::raw_input: flushing lone escape after input timeout; if this follows an alt chord or focus switch it may reach the pane as plain esc bytes=[27]
2026-08-03T04:14:32.692586Z  WARN herdr::raw_input: flushing lone escape after input timeout; if this follows an alt chord or focus switch it may reach the pane as plain esc bytes=[27]
2026-08-03T04:14:32.693324Z  WARN herdr::raw_input: flushing lone escape after input timeout; if this follows an alt chord or focus switch it may reach the pane as plain esc bytes=[27]
2026-08-03T04:15:12.633788Z  WARN herdr::raw_input: flushing lone escape after input timeout; if this follows an alt chord or focus switch it may reach the pane as plain esc bytes=[27]
2026-08-03T04:15:12.635512Z  WARN herdr::raw_input: flushing lone escape after input timeout; if this follows an alt chord or focus switch it may reach the pane as plain esc bytes=[27]
2026-08-03T04:16:12.276481Z  WARN herdr::raw_input: flushing lone escape after input timeout; if this follows an alt chord or focus switch it may reach the pane as plain esc bytes=[27]
2026-08-03T04:16:12.277479Z  WARN herdr::raw_input: flushing lone escape after input timeout; if this follows an alt chord or focus switch it may reach the pane as plain esc bytes=[27]
2026-08-03T04:18:29.398773Z  WARN herdr::raw_input: flushing lone escape after input timeout; if this follows an alt chord or focus switch it may reach the pane as plain esc bytes=[27]
2026-08-03T04:18:29.399229Z  WARN herdr::raw_input: flushing lone escape after input timeout; if this follows an alt chord or focus switch it may reach the pane as plain esc bytes=[27]
2026-08-03T04:19:55.333212Z  WARN herdr::raw_input: flushing lone escape after input timeout; if this follows an alt chord or focus switch it may reach the pane as plain esc bytes=[27]
2026-08-03T04:19:55.334909Z  WARN herdr::raw_input: flushing lone escape after input timeout; if this follows an alt chord or focus switch it may reach the pane as plain esc bytes=[27]
2026-08-03T05:33:57.996705Z  WARN herdr::raw_input: flushing lone escape after input timeout; if this follows an alt chord or focus switch it may reach the pane as plain esc bytes=[27]
2026-08-03T05:33:57.998495Z  WARN herdr::raw_input: flushing lone escape after input timeout; if this follows an alt chord or focus switch it may reach the pane as plain esc bytes=[27]
2026-08-03T05:34:22.693219Z  WARN herdr::raw_input: flushing lone escape after input timeout; if this follows an alt chord or focus switch it may reach the pane as plain esc bytes=[27]
2026-08-03T05:34:22.693710Z  WARN herdr::raw_input: flushing lone escape after input timeout; if this follows an alt chord or focus switch it may reach the pane as plain esc bytes=[27]
2026-08-03T05:34:36.703926Z  WARN herdr::raw_input: flushing lone escape after input timeout; if this follows an alt chord or focus switch it may reach the pane as plain esc bytes=[27]
2026-08-03T05:34:36.704999Z  WARN herdr::raw_input: flushing lone escape after input timeout; if this follows an alt chord or focus switch it may reach the pane as plain esc bytes=[27]
2026-08-03T05:35:15.441757Z  WARN herdr::raw_input: flushing lone escape after input timeout; if this follows an alt chord or focus switch it may reach the pane as plain esc bytes=[27]
2026-08-03T05:35:15.442105Z  WARN herdr::raw_input: flushing lone escape after input timeout; if this follows an alt chord or focus switch it may reach the pane as plain esc bytes=[27]
2026-08-03T05:35:19.746002Z  WARN herdr::raw_input: flushing lone escape after input timeout; if this follows an alt chord or focus switch it may reach the pane as plain esc bytes=[27]
2026-08-03T05:35:19.746131Z  WARN herdr::raw_input: flushing lone escape after input timeout; if this follows an alt chord or focus switch it may reach the pane as plain esc bytes=[27]
2026-08-03T05:35:19.964554Z  WARN herdr::raw_input: flushing lone escape after input timeout; if this follows an alt chord or focus switch it may reach the pane as plain esc bytes=[27]
2026-08-03T05:35:19.965340Z  WARN herdr::raw_input: flushing lone escape after input timeout; if this follows an alt chord or focus switch it may reach the pane as plain esc bytes=[27]
2026-08-03T05:36:40.563298Z  WARN herdr::raw_input: flushing lone escape after input timeout; if this follows an alt chord or focus switch it may reach the pane as plain esc bytes=[27]
2026-08-03T05:36:40.565603Z  WARN herdr::raw_input: flushing lone escape after input timeout; if this follows an alt chord or focus switch it may reach the pane as plain esc bytes=[27]
2026-08-03T05:36:55.256858Z  WARN herdr::raw_input: flushing lone escape after input timeout; if this follows an alt chord or focus switch it may reach the pane as plain esc bytes=[27]
2026-08-03T05:36:55.258229Z  WARN herdr::raw_input: flushing lone escape after input timeout; if this follows an alt chord or focus switch it may reach the pane as plain esc bytes=[27]
2026-08-03T05:36:55.484245Z  WARN herdr::raw_input: flushing lone escape after input timeout; if this follows an alt chord or focus switch it may reach the pane as plain esc bytes=[27]
2026-08-03T05:36:55.484361Z  WARN herdr::raw_input: flushing lone escape after input timeout; if this follows an alt chord or focus switch it may reach the pane as plain esc bytes=[27]
2026-08-03T05:37:07.348927Z  WARN herdr::raw_input: flushing lone escape after input timeout; if this follows an alt chord or focus switch it may reach the pane as plain esc bytes=[27]
2026-08-03T05:37:07.349367Z  WARN herdr::raw_input: flushing lone escape after input timeout; if this follows an alt chord or focus switch it may reach the pane as plain esc bytes=[27]
2026-08-03T05:37:28.948803Z  WARN herdr::raw_input: flushing lone escape after input timeout; if this follows an alt chord or focus switch it may reach the pane as plain esc bytes=[27]
2026-08-03T05:37:28.950750Z  WARN herdr::raw_input: flushing lone escape after input timeout; if this follows an alt chord or focus switch it may reach the pane as plain esc bytes=[27]
2026-08-03T05:38:17.478649Z  WARN herdr::raw_input: flushing lone escape after input timeout; if this follows an alt chord or focus switch it may reach the pane as plain esc bytes=[27]
2026-08-03T05:38:17.479789Z  WARN herdr::raw_input: flushing lone escape after input timeout; if this follows an alt chord or focus switch it may reach the pane as plain esc bytes=[27]
2026-08-03T05:38:21.797620Z  WARN herdr::raw_input: flushing lone escape after input timeout; if this follows an alt chord or focus switch it may reach the pane as plain esc bytes=[27]
2026-08-03T05:38:21.797983Z  WARN herdr::raw_input: flushing lone escape after input timeout; if this follows an alt chord or focus switch it may reach the pane as plain esc bytes=[27]
2026-08-03T05:38:22.064143Z  WARN herdr::raw_input: flushing lone escape after input timeout; if this follows an alt chord or focus switch it may reach the pane as plain esc bytes=[27]
2026-08-03T05:38:22.064288Z  WARN herdr::raw_input: flushing lone escape after input timeout; if this follows an alt chord or focus switch it may reach the pane as plain esc bytes=[27]
2026-08-03T05:39:46.091698Z  WARN herdr::raw_input: flushing lone escape after input timeout; if this follows an alt chord or focus switch it may reach the pane as plain esc bytes=[27]
2026-08-03T05:39:46.092256Z  WARN herdr::raw_input: flushing lone escape after input timeout; if this follows an alt chord or focus switch it may reach the pane as plain esc bytes=[27]
2026-08-03T05:39:46.331085Z  WARN herdr::raw_input: flushing lone escape after input timeout; if this follows an alt chord or focus switch it may reach the pane as plain esc bytes=[27]
2026-08-03T05:39:46.332329Z  WARN herdr::raw_input: flushing lone escape after input timeout; if this follows an alt chord or focus switch it may reach the pane as plain esc bytes=[27]
2026-08-03T05:39:48.512143Z  WARN herdr::raw_input: flushing lone escape after input timeout; if this follows an alt chord or focus switch it may reach the pane as plain esc bytes=[27]
2026-08-03T05:39:48.512604Z  WARN herdr::raw_input: flushing lone escape after input timeout; if this follows an alt chord or focus switch it may reach the pane as plain esc bytes=[27]
2026-08-03T05:39:48.731914Z  WARN herdr::raw_input: flushing lone escape after input timeout; if this follows an alt chord or focus switch it may reach the pane as plain esc bytes=[27]
2026-08-03T05:39:48.732273Z  WARN herdr::raw_input: flushing lone escape after input timeout; if this follows an alt chord or focus switch it may reach the pane as plain esc bytes=[27]
2026-08-03T05:40:02.405796Z  WARN herdr::raw_input: flushing lone escape after input timeout; if this follows an alt chord or focus switch it may reach the pane as plain esc bytes=[27]
2026-08-03T05:40:02.407600Z  WARN herdr::raw_input: flushing lone escape after input timeout; if this follows an alt chord or focus switch it may reach the pane as plain esc bytes=[27]
2026-08-03T05:40:11.201043Z  WARN herdr::raw_input: flushing lone escape after input timeout; if this follows an alt chord or focus switch it may reach the pane as plain esc bytes=[27]
2026-08-03T05:40:11.202050Z  WARN herdr::raw_input: flushing lone escape after input timeout; if this follows an alt chord or focus switch it may reach the pane as plain esc bytes=[27]
2026-08-03T05:40:35.021748Z  WARN herdr::raw_input: flushing lone escape after input timeout; if this follows an alt chord or focus switch it may reach the pane as plain esc bytes=[27]
2026-08-03T05:40:35.022048Z  WARN herdr::raw_input: flushing lone escape after input timeout; if this follows an alt chord or focus switch it may reach the pane as plain esc bytes=[27]
2026-08-03T05:41:11.997434Z  WARN herdr::raw_input: flushing lone escape after input timeout; if this follows an alt chord or focus switch it may reach the pane as plain esc bytes=[27]
2026-08-03T05:41:11.998824Z  WARN herdr::raw_input: flushing lone escape after input timeout; if this follows an alt chord or focus switch it may reach the pane as plain esc bytes=[27]
2026-08-03T05:42:30.853831Z  WARN herdr::raw_input: flushing lone escape after input timeout; if this follows an alt chord or focus switch it may reach the pane as plain esc bytes=[27]
2026-08-03T05:42:30.856228Z  WARN herdr::raw_input: flushing lone escape after input timeout; if this follows an alt chord or focus switch it may reach the pane as plain esc bytes=[27]
2026-08-03T05:45:01.977193Z  WARN herdr::raw_input: flushing lone escape after input timeout; if this follows an alt chord or focus switch it may reach the pane as plain esc bytes=[27]
2026-08-03T05:45:01.978321Z  WARN herdr::raw_input: flushing lone escape after input timeout; if this follows an alt chord or focus switch it may reach the pane as plain esc bytes=[27]
2026-08-03T05:45:11.820456Z  WARN herdr::raw_input: flushing lone escape after input timeout; if this follows an alt chord or focus switch it may reach the pane as plain esc bytes=[27]
2026-08-03T05:45:11.820689Z  WARN herdr::raw_input: flushing lone escape after input timeout; if this follows an alt chord or focus switch it may reach the pane as plain esc bytes=[27]
2026-08-03T05:45:19.304107Z  WARN herdr::raw_input: flushing lone escape after input timeout; if this follows an alt chord or focus switch it may reach the pane as plain esc bytes=[27]
2026-08-03T05:45:19.304439Z  WARN herdr::raw_input: flushing lone escape after input timeout; if this follows an alt chord or focus switch it may reach the pane as plain esc bytes=[27]
2026-08-03T05:45:42.328370Z  WARN herdr::raw_input: flushing lone escape after input timeout; if this follows an alt chord or focus switch it may reach the pane as plain esc bytes=[27]
2026-08-03T05:45:42.329793Z  WARN herdr::raw_input: flushing lone escape after input timeout; if this follows an alt chord or focus switch it may reach the pane as plain esc bytes=[27]
2026-08-03T05:46:10.769353Z  WARN herdr::raw_input: flushing lone escape after input timeout; if this follows an alt chord or focus switch it may reach the pane as plain esc bytes=[27]
2026-08-03T05:46:10.770046Z  WARN herdr::raw_input: flushing lone escape after input timeout; if this follows an alt chord or focus switch it may reach the pane as plain esc bytes=[27]
2026-08-03T05:48:44.987459Z  WARN herdr::raw_input: flushing lone escape after input timeout; if this follows an alt chord or focus switch it may reach the pane as plain esc bytes=[27]
2026-08-03T05:48:44.988863Z  WARN herdr::raw_input: flushing lone escape after input timeout; if this follows an alt chord or focus switch it may reach the pane as plain esc bytes=[27]
2026-08-03T05:48:49.233954Z  WARN herdr::raw_input: flushing lone escape after input timeout; if this follows an alt chord or focus switch it may reach the pane as plain esc bytes=[27]
2026-08-03T05:48:49.234015Z  WARN herdr::raw_input: flushing lone escape after input timeout; if this follows an alt chord or focus switch it may reach the pane as plain esc bytes=[27]
2026-08-03T05:49:08.536617Z  WARN herdr::raw_input: flushing lone escape after input timeout; if this follows an alt chord or focus switch it may reach the pane as plain esc bytes=[27]
2026-08-03T05:49:08.537569Z  WARN herdr::raw_input: flushing lone escape after input timeout; if this follows an alt chord or focus switch it may reach the pane as plain esc bytes=[27]
2026-08-03T05:49:19.351876Z  WARN herdr::raw_input: flushing lone escape after input timeout; if this follows an alt chord or focus switch it may reach the pane as plain esc bytes=[27]
2026-08-03T05:49:19.352305Z  WARN herdr::raw_input: flushing lone escape after input timeout; if this follows an alt chord or focus switch it may reach the pane as plain esc bytes=[27]
2026-08-03T05:49:28.323686Z  WARN herdr::raw_input: flushing lone escape after input timeout; if this follows an alt chord or focus switch it may reach the pane as plain esc bytes=[27]
2026-08-03T05:49:28.324259Z  WARN herdr::raw_input: flushing lone escape after input timeout; if this follows an alt chord or focus switch it may reach the pane as plain esc bytes=[27]
2026-08-03T14:12:39.275063Z  WARN herdr::raw_input: flushing lone escape after input timeout; if this follows an alt chord or focus switch it may reach the pane as plain esc bytes=[27]
2026-08-03T14:12:39.276875Z  WARN herdr::raw_input: flushing lone escape after input timeout; if this follows an alt chord or focus switch it may reach the pane as plain esc bytes=[27]
2026-08-03T14:12:39.504207Z  WARN herdr::raw_input: flushing lone escape after input timeout; if this follows an alt chord or focus switch it may reach the pane as plain esc bytes=[27]
2026-08-03T14:12:39.504984Z  WARN herdr::raw_input: flushing lone escape after input timeout; if this follows an alt chord or focus switch it may reach the pane as plain esc bytes=[27]
2026-08-03T14:13:19.582105Z  WARN herdr::raw_input: flushing lone escape after input timeout; if this follows an alt chord or focus switch it may reach the pane as plain esc bytes=[27]
2026-08-03T14:13:19.583980Z  WARN herdr::raw_input: flushing lone escape after input timeout; if this follows an alt chord or focus switch it may reach the pane as plain esc bytes=[27]
2026-08-03T14:17:41.849606Z  WARN herdr::raw_input: flushing lone escape after input timeout; if this follows an alt chord or focus switch it may reach the pane as plain esc bytes=[27]
2026-08-03T14:17:41.851747Z  WARN herdr::raw_input: flushing lone escape after input timeout; if this follows an alt chord or focus switch it may reach the pane as plain esc bytes=[27]
2026-08-03T14:17:42.037076Z  WARN herdr::raw_input: flushing lone escape after input timeout; if this follows an alt chord or focus switch it may reach the pane as plain esc bytes=[27]
2026-08-03T14:17:42.037221Z  WARN herdr::raw_input: flushing lone escape after input timeout; if this follows an alt chord or focus switch it may reach the pane as plain esc bytes=[27]
2026-08-03T14:18:12.464048Z  WARN herdr::raw_input: flushing lone escape after input timeout; if this follows an alt chord or focus switch it may reach the pane as plain esc bytes=[27]
2026-08-03T14:18:12.465955Z  WARN herdr::raw_input: flushing lone escape after input timeout; if this follows an alt chord or focus switch it may reach the pane as plain esc bytes=[27]
2026-08-03T14:18:28.758519Z  WARN herdr::raw_input: flushing lone escape after input timeout; if this follows an alt chord or focus switch it may reach the pane as plain esc bytes=[27]
2026-08-03T14:18:28.760517Z  WARN herdr::raw_input: flushing lone escape after input timeout; if this follows an alt chord or focus switch it may reach the pane as plain esc bytes=[27]
2026-08-03T14:25:28.531501Z  WARN herdr::raw_input: flushing lone escape after input timeout; if this follows an alt chord or focus switch it may reach the pane as plain esc bytes=[27]
2026-08-03T14:25:28.533229Z  WARN herdr::raw_input: flushing lone escape after input timeout; if this follows an alt chord or focus switch it may reach the pane as plain esc bytes=[27]
2026-08-03T14:25:51.105240Z  WARN herdr::raw_input: flushing lone escape after input timeout; if this follows an alt chord or focus switch it may reach the pane as plain esc bytes=[27]
2026-08-03T14:25:51.105497Z  WARN herdr::raw_input: flushing lone escape after input timeout; if this follows an alt chord or focus switch it may reach the pane as plain esc bytes=[27]
2026-08-03T14:25:53.521690Z  WARN herdr::raw_input: flushing lone escape after input timeout; if this follows an alt chord or focus switch it may reach the pane as plain esc bytes=[27]
2026-08-03T14:25:53.521752Z  WARN herdr::raw_input: flushing lone escape after input timeout; if this follows an alt chord or focus switch it may reach the pane as plain esc bytes=[27]
2026-08-03T14:25:53.711630Z  WARN herdr::raw_input: flushing lone escape after input timeout; if this follows an alt chord or focus switch it may reach the pane as plain esc bytes=[27]
2026-08-03T14:25:53.711691Z  WARN herdr::raw_input: flushing lone escape after input timeout; if this follows an alt chord or focus switch it may reach the pane as plain esc bytes=[27]
2026-08-03T14:26:03.365503Z  WARN herdr::raw_input: flushing lone escape after input timeout; if this follows an alt chord or focus switch it may reach the pane as plain esc bytes=[27]
2026-08-03T14:26:03.365797Z  WARN herdr::raw_input: flushing lone escape after input timeout; if this follows an alt chord or focus switch it may reach the pane as plain esc bytes=[27]
2026-08-03T14:26:07.678558Z  WARN herdr::raw_input: flushing lone escape after input timeout; if this follows an alt chord or focus switch it may reach the pane as plain esc bytes=[27]
2026-08-03T14:26:07.678873Z  WARN herdr::raw_input: flushing lone escape after input timeout; if this follows an alt chord or focus switch it may reach the pane as plain esc bytes=[27]
2026-08-03T14:26:15.143478Z  WARN herdr::raw_input: flushing lone escape after input timeout; if this follows an alt chord or focus switch it may reach the pane as plain esc bytes=[27]
2026-08-03T14:26:15.144839Z  WARN herdr::raw_input: flushing lone escape after input timeout; if this follows an alt chord or focus switch it may reach the pane as plain esc bytes=[27]
2026-08-03T14:26:23.954313Z  WARN herdr::raw_input: flushing lone escape after input timeout; if this follows an alt chord or focus switch it may reach the pane as plain esc bytes=[27]
2026-08-03T14:26:23.955224Z  WARN herdr::raw_input: flushing lone escape after input timeout; if this follows an alt chord or focus switch it may reach the pane as plain esc bytes=[27]
2026-08-03T14:26:50.099696Z  WARN herdr::raw_input: flushing lone escape after input timeout; if this follows an alt chord or focus switch it may reach the pane as plain esc bytes=[27]
2026-08-03T14:26:50.100474Z  WARN herdr::raw_input: flushing lone escape after input timeout; if this follows an alt chord or focus switch it may reach the pane as plain esc bytes=[27]
2026-08-03T14:26:54.527752Z  WARN herdr::raw_input: flushing lone escape after input timeout; if this follows an alt chord or focus switch it may reach the pane as plain esc bytes=[27]
2026-08-03T14:26:54.527848Z  WARN herdr::raw_input: flushing lone escape after input timeout; if this follows an alt chord or focus switch it may reach the pane as plain esc bytes=[27]
2026-08-03T14:27:02.364743Z  WARN herdr::raw_input: flushing lone escape after input timeout; if this follows an alt chord or focus switch it may reach the pane as plain esc bytes=[27]
2026-08-03T14:27:02.366166Z  WARN herdr::raw_input: flushing lone escape after input timeout; if this follows an alt chord or focus switch it may reach the pane as plain esc bytes=[27]
2026-08-03T14:27:33.298475Z  WARN herdr::raw_input: flushing lone escape after input timeout; if this follows an alt chord or focus switch it may reach the pane as plain esc bytes=[27]
2026-08-03T14:27:33.299436Z  WARN herdr::raw_input: flushing lone escape after input timeout; if this follows an alt chord or focus switch it may reach the pane as plain esc bytes=[27]
2026-08-03T14:28:07.414179Z  WARN herdr::raw_input: flushing lone escape after input timeout; if this follows an alt chord or focus switch it may reach the pane as plain esc bytes=[27]
2026-08-03T14:28:07.415060Z  WARN herdr::raw_input: flushing lone escape after input timeout; if this follows an alt chord or focus switch it may reach the pane as plain esc bytes=[27]
2026-08-03T14:28:07.577443Z  WARN herdr::raw_input: flushing lone escape after input timeout; if this follows an alt chord or focus switch it may reach the pane as plain esc bytes=[27]
2026-08-03T14:28:07.577869Z  WARN herdr::raw_input: flushing lone escape after input timeout; if this follows an alt chord or focus switch it may reach the pane as plain esc bytes=[27]
2026-08-03T14:28:16.889541Z  WARN herdr::raw_input: flushing lone escape after input timeout; if this follows an alt chord or focus switch it may reach the pane as plain esc bytes=[27]
2026-08-03T14:28:16.889626Z  WARN herdr::raw_input: flushing lone escape after input timeout; if this follows an alt chord or focus switch it may reach the pane as plain esc bytes=[27]
2026-08-03T14:28:23.486627Z  WARN herdr::raw_input: flushing lone escape after input timeout; if this follows an alt chord or focus switch it may reach the pane as plain esc bytes=[27]
2026-08-03T14:28:23.488555Z  WARN herdr::raw_input: flushing lone escape after input timeout; if this follows an alt chord or focus switch it may reach the pane as plain esc bytes=[27]
2026-08-03T14:28:23.660767Z  WARN herdr::raw_input: flushing lone escape after input timeout; if this follows an alt chord or focus switch it may reach the pane as plain esc bytes=[27]
2026-08-03T14:28:23.661163Z  WARN herdr::raw_input: flushing lone escape after input timeout; if this follows an alt chord or focus switch it may reach the pane as plain esc bytes=[27]
2026-08-03T14:28:57.042185Z  WARN herdr::raw_input: flushing lone escape after input timeout; if this follows an alt chord or focus switch it may reach the pane as plain esc bytes=[27]
2026-08-03T14:28:57.043652Z  WARN herdr::raw_input: flushing lone escape after input timeout; if this follows an alt chord or focus switch it may reach the pane as plain esc bytes=[27]
2026-08-03T14:29:05.759420Z  WARN herdr::raw_input: flushing lone escape after input timeout; if this follows an alt chord or focus switch it may reach the pane as plain esc bytes=[27]
2026-08-03T14:29:05.761228Z  WARN herdr::raw_input: flushing lone escape after input timeout; if this follows an alt chord or focus switch it may reach the pane as plain esc bytes=[27]
2026-08-03T14:30:34.816054Z  WARN herdr::raw_input: flushing lone escape after input timeout; if this follows an alt chord or focus switch it may reach the pane as plain esc bytes=[27]
2026-08-03T14:30:34.818016Z  WARN herdr::raw_input: flushing lone escape after input timeout; if this follows an alt chord or focus switch it may reach the pane as plain esc bytes=[27]
2026-08-03T14:34:52.785677Z  WARN herdr::raw_input: flushing lone escape after input timeout; if this follows an alt chord or focus switch it may reach the pane as plain esc bytes=[27]
2026-08-03T14:34:52.786575Z  WARN herdr::raw_input: flushing lone escape after input timeout; if this follows an alt chord or focus switch it may reach the pane as plain esc bytes=[27]
2026-08-03T14:35:53.515276Z  WARN herdr::raw_input: flushing lone escape after input timeout; if this follows an alt chord or focus switch it may reach the pane as plain esc bytes=[27]
2026-08-03T14:35:53.516636Z  WARN herdr::raw_input: flushing lone escape after input timeout; if this follows an alt chord or focus switch it may reach the pane as plain esc bytes=[27]
2026-08-03T14:36:06.932490Z  WARN herdr::raw_input: flushing lone escape after input timeout; if this follows an alt chord or focus switch it may reach the pane as plain esc bytes=[27]
2026-08-03T14:36:06.932748Z  WARN herdr::raw_input: flushing lone escape after input timeout; if this follows an alt chord or focus switch it may reach the pane as plain esc bytes=[27]
2026-08-03T14:36:32.519970Z  WARN herdr::raw_input: flushing lone escape after input timeout; if this follows an alt chord or focus switch it may reach the pane as plain esc bytes=[27]
2026-08-03T14:36:32.521554Z  WARN herdr::raw_input: flushing lone escape after input timeout; if this follows an alt chord or focus switch it may reach the pane as plain esc bytes=[27]
2026-08-03T14:36:50.399739Z  WARN herdr::raw_input: flushing lone escape after input timeout; if this follows an alt chord or focus switch it may reach the pane as plain esc bytes=[27]
2026-08-03T14:36:50.400806Z  WARN herdr::raw_input: flushing lone escape after input timeout; if this follows an alt chord or focus switch it may reach the pane as plain esc bytes=[27]
2026-08-03T14:36:54.796618Z  WARN herdr::raw_input: flushing lone escape after input timeout; if this follows an alt chord or focus switch it may reach the pane as plain esc bytes=[27]
2026-08-03T14:36:54.796765Z  WARN herdr::raw_input: flushing lone escape after input timeout; if this follows an alt chord or focus switch it may reach the pane as plain esc bytes=[27]
2026-08-03T14:36:57.751603Z  WARN herdr::raw_input: flushing lone escape after input timeout; if this follows an alt chord or focus switch it may reach the pane as plain esc bytes=[27]
2026-08-03T14:36:57.751907Z  WARN herdr::raw_input: flushing lone escape after input timeout; if this follows an alt chord or focus switch it may reach the pane as plain esc bytes=[27]
2026-08-03T14:37:54.005296Z  WARN herdr::raw_input: flushing lone escape after input timeout; if this follows an alt chord or focus switch it may reach the pane as plain esc bytes=[27]
2026-08-03T14:37:54.006170Z  WARN herdr::raw_input: flushing lone escape after input timeout; if this follows an alt chord or focus switch it may reach the pane as plain esc bytes=[27]
2026-08-03T14:38:26.520198Z  WARN herdr::raw_input: flushing lone escape after input timeout; if this follows an alt chord or focus switch it may reach the pane as plain esc bytes=[27]
2026-08-03T14:38:26.521111Z  WARN herdr::raw_input: flushing lone escape after input timeout; if this follows an alt chord or focus switch it may reach the pane as plain esc bytes=[27]
2026-08-03T14:38:39.113560Z  WARN herdr::raw_input: flushing lone escape after input timeout; if this follows an alt chord or focus switch it may reach the pane as plain esc bytes=[27]
2026-08-03T14:38:39.114417Z  WARN herdr::raw_input: flushing lone escape after input timeout; if this follows an alt chord or focus switch it may reach the pane as plain esc bytes=[27]
2026-08-03T14:38:54.955000Z  WARN herdr::raw_input: flushing lone escape after input timeout; if this follows an alt chord or focus switch it may reach the pane as plain esc bytes=[27]
2026-08-03T14:38:54.955368Z  WARN herdr::raw_input: flushing lone escape after input timeout; if this follows an alt chord or focus switch it may reach the pane as plain esc bytes=[27]
2026-08-03T14:39:29.601275Z  WARN herdr::raw_input: flushing lone escape after input timeout; if this follows an alt chord or focus switch it may reach the pane as plain esc bytes=[27]
2026-08-03T14:39:29.602795Z  WARN herdr::raw_input: flushing lone escape after input timeout; if this follows an alt chord or focus switch it may reach the pane as plain esc bytes=[27]
2026-08-03T14:39:38.353729Z  WARN herdr::raw_input: flushing lone escape after input timeout; if this follows an alt chord or focus switch it may reach the pane as plain esc bytes=[27]
2026-08-03T14:39:38.355646Z  WARN herdr::raw_input: flushing lone escape after input timeout; if this follows an alt chord or focus switch it may reach the pane as plain esc bytes=[27]
2026-08-03T14:39:58.568297Z  WARN herdr::raw_input: flushing lone escape after input timeout; if this follows an alt chord or focus switch it may reach the pane as plain esc bytes=[27]
2026-08-03T14:39:58.568604Z  WARN herdr::raw_input: flushing lone escape after input timeout; if this follows an alt chord or focus switch it may reach the pane as plain esc bytes=[27]
2026-08-03T14:41:00.228598Z  WARN herdr::raw_input: flushing lone escape after input timeout; if this follows an alt chord or focus switch it may reach the pane as plain esc bytes=[27]
2026-08-03T14:41:00.229056Z  WARN herdr::raw_input: flushing lone escape after input timeout; if this follows an alt chord or focus switch it may reach the pane as plain esc bytes=[27]
2026-08-03T14:41:11.701543Z  WARN herdr::raw_input: flushing lone escape after input timeout; if this follows an alt chord or focus switch it may reach the pane as plain esc bytes=[27]
2026-08-03T14:41:11.702554Z  WARN herdr::raw_input: flushing lone escape after input timeout; if this follows an alt chord or focus switch it may reach the pane as plain esc bytes=[27]
2026-08-03T14:44:52.821256Z  WARN herdr::raw_input: flushing lone escape after input timeout; if this follows an alt chord or focus switch it may reach the pane as plain esc bytes=[27]
2026-08-03T14:44:52.822491Z  WARN herdr::raw_input: flushing lone escape after input timeout; if this follows an alt chord or focus switch it may reach the pane as plain esc bytes=[27]
2026-08-03T14:44:53.195521Z  WARN herdr::raw_input: flushing lone escape after input timeout; if this follows an alt chord or focus switch it may reach the pane as plain esc bytes=[27]
2026-08-03T14:44:53.195640Z  WARN herdr::raw_input: flushing lone escape after input timeout; if this follows an alt chord or focus switch it may reach the pane as plain esc bytes=[27]
2026-08-03T14:45:52.469692Z  WARN herdr::raw_input: flushing lone escape after input timeout; if this follows an alt chord or focus switch it may reach the pane as plain esc bytes=[27]
2026-08-03T14:45:52.470278Z  WARN herdr::raw_input: flushing lone escape after input timeout; if this follows an alt chord or focus switch it may reach the pane as plain esc bytes=[27]
2026-08-03T14:47:23.760182Z  WARN herdr::raw_input: flushing lone escape after input timeout; if this follows an alt chord or focus switch it may reach the pane as plain esc bytes=[27]
2026-08-03T14:47:23.762018Z  WARN herdr::raw_input: flushing lone escape after input timeout; if this follows an alt chord or focus switch it may reach the pane as plain esc bytes=[27]
2026-08-03T14:47:55.324359Z  WARN herdr::raw_input: flushing lone escape after input timeout; if this follows an alt chord or focus switch it may reach the pane as plain esc bytes=[27]
2026-08-03T14:47:55.325843Z  WARN herdr::raw_input: flushing lone escape after input timeout; if this follows an alt chord or focus switch it may reach the pane as plain esc bytes=[27]
2026-08-03T14:48:22.112811Z  WARN herdr::raw_input: flushing lone escape after input timeout; if this follows an alt chord or focus switch it may reach the pane as plain esc bytes=[27]
2026-08-03T14:48:22.114446Z  WARN herdr::raw_input: flushing lone escape after input timeout; if this follows an alt chord or focus switch it may reach the pane as plain esc bytes=[27]
2026-08-03T15:14:09.526994Z  WARN herdr::raw_input: flushing lone escape after input timeout; if this follows an alt chord or focus switch it may reach the pane as plain esc bytes=[27]
2026-08-03T15:14:09.527528Z  WARN herdr::raw_input: flushing lone escape after input timeout; if this follows an alt chord or focus switch it may reach the pane as plain esc bytes=[27]
2026-08-03T15:14:45.736696Z  WARN herdr::raw_input: flushing lone escape after input timeout; if this follows an alt chord or focus switch it may reach the pane as plain esc bytes=[27]
2026-08-03T15:14:45.737057Z  WARN herdr::raw_input: flushing lone escape after input timeout; if this follows an alt chord or focus switch it may reach the pane as plain esc bytes=[27]
2026-08-03T15:15:11.011642Z  WARN herdr::raw_input: flushing lone escape after input timeout; if this follows an alt chord or focus switch it may reach the pane as plain esc bytes=[27]
2026-08-03T15:15:11.012484Z  WARN herdr::raw_input: flushing lone escape after input timeout; if this follows an alt chord or focus switch it may reach the pane as plain esc bytes=[27]
2026-08-03T15:15:14.163496Z  WARN herdr::raw_input: flushing lone escape after input timeout; if this follows an alt chord or focus switch it may reach the pane as plain esc bytes=[27]
2026-08-03T15:15:14.163590Z  WARN herdr::raw_input: flushing lone escape after input timeout; if this follows an alt chord or focus switch it may reach the pane as plain esc bytes=[27]
2026-08-03T15:35:49.413356Z  WARN herdr::raw_input: flushing lone escape after input timeout; if this follows an alt chord or focus switch it may reach the pane as plain esc bytes=[27]
2026-08-03T15:35:49.416233Z  WARN herdr::raw_input: flushing lone escape after input timeout; if this follows an alt chord or focus switch it may reach the pane as plain esc bytes=[27]
2026-08-03T15:35:58.799465Z  WARN herdr::raw_input: flushing lone escape after input timeout; if this follows an alt chord or focus switch it may reach the pane as plain esc bytes=[27]
2026-08-03T15:35:58.800258Z  WARN herdr::raw_input: flushing lone escape after input timeout; if this follows an alt chord or focus switch it may reach the pane as plain esc bytes=[27]
2026-08-04T03:12:31.898641Z  WARN herdr::raw_input: flushing lone escape after input timeout; if this follows an alt chord or focus switch it may reach the pane as plain esc bytes=[27]
2026-08-04T03:12:31.909425Z  WARN herdr::raw_input: flushing lone escape after input timeout; if this follows an alt chord or focus switch it may reach the pane as plain esc bytes=[27]
2026-08-04T03:12:42.566570Z  WARN herdr::raw_input: flushing lone escape after input timeout; if this follows an alt chord or focus switch it may reach the pane as plain esc bytes=[27]
2026-08-04T03:12:42.567118Z  WARN herdr::raw_input: flushing lone escape after input timeout; if this follows an alt chord or focus switch it may reach the pane as plain esc bytes=[27]
2026-08-04T03:41:02.497862Z  INFO herdr::logging: herdr starting event="app.startup" subsystem="client" outcome="started" pid=1857
2026-08-04T03:41:02.498237Z  INFO herdr::client: connecting to server path=/Users/shahid/.config/herdr/herdr-client.sock
2026-08-04T03:41:02.743932Z  INFO herdr::client: handshake succeeded version=19 encoding=SemanticFrame
2026-08-04T03:56:55.612447Z  WARN herdr::raw_input: flushing lone escape after input timeout; if this follows an alt chord or focus switch it may reach the pane as plain esc bytes=[27]
2026-08-04T03:56:55.614185Z  WARN herdr::raw_input: flushing lone escape after input timeout; if this follows an alt chord or focus switch it may reach the pane as plain esc bytes=[27]
2026-08-04T03:57:36.857438Z  WARN herdr::raw_input: flushing lone escape after input timeout; if this follows an alt chord or focus switch it may reach the pane as plain esc bytes=[27]
2026-08-04T03:57:36.858534Z  WARN herdr::raw_input: flushing lone escape after input timeout; if this follows an alt chord or focus switch it may reach the pane as plain esc bytes=[27]
2026-08-04T04:04:54.965740Z  WARN herdr::raw_input: flushing lone escape after input timeout; if this follows an alt chord or focus switch it may reach the pane as plain esc bytes=[27]
2026-08-04T04:04:54.966095Z  WARN herdr::raw_input: flushing lone escape after input timeout; if this follows an alt chord or focus switch it may reach the pane as plain esc bytes=[27]
2026-08-04T04:05:06.368314Z  WARN herdr::raw_input: flushing lone escape after input timeout; if this follows an alt chord or focus switch it may reach the pane as plain esc bytes=[27]
2026-08-04T04:05:06.368604Z  WARN herdr::raw_input: flushing lone escape after input timeout; if this follows an alt chord or focus switch it may reach the pane as plain esc bytes=[27]
2026-08-04T04:05:32.080450Z  WARN herdr::raw_input: flushing lone escape after input timeout; if this follows an alt chord or focus switch it may reach the pane as plain esc bytes=[27]
2026-08-04T04:05:32.081021Z  WARN herdr::raw_input: flushing lone escape after input timeout; if this follows an alt chord or focus switch it may reach the pane as plain esc bytes=[27]
2026-08-04T04:05:43.917229Z  WARN herdr::raw_input: flushing lone escape after input timeout; if this follows an alt chord or focus switch it may reach the pane as plain esc bytes=[27]
2026-08-04T04:05:43.917742Z  WARN herdr::raw_input: flushing lone escape after input timeout; if this follows an alt chord or focus switch it may reach the pane as plain esc bytes=[27]
2026-08-04T04:06:01.131189Z  WARN herdr::raw_input: flushing lone escape after input timeout; if this follows an alt chord or focus switch it may reach the pane as plain esc bytes=[27]
2026-08-04T04:06:01.131948Z  WARN herdr::raw_input: flushing lone escape after input timeout; if this follows an alt chord or focus switch it may reach the pane as plain esc bytes=[27]
2026-08-04T04:06:30.817524Z  WARN herdr::raw_input: flushing lone escape after input timeout; if this follows an alt chord or focus switch it may reach the pane as plain esc bytes=[27]
2026-08-04T04:06:30.818179Z  WARN herdr::raw_input: flushing lone escape after input timeout; if this follows an alt chord or focus switch it may reach the pane as plain esc bytes=[27]
2026-08-04T04:07:15.592158Z  WARN herdr::raw_input: flushing lone escape after input timeout; if this follows an alt chord or focus switch it may reach the pane as plain esc bytes=[27]
2026-08-04T04:07:15.592495Z  WARN herdr::raw_input: flushing lone escape after input timeout; if this follows an alt chord or focus switch it may reach the pane as plain esc bytes=[27]
2026-08-04T04:08:37.450994Z  WARN herdr::raw_input: flushing lone escape after input timeout; if this follows an alt chord or focus switch it may reach the pane as plain esc bytes=[27]
2026-08-04T04:08:37.451740Z  WARN herdr::raw_input: flushing lone escape after input timeout; if this follows an alt chord or focus switch it may reach the pane as plain esc bytes=[27]
2026-08-04T04:08:40.158691Z  WARN herdr::raw_input: flushing lone escape after input timeout; if this follows an alt chord or focus switch it may reach the pane as plain esc bytes=[27]
2026-08-04T04:08:40.158852Z  WARN herdr::raw_input: flushing lone escape after input timeout; if this follows an alt chord or focus switch it may reach the pane as plain esc bytes=[27]
2026-08-04T04:08:40.358017Z  WARN herdr::raw_input: flushing lone escape after input timeout; if this follows an alt chord or focus switch it may reach the pane as plain esc bytes=[27]
2026-08-04T04:08:40.358318Z  WARN herdr::raw_input: flushing lone escape after input timeout; if this follows an alt chord or focus switch it may reach the pane as plain esc bytes=[27]
2026-08-04T04:10:21.982269Z  WARN herdr::raw_input: flushing lone escape after input timeout; if this follows an alt chord or focus switch it may reach the pane as plain esc bytes=[27]
2026-08-04T04:10:21.982615Z  WARN herdr::raw_input: flushing lone escape after input timeout; if this follows an alt chord or focus switch it may reach the pane as plain esc bytes=[27]
2026-08-04T04:10:25.394400Z  WARN herdr::raw_input: flushing lone escape after input timeout; if this follows an alt chord or focus switch it may reach the pane as plain esc bytes=[27]
2026-08-04T04:10:25.394783Z  WARN herdr::raw_input: flushing lone escape after input timeout; if this follows an alt chord or focus switch it may reach the pane as plain esc bytes=[27]
2026-08-04T04:11:05.803029Z  WARN herdr::raw_input: flushing lone escape after input timeout; if this follows an alt chord or focus switch it may reach the pane as plain esc bytes=[27]
2026-08-04T04:11:05.803783Z  WARN herdr::raw_input: flushing lone escape after input timeout; if this follows an alt chord or focus switch it may reach the pane as plain esc bytes=[27]
2026-08-04T04:11:08.397234Z  WARN herdr::raw_input: flushing lone escape after input timeout; if this follows an alt chord or focus switch it may reach the pane as plain esc bytes=[27]
2026-08-04T04:11:08.397559Z  WARN herdr::raw_input: flushing lone escape after input timeout; if this follows an alt chord or focus switch it may reach the pane as plain esc bytes=[27]
2026-08-04T04:11:23.261992Z  WARN herdr::raw_input: flushing lone escape after input timeout; if this follows an alt chord or focus switch it may reach the pane as plain esc bytes=[27]
2026-08-04T04:11:23.262528Z  WARN herdr::raw_input: flushing lone escape after input timeout; if this follows an alt chord or focus switch it may reach the pane as plain esc bytes=[27]
2026-08-04T04:11:52.874602Z  WARN herdr::raw_input: flushing lone escape after input timeout; if this follows an alt chord or focus switch it may reach the pane as plain esc bytes=[27]
2026-08-04T04:11:52.876140Z  WARN herdr::raw_input: flushing lone escape after input timeout; if this follows an alt chord or focus switch it may reach the pane as plain esc bytes=[27]
2026-08-04T04:12:39.507133Z  WARN herdr::raw_input: flushing lone escape after input timeout; if this follows an alt chord or focus switch it may reach the pane as plain esc bytes=[27]
2026-08-04T04:12:39.507461Z  WARN herdr::raw_input: flushing lone escape after input timeout; if this follows an alt chord or focus switch it may reach the pane as plain esc bytes=[27]
2026-08-04T04:12:46.500043Z  WARN herdr::raw_input: flushing lone escape after input timeout; if this follows an alt chord or focus switch it may reach the pane as plain esc bytes=[27]
2026-08-04T04:12:46.500951Z  WARN herdr::raw_input: flushing lone escape after input timeout; if this follows an alt chord or focus switch it may reach the pane as plain esc bytes=[27]
2026-08-04T04:14:02.859643Z  WARN herdr::raw_input: flushing lone escape after input timeout; if this follows an alt chord or focus switch it may reach the pane as plain esc bytes=[27]
2026-08-04T04:14:02.860002Z  WARN herdr::raw_input: flushing lone escape after input timeout; if this follows an alt chord or focus switch it may reach the pane as plain esc bytes=[27]
2026-08-04T04:55:05.279568Z  WARN herdr::raw_input: flushing lone escape after input timeout; if this follows an alt chord or focus switch it may reach the pane as plain esc bytes=[27]
2026-08-04T04:55:05.279832Z  WARN herdr::raw_input: flushing lone escape after input timeout; if this follows an alt chord or focus switch it may reach the pane as plain esc bytes=[27]
2026-08-04T06:21:06.637603Z  WARN herdr::raw_input: flushing lone escape after input timeout; if this follows an alt chord or focus switch it may reach the pane as plain esc bytes=[27]
2026-08-04T06:21:06.638455Z  WARN herdr::raw_input: flushing lone escape after input timeout; if this follows an alt chord or focus switch it may reach the pane as plain esc bytes=[27]
2026-08-04T06:21:06.988792Z  WARN herdr::raw_input: flushing lone escape after input timeout; if this follows an alt chord or focus switch it may reach the pane as plain esc bytes=[27]
2026-08-04T06:21:06.988865Z  WARN herdr::raw_input: flushing lone escape after input timeout; if this follows an alt chord or focus switch it may reach the pane as plain esc bytes=[27]
2026-08-04T06:21:11.111134Z  WARN herdr::raw_input: flushing lone escape after input timeout; if this follows an alt chord or focus switch it may reach the pane as plain esc bytes=[27]
2026-08-04T06:21:11.128131Z  WARN herdr::raw_input: flushing lone escape after input timeout; if this follows an alt chord or focus switch it may reach the pane as plain esc bytes=[27]
2026-08-04T06:21:12.186267Z  WARN herdr::raw_input: flushing lone escape after input timeout; if this follows an alt chord or focus switch it may reach the pane as plain esc bytes=[27]
2026-08-04T06:21:12.186824Z  WARN herdr::raw_input: flushing lone escape after input timeout; if this follows an alt chord or focus switch it may reach the pane as plain esc bytes=[27]
2026-08-04T06:21:27.722579Z  WARN herdr::raw_input: flushing lone escape after input timeout; if this follows an alt chord or focus switch it may reach the pane as plain esc bytes=[27]
2026-08-04T06:21:27.722919Z  WARN herdr::raw_input: flushing lone escape after input timeout; if this follows an alt chord or focus switch it may reach the pane as plain esc bytes=[27]
2026-08-04T06:21:55.309782Z  WARN herdr::raw_input: flushing lone escape after input timeout; if this follows an alt chord or focus switch it may reach the pane as plain esc bytes=[27]
2026-08-04T06:21:55.310368Z  WARN herdr::raw_input: flushing lone escape after input timeout; if this follows an alt chord or focus switch it may reach the pane as plain esc bytes=[27]
2026-08-04T06:22:45.444151Z  WARN herdr::raw_input: flushing lone escape after input timeout; if this follows an alt chord or focus switch it may reach the pane as plain esc bytes=[27]
2026-08-04T06:22:45.444647Z  WARN herdr::raw_input: flushing lone escape after input timeout; if this follows an alt chord or focus switch it may reach the pane as plain esc bytes=[27]
2026-08-04T06:22:49.247622Z  WARN herdr::raw_input: flushing lone escape after input timeout; if this follows an alt chord or focus switch it may reach the pane as plain esc bytes=[27]
2026-08-04T06:22:49.247978Z  WARN herdr::raw_input: flushing lone escape after input timeout; if this follows an alt chord or focus switch it may reach the pane as plain esc bytes=[27]
2026-08-05T13:35:30.085189Z  WARN herdr::raw_input: flushing lone escape after input timeout; if this follows an alt chord or focus switch it may reach the pane as plain esc bytes=[27]
2026-08-05T13:35:30.086185Z  WARN herdr::raw_input: flushing lone escape after input timeout; if this follows an alt chord or focus switch it may reach the pane as plain esc bytes=[27]
2026-08-05T13:36:09.070387Z  WARN herdr::raw_input: flushing lone escape after input timeout; if this follows an alt chord or focus switch it may reach the pane as plain esc bytes=[27]
2026-08-05T13:36:09.072113Z  WARN herdr::raw_input: flushing lone escape after input timeout; if this follows an alt chord or focus switch it may reach the pane as plain esc bytes=[27]
2026-08-05T13:37:02.884887Z  WARN herdr::raw_input: flushing lone escape after input timeout; if this follows an alt chord or focus switch it may reach the pane as plain esc bytes=[27]
2026-08-05T13:37:02.886988Z  WARN herdr::raw_input: flushing lone escape after input timeout; if this follows an alt chord or focus switch it may reach the pane as plain esc bytes=[27]
2026-08-05T13:37:09.403030Z  WARN herdr::raw_input: flushing lone escape after input timeout; if this follows an alt chord or focus switch it may reach the pane as plain esc bytes=[27]
2026-08-05T13:37:09.403442Z  WARN herdr::raw_input: flushing lone escape after input timeout; if this follows an alt chord or focus switch it may reach the pane as plain esc bytes=[27]
2026-08-05T13:37:45.510237Z  WARN herdr::raw_input: flushing lone escape after input timeout; if this follows an alt chord or focus switch it may reach the pane as plain esc bytes=[27]
2026-08-05T13:37:45.511298Z  WARN herdr::raw_input: flushing lone escape after input timeout; if this follows an alt chord or focus switch it may reach the pane as plain esc bytes=[27]
2026-08-05T13:38:20.417084Z  WARN herdr::raw_input: flushing lone escape after input timeout; if this follows an alt chord or focus switch it may reach the pane as plain esc bytes=[27]
2026-08-05T13:38:20.418263Z  WARN herdr::raw_input: flushing lone escape after input timeout; if this follows an alt chord or focus switch it may reach the pane as plain esc bytes=[27]
2026-08-05T13:38:40.292967Z  WARN herdr::raw_input: flushing lone escape after input timeout; if this follows an alt chord or focus switch it may reach the pane as plain esc bytes=[27]
2026-08-05T13:38:40.294893Z  WARN herdr::raw_input: flushing lone escape after input timeout; if this follows an alt chord or focus switch it may reach the pane as plain esc bytes=[27]
2026-08-05T13:39:44.824610Z  WARN herdr::raw_input: flushing lone escape after input timeout; if this follows an alt chord or focus switch it may reach the pane as plain esc bytes=[27]
2026-08-05T13:39:44.825641Z  WARN herdr::raw_input: flushing lone escape after input timeout; if this follows an alt chord or focus switch it may reach the pane as plain esc bytes=[27]
2026-08-05T13:39:59.192411Z  WARN herdr::raw_input: flushing lone escape after input timeout; if this follows an alt chord or focus switch it may reach the pane as plain esc bytes=[27]
2026-08-05T13:39:59.193032Z  WARN herdr::raw_input: flushing lone escape after input timeout; if this follows an alt chord or focus switch it may reach the pane as plain esc bytes=[27]
2026-08-05T13:40:42.023134Z  WARN herdr::raw_input: flushing lone escape after input timeout; if this follows an alt chord or focus switch it may reach the pane as plain esc bytes=[27]
2026-08-05T13:40:42.024669Z  WARN herdr::raw_input: flushing lone escape after input timeout; if this follows an alt chord or focus switch it may reach the pane as plain esc bytes=[27]
2026-08-05T13:40:56.374420Z  WARN herdr::raw_input: flushing lone escape after input timeout; if this follows an alt chord or focus switch it may reach the pane as plain esc bytes=[27]
2026-08-05T13:40:56.374575Z  WARN herdr::raw_input: flushing lone escape after input timeout; if this follows an alt chord or focus switch it may reach the pane as plain esc bytes=[27]
2026-08-05T13:41:25.780160Z  WARN herdr::raw_input: flushing lone escape after input timeout; if this follows an alt chord or focus switch it may reach the pane as plain esc bytes=[27]
2026-08-05T13:41:25.782107Z  WARN herdr::raw_input: flushing lone escape after input timeout; if this follows an alt chord or focus switch it may reach the pane as plain esc bytes=[27]
2026-08-05T13:41:39.915429Z  WARN herdr::raw_input: flushing lone escape after input timeout; if this follows an alt chord or focus switch it may reach the pane as plain esc bytes=[27]
2026-08-05T13:41:39.915482Z  WARN herdr::raw_input: flushing lone escape after input timeout; if this follows an alt chord or focus switch it may reach the pane as plain esc bytes=[27]
2026-08-05T13:41:55.425654Z  WARN herdr::raw_input: flushing lone escape after input timeout; if this follows an alt chord or focus switch it may reach the pane as plain esc bytes=[27]
2026-08-05T13:41:55.425868Z  WARN herdr::raw_input: flushing lone escape after input timeout; if this follows an alt chord or focus switch it may reach the pane as plain esc bytes=[27]
2026-08-05T13:42:02.799827Z  WARN herdr::raw_input: flushing lone escape after input timeout; if this follows an alt chord or focus switch it may reach the pane as plain esc bytes=[27]
2026-08-05T13:42:02.800268Z  WARN herdr::raw_input: flushing lone escape after input timeout; if this follows an alt chord or focus switch it may reach the pane as plain esc bytes=[27]
2026-08-05T13:42:49.805484Z  WARN herdr::raw_input: flushing lone escape after input timeout; if this follows an alt chord or focus switch it may reach the pane as plain esc bytes=[27]
2026-08-05T13:42:49.805621Z  WARN herdr::raw_input: flushing lone escape after input timeout; if this follows an alt chord or focus switch it may reach the pane as plain esc bytes=[27]
2026-08-05T13:43:55.148875Z  WARN herdr::raw_input: flushing lone escape after input timeout; if this follows an alt chord or focus switch it may reach the pane as plain esc bytes=[27]
2026-08-05T13:43:55.148946Z  WARN herdr::raw_input: flushing lone escape after input timeout; if this follows an alt chord or focus switch it may reach the pane as plain esc bytes=[27]
2026-08-05T13:44:05.923156Z  WARN herdr::raw_input: flushing lone escape after input timeout; if this follows an alt chord or focus switch it may reach the pane as plain esc bytes=[27]
2026-08-05T13:44:05.923644Z  WARN herdr::raw_input: flushing lone escape after input timeout; if this follows an alt chord or focus switch it may reach the pane as plain esc bytes=[27]
2026-08-05T13:44:32.733606Z  WARN herdr::raw_input: flushing lone escape after input timeout; if this follows an alt chord or focus switch it may reach the pane as plain esc bytes=[27]
2026-08-05T13:44:32.734214Z  WARN herdr::raw_input: flushing lone escape after input timeout; if this follows an alt chord or focus switch it may reach the pane as plain esc bytes=[27]
2026-08-05T13:44:35.956318Z  WARN herdr::raw_input: flushing lone escape after input timeout; if this follows an alt chord or focus switch it may reach the pane as plain esc bytes=[27]
2026-08-05T13:44:35.956405Z  WARN herdr::raw_input: flushing lone escape after input timeout; if this follows an alt chord or focus switch it may reach the pane as plain esc bytes=[27]
2026-08-05T13:44:45.893343Z  WARN herdr::raw_input: flushing lone escape after input timeout; if this follows an alt chord or focus switch it may reach the pane as plain esc bytes=[27]
2026-08-05T13:44:45.893971Z  WARN herdr::raw_input: flushing lone escape after input timeout; if this follows an alt chord or focus switch it may reach the pane as plain esc bytes=[27]
2026-08-05T13:47:02.510091Z  WARN herdr::raw_input: flushing lone escape after input timeout; if this follows an alt chord or focus switch it may reach the pane as plain esc bytes=[27]
2026-08-05T13:47:02.510502Z  WARN herdr::raw_input: flushing lone escape after input timeout; if this follows an alt chord or focus switch it may reach the pane as plain esc bytes=[27]
2026-08-05T13:49:07.216493Z  WARN herdr::raw_input: flushing lone escape after input timeout; if this follows an alt chord or focus switch it may reach the pane as plain esc bytes=[27]
2026-08-05T13:49:07.216736Z  WARN herdr::raw_input: flushing lone escape after input timeout; if this follows an alt chord or focus switch it may reach the pane as plain esc bytes=[27]
2026-08-05T13:50:05.381880Z  WARN herdr::raw_input: flushing lone escape after input timeout; if this follows an alt chord or focus switch it may reach the pane as plain esc bytes=[27]
2026-08-05T13:50:05.382036Z  WARN herdr::raw_input: flushing lone escape after input timeout; if this follows an alt chord or focus switch it may reach the pane as plain esc bytes=[27]
2026-08-05T13:50:11.595242Z  WARN herdr::raw_input: flushing lone escape after input timeout; if this follows an alt chord or focus switch it may reach the pane as plain esc bytes=[27]
2026-08-05T13:50:11.595446Z  WARN herdr::raw_input: flushing lone escape after input timeout; if this follows an alt chord or focus switch it may reach the pane as plain esc bytes=[27]
2026-08-05T13:50:19.389075Z  WARN herdr::raw_input: flushing lone escape after input timeout; if this follows an alt chord or focus switch it may reach the pane as plain esc bytes=[27]
2026-08-05T13:50:19.389279Z  WARN herdr::raw_input: flushing lone escape after input timeout; if this follows an alt chord or focus switch it may reach the pane as plain esc bytes=[27]
2026-08-05T13:52:43.634005Z  WARN herdr::raw_input: flushing lone escape after input timeout; if this follows an alt chord or focus switch it may reach the pane as plain esc bytes=[27]
2026-08-05T13:52:43.634216Z  WARN herdr::raw_input: flushing lone escape after input timeout; if this follows an alt chord or focus switch it may reach the pane as plain esc bytes=[27]
2026-08-05T13:53:00.844435Z  WARN herdr::raw_input: flushing lone escape after input timeout; if this follows an alt chord or focus switch it may reach the pane as plain esc bytes=[27]
2026-08-05T13:53:00.844567Z  WARN herdr::raw_input: flushing lone escape after input timeout; if this follows an alt chord or focus switch it may reach the pane as plain esc bytes=[27]
2026-08-05T13:53:42.149073Z  WARN herdr::raw_input: flushing lone escape after input timeout; if this follows an alt chord or focus switch it may reach the pane as plain esc bytes=[27]
2026-08-05T13:53:42.150405Z  WARN herdr::raw_input: flushing lone escape after input timeout; if this follows an alt chord or focus switch it may reach the pane as plain esc bytes=[27]
2026-08-05T13:53:58.083278Z  WARN herdr::raw_input: flushing lone escape after input timeout; if this follows an alt chord or focus switch it may reach the pane as plain esc bytes=[27]
2026-08-05T13:53:58.083369Z  WARN herdr::raw_input: flushing lone escape after input timeout; if this follows an alt chord or focus switch it may reach the pane as plain esc bytes=[27]
2026-08-05T13:59:14.678896Z  WARN herdr::raw_input: flushing lone escape after input timeout; if this follows an alt chord or focus switch it may reach the pane as plain esc bytes=[27]
2026-08-05T13:59:14.681169Z  WARN herdr::raw_input: flushing lone escape after input timeout; if this follows an alt chord or focus switch it may reach the pane as plain esc bytes=[27]
2026-08-05T13:59:34.411954Z  WARN herdr::raw_input: flushing lone escape after input timeout; if this follows an alt chord or focus switch it may reach the pane as plain esc bytes=[27]
2026-08-05T13:59:34.412043Z  WARN herdr::raw_input: flushing lone escape after input timeout; if this follows an alt chord or focus switch it may reach the pane as plain esc bytes=[27]
2026-08-05T14:00:40.125772Z  WARN herdr::raw_input: flushing lone escape after input timeout; if this follows an alt chord or focus switch it may reach the pane as plain esc bytes=[27]
2026-08-05T14:00:40.128131Z  WARN herdr::raw_input: flushing lone escape after input timeout; if this follows an alt chord or focus switch it may reach the pane as plain esc bytes=[27]
2026-08-05T14:00:47.303803Z  WARN herdr::raw_input: flushing lone escape after input timeout; if this follows an alt chord or focus switch it may reach the pane as plain esc bytes=[27]
2026-08-05T14:00:47.306703Z  WARN herdr::raw_input: flushing lone escape after input timeout; if this follows an alt chord or focus switch it may reach the pane as plain esc bytes=[27]
2026-08-05T14:00:52.025142Z  WARN herdr::raw_input: flushing lone escape after input timeout; if this follows an alt chord or focus switch it may reach the pane as plain esc bytes=[27]
2026-08-05T14:00:52.025359Z  WARN herdr::raw_input: flushing lone escape after input timeout; if this follows an alt chord or focus switch it may reach the pane as plain esc bytes=[27]
2026-08-05T14:00:56.456737Z  WARN herdr::raw_input: flushing lone escape after input timeout; if this follows an alt chord or focus switch it may reach the pane as plain esc bytes=[27]
2026-08-05T14:00:56.458312Z  WARN herdr::raw_input: flushing lone escape after input timeout; if this follows an alt chord or focus switch it may reach the pane as plain esc bytes=[27]
2026-08-05T14:01:30.317227Z  WARN herdr::raw_input: flushing lone escape after input timeout; if this follows an alt chord or focus switch it may reach the pane as plain esc bytes=[27]
2026-08-05T14:01:30.317702Z  WARN herdr::raw_input: flushing lone escape after input timeout; if this follows an alt chord or focus switch it may reach the pane as plain esc bytes=[27]
2026-08-05T14:02:29.145565Z  WARN herdr::raw_input: flushing lone escape after input timeout; if this follows an alt chord or focus switch it may reach the pane as plain esc bytes=[27]
2026-08-05T14:02:29.146861Z  WARN herdr::raw_input: flushing lone escape after input timeout; if this follows an alt chord or focus switch it may reach the pane as plain esc bytes=[27]
2026-08-05T14:02:31.599709Z  WARN herdr::raw_input: flushing lone escape after input timeout; if this follows an alt chord or focus switch it may reach the pane as plain esc bytes=[27]
2026-08-05T14:02:31.599796Z  WARN herdr::raw_input: flushing lone escape after input timeout; if this follows an alt chord or focus switch it may reach the pane as plain esc bytes=[27]
2026-08-05T14:02:37.154238Z  WARN herdr::raw_input: flushing lone escape after input timeout; if this follows an alt chord or focus switch it may reach the pane as plain esc bytes=[27]
2026-08-05T14:02:37.154310Z  WARN herdr::raw_input: flushing lone escape after input timeout; if this follows an alt chord or focus switch it may reach the pane as plain esc bytes=[27]
2026-08-05T14:02:58.146031Z  WARN herdr::raw_input: flushing lone escape after input timeout; if this follows an alt chord or focus switch it may reach the pane as plain esc bytes=[27]
2026-08-05T14:02:58.146364Z  WARN herdr::raw_input: flushing lone escape after input timeout; if this follows an alt chord or focus switch it may reach the pane as plain esc bytes=[27]
2026-08-05T14:03:23.538047Z  WARN herdr::raw_input: flushing lone escape after input timeout; if this follows an alt chord or focus switch it may reach the pane as plain esc bytes=[27]
2026-08-05T14:03:23.539549Z  WARN herdr::raw_input: flushing lone escape after input timeout; if this follows an alt chord or focus switch it may reach the pane as plain esc bytes=[27]
2026-08-05T14:03:34.825318Z  WARN herdr::raw_input: flushing lone escape after input timeout; if this follows an alt chord or focus switch it may reach the pane as plain esc bytes=[27]
2026-08-05T14:03:34.825555Z  WARN herdr::raw_input: flushing lone escape after input timeout; if this follows an alt chord or focus switch it may reach the pane as plain esc bytes=[27]
2026-08-05T14:04:42.487521Z  WARN herdr::raw_input: flushing lone escape after input timeout; if this follows an alt chord or focus switch it may reach the pane as plain esc bytes=[27]
2026-08-05T14:04:42.487914Z  WARN herdr::raw_input: flushing lone escape after input timeout; if this follows an alt chord or focus switch it may reach the pane as plain esc bytes=[27]
2026-08-05T14:04:51.155727Z  WARN herdr::raw_input: flushing lone escape after input timeout; if this follows an alt chord or focus switch it may reach the pane as plain esc bytes=[27]
2026-08-05T14:04:51.156097Z  WARN herdr::raw_input: flushing lone escape after input timeout; if this follows an alt chord or focus switch it may reach the pane as plain esc bytes=[27]
2026-08-05T14:05:24.434462Z  WARN herdr::raw_input: flushing lone escape after input timeout; if this follows an alt chord or focus switch it may reach the pane as plain esc bytes=[27]
2026-08-05T14:05:24.436432Z  WARN herdr::raw_input: flushing lone escape after input timeout; if this follows an alt chord or focus switch it may reach the pane as plain esc bytes=[27]
2026-08-05T14:05:31.304903Z  WARN herdr::raw_input: flushing lone escape after input timeout; if this follows an alt chord or focus switch it may reach the pane as plain esc bytes=[27]
2026-08-05T14:05:31.305256Z  WARN herdr::raw_input: flushing lone escape after input timeout; if this follows an alt chord or focus switch it may reach the pane as plain esc bytes=[27]
2026-08-05T14:09:40.857189Z  WARN herdr::raw_input: flushing lone escape after input timeout; if this follows an alt chord or focus switch it may reach the pane as plain esc bytes=[27]
2026-08-05T14:09:40.859156Z  WARN herdr::raw_input: flushing lone escape after input timeout; if this follows an alt chord or focus switch it may reach the pane as plain esc bytes=[27]
2026-08-05T14:09:51.758334Z  WARN herdr::raw_input: flushing lone escape after input timeout; if this follows an alt chord or focus switch it may reach the pane as plain esc bytes=[27]
2026-08-05T14:09:51.758414Z  WARN herdr::raw_input: flushing lone escape after input timeout; if this follows an alt chord or focus switch it may reach the pane as plain esc bytes=[27]
2026-08-05T14:09:56.886628Z  WARN herdr::raw_input: flushing lone escape after input timeout; if this follows an alt chord or focus switch it may reach the pane as plain esc bytes=[27]
2026-08-05T14:09:56.887561Z  WARN herdr::raw_input: flushing lone escape after input timeout; if this follows an alt chord or focus switch it may reach the pane as plain esc bytes=[27]
2026-08-05T14:10:09.735954Z  WARN herdr::raw_input: flushing lone escape after input timeout; if this follows an alt chord or focus switch it may reach the pane as plain esc bytes=[27]
2026-08-05T14:10:09.736082Z  WARN herdr::raw_input: flushing lone escape after input timeout; if this follows an alt chord or focus switch it may reach the pane as plain esc bytes=[27]
2026-08-05T14:10:15.295780Z  WARN herdr::raw_input: flushing lone escape after input timeout; if this follows an alt chord or focus switch it may reach the pane as plain esc bytes=[27]
2026-08-05T14:10:15.295969Z  WARN herdr::raw_input: flushing lone escape after input timeout; if this follows an alt chord or focus switch it may reach the pane as plain esc bytes=[27]
2026-08-05T14:10:49.851036Z  WARN herdr::raw_input: flushing lone escape after input timeout; if this follows an alt chord or focus switch it may reach the pane as plain esc bytes=[27]
2026-08-05T14:10:49.851152Z  WARN herdr::raw_input: flushing lone escape after input timeout; if this follows an alt chord or focus switch it may reach the pane as plain esc bytes=[27]
2026-08-05T14:10:55.043953Z  WARN herdr::raw_input: flushing lone escape after input timeout; if this follows an alt chord or focus switch it may reach the pane as plain esc bytes=[27]
2026-08-05T14:10:55.044037Z  WARN herdr::raw_input: flushing lone escape after input timeout; if this follows an alt chord or focus switch it may reach the pane as plain esc bytes=[27]
2026-08-05T14:11:01.484819Z  WARN herdr::raw_input: flushing lone escape after input timeout; if this follows an alt chord or focus switch it may reach the pane as plain esc bytes=[27]
2026-08-05T14:11:01.484949Z  WARN herdr::raw_input: flushing lone escape after input timeout; if this follows an alt chord or focus switch it may reach the pane as plain esc bytes=[27]
2026-08-05T14:11:05.379807Z  WARN herdr::raw_input: flushing lone escape after input timeout; if this follows an alt chord or focus switch it may reach the pane as plain esc bytes=[27]
2026-08-05T14:11:05.379876Z  WARN herdr::raw_input: flushing lone escape after input timeout; if this follows an alt chord or focus switch it may reach the pane as plain esc bytes=[27]
2026-08-05T14:11:38.490905Z  WARN herdr::raw_input: flushing lone escape after input timeout; if this follows an alt chord or focus switch it may reach the pane as plain esc bytes=[27]
2026-08-05T14:11:38.492545Z  WARN herdr::raw_input: flushing lone escape after input timeout; if this follows an alt chord or focus switch it may reach the pane as plain esc bytes=[27]
2026-08-05T14:11:58.183998Z  WARN herdr::raw_input: flushing lone escape after input timeout; if this follows an alt chord or focus switch it may reach the pane as plain esc bytes=[27]
2026-08-05T14:11:58.184433Z  WARN herdr::raw_input: flushing lone escape after input timeout; if this follows an alt chord or focus switch it may reach the pane as plain esc bytes=[27]
2026-08-05T14:12:02.514318Z  WARN herdr::raw_input: flushing lone escape after input timeout; if this follows an alt chord or focus switch it may reach the pane as plain esc bytes=[27]
2026-08-05T14:12:02.514483Z  WARN herdr::raw_input: flushing lone escape after input timeout; if this follows an alt chord or focus switch it may reach the pane as plain esc bytes=[27]
2026-08-05T14:13:50.676975Z  WARN herdr::raw_input: flushing lone escape after input timeout; if this follows an alt chord or focus switch it may reach the pane as plain esc bytes=[27]
2026-08-05T14:13:50.678536Z  WARN herdr::raw_input: flushing lone escape after input timeout; if this follows an alt chord or focus switch it may reach the pane as plain esc bytes=[27]
2026-08-05T14:13:55.898774Z  WARN herdr::raw_input: flushing lone escape after input timeout; if this follows an alt chord or focus switch it may reach the pane as plain esc bytes=[27]
2026-08-05T14:13:55.898838Z  WARN herdr::raw_input: flushing lone escape after input timeout; if this follows an alt chord or focus switch it may reach the pane as plain esc bytes=[27]
2026-08-05T14:14:06.495353Z  WARN herdr::raw_input: flushing lone escape after input timeout; if this follows an alt chord or focus switch it may reach the pane as plain esc bytes=[27]
2026-08-05T14:14:06.495506Z  WARN herdr::raw_input: flushing lone escape after input timeout; if this follows an alt chord or focus switch it may reach the pane as plain esc bytes=[27]
2026-08-05T14:14:25.048620Z  WARN herdr::raw_input: flushing lone escape after input timeout; if this follows an alt chord or focus switch it may reach the pane as plain esc bytes=[27]
2026-08-05T14:14:25.048711Z  WARN herdr::raw_input: flushing lone escape after input timeout; if this follows an alt chord or focus switch it may reach the pane as plain esc bytes=[27]
2026-08-05T14:14:30.547770Z  WARN herdr::raw_input: flushing lone escape after input timeout; if this follows an alt chord or focus switch it may reach the pane as plain esc bytes=[27]
2026-08-05T14:14:30.547907Z  WARN herdr::raw_input: flushing lone escape after input timeout; if this follows an alt chord or focus switch it may reach the pane as plain esc bytes=[27]
2026-08-05T14:14:34.859076Z  WARN herdr::raw_input: flushing lone escape after input timeout; if this follows an alt chord or focus switch it may reach the pane as plain esc bytes=[27]
2026-08-05T14:14:34.859422Z  WARN herdr::raw_input: flushing lone escape after input timeout; if this follows an alt chord or focus switch it may reach the pane as plain esc bytes=[27]
2026-08-05T14:14:38.964111Z  WARN herdr::raw_input: flushing lone escape after input timeout; if this follows an alt chord or focus switch it may reach the pane as plain esc bytes=[27]
2026-08-05T14:14:38.964175Z  WARN herdr::raw_input: flushing lone escape after input timeout; if this follows an alt chord or focus switch it may reach the pane as plain esc bytes=[27]
2026-08-05T14:15:21.667591Z  WARN herdr::raw_input: flushing lone escape after input timeout; if this follows an alt chord or focus switch it may reach the pane as plain esc bytes=[27]
2026-08-05T14:15:21.668013Z  WARN herdr::raw_input: flushing lone escape after input timeout; if this follows an alt chord or focus switch it may reach the pane as plain esc bytes=[27]
2026-08-05T14:20:21.971384Z  WARN herdr::raw_input: flushing lone escape after input timeout; if this follows an alt chord or focus switch it may reach the pane as plain esc bytes=[27]
2026-08-05T14:20:21.971820Z  WARN herdr::raw_input: flushing lone escape after input timeout; if this follows an alt chord or focus switch it may reach the pane as plain esc bytes=[27]
2026-08-05T14:20:43.658470Z  WARN herdr::raw_input: flushing lone escape after input timeout; if this follows an alt chord or focus switch it may reach the pane as plain esc bytes=[27]
2026-08-05T14:20:43.658700Z  WARN herdr::raw_input: flushing lone escape after input timeout; if this follows an alt chord or focus switch it may reach the pane as plain esc bytes=[27]
2026-08-05T14:20:48.072367Z  WARN herdr::raw_input: flushing lone escape after input timeout; if this follows an alt chord or focus switch it may reach the pane as plain esc bytes=[27]
2026-08-05T14:20:48.073624Z  WARN herdr::raw_input: flushing lone escape after input timeout; if this follows an alt chord or focus switch it may reach the pane as plain esc bytes=[27]
2026-08-05T14:21:05.984675Z  WARN herdr::raw_input: flushing lone escape after input timeout; if this follows an alt chord or focus switch it may reach the pane as plain esc bytes=[27]
2026-08-05T14:21:05.984734Z  WARN herdr::raw_input: flushing lone escape after input timeout; if this follows an alt chord or focus switch it may reach the pane as plain esc bytes=[27]
2026-08-05T14:21:31.678380Z  WARN herdr::raw_input: flushing lone escape after input timeout; if this follows an alt chord or focus switch it may reach the pane as plain esc bytes=[27]
2026-08-05T14:21:31.678461Z  WARN herdr::raw_input: flushing lone escape after input timeout; if this follows an alt chord or focus switch it may reach the pane as plain esc bytes=[27]
2026-08-05T14:21:36.349555Z  WARN herdr::raw_input: flushing lone escape after input timeout; if this follows an alt chord or focus switch it may reach the pane as plain esc bytes=[27]
2026-08-05T14:21:36.349640Z  WARN herdr::raw_input: flushing lone escape after input timeout; if this follows an alt chord or focus switch it may reach the pane as plain esc bytes=[27]
2026-08-05T14:21:39.690413Z  WARN herdr::raw_input: flushing lone escape after input timeout; if this follows an alt chord or focus switch it may reach the pane as plain esc bytes=[27]
2026-08-05T14:21:39.691194Z  WARN herdr::raw_input: flushing lone escape after input timeout; if this follows an alt chord or focus switch it may reach the pane as plain esc bytes=[27]
2026-08-05T14:21:48.379175Z  WARN herdr::raw_input: flushing lone escape after input timeout; if this follows an alt chord or focus switch it may reach the pane as plain esc bytes=[27]
2026-08-05T14:21:48.380298Z  WARN herdr::raw_input: flushing lone escape after input timeout; if this follows an alt chord or focus switch it may reach the pane as plain esc bytes=[27]
2026-08-05T14:21:50.264315Z  WARN herdr::raw_input: flushing lone escape after input timeout; if this follows an alt chord or focus switch it may reach the pane as plain esc bytes=[27]
2026-08-05T14:21:50.265155Z  WARN herdr::raw_input: flushing lone escape after input timeout; if this follows an alt chord or focus switch it may reach the pane as plain esc bytes=[27]
2026-08-05T14:23:15.558899Z  WARN herdr::raw_input: flushing lone escape after input timeout; if this follows an alt chord or focus switch it may reach the pane as plain esc bytes=[27]
2026-08-05T14:23:15.560140Z  WARN herdr::raw_input: flushing lone escape after input timeout; if this follows an alt chord or focus switch it may reach the pane as plain esc bytes=[27]
2026-08-05T14:23:30.396497Z  WARN herdr::raw_input: flushing lone escape after input timeout; if this follows an alt chord or focus switch it may reach the pane as plain esc bytes=[27]
2026-08-05T14:23:30.396594Z  WARN herdr::raw_input: flushing lone escape after input timeout; if this follows an alt chord or focus switch it may reach the pane as plain esc bytes=[27]
2026-08-05T14:23:45.117732Z  WARN herdr::raw_input: flushing lone escape after input timeout; if this follows an alt chord or focus switch it may reach the pane as plain esc bytes=[27]
2026-08-05T14:23:45.118131Z  WARN herdr::raw_input: flushing lone escape after input timeout; if this follows an alt chord or focus switch it may reach the pane as plain esc bytes=[27]
2026-08-06T02:15:13.717301Z  WARN herdr::raw_input: flushing lone escape after input timeout; if this follows an alt chord or focus switch it may reach the pane as plain esc bytes=[27]
2026-08-06T02:15:13.718164Z  WARN herdr::raw_input: flushing lone escape after input timeout; if this follows an alt chord or focus switch it may reach the pane as plain esc bytes=[27]
2026-08-06T02:15:19.951389Z  WARN herdr::raw_input: flushing lone escape after input timeout; if this follows an alt chord or focus switch it may reach the pane as plain esc bytes=[27]
2026-08-06T02:15:19.952368Z  WARN herdr::raw_input: flushing lone escape after input timeout; if this follows an alt chord or focus switch it may reach the pane as plain esc bytes=[27]
2026-08-06T02:15:28.680184Z  WARN herdr::raw_input: flushing lone escape after input timeout; if this follows an alt chord or focus switch it may reach the pane as plain esc bytes=[27]
2026-08-06T02:15:28.681091Z  WARN herdr::raw_input: flushing lone escape after input timeout; if this follows an alt chord or focus switch it may reach the pane as plain esc bytes=[27]
2026-08-06T02:15:35.400022Z  WARN herdr::raw_input: flushing lone escape after input timeout; if this follows an alt chord or focus switch it may reach the pane as plain esc bytes=[27]
2026-08-06T02:15:35.400117Z  WARN herdr::raw_input: flushing lone escape after input timeout; if this follows an alt chord or focus switch it may reach the pane as plain esc bytes=[27]
2026-08-06T02:15:44.432772Z  WARN herdr::raw_input: flushing lone escape after input timeout; if this follows an alt chord or focus switch it may reach the pane as plain esc bytes=[27]
2026-08-06T02:15:44.433086Z  WARN herdr::raw_input: flushing lone escape after input timeout; if this follows an alt chord or focus switch it may reach the pane as plain esc bytes=[27]
2026-08-06T02:15:51.018088Z  WARN herdr::raw_input: flushing lone escape after input timeout; if this follows an alt chord or focus switch it may reach the pane as plain esc bytes=[27]
2026-08-06T02:15:51.018134Z  WARN herdr::raw_input: flushing lone escape after input timeout; if this follows an alt chord or focus switch it may reach the pane as plain esc bytes=[27]
2026-08-06T02:15:56.671235Z  WARN herdr::raw_input: flushing lone escape after input timeout; if this follows an alt chord or focus switch it may reach the pane as plain esc bytes=[27]
2026-08-06T02:15:56.672216Z  WARN herdr::raw_input: flushing lone escape after input timeout; if this follows an alt chord or focus switch it may reach the pane as plain esc bytes=[27]
2026-08-06T02:16:00.541308Z  WARN herdr::raw_input: flushing lone escape after input timeout; if this follows an alt chord or focus switch it may reach the pane as plain esc bytes=[27]
2026-08-06T02:16:00.541399Z  WARN herdr::raw_input: flushing lone escape after input timeout; if this follows an alt chord or focus switch it may reach the pane as plain esc bytes=[27]
2026-08-06T02:16:55.337811Z  WARN herdr::raw_input: flushing lone escape after input timeout; if this follows an alt chord or focus switch it may reach the pane as plain esc bytes=[27]
2026-08-06T02:16:55.339451Z  WARN herdr::raw_input: flushing lone escape after input timeout; if this follows an alt chord or focus switch it may reach the pane as plain esc bytes=[27]
2026-08-06T02:17:00.199541Z  WARN herdr::raw_input: flushing lone escape after input timeout; if this follows an alt chord or focus switch it may reach the pane as plain esc bytes=[27]
2026-08-06T02:17:00.199681Z  WARN herdr::raw_input: flushing lone escape after input timeout; if this follows an alt chord or focus switch it may reach the pane as plain esc bytes=[27]
2026-08-06T02:17:05.060164Z  WARN herdr::raw_input: flushing lone escape after input timeout; if this follows an alt chord or focus switch it may reach the pane as plain esc bytes=[27]
2026-08-06T02:17:05.060299Z  WARN herdr::raw_input: flushing lone escape after input timeout; if this follows an alt chord or focus switch it may reach the pane as plain esc bytes=[27]
2026-08-06T02:17:24.760467Z  WARN herdr::raw_input: flushing lone escape after input timeout; if this follows an alt chord or focus switch it may reach the pane as plain esc bytes=[27]
2026-08-06T02:17:24.762862Z  WARN herdr::raw_input: flushing lone escape after input timeout; if this follows an alt chord or focus switch it may reach the pane as plain esc bytes=[27]
2026-08-06T02:17:34.024971Z  WARN herdr::raw_input: flushing lone escape after input timeout; if this follows an alt chord or focus switch it may reach the pane as plain esc bytes=[27]
2026-08-06T02:17:34.025126Z  WARN herdr::raw_input: flushing lone escape after input timeout; if this follows an alt chord or focus switch it may reach the pane as plain esc bytes=[27]
2026-08-06T02:17:38.570685Z  WARN herdr::raw_input: flushing lone escape after input timeout; if this follows an alt chord or focus switch it may reach the pane as plain esc bytes=[27]
2026-08-06T02:17:38.570741Z  WARN herdr::raw_input: flushing lone escape after input timeout; if this follows an alt chord or focus switch it may reach the pane as plain esc bytes=[27]
2026-08-06T02:17:44.601191Z  WARN herdr::raw_input: flushing lone escape after input timeout; if this follows an alt chord or focus switch it may reach the pane as plain esc bytes=[27]
2026-08-06T02:17:44.601344Z  WARN herdr::raw_input: flushing lone escape after input timeout; if this follows an alt chord or focus switch it may reach the pane as plain esc bytes=[27]
2026-08-06T02:17:48.245893Z  WARN herdr::raw_input: flushing lone escape after input timeout; if this follows an alt chord or focus switch it may reach the pane as plain esc bytes=[27]
2026-08-06T02:17:48.245959Z  WARN herdr::raw_input: flushing lone escape after input timeout; if this follows an alt chord or focus switch it may reach the pane as plain esc bytes=[27]
2026-08-06T02:17:54.006554Z  WARN herdr::raw_input: flushing lone escape after input timeout; if this follows an alt chord or focus switch it may reach the pane as plain esc bytes=[27]
2026-08-06T02:17:54.006610Z  WARN herdr::raw_input: flushing lone escape after input timeout; if this follows an alt chord or focus switch it may reach the pane as plain esc bytes=[27]
2026-08-06T02:17:58.221351Z  WARN herdr::raw_input: flushing lone escape after input timeout; if this follows an alt chord or focus switch it may reach the pane as plain esc bytes=[27]
2026-08-06T02:17:58.221433Z  WARN herdr::raw_input: flushing lone escape after input timeout; if this follows an alt chord or focus switch it may reach the pane as plain esc bytes=[27]
2026-08-06T02:18:02.750354Z  WARN herdr::raw_input: flushing lone escape after input timeout; if this follows an alt chord or focus switch it may reach the pane as plain esc bytes=[27]
2026-08-06T02:18:02.750447Z  WARN herdr::raw_input: flushing lone escape after input timeout; if this follows an alt chord or focus switch it may reach the pane as plain esc bytes=[27]
2026-08-06T02:18:06.980297Z  WARN herdr::raw_input: flushing lone escape after input timeout; if this follows an alt chord or focus switch it may reach the pane as plain esc bytes=[27]
2026-08-06T02:18:06.980371Z  WARN herdr::raw_input: flushing lone escape after input timeout; if this follows an alt chord or focus switch it may reach the pane as plain esc bytes=[27]
2026-08-06T02:18:29.711311Z  WARN herdr::raw_input: flushing lone escape after input timeout; if this follows an alt chord or focus switch it may reach the pane as plain esc bytes=[27]
2026-08-06T02:18:29.712302Z  WARN herdr::raw_input: flushing lone escape after input timeout; if this follows an alt chord or focus switch it may reach the pane as plain esc bytes=[27]
2026-08-06T02:18:41.017794Z  WARN herdr::raw_input: flushing lone escape after input timeout; if this follows an alt chord or focus switch it may reach the pane as plain esc bytes=[27]
2026-08-06T02:18:41.017939Z  WARN herdr::raw_input: flushing lone escape after input timeout; if this follows an alt chord or focus switch it may reach the pane as plain esc bytes=[27]
2026-08-06T02:18:45.111121Z  WARN herdr::raw_input: flushing lone escape after input timeout; if this follows an alt chord or focus switch it may reach the pane as plain esc bytes=[27]
2026-08-06T02:18:45.111205Z  WARN herdr::raw_input: flushing lone escape after input timeout; if this follows an alt chord or focus switch it may reach the pane as plain esc bytes=[27]
2026-08-06T02:18:48.906537Z  WARN herdr::raw_input: flushing lone escape after input timeout; if this follows an alt chord or focus switch it may reach the pane as plain esc bytes=[27]
2026-08-06T02:18:48.906618Z  WARN herdr::raw_input: flushing lone escape after input timeout; if this follows an alt chord or focus switch it may reach the pane as plain esc bytes=[27]
2026-08-06T02:22:04.705910Z  WARN herdr::raw_input: flushing lone escape after input timeout; if this follows an alt chord or focus switch it may reach the pane as plain esc bytes=[27]
2026-08-06T02:22:04.706780Z  WARN herdr::raw_input: flushing lone escape after input timeout; if this follows an alt chord or focus switch it may reach the pane as plain esc bytes=[27]
2026-08-06T02:23:09.534123Z  WARN herdr::raw_input: flushing lone escape after input timeout; if this follows an alt chord or focus switch it may reach the pane as plain esc bytes=[27]
2026-08-06T02:23:09.534671Z  WARN herdr::raw_input: flushing lone escape after input timeout; if this follows an alt chord or focus switch it may reach the pane as plain esc bytes=[27]
2026-08-06T02:25:59.781306Z  WARN herdr::raw_input: flushing lone escape after input timeout; if this follows an alt chord or focus switch it may reach the pane as plain esc bytes=[27]
2026-08-06T02:25:59.782014Z  WARN herdr::raw_input: flushing lone escape after input timeout; if this follows an alt chord or focus switch it may reach the pane as plain esc bytes=[27]
2026-08-06T02:27:25.328496Z  WARN herdr::raw_input: flushing lone escape after input timeout; if this follows an alt chord or focus switch it may reach the pane as plain esc bytes=[27]
2026-08-06T02:27:25.328939Z  WARN herdr::raw_input: flushing lone escape after input timeout; if this follows an alt chord or focus switch it may reach the pane as plain esc bytes=[27]
2026-08-06T02:31:05.021117Z  WARN herdr::raw_input: flushing lone escape after input timeout; if this follows an alt chord or focus switch it may reach the pane as plain esc bytes=[27]
2026-08-06T02:31:05.021538Z  WARN herdr::raw_input: flushing lone escape after input timeout; if this follows an alt chord or focus switch it may reach the pane as plain esc bytes=[27]
2026-08-06T02:31:46.649498Z  WARN herdr::raw_input: flushing lone escape after input timeout; if this follows an alt chord or focus switch it may reach the pane as plain esc bytes=[27]
2026-08-06T02:31:46.650512Z  WARN herdr::raw_input: flushing lone escape after input timeout; if this follows an alt chord or focus switch it may reach the pane as plain esc bytes=[27]
2026-08-06T02:31:48.280159Z  WARN herdr::raw_input: flushing lone escape after input timeout; if this follows an alt chord or focus switch it may reach the pane as plain esc bytes=[27]
2026-08-06T02:31:48.280390Z  WARN herdr::raw_input: flushing lone escape after input timeout; if this follows an alt chord or focus switch it may reach the pane as plain esc bytes=[27]
2026-08-06T02:32:52.121463Z  WARN herdr::raw_input: flushing lone escape after input timeout; if this follows an alt chord or focus switch it may reach the pane as plain esc bytes=[27]
2026-08-06T02:32:52.121718Z  WARN herdr::raw_input: flushing lone escape after input timeout; if this follows an alt chord or focus switch it may reach the pane as plain esc bytes=[27]
2026-08-06T02:33:22.859302Z  WARN herdr::raw_input: flushing lone escape after input timeout; if this follows an alt chord or focus switch it may reach the pane as plain esc bytes=[27]
2026-08-06T02:33:22.859604Z  WARN herdr::raw_input: flushing lone escape after input timeout; if this follows an alt chord or focus switch it may reach the pane as plain esc bytes=[27]
2026-08-06T02:33:46.288890Z  WARN herdr::raw_input: flushing lone escape after input timeout; if this follows an alt chord or focus switch it may reach the pane as plain esc bytes=[27]
2026-08-06T02:33:46.289153Z  WARN herdr::raw_input: flushing lone escape after input timeout; if this follows an alt chord or focus switch it may reach the pane as plain esc bytes=[27]
2026-08-06T02:34:03.283322Z  WARN herdr::raw_input: flushing lone escape after input timeout; if this follows an alt chord or focus switch it may reach the pane as plain esc bytes=[27]
2026-08-06T02:34:03.283408Z  WARN herdr::raw_input: flushing lone escape after input timeout; if this follows an alt chord or focus switch it may reach the pane as plain esc bytes=[27]
2026-08-06T02:34:14.355893Z  WARN herdr::raw_input: flushing lone escape after input timeout; if this follows an alt chord or focus switch it may reach the pane as plain esc bytes=[27]
2026-08-06T02:34:14.355946Z  WARN herdr::raw_input: flushing lone escape after input timeout; if this follows an alt chord or focus switch it may reach the pane as plain esc bytes=[27]
2026-08-06T02:34:33.854108Z  WARN herdr::raw_input: flushing lone escape after input timeout; if this follows an alt chord or focus switch it may reach the pane as plain esc bytes=[27]
2026-08-06T02:34:33.854444Z  WARN herdr::raw_input: flushing lone escape after input timeout; if this follows an alt chord or focus switch it may reach the pane as plain esc bytes=[27]
2026-08-06T03:18:00.855607Z  WARN herdr::raw_input: flushing lone escape after input timeout; if this follows an alt chord or focus switch it may reach the pane as plain esc bytes=[27]
2026-08-06T03:18:00.855974Z  WARN herdr::raw_input: flushing lone escape after input timeout; if this follows an alt chord or focus switch it may reach the pane as plain esc bytes=[27]
2026-08-06T13:16:05.352292Z  WARN herdr::raw_input: flushing lone escape after input timeout; if this follows an alt chord or focus switch it may reach the pane as plain esc bytes=[27]
2026-08-06T13:16:05.353931Z  WARN herdr::raw_input: flushing lone escape after input timeout; if this follows an alt chord or focus switch it may reach the pane as plain esc bytes=[27]
2026-08-06T13:16:15.253657Z  WARN herdr::raw_input: flushing lone escape after input timeout; if this follows an alt chord or focus switch it may reach the pane as plain esc bytes=[27]
2026-08-06T13:16:15.254458Z  WARN herdr::raw_input: flushing lone escape after input timeout; if this follows an alt chord or focus switch it may reach the pane as plain esc bytes=[27]
2026-08-06T13:16:47.483086Z  WARN herdr::raw_input: flushing lone escape after input timeout; if this follows an alt chord or focus switch it may reach the pane as plain esc bytes=[27]
2026-08-06T13:16:47.484855Z  WARN herdr::raw_input: flushing lone escape after input timeout; if this follows an alt chord or focus switch it may reach the pane as plain esc bytes=[27]
2026-08-06T13:17:35.260076Z  WARN herdr::raw_input: flushing lone escape after input timeout; if this follows an alt chord or focus switch it may reach the pane as plain esc bytes=[27]
2026-08-06T13:17:35.261818Z  WARN herdr::raw_input: flushing lone escape after input timeout; if this follows an alt chord or focus switch it may reach the pane as plain esc bytes=[27]
2026-08-06T13:17:42.424376Z  WARN herdr::raw_input: flushing lone escape after input timeout; if this follows an alt chord or focus switch it may reach the pane as plain esc bytes=[27]
2026-08-06T13:17:42.424862Z  WARN herdr::raw_input: flushing lone escape after input timeout; if this follows an alt chord or focus switch it may reach the pane as plain esc bytes=[27]
2026-08-06T13:23:30.723959Z  WARN herdr::raw_input: flushing lone escape after input timeout; if this follows an alt chord or focus switch it may reach the pane as plain esc bytes=[27]
2026-08-06T13:23:30.725010Z  WARN herdr::raw_input: flushing lone escape after input timeout; if this follows an alt chord or focus switch it may reach the pane as plain esc bytes=[27]
2026-08-06T13:25:07.002392Z  WARN herdr::raw_input: flushing lone escape after input timeout; if this follows an alt chord or focus switch it may reach the pane as plain esc bytes=[27]
2026-08-06T13:25:07.003745Z  WARN herdr::raw_input: flushing lone escape after input timeout; if this follows an alt chord or focus switch it may reach the pane as plain esc bytes=[27]
2026-08-06T13:25:58.914605Z  WARN herdr::raw_input: flushing lone escape after input timeout; if this follows an alt chord or focus switch it may reach the pane as plain esc bytes=[27]
2026-08-06T13:25:58.916462Z  WARN herdr::raw_input: flushing lone escape after input timeout; if this follows an alt chord or focus switch it may reach the pane as plain esc bytes=[27]
2026-08-06T13:26:14.772257Z  WARN herdr::raw_input: flushing lone escape after input timeout; if this follows an alt chord or focus switch it may reach the pane as plain esc bytes=[27]
2026-08-06T13:26:14.772363Z  WARN herdr::raw_input: flushing lone escape after input timeout; if this follows an alt chord or focus switch it may reach the pane as plain esc bytes=[27]
2026-08-06T13:26:23.185572Z  WARN herdr::raw_input: flushing lone escape after input timeout; if this follows an alt chord or focus switch it may reach the pane as plain esc bytes=[27]
2026-08-06T13:26:23.186176Z  WARN herdr::raw_input: flushing lone escape after input timeout; if this follows an alt chord or focus switch it may reach the pane as plain esc bytes=[27]
2026-08-06T13:26:29.368850Z  WARN herdr::raw_input: flushing lone escape after input timeout; if this follows an alt chord or focus switch it may reach the pane as plain esc bytes=[27]
2026-08-06T13:26:29.369022Z  WARN herdr::raw_input: flushing lone escape after input timeout; if this follows an alt chord or focus switch it may reach the pane as plain esc bytes=[27]
2026-08-06T13:26:33.783919Z  WARN herdr::raw_input: flushing lone escape after input timeout; if this follows an alt chord or focus switch it may reach the pane as plain esc bytes=[27]
2026-08-06T13:26:33.785297Z  WARN herdr::raw_input: flushing lone escape after input timeout; if this follows an alt chord or focus switch it may reach the pane as plain esc bytes=[27]
2026-08-06T13:26:40.708599Z  WARN herdr::raw_input: flushing lone escape after input timeout; if this follows an alt chord or focus switch it may reach the pane as plain esc bytes=[27]
2026-08-06T13:26:40.708817Z  WARN herdr::raw_input: flushing lone escape after input timeout; if this follows an alt chord or focus switch it may reach the pane as plain esc bytes=[27]
2026-08-06T13:26:57.097612Z  WARN herdr::raw_input: flushing lone escape after input timeout; if this follows an alt chord or focus switch it may reach the pane as plain esc bytes=[27]
2026-08-06T13:26:57.097877Z  WARN herdr::raw_input: flushing lone escape after input timeout; if this follows an alt chord or focus switch it may reach the pane as plain esc bytes=[27]
2026-08-06T13:27:23.499007Z  WARN herdr::raw_input: flushing lone escape after input timeout; if this follows an alt chord or focus switch it may reach the pane as plain esc bytes=[27]
2026-08-06T13:27:23.499341Z  WARN herdr::raw_input: flushing lone escape after input timeout; if this follows an alt chord or focus switch it may reach the pane as plain esc bytes=[27]
2026-08-06T13:27:34.675015Z  WARN herdr::raw_input: flushing lone escape after input timeout; if this follows an alt chord or focus switch it may reach the pane as plain esc bytes=[27]
2026-08-06T13:27:34.675074Z  WARN herdr::raw_input: flushing lone escape after input timeout; if this follows an alt chord or focus switch it may reach the pane as plain esc bytes=[27]
2026-08-06T13:28:21.183937Z  WARN herdr::raw_input: flushing lone escape after input timeout; if this follows an alt chord or focus switch it may reach the pane as plain esc bytes=[27]
2026-08-06T13:28:21.185939Z  WARN herdr::raw_input: flushing lone escape after input timeout; if this follows an alt chord or focus switch it may reach the pane as plain esc bytes=[27]
2026-08-06T13:28:46.139321Z  WARN herdr::raw_input: flushing lone escape after input timeout; if this follows an alt chord or focus switch it may reach the pane as plain esc bytes=[27]
2026-08-06T13:28:46.139449Z  WARN herdr::raw_input: flushing lone escape after input timeout; if this follows an alt chord or focus switch it may reach the pane as plain esc bytes=[27]
2026-08-06T13:28:59.895257Z  WARN herdr::raw_input: flushing lone escape after input timeout; if this follows an alt chord or focus switch it may reach the pane as plain esc bytes=[27]
2026-08-06T13:28:59.895335Z  WARN herdr::raw_input: flushing lone escape after input timeout; if this follows an alt chord or focus switch it may reach the pane as plain esc bytes=[27]
2026-08-06T13:29:11.809292Z  WARN herdr::raw_input: flushing lone escape after input timeout; if this follows an alt chord or focus switch it may reach the pane as plain esc bytes=[27]
2026-08-06T13:29:11.809478Z  WARN herdr::raw_input: flushing lone escape after input timeout; if this follows an alt chord or focus switch it may reach the pane as plain esc bytes=[27]
2026-08-06T13:29:38.177454Z  WARN herdr::raw_input: flushing lone escape after input timeout; if this follows an alt chord or focus switch it may reach the pane as plain esc bytes=[27]
2026-08-06T13:29:38.177524Z  WARN herdr::raw_input: flushing lone escape after input timeout; if this follows an alt chord or focus switch it may reach the pane as plain esc bytes=[27]
2026-08-06T13:29:46.143754Z  WARN herdr::raw_input: flushing lone escape after input timeout; if this follows an alt chord or focus switch it may reach the pane as plain esc bytes=[27]
2026-08-06T13:29:46.144123Z  WARN herdr::raw_input: flushing lone escape after input timeout; if this follows an alt chord or focus switch it may reach the pane as plain esc bytes=[27]
2026-08-06T13:29:50.498876Z  WARN herdr::raw_input: flushing lone escape after input timeout; if this follows an alt chord or focus switch it may reach the pane as plain esc bytes=[27]
2026-08-06T13:29:50.499262Z  WARN herdr::raw_input: flushing lone escape after input timeout; if this follows an alt chord or focus switch it may reach the pane as plain esc bytes=[27]
2026-08-06T13:30:09.690689Z  WARN herdr::raw_input: flushing lone escape after input timeout; if this follows an alt chord or focus switch it may reach the pane as plain esc bytes=[27]
2026-08-06T13:30:09.690980Z  WARN herdr::raw_input: flushing lone escape after input timeout; if this follows an alt chord or focus switch it may reach the pane as plain esc bytes=[27]
2026-08-06T13:30:14.220595Z  WARN herdr::raw_input: flushing lone escape after input timeout; if this follows an alt chord or focus switch it may reach the pane as plain esc bytes=[27]
2026-08-06T13:30:14.220720Z  WARN herdr::raw_input: flushing lone escape after input timeout; if this follows an alt chord or focus switch it may reach the pane as plain esc bytes=[27]
2026-08-06T13:30:18.103320Z  WARN herdr::raw_input: flushing lone escape after input timeout; if this follows an alt chord or focus switch it may reach the pane as plain esc bytes=[27]
2026-08-06T13:30:18.103400Z  WARN herdr::raw_input: flushing lone escape after input timeout; if this follows an alt chord or focus switch it may reach the pane as plain esc bytes=[27]
2026-08-06T13:30:40.419439Z  WARN herdr::raw_input: flushing lone escape after input timeout; if this follows an alt chord or focus switch it may reach the pane as plain esc bytes=[27]
2026-08-06T13:30:40.420432Z  WARN herdr::raw_input: flushing lone escape after input timeout; if this follows an alt chord or focus switch it may reach the pane as plain esc bytes=[27]
2026-08-06T13:32:39.293914Z  WARN herdr::raw_input: flushing lone escape after input timeout; if this follows an alt chord or focus switch it may reach the pane as plain esc bytes=[27]
2026-08-06T13:32:39.294885Z  WARN herdr::raw_input: flushing lone escape after input timeout; if this follows an alt chord or focus switch it may reach the pane as plain esc bytes=[27]
2026-08-06T13:32:42.772076Z  WARN herdr::raw_input: flushing lone escape after input timeout; if this follows an alt chord or focus switch it may reach the pane as plain esc bytes=[27]
2026-08-06T13:32:42.772275Z  WARN herdr::raw_input: flushing lone escape after input timeout; if this follows an alt chord or focus switch it may reach the pane as plain esc bytes=[27]
2026-08-06T13:32:56.907229Z  WARN herdr::raw_input: flushing lone escape after input timeout; if this follows an alt chord or focus switch it may reach the pane as plain esc bytes=[27]
2026-08-06T13:32:56.909693Z  WARN herdr::raw_input: flushing lone escape after input timeout; if this follows an alt chord or focus switch it may reach the pane as plain esc bytes=[27]
2026-08-06T13:33:04.968435Z  WARN herdr::raw_input: flushing lone escape after input timeout; if this follows an alt chord or focus switch it may reach the pane as plain esc bytes=[27]
2026-08-06T13:33:04.968539Z  WARN herdr::raw_input: flushing lone escape after input timeout; if this follows an alt chord or focus switch it may reach the pane as plain esc bytes=[27]
2026-08-06T13:33:26.572938Z  WARN herdr::raw_input: flushing lone escape after input timeout; if this follows an alt chord or focus switch it may reach the pane as plain esc bytes=[27]
2026-08-06T13:33:26.574882Z  WARN herdr::raw_input: flushing lone escape after input timeout; if this follows an alt chord or focus switch it may reach the pane as plain esc bytes=[27]
2026-08-06T13:33:31.521420Z  WARN herdr::raw_input: flushing lone escape after input timeout; if this follows an alt chord or focus switch it may reach the pane as plain esc bytes=[27]
2026-08-06T13:33:31.521930Z  WARN herdr::raw_input: flushing lone escape after input timeout; if this follows an alt chord or focus switch it may reach the pane as plain esc bytes=[27]
2026-08-06T14:06:30.776220Z  WARN herdr::raw_input: flushing lone escape after input timeout; if this follows an alt chord or focus switch it may reach the pane as plain esc bytes=[27]
2026-08-06T14:06:30.777597Z  WARN herdr::raw_input: flushing lone escape after input timeout; if this follows an alt chord or focus switch it may reach the pane as plain esc bytes=[27]
2026-08-06T14:06:35.633670Z  WARN herdr::raw_input: flushing lone escape after input timeout; if this follows an alt chord or focus switch it may reach the pane as plain esc bytes=[27]
2026-08-06T14:06:35.633751Z  WARN herdr::raw_input: flushing lone escape after input timeout; if this follows an alt chord or focus switch it may reach the pane as plain esc bytes=[27]
2026-08-06T14:06:40.969793Z  WARN herdr::raw_input: flushing lone escape after input timeout; if this follows an alt chord or focus switch it may reach the pane as plain esc bytes=[27]
2026-08-06T14:06:40.970833Z  WARN herdr::raw_input: flushing lone escape after input timeout; if this follows an alt chord or focus switch it may reach the pane as plain esc bytes=[27]
2026-08-06T14:06:49.791515Z  WARN herdr::raw_input: flushing lone escape after input timeout; if this follows an alt chord or focus switch it may reach the pane as plain esc bytes=[27]
2026-08-06T14:06:49.792547Z  WARN herdr::raw_input: flushing lone escape after input timeout; if this follows an alt chord or focus switch it may reach the pane as plain esc bytes=[27]
2026-08-06T14:07:00.190365Z  WARN herdr::raw_input: flushing lone escape after input timeout; if this follows an alt chord or focus switch it may reach the pane as plain esc bytes=[27]
2026-08-06T14:07:00.191392Z  WARN herdr::raw_input: flushing lone escape after input timeout; if this follows an alt chord or focus switch it may reach the pane as plain esc bytes=[27]
2026-08-06T14:07:27.889546Z  WARN herdr::raw_input: flushing lone escape after input timeout; if this follows an alt chord or focus switch it may reach the pane as plain esc bytes=[27]
2026-08-06T14:07:27.890558Z  WARN herdr::raw_input: flushing lone escape after input timeout; if this follows an alt chord or focus switch it may reach the pane as plain esc bytes=[27]
2026-08-06T14:07:35.266589Z  WARN herdr::raw_input: flushing lone escape after input timeout; if this follows an alt chord or focus switch it may reach the pane as plain esc bytes=[27]
2026-08-06T14:07:35.267586Z  WARN herdr::raw_input: flushing lone escape after input timeout; if this follows an alt chord or focus switch it may reach the pane as plain esc bytes=[27]
2026-08-06T14:08:23.254166Z  WARN herdr::raw_input: flushing lone escape after input timeout; if this follows an alt chord or focus switch it may reach the pane as plain esc bytes=[27]
2026-08-06T14:08:23.255182Z  WARN herdr::raw_input: flushing lone escape after input timeout; if this follows an alt chord or focus switch it may reach the pane as plain esc bytes=[27]
2026-08-06T14:08:30.549319Z  WARN herdr::raw_input: flushing lone escape after input timeout; if this follows an alt chord or focus switch it may reach the pane as plain esc bytes=[27]
2026-08-06T14:08:30.549412Z  WARN herdr::raw_input: flushing lone escape after input timeout; if this follows an alt chord or focus switch it may reach the pane as plain esc bytes=[27]
2026-08-06T14:08:41.679414Z  WARN herdr::raw_input: flushing lone escape after input timeout; if this follows an alt chord or focus switch it may reach the pane as plain esc bytes=[27]
2026-08-06T14:08:41.680416Z  WARN herdr::raw_input: flushing lone escape after input timeout; if this follows an alt chord or focus switch it may reach the pane as plain esc bytes=[27]
2026-08-06T14:08:59.131053Z  WARN herdr::raw_input: flushing lone escape after input timeout; if this follows an alt chord or focus switch it may reach the pane as plain esc bytes=[27]
2026-08-06T14:08:59.131340Z  WARN herdr::raw_input: flushing lone escape after input timeout; if this follows an alt chord or focus switch it may reach the pane as plain esc bytes=[27]
2026-08-06T14:09:00.882115Z  WARN herdr::raw_input: flushing lone escape after input timeout; if this follows an alt chord or focus switch it may reach the pane as plain esc bytes=[27]
2026-08-06T14:09:00.882202Z  WARN herdr::raw_input: flushing lone escape after input timeout; if this follows an alt chord or focus switch it may reach the pane as plain esc bytes=[27]
2026-08-06T14:09:46.470498Z  WARN herdr::raw_input: flushing lone escape after input timeout; if this follows an alt chord or focus switch it may reach the pane as plain esc bytes=[27]
2026-08-06T14:09:46.470811Z  WARN herdr::raw_input: flushing lone escape after input timeout; if this follows an alt chord or focus switch it may reach the pane as plain esc bytes=[27]
2026-08-06T14:09:52.868357Z  WARN herdr::raw_input: flushing lone escape after input timeout; if this follows an alt chord or focus switch it may reach the pane as plain esc bytes=[27]
2026-08-06T14:09:52.868405Z  WARN herdr::raw_input: flushing lone escape after input timeout; if this follows an alt chord or focus switch it may reach the pane as plain esc bytes=[27]
2026-08-06T14:19:19.333663Z  WARN herdr::raw_input: flushing lone escape after input timeout; if this follows an alt chord or focus switch it may reach the pane as plain esc bytes=[27]
2026-08-06T14:19:19.335059Z  WARN herdr::raw_input: flushing lone escape after input timeout; if this follows an alt chord or focus switch it may reach the pane as plain esc bytes=[27]
2026-08-06T14:19:24.419250Z  WARN herdr::raw_input: flushing lone escape after input timeout; if this follows an alt chord or focus switch it may reach the pane as plain esc bytes=[27]
2026-08-06T14:19:24.419344Z  WARN herdr::raw_input: flushing lone escape after input timeout; if this follows an alt chord or focus switch it may reach the pane as plain esc bytes=[27]
2026-08-06T14:21:13.569148Z  WARN herdr::raw_input: flushing lone escape after input timeout; if this follows an alt chord or focus switch it may reach the pane as plain esc bytes=[27]
2026-08-06T14:21:13.569550Z  WARN herdr::raw_input: flushing lone escape after input timeout; if this follows an alt chord or focus switch it may reach the pane as plain esc bytes=[27]
2026-08-06T14:21:22.384227Z  WARN herdr::raw_input: flushing lone escape after input timeout; if this follows an alt chord or focus switch it may reach the pane as plain esc bytes=[27]
2026-08-06T14:21:22.384828Z  WARN herdr::raw_input: flushing lone escape after input timeout; if this follows an alt chord or focus switch it may reach the pane as plain esc bytes=[27]
2026-08-06T14:21:29.466882Z  WARN herdr::raw_input: flushing lone escape after input timeout; if this follows an alt chord or focus switch it may reach the pane as plain esc bytes=[27]
2026-08-06T14:21:29.468223Z  WARN herdr::raw_input: flushing lone escape after input timeout; if this follows an alt chord or focus switch it may reach the pane as plain esc bytes=[27]
2026-08-06T14:24:45.142333Z  WARN herdr::raw_input: flushing lone escape after input timeout; if this follows an alt chord or focus switch it may reach the pane as plain esc bytes=[27]
2026-08-06T14:24:45.144631Z  WARN herdr::raw_input: flushing lone escape after input timeout; if this follows an alt chord or focus switch it may reach the pane as plain esc bytes=[27]
2026-08-06T14:24:49.611513Z  WARN herdr::raw_input: flushing lone escape after input timeout; if this follows an alt chord or focus switch it may reach the pane as plain esc bytes=[27]
2026-08-06T14:24:49.611573Z  WARN herdr::raw_input: flushing lone escape after input timeout; if this follows an alt chord or focus switch it may reach the pane as plain esc bytes=[27]
2026-08-06T14:24:59.221620Z  WARN herdr::raw_input: flushing lone escape after input timeout; if this follows an alt chord or focus switch it may reach the pane as plain esc bytes=[27]
2026-08-06T14:24:59.223147Z  WARN herdr::raw_input: flushing lone escape after input timeout; if this follows an alt chord or focus switch it may reach the pane as plain esc bytes=[27]
2026-08-06T14:25:03.102617Z  WARN herdr::raw_input: flushing lone escape after input timeout; if this follows an alt chord or focus switch it may reach the pane as plain esc bytes=[27]
2026-08-06T14:25:03.102720Z  WARN herdr::raw_input: flushing lone escape after input timeout; if this follows an alt chord or focus switch it may reach the pane as plain esc bytes=[27]
2026-08-06T14:27:28.075186Z  WARN herdr::raw_input: flushing lone escape after input timeout; if this follows an alt chord or focus switch it may reach the pane as plain esc bytes=[27]
2026-08-06T14:27:28.076581Z  WARN herdr::raw_input: flushing lone escape after input timeout; if this follows an alt chord or focus switch it may reach the pane as plain esc bytes=[27]
2026-08-06T14:28:32.452046Z  WARN herdr::raw_input: flushing lone escape after input timeout; if this follows an alt chord or focus switch it may reach the pane as plain esc bytes=[27]
2026-08-06T14:28:32.452700Z  WARN herdr::raw_input: flushing lone escape after input timeout; if this follows an alt chord or focus switch it may reach the pane as plain esc bytes=[27]
2026-08-06T14:34:52.971377Z  WARN herdr::raw_input: flushing lone escape after input timeout; if this follows an alt chord or focus switch it may reach the pane as plain esc bytes=[27]
2026-08-06T14:34:52.973108Z  WARN herdr::raw_input: flushing lone escape after input timeout; if this follows an alt chord or focus switch it may reach the pane as plain esc bytes=[27]
2026-08-06T14:35:12.109380Z  WARN herdr::raw_input: flushing lone escape after input timeout; if this follows an alt chord or focus switch it may reach the pane as plain esc bytes=[27]
2026-08-06T14:35:12.111100Z  WARN herdr::raw_input: flushing lone escape after input timeout; if this follows an alt chord or focus switch it may reach the pane as plain esc bytes=[27]
2026-08-06T14:35:16.836296Z  WARN herdr::raw_input: flushing lone escape after input timeout; if this follows an alt chord or focus switch it may reach the pane as plain esc bytes=[27]
2026-08-06T14:35:16.836442Z  WARN herdr::raw_input: flushing lone escape after input timeout; if this follows an alt chord or focus switch it may reach the pane as plain esc bytes=[27]
2026-08-06T14:35:41.773185Z  WARN herdr::raw_input: flushing lone escape after input timeout; if this follows an alt chord or focus switch it may reach the pane as plain esc bytes=[27]
2026-08-06T14:35:41.774659Z  WARN herdr::raw_input: flushing lone escape after input timeout; if this follows an alt chord or focus switch it may reach the pane as plain esc bytes=[27]
2026-08-06T14:36:58.606391Z  WARN herdr::raw_input: flushing lone escape after input timeout; if this follows an alt chord or focus switch it may reach the pane as plain esc bytes=[27]
2026-08-06T14:36:58.608848Z  WARN herdr::raw_input: flushing lone escape after input timeout; if this follows an alt chord or focus switch it may reach the pane as plain esc bytes=[27]
2026-08-06T14:37:17.563442Z  WARN herdr::raw_input: flushing lone escape after input timeout; if this follows an alt chord or focus switch it may reach the pane as plain esc bytes=[27]
2026-08-06T14:37:17.564404Z  WARN herdr::raw_input: flushing lone escape after input timeout; if this follows an alt chord or focus switch it may reach the pane as plain esc bytes=[27]
2026-08-06T14:37:26.476645Z  WARN herdr::raw_input: flushing lone escape after input timeout; if this follows an alt chord or focus switch it may reach the pane as plain esc bytes=[27]
2026-08-06T14:37:26.476931Z  WARN herdr::raw_input: flushing lone escape after input timeout; if this follows an alt chord or focus switch it may reach the pane as plain esc bytes=[27]
2026-08-06T14:39:20.804811Z  WARN herdr::raw_input: flushing lone escape after input timeout; if this follows an alt chord or focus switch it may reach the pane as plain esc bytes=[27]
2026-08-06T14:39:20.805346Z  WARN herdr::raw_input: flushing lone escape after input timeout; if this follows an alt chord or focus switch it may reach the pane as plain esc bytes=[27]
2026-08-06T14:39:37.215122Z  WARN herdr::raw_input: flushing lone escape after input timeout; if this follows an alt chord or focus switch it may reach the pane as plain esc bytes=[27]
2026-08-06T14:39:37.216642Z  WARN herdr::raw_input: flushing lone escape after input timeout; if this follows an alt chord or focus switch it may reach the pane as plain esc bytes=[27]
2026-08-06T14:40:02.736077Z  WARN herdr::raw_input: flushing lone escape after input timeout; if this follows an alt chord or focus switch it may reach the pane as plain esc bytes=[27]
2026-08-06T14:40:02.737282Z  WARN herdr::raw_input: flushing lone escape after input timeout; if this follows an alt chord or focus switch it may reach the pane as plain esc bytes=[27]
2026-08-06T14:40:47.304493Z  WARN herdr::raw_input: flushing lone escape after input timeout; if this follows an alt chord or focus switch it may reach the pane as plain esc bytes=[27]
2026-08-06T14:40:47.307693Z  WARN herdr::raw_input: flushing lone escape after input timeout; if this follows an alt chord or focus switch it may reach the pane as plain esc bytes=[27]
2026-08-06T14:41:47.576497Z  WARN herdr::raw_input: flushing lone escape after input timeout; if this follows an alt chord or focus switch it may reach the pane as plain esc bytes=[27]
2026-08-06T14:41:47.577652Z  WARN herdr::raw_input: flushing lone escape after input timeout; if this follows an alt chord or focus switch it may reach the pane as plain esc bytes=[27]
2026-08-06T14:41:55.051160Z  WARN herdr::raw_input: flushing lone escape after input timeout; if this follows an alt chord or focus switch it may reach the pane as plain esc bytes=[27]
2026-08-06T14:41:55.051345Z  WARN herdr::raw_input: flushing lone escape after input timeout; if this follows an alt chord or focus switch it may reach the pane as plain esc bytes=[27]
2026-08-06T14:43:01.665790Z  WARN herdr::raw_input: flushing lone escape after input timeout; if this follows an alt chord or focus switch it may reach the pane as plain esc bytes=[27]
2026-08-06T14:43:01.667766Z  WARN herdr::raw_input: flushing lone escape after input timeout; if this follows an alt chord or focus switch it may reach the pane as plain esc bytes=[27]
2026-08-06T14:43:23.321826Z  WARN herdr::raw_input: flushing lone escape after input timeout; if this follows an alt chord or focus switch it may reach the pane as plain esc bytes=[27]
2026-08-06T14:43:23.323370Z  WARN herdr::raw_input: flushing lone escape after input timeout; if this follows an alt chord or focus switch it may reach the pane as plain esc bytes=[27]
2026-08-06T14:44:04.677724Z  WARN herdr::raw_input: flushing lone escape after input timeout; if this follows an alt chord or focus switch it may reach the pane as plain esc bytes=[27]
2026-08-06T14:44:04.679226Z  WARN herdr::raw_input: flushing lone escape after input timeout; if this follows an alt chord or focus switch it may reach the pane as plain esc bytes=[27]
2026-08-06T14:44:15.433456Z  WARN herdr::raw_input: flushing lone escape after input timeout; if this follows an alt chord or focus switch it may reach the pane as plain esc bytes=[27]
2026-08-06T14:44:15.434507Z  WARN herdr::raw_input: flushing lone escape after input timeout; if this follows an alt chord or focus switch it may reach the pane as plain esc bytes=[27]
2026-08-06T14:44:16.974851Z  WARN herdr::raw_input: flushing lone escape after input timeout; if this follows an alt chord or focus switch it may reach the pane as plain esc bytes=[27]
2026-08-06T14:44:16.974986Z  WARN herdr::raw_input: flushing lone escape after input timeout; if this follows an alt chord or focus switch it may reach the pane as plain esc bytes=[27]
2026-08-07T02:38:54.484757Z  WARN herdr::raw_input: flushing lone escape after input timeout; if this follows an alt chord or focus switch it may reach the pane as plain esc bytes=[27]
2026-08-07T02:38:54.485654Z  WARN herdr::raw_input: flushing lone escape after input timeout; if this follows an alt chord or focus switch it may reach the pane as plain esc bytes=[27]
2026-08-07T02:39:47.623042Z  WARN herdr::raw_input: flushing lone escape after input timeout; if this follows an alt chord or focus switch it may reach the pane as plain esc bytes=[27]
2026-08-07T02:39:47.624206Z  WARN herdr::raw_input: flushing lone escape after input timeout; if this follows an alt chord or focus switch it may reach the pane as plain esc bytes=[27]
2026-08-07T02:39:50.704507Z  WARN herdr::raw_input: flushing lone escape after input timeout; if this follows an alt chord or focus switch it may reach the pane as plain esc bytes=[27]
2026-08-07T02:39:50.704629Z  WARN herdr::raw_input: flushing lone escape after input timeout; if this follows an alt chord or focus switch it may reach the pane as plain esc bytes=[27]
2026-08-07T02:42:34.605700Z  WARN herdr::raw_input: flushing lone escape after input timeout; if this follows an alt chord or focus switch it may reach the pane as plain esc bytes=[27]
2026-08-07T02:42:34.606150Z  WARN herdr::raw_input: flushing lone escape after input timeout; if this follows an alt chord or focus switch it may reach the pane as plain esc bytes=[27]
2026-08-07T02:54:02.491112Z  WARN herdr::raw_input: flushing lone escape after input timeout; if this follows an alt chord or focus switch it may reach the pane as plain esc bytes=[27]
2026-08-07T02:54:02.493749Z  WARN herdr::raw_input: flushing lone escape after input timeout; if this follows an alt chord or focus switch it may reach the pane as plain esc bytes=[27]
2026-08-07T02:55:23.417510Z  WARN herdr::raw_input: flushing lone escape after input timeout; if this follows an alt chord or focus switch it may reach the pane as plain esc bytes=[27]
2026-08-07T02:55:23.418444Z  WARN herdr::raw_input: flushing lone escape after input timeout; if this follows an alt chord or focus switch it may reach the pane as plain esc bytes=[27]
2026-08-07T02:56:59.206652Z  WARN herdr::raw_input: flushing lone escape after input timeout; if this follows an alt chord or focus switch it may reach the pane as plain esc bytes=[27]
2026-08-07T02:56:59.207201Z  WARN herdr::raw_input: flushing lone escape after input timeout; if this follows an alt chord or focus switch it may reach the pane as plain esc bytes=[27]
2026-08-07T03:03:15.892670Z  WARN herdr::raw_input: flushing lone escape after input timeout; if this follows an alt chord or focus switch it may reach the pane as plain esc bytes=[27]
2026-08-07T03:03:15.894937Z  WARN herdr::raw_input: flushing lone escape after input timeout; if this follows an alt chord or focus switch it may reach the pane as plain esc bytes=[27]
2026-08-07T03:07:33.790602Z  WARN herdr::raw_input: flushing lone escape after input timeout; if this follows an alt chord or focus switch it may reach the pane as plain esc bytes=[27]
2026-08-07T03:07:33.793324Z  WARN herdr::raw_input: flushing lone escape after input timeout; if this follows an alt chord or focus switch it may reach the pane as plain esc bytes=[27]
2026-08-07T03:10:21.347013Z  WARN herdr::raw_input: flushing lone escape after input timeout; if this follows an alt chord or focus switch it may reach the pane as plain esc bytes=[27]
2026-08-07T03:10:21.348953Z  WARN herdr::raw_input: flushing lone escape after input timeout; if this follows an alt chord or focus switch it may reach the pane as plain esc bytes=[27]
2026-08-07T03:11:03.115395Z  WARN herdr::raw_input: flushing lone escape after input timeout; if this follows an alt chord or focus switch it may reach the pane as plain esc bytes=[27]
2026-08-07T03:11:03.119692Z  WARN herdr::raw_input: flushing lone escape after input timeout; if this follows an alt chord or focus switch it may reach the pane as plain esc bytes=[27]
2026-08-07T03:11:10.374848Z  WARN herdr::raw_input: flushing lone escape after input timeout; if this follows an alt chord or focus switch it may reach the pane as plain esc bytes=[27]
2026-08-07T03:11:10.374924Z  WARN herdr::raw_input: flushing lone escape after input timeout; if this follows an alt chord or focus switch it may reach the pane as plain esc bytes=[27]
2026-08-07T03:42:53.515413Z  WARN herdr::raw_input: flushing lone escape after input timeout; if this follows an alt chord or focus switch it may reach the pane as plain esc bytes=[27]
2026-08-07T03:42:53.516096Z  WARN herdr::raw_input: flushing lone escape after input timeout; if this follows an alt chord or focus switch it may reach the pane as plain esc bytes=[27]
2026-08-07T03:45:50.757549Z  WARN herdr::raw_input: flushing lone escape after input timeout; if this follows an alt chord or focus switch it may reach the pane as plain esc bytes=[27]
2026-08-07T03:45:50.759533Z  WARN herdr::raw_input: flushing lone escape after input timeout; if this follows an alt chord or focus switch it may reach the pane as plain esc bytes=[27]
2026-08-07T06:33:29.484015Z  WARN herdr::raw_input: flushing lone escape after input timeout; if this follows an alt chord or focus switch it may reach the pane as plain esc bytes=[27]
2026-08-07T06:33:29.484564Z  WARN herdr::raw_input: flushing lone escape after input timeout; if this follows an alt chord or focus switch it may reach the pane as plain esc bytes=[27]
2026-08-07T06:33:40.602766Z  WARN herdr::raw_input: flushing lone escape after input timeout; if this follows an alt chord or focus switch it may reach the pane as plain esc bytes=[27]
2026-08-07T06:33:40.603909Z  WARN herdr::raw_input: flushing lone escape after input timeout; if this follows an alt chord or focus switch it may reach the pane as plain esc bytes=[27]
2026-08-07T06:34:34.478526Z  WARN herdr::raw_input: flushing lone escape after input timeout; if this follows an alt chord or focus switch it may reach the pane as plain esc bytes=[27]
2026-08-07T06:34:34.479566Z  WARN herdr::raw_input: flushing lone escape after input timeout; if this follows an alt chord or focus switch it may reach the pane as plain esc bytes=[27]
2026-08-07T06:35:09.981084Z  WARN herdr::raw_input: flushing lone escape after input timeout; if this follows an alt chord or focus switch it may reach the pane as plain esc bytes=[27]
2026-08-07T06:35:09.982988Z  WARN herdr::raw_input: flushing lone escape after input timeout; if this follows an alt chord or focus switch it may reach the pane as plain esc bytes=[27]
2026-08-07T06:35:28.689560Z  WARN herdr::raw_input: flushing lone escape after input timeout; if this follows an alt chord or focus switch it may reach the pane as plain esc bytes=[27]
2026-08-07T06:35:28.690551Z  WARN herdr::raw_input: flushing lone escape after input timeout; if this follows an alt chord or focus switch it may reach the pane as plain esc bytes=[27]
2026-08-07T06:35:48.146529Z  WARN herdr::raw_input: flushing lone escape after input timeout; if this follows an alt chord or focus switch it may reach the pane as plain esc bytes=[27]
2026-08-07T06:35:48.147700Z  WARN herdr::raw_input: flushing lone escape after input timeout; if this follows an alt chord or focus switch it may reach the pane as plain esc bytes=[27]
2026-08-07T06:42:23.396286Z  WARN herdr::raw_input: flushing lone escape after input timeout; if this follows an alt chord or focus switch it may reach the pane as plain esc bytes=[27]
2026-08-07T06:42:23.398555Z  WARN herdr::raw_input: flushing lone escape after input timeout; if this follows an alt chord or focus switch it may reach the pane as plain esc bytes=[27]
2026-08-07T06:42:26.793048Z  WARN herdr::raw_input: flushing lone escape after input timeout; if this follows an alt chord or focus switch it may reach the pane as plain esc bytes=[27]
2026-08-07T06:42:26.793213Z  WARN herdr::raw_input: flushing lone escape after input timeout; if this follows an alt chord or focus switch it may reach the pane as plain esc bytes=[27]
2026-08-07T06:42:47.225832Z  WARN herdr::raw_input: flushing lone escape after input timeout; if this follows an alt chord or focus switch it may reach the pane as plain esc bytes=[27]
2026-08-07T06:42:47.227276Z  WARN herdr::raw_input: flushing lone escape after input timeout; if this follows an alt chord or focus switch it may reach the pane as plain esc bytes=[27]
2026-08-07T06:43:04.563468Z  WARN herdr::raw_input: flushing lone escape after input timeout; if this follows an alt chord or focus switch it may reach the pane as plain esc bytes=[27]
2026-08-07T06:43:04.565823Z  WARN herdr::raw_input: flushing lone escape after input timeout; if this follows an alt chord or focus switch it may reach the pane as plain esc bytes=[27]
2026-08-07T06:43:06.140106Z  WARN herdr::raw_input: flushing lone escape after input timeout; if this follows an alt chord or focus switch it may reach the pane as plain esc bytes=[27]
2026-08-07T06:43:06.140474Z  WARN herdr::raw_input: flushing lone escape after input timeout; if this follows an alt chord or focus switch it may reach the pane as plain esc bytes=[27]
2026-08-07T06:46:30.418039Z  WARN herdr::raw_input: flushing lone escape after input timeout; if this follows an alt chord or focus switch it may reach the pane as plain esc bytes=[27]
2026-08-07T06:46:47.189476Z  WARN herdr::raw_input: flushing lone escape after input timeout; if this follows an alt chord or focus switch it may reach the pane as plain esc bytes=[27]
2026-08-07T06:46:47.189949Z  WARN herdr::raw_input: flushing lone escape after input timeout; if this follows an alt chord or focus switch it may reach the pane as plain esc bytes=[27]
2026-08-07T06:47:02.878852Z  WARN herdr::raw_input: flushing lone escape after input timeout; if this follows an alt chord or focus switch it may reach the pane as plain esc bytes=[27]
2026-08-07T06:47:02.879155Z  WARN herdr::raw_input: flushing lone escape after input timeout; if this follows an alt chord or focus switch it may reach the pane as plain esc bytes=[27]
2026-08-07T06:47:45.806090Z  WARN herdr::raw_input: flushing lone escape after input timeout; if this follows an alt chord or focus switch it may reach the pane as plain esc bytes=[27]
2026-08-07T06:47:45.806700Z  WARN herdr::raw_input: flushing lone escape after input timeout; if this follows an alt chord or focus switch it may reach the pane as plain esc bytes=[27]
2026-08-07T06:47:54.959743Z  WARN herdr::raw_input: flushing lone escape after input timeout; if this follows an alt chord or focus switch it may reach the pane as plain esc bytes=[27]
2026-08-07T06:47:54.960752Z  WARN herdr::raw_input: flushing lone escape after input timeout; if this follows an alt chord or focus switch it may reach the pane as plain esc bytes=[27]
2026-08-07T06:48:07.537761Z  WARN herdr::raw_input: flushing lone escape after input timeout; if this follows an alt chord or focus switch it may reach the pane as plain esc bytes=[27]
2026-08-07T06:48:07.539055Z  WARN herdr::raw_input: flushing lone escape after input timeout; if this follows an alt chord or focus switch it may reach the pane as plain esc bytes=[27]
2026-08-07T06:48:09.059149Z  WARN herdr::raw_input: flushing lone escape after input timeout; if this follows an alt chord or focus switch it may reach the pane as plain esc bytes=[27]
2026-08-07T06:48:09.059238Z  WARN herdr::raw_input: flushing lone escape after input timeout; if this follows an alt chord or focus switch it may reach the pane as plain esc bytes=[27]
2026-08-07T06:52:40.966678Z  WARN herdr::raw_input: flushing lone escape after input timeout; if this follows an alt chord or focus switch it may reach the pane as plain esc bytes=[27]
2026-08-07T06:52:40.967418Z  WARN herdr::raw_input: flushing lone escape after input timeout; if this follows an alt chord or focus switch it may reach the pane as plain esc bytes=[27]
2026-08-07T13:03:42.709174Z  WARN herdr::raw_input: flushing lone escape after input timeout; if this follows an alt chord or focus switch it may reach the pane as plain esc bytes=[27]
2026-08-07T13:03:42.709736Z  WARN herdr::raw_input: flushing lone escape after input timeout; if this follows an alt chord or focus switch it may reach the pane as plain esc bytes=[27]
2026-08-07T13:04:39.182296Z  WARN herdr::raw_input: flushing lone escape after input timeout; if this follows an alt chord or focus switch it may reach the pane as plain esc bytes=[27]
2026-08-07T13:04:39.184200Z  WARN herdr::raw_input: flushing lone escape after input timeout; if this follows an alt chord or focus switch it may reach the pane as plain esc bytes=[27]
2026-08-07T13:05:05.063669Z  WARN herdr::raw_input: flushing lone escape after input timeout; if this follows an alt chord or focus switch it may reach the pane as plain esc bytes=[27]
2026-08-07T13:05:05.064143Z  WARN herdr::raw_input: flushing lone escape after input timeout; if this follows an alt chord or focus switch it may reach the pane as plain esc bytes=[27]
2026-08-07T13:07:05.863978Z  WARN herdr::raw_input: flushing lone escape after input timeout; if this follows an alt chord or focus switch it may reach the pane as plain esc bytes=[27]
2026-08-07T13:07:05.865985Z  WARN herdr::raw_input: flushing lone escape after input timeout; if this follows an alt chord or focus switch it may reach the pane as plain esc bytes=[27]
2026-08-07T13:07:06.091788Z  WARN herdr::raw_input: flushing lone escape after input timeout; if this follows an alt chord or focus switch it may reach the pane as plain esc bytes=[27]
2026-08-07T13:07:06.091883Z  WARN herdr::raw_input: flushing lone escape after input timeout; if this follows an alt chord or focus switch it may reach the pane as plain esc bytes=[27]
2026-08-07T13:07:26.533570Z  WARN herdr::raw_input: flushing lone escape after input timeout; if this follows an alt chord or focus switch it may reach the pane as plain esc bytes=[27]
2026-08-07T13:07:26.533938Z  WARN herdr::raw_input: flushing lone escape after input timeout; if this follows an alt chord or focus switch it may reach the pane as plain esc bytes=[27]
2026-08-07T13:07:48.978861Z  WARN herdr::raw_input: flushing lone escape after input timeout; if this follows an alt chord or focus switch it may reach the pane as plain esc bytes=[27]
2026-08-07T13:07:48.979290Z  WARN herdr::raw_input: flushing lone escape after input timeout; if this follows an alt chord or focus switch it may reach the pane as plain esc bytes=[27]
2026-08-07T13:09:43.344462Z  WARN herdr::raw_input: flushing lone escape after input timeout; if this follows an alt chord or focus switch it may reach the pane as plain esc bytes=[27]
2026-08-07T13:09:43.345275Z  WARN herdr::raw_input: flushing lone escape after input timeout; if this follows an alt chord or focus switch it may reach the pane as plain esc bytes=[27]
2026-08-07T13:14:13.751179Z  WARN herdr::raw_input: flushing lone escape after input timeout; if this follows an alt chord or focus switch it may reach the pane as plain esc bytes=[27]
2026-08-07T13:14:13.753075Z  WARN herdr::raw_input: flushing lone escape after input timeout; if this follows an alt chord or focus switch it may reach the pane as plain esc bytes=[27]
2026-08-07T13:14:15.826814Z  WARN herdr::raw_input: flushing lone escape after input timeout; if this follows an alt chord or focus switch it may reach the pane as plain esc bytes=[27]
2026-08-07T13:14:15.828004Z  WARN herdr::raw_input: flushing lone escape after input timeout; if this follows an alt chord or focus switch it may reach the pane as plain esc bytes=[27]
2026-08-07T13:15:03.507514Z  WARN herdr::raw_input: flushing lone escape after input timeout; if this follows an alt chord or focus switch it may reach the pane as plain esc bytes=[27]
2026-08-07T13:15:03.507827Z  WARN herdr::raw_input: flushing lone escape after input timeout; if this follows an alt chord or focus switch it may reach the pane as plain esc bytes=[27]
2026-08-07T13:18:15.118766Z  WARN herdr::raw_input: flushing lone escape after input timeout; if this follows an alt chord or focus switch it may reach the pane as plain esc bytes=[27]
2026-08-07T13:18:15.119623Z  WARN herdr::raw_input: flushing lone escape after input timeout; if this follows an alt chord or focus switch it may reach the pane as plain esc bytes=[27]
2026-08-08T01:21:27.379239Z  WARN herdr::raw_input: flushing lone escape after input timeout; if this follows an alt chord or focus switch it may reach the pane as plain esc bytes=[27]
2026-08-08T01:21:27.380250Z  WARN herdr::raw_input: flushing lone escape after input timeout; if this follows an alt chord or focus switch it may reach the pane as plain esc bytes=[27]
2026-08-08T01:21:39.771630Z  WARN herdr::raw_input: flushing lone escape after input timeout; if this follows an alt chord or focus switch it may reach the pane as plain esc bytes=[27]
2026-08-08T01:21:39.772006Z  WARN herdr::raw_input: flushing lone escape after input timeout; if this follows an alt chord or focus switch it may reach the pane as plain esc bytes=[27]
2026-08-08T01:22:03.476763Z  WARN herdr::raw_input: flushing lone escape after input timeout; if this follows an alt chord or focus switch it may reach the pane as plain esc bytes=[27]
2026-08-08T01:22:03.477396Z  WARN herdr::raw_input: flushing lone escape after input timeout; if this follows an alt chord or focus switch it may reach the pane as plain esc bytes=[27]
2026-08-08T01:22:47.345829Z  WARN herdr::raw_input: flushing lone escape after input timeout; if this follows an alt chord or focus switch it may reach the pane as plain esc bytes=[27]
2026-08-08T01:22:47.346808Z  WARN herdr::raw_input: flushing lone escape after input timeout; if this follows an alt chord or focus switch it may reach the pane as plain esc bytes=[27]
2026-08-08T01:23:28.875005Z  WARN herdr::raw_input: flushing lone escape after input timeout; if this follows an alt chord or focus switch it may reach the pane as plain esc bytes=[27]
2026-08-08T01:23:28.876119Z  WARN herdr::raw_input: flushing lone escape after input timeout; if this follows an alt chord or focus switch it may reach the pane as plain esc bytes=[27]
2026-08-08T01:23:40.354251Z  WARN herdr::raw_input: flushing lone escape after input timeout; if this follows an alt chord or focus switch it may reach the pane as plain esc bytes=[27]
2026-08-08T01:23:40.354682Z  WARN herdr::raw_input: flushing lone escape after input timeout; if this follows an alt chord or focus switch it may reach the pane as plain esc bytes=[27]
2026-08-08T01:23:52.019190Z  WARN herdr::raw_input: flushing lone escape after input timeout; if this follows an alt chord or focus switch it may reach the pane as plain esc bytes=[27]
2026-08-08T01:23:52.019793Z  WARN herdr::raw_input: flushing lone escape after input timeout; if this follows an alt chord or focus switch it may reach the pane as plain esc bytes=[27]
2026-08-08T01:24:07.752127Z  WARN herdr::raw_input: flushing lone escape after input timeout; if this follows an alt chord or focus switch it may reach the pane as plain esc bytes=[27]
2026-08-08T01:24:07.753002Z  WARN herdr::raw_input: flushing lone escape after input timeout; if this follows an alt chord or focus switch it may reach the pane as plain esc bytes=[27]
2026-08-08T01:24:35.713662Z  WARN herdr::raw_input: flushing lone escape after input timeout; if this follows an alt chord or focus switch it may reach the pane as plain esc bytes=[27]
2026-08-08T01:24:35.714633Z  WARN herdr::raw_input: flushing lone escape after input timeout; if this follows an alt chord or focus switch it may reach the pane as plain esc bytes=[27]
2026-08-08T01:25:37.604742Z  WARN herdr::raw_input: flushing lone escape after input timeout; if this follows an alt chord or focus switch it may reach the pane as plain esc bytes=[27]
2026-08-08T01:25:37.605575Z  WARN herdr::raw_input: flushing lone escape after input timeout; if this follows an alt chord or focus switch it may reach the pane as plain esc bytes=[27]
2026-08-08T01:26:22.306673Z  WARN herdr::raw_input: flushing lone escape after input timeout; if this follows an alt chord or focus switch it may reach the pane as plain esc bytes=[27]
2026-08-08T01:26:22.308090Z  WARN herdr::raw_input: flushing lone escape after input timeout; if this follows an alt chord or focus switch it may reach the pane as plain esc bytes=[27]
2026-08-08T01:26:37.156549Z  WARN herdr::raw_input: flushing lone escape after input timeout; if this follows an alt chord or focus switch it may reach the pane as plain esc bytes=[27]
2026-08-08T01:26:37.157829Z  WARN herdr::raw_input: flushing lone escape after input timeout; if this follows an alt chord or focus switch it may reach the pane as plain esc bytes=[27]
2026-08-08T01:26:43.216466Z  WARN herdr::raw_input: flushing lone escape after input timeout; if this follows an alt chord or focus switch it may reach the pane as plain esc bytes=[27]
2026-08-08T01:26:43.217069Z  WARN herdr::raw_input: flushing lone escape after input timeout; if this follows an alt chord or focus switch it may reach the pane as plain esc bytes=[27]
2026-08-08T01:26:48.901545Z  WARN herdr::raw_input: flushing lone escape after input timeout; if this follows an alt chord or focus switch it may reach the pane as plain esc bytes=[27]
2026-08-08T01:26:48.901756Z  WARN herdr::raw_input: flushing lone escape after input timeout; if this follows an alt chord or focus switch it may reach the pane as plain esc bytes=[27]
2026-08-08T01:26:53.598814Z  WARN herdr::raw_input: flushing lone escape after input timeout; if this follows an alt chord or focus switch it may reach the pane as plain esc bytes=[27]
2026-08-08T01:26:53.598882Z  WARN herdr::raw_input: flushing lone escape after input timeout; if this follows an alt chord or focus switch it may reach the pane as plain esc bytes=[27]
2026-08-08T01:28:17.734946Z  WARN herdr::raw_input: flushing lone escape after input timeout; if this follows an alt chord or focus switch it may reach the pane as plain esc bytes=[27]
2026-08-08T01:28:17.735511Z  WARN herdr::raw_input: flushing lone escape after input timeout; if this follows an alt chord or focus switch it may reach the pane as plain esc bytes=[27]
2026-08-08T01:28:24.227996Z  WARN herdr::raw_input: flushing lone escape after input timeout; if this follows an alt chord or focus switch it may reach the pane as plain esc bytes=[27]
2026-08-08T01:28:24.228362Z  WARN herdr::raw_input: flushing lone escape after input timeout; if this follows an alt chord or focus switch it may reach the pane as plain esc bytes=[27]
2026-08-08T01:31:39.323091Z  WARN herdr::raw_input: flushing lone escape after input timeout; if this follows an alt chord or focus switch it may reach the pane as plain esc bytes=[27]
2026-08-08T01:31:39.323865Z  WARN herdr::raw_input: flushing lone escape after input timeout; if this follows an alt chord or focus switch it may reach the pane as plain esc bytes=[27]
2026-08-08T01:31:57.737156Z  WARN herdr::raw_input: flushing lone escape after input timeout; if this follows an alt chord or focus switch it may reach the pane as plain esc bytes=[27]
2026-08-08T01:31:57.738729Z  WARN herdr::raw_input: flushing lone escape after input timeout; if this follows an alt chord or focus switch it may reach the pane as plain esc bytes=[27]
2026-08-08T01:32:03.940554Z  WARN herdr::raw_input: flushing lone escape after input timeout; if this follows an alt chord or focus switch it may reach the pane as plain esc bytes=[27]
2026-08-08T01:32:03.942123Z  WARN herdr::raw_input: flushing lone escape after input timeout; if this follows an alt chord or focus switch it may reach the pane as plain esc bytes=[27]
2026-08-08T01:37:56.287877Z  WARN herdr::raw_input: flushing lone escape after input timeout; if this follows an alt chord or focus switch it may reach the pane as plain esc bytes=[27]
2026-08-08T01:37:56.288919Z  WARN herdr::raw_input: flushing lone escape after input timeout; if this follows an alt chord or focus switch it may reach the pane as plain esc bytes=[27]
2026-08-08T01:38:03.899921Z  WARN herdr::raw_input: flushing lone escape after input timeout; if this follows an alt chord or focus switch it may reach the pane as plain esc bytes=[27]
2026-08-08T01:38:03.900301Z  WARN herdr::raw_input: flushing lone escape after input timeout; if this follows an alt chord or focus switch it may reach the pane as plain esc bytes=[27]
2026-08-08T01:38:18.055905Z  WARN herdr::raw_input: flushing lone escape after input timeout; if this follows an alt chord or focus switch it may reach the pane as plain esc bytes=[27]
2026-08-08T01:38:18.057330Z  WARN herdr::raw_input: flushing lone escape after input timeout; if this follows an alt chord or focus switch it may reach the pane as plain esc bytes=[27]
2026-08-08T01:40:29.283691Z  WARN herdr::raw_input: flushing lone escape after input timeout; if this follows an alt chord or focus switch it may reach the pane as plain esc bytes=[27]
2026-08-08T01:40:29.285677Z  WARN herdr::raw_input: flushing lone escape after input timeout; if this follows an alt chord or focus switch it may reach the pane as plain esc bytes=[27]
2026-08-08T01:40:35.184522Z  WARN herdr::raw_input: flushing lone escape after input timeout; if this follows an alt chord or focus switch it may reach the pane as plain esc bytes=[27]
2026-08-08T01:40:35.184608Z  WARN herdr::raw_input: flushing lone escape after input timeout; if this follows an alt chord or focus switch it may reach the pane as plain esc bytes=[27]
2026-08-08T01:42:53.054961Z  WARN herdr::raw_input: flushing lone escape after input timeout; if this follows an alt chord or focus switch it may reach the pane as plain esc bytes=[27]
2026-08-08T01:42:53.057481Z  WARN herdr::raw_input: flushing lone escape after input timeout; if this follows an alt chord or focus switch it may reach the pane as plain esc bytes=[27]
2026-08-08T01:43:02.050099Z  WARN herdr::raw_input: flushing lone escape after input timeout; if this follows an alt chord or focus switch it may reach the pane as plain esc bytes=[27]
2026-08-08T01:43:02.050285Z  WARN herdr::raw_input: flushing lone escape after input timeout; if this follows an alt chord or focus switch it may reach the pane as plain esc bytes=[27]
2026-08-08T01:46:50.072693Z  WARN herdr::raw_input: flushing lone escape after input timeout; if this follows an alt chord or focus switch it may reach the pane as plain esc bytes=[27]
2026-08-08T01:46:50.074114Z  WARN herdr::raw_input: flushing lone escape after input timeout; if this follows an alt chord or focus switch it may reach the pane as plain esc bytes=[27]
2026-08-08T01:46:53.129774Z  WARN herdr::raw_input: flushing lone escape after input timeout; if this follows an alt chord or focus switch it may reach the pane as plain esc bytes=[27]
2026-08-08T01:46:53.130101Z  WARN herdr::raw_input: flushing lone escape after input timeout; if this follows an alt chord or focus switch it may reach the pane as plain esc bytes=[27]
2026-08-08T01:48:35.726594Z  WARN herdr::raw_input: flushing lone escape after input timeout; if this follows an alt chord or focus switch it may reach the pane as plain esc bytes=[27]
2026-08-08T01:48:35.729310Z  WARN herdr::raw_input: flushing lone escape after input timeout; if this follows an alt chord or focus switch it may reach the pane as plain esc bytes=[27]
2026-08-08T01:49:52.543726Z  WARN herdr::raw_input: flushing lone escape after input timeout; if this follows an alt chord or focus switch it may reach the pane as plain esc bytes=[27]
2026-08-08T01:49:52.546712Z  WARN herdr::raw_input: flushing lone escape after input timeout; if this follows an alt chord or focus switch it may reach the pane as plain esc bytes=[27]
2026-08-08T01:51:01.332440Z  WARN herdr::raw_input: flushing lone escape after input timeout; if this follows an alt chord or focus switch it may reach the pane as plain esc bytes=[27]
2026-08-08T01:51:01.334442Z  WARN herdr::raw_input: flushing lone escape after input timeout; if this follows an alt chord or focus switch it may reach the pane as plain esc bytes=[27]
2026-08-08T01:52:30.642216Z  WARN herdr::raw_input: flushing lone escape after input timeout; if this follows an alt chord or focus switch it may reach the pane as plain esc bytes=[27]
2026-08-08T01:52:30.644091Z  WARN herdr::raw_input: flushing lone escape after input timeout; if this follows an alt chord or focus switch it may reach the pane as plain esc bytes=[27]
2026-08-10T01:35:01.446460Z  WARN herdr::raw_input: flushing lone escape after input timeout; if this follows an alt chord or focus switch it may reach the pane as plain esc bytes=[27]
2026-08-10T01:35:01.447219Z  WARN herdr::raw_input: flushing lone escape after input timeout; if this follows an alt chord or focus switch it may reach the pane as plain esc bytes=[27]
2026-08-10T01:35:36.780620Z  WARN herdr::raw_input: flushing lone escape after input timeout; if this follows an alt chord or focus switch it may reach the pane as plain esc bytes=[27]
2026-08-10T01:35:36.781706Z  WARN herdr::raw_input: flushing lone escape after input timeout; if this follows an alt chord or focus switch it may reach the pane as plain esc bytes=[27]
2026-08-10T01:47:19.308478Z  WARN herdr::raw_input: flushing lone escape after input timeout; if this follows an alt chord or focus switch it may reach the pane as plain esc bytes=[27]
2026-08-10T01:47:19.309715Z  WARN herdr::raw_input: flushing lone escape after input timeout; if this follows an alt chord or focus switch it may reach the pane as plain esc bytes=[27]
2026-08-10T01:53:59.111435Z  WARN herdr::raw_input: flushing lone escape after input timeout; if this follows an alt chord or focus switch it may reach the pane as plain esc bytes=[27]
2026-08-10T01:53:59.112498Z  WARN herdr::raw_input: flushing lone escape after input timeout; if this follows an alt chord or focus switch it may reach the pane as plain esc bytes=[27]
2026-08-10T02:03:18.475178Z  WARN herdr::raw_input: flushing lone escape after input timeout; if this follows an alt chord or focus switch it may reach the pane as plain esc bytes=[27]
2026-08-10T02:03:18.476630Z  WARN herdr::raw_input: flushing lone escape after input timeout; if this follows an alt chord or focus switch it may reach the pane as plain esc bytes=[27]
2026-08-10T02:03:40.474864Z  WARN herdr::raw_input: flushing lone escape after input timeout; if this follows an alt chord or focus switch it may reach the pane as plain esc bytes=[27]
2026-08-10T02:03:40.475049Z  WARN herdr::raw_input: flushing lone escape after input timeout; if this follows an alt chord or focus switch it may reach the pane as plain esc bytes=[27]
2026-08-10T02:11:44.741172Z  WARN herdr::raw_input: flushing lone escape after input timeout; if this follows an alt chord or focus switch it may reach the pane as plain esc bytes=[27]
2026-08-10T02:11:44.743566Z  WARN herdr::raw_input: flushing lone escape after input timeout; if this follows an alt chord or focus switch it may reach the pane as plain esc bytes=[27]
2026-08-10T02:14:07.718391Z  WARN herdr::raw_input: flushing lone escape after input timeout; if this follows an alt chord or focus switch it may reach the pane as plain esc bytes=[27]
2026-08-10T02:14:07.719717Z  WARN herdr::raw_input: flushing lone escape after input timeout; if this follows an alt chord or focus switch it may reach the pane as plain esc bytes=[27]
2026-08-10T02:19:41.540130Z  WARN herdr::raw_input: flushing lone escape after input timeout; if this follows an alt chord or focus switch it may reach the pane as plain esc bytes=[27]
2026-08-10T02:19:41.541164Z  WARN herdr::raw_input: flushing lone escape after input timeout; if this follows an alt chord or focus switch it may reach the pane as plain esc bytes=[27]
2026-08-10T02:19:59.927157Z  WARN herdr::raw_input: flushing lone escape after input timeout; if this follows an alt chord or focus switch it may reach the pane as plain esc bytes=[27]
2026-08-10T02:19:59.927541Z  WARN herdr::raw_input: flushing lone escape after input timeout; if this follows an alt chord or focus switch it may reach the pane as plain esc bytes=[27]
2026-08-10T02:20:02.009136Z  WARN herdr::raw_input: flushing lone escape after input timeout; if this follows an alt chord or focus switch it may reach the pane as plain esc bytes=[27]
2026-08-10T02:20:02.009208Z  WARN herdr::raw_input: flushing lone escape after input timeout; if this follows an alt chord or focus switch it may reach the pane as plain esc bytes=[27]
2026-08-10T02:20:14.413521Z  WARN herdr::raw_input: flushing lone escape after input timeout; if this follows an alt chord or focus switch it may reach the pane as plain esc bytes=[27]
2026-08-10T02:20:14.413803Z  WARN herdr::raw_input: flushing lone escape after input timeout; if this follows an alt chord or focus switch it may reach the pane as plain esc bytes=[27]
2026-08-10T02:20:25.437484Z  WARN herdr::raw_input: flushing lone escape after input timeout; if this follows an alt chord or focus switch it may reach the pane as plain esc bytes=[27]
2026-08-10T02:20:25.437715Z  WARN herdr::raw_input: flushing lone escape after input timeout; if this follows an alt chord or focus switch it may reach the pane as plain esc bytes=[27]
2026-08-10T02:20:28.406754Z  WARN herdr::raw_input: flushing lone escape after input timeout; if this follows an alt chord or focus switch it may reach the pane as plain esc bytes=[27]
2026-08-10T02:20:28.406859Z  WARN herdr::raw_input: flushing lone escape after input timeout; if this follows an alt chord or focus switch it may reach the pane as plain esc bytes=[27]
2026-08-10T02:20:45.182618Z  WARN herdr::raw_input: flushing lone escape after input timeout; if this follows an alt chord or focus switch it may reach the pane as plain esc bytes=[27]
2026-08-10T02:20:45.182962Z  WARN herdr::raw_input: flushing lone escape after input timeout; if this follows an alt chord or focus switch it may reach the pane as plain esc bytes=[27]
2026-08-10T02:20:48.686351Z  WARN herdr::raw_input: flushing lone escape after input timeout; if this follows an alt chord or focus switch it may reach the pane as plain esc bytes=[27]
2026-08-10T02:20:48.686538Z  WARN herdr::raw_input: flushing lone escape after input timeout; if this follows an alt chord or focus switch it may reach the pane as plain esc bytes=[27]
2026-08-10T02:21:03.089796Z  WARN herdr::raw_input: flushing lone escape after input timeout; if this follows an alt chord or focus switch it may reach the pane as plain esc bytes=[27]
2026-08-10T02:21:03.090803Z  WARN herdr::raw_input: flushing lone escape after input timeout; if this follows an alt chord or focus switch it may reach the pane as plain esc bytes=[27]
2026-08-10T02:21:12.326997Z  WARN herdr::raw_input: flushing lone escape after input timeout; if this follows an alt chord or focus switch it may reach the pane as plain esc bytes=[27]
2026-08-10T02:21:12.327374Z  WARN herdr::raw_input: flushing lone escape after input timeout; if this follows an alt chord or focus switch it may reach the pane as plain esc bytes=[27]
2026-08-10T02:21:12.867788Z  WARN herdr::raw_input: flushing lone escape after input timeout; if this follows an alt chord or focus switch it may reach the pane as plain esc bytes=[27]
2026-08-10T02:21:12.867893Z  WARN herdr::raw_input: flushing lone escape after input timeout; if this follows an alt chord or focus switch it may reach the pane as plain esc bytes=[27]
2026-08-10T02:21:13.398184Z  WARN herdr::raw_input: flushing lone escape after input timeout; if this follows an alt chord or focus switch it may reach the pane as plain esc bytes=[27]
2026-08-10T02:21:13.398656Z  WARN herdr::raw_input: flushing lone escape after input timeout; if this follows an alt chord or focus switch it may reach the pane as plain esc bytes=[27]
2026-08-10T02:21:16.330845Z  WARN herdr::raw_input: flushing lone escape after input timeout; if this follows an alt chord or focus switch it may reach the pane as plain esc bytes=[27]
2026-08-10T02:21:16.331304Z  WARN herdr::raw_input: flushing lone escape after input timeout; if this follows an alt chord or focus switch it may reach the pane as plain esc bytes=[27]
2026-08-10T02:21:16.664811Z  WARN herdr::raw_input: flushing lone escape after input timeout; if this follows an alt chord or focus switch it may reach the pane as plain esc bytes=[27]
2026-08-10T02:21:16.665190Z  WARN herdr::raw_input: flushing lone escape after input timeout; if this follows an alt chord or focus switch it may reach the pane as plain esc bytes=[27]
2026-08-10T02:21:17.444732Z  WARN herdr::raw_input: flushing lone escape after input timeout; if this follows an alt chord or focus switch it may reach the pane as plain esc bytes=[27]
2026-08-10T02:21:17.445179Z  WARN herdr::raw_input: flushing lone escape after input timeout; if this follows an alt chord or focus switch it may reach the pane as plain esc bytes=[27]
2026-08-10T02:21:18.165433Z  WARN herdr::raw_input: flushing lone escape after input timeout; if this follows an alt chord or focus switch it may reach the pane as plain esc bytes=[27]
2026-08-10T02:21:18.165797Z  WARN herdr::raw_input: flushing lone escape after input timeout; if this follows an alt chord or focus switch it may reach the pane as plain esc bytes=[27]
2026-08-10T02:21:39.515147Z  WARN herdr::raw_input: flushing lone escape after input timeout; if this follows an alt chord or focus switch it may reach the pane as plain esc bytes=[27]
2026-08-10T02:21:39.515559Z  WARN herdr::raw_input: flushing lone escape after input timeout; if this follows an alt chord or focus switch it may reach the pane as plain esc bytes=[27]
2026-08-10T02:22:00.595806Z  WARN herdr::raw_input: flushing lone escape after input timeout; if this follows an alt chord or focus switch it may reach the pane as plain esc bytes=[27]
2026-08-10T02:22:00.597645Z  WARN herdr::raw_input: flushing lone escape after input timeout; if this follows an alt chord or focus switch it may reach the pane as plain esc bytes=[27]
2026-08-10T02:24:38.784134Z  WARN herdr::raw_input: flushing lone escape after input timeout; if this follows an alt chord or focus switch it may reach the pane as plain esc bytes=[27]
2026-08-10T02:24:38.786633Z  WARN herdr::raw_input: flushing lone escape after input timeout; if this follows an alt chord or focus switch it may reach the pane as plain esc bytes=[27]
2026-08-10T02:24:44.798724Z  WARN herdr::raw_input: flushing lone escape after input timeout; if this follows an alt chord or focus switch it may reach the pane as plain esc bytes=[27]
2026-08-10T02:24:44.799071Z  WARN herdr::raw_input: flushing lone escape after input timeout; if this follows an alt chord or focus switch it may reach the pane as plain esc bytes=[27]
2026-08-10T02:24:49.342936Z  WARN herdr::raw_input: flushing lone escape after input timeout; if this follows an alt chord or focus switch it may reach the pane as plain esc bytes=[27]
2026-08-10T02:24:49.343002Z  WARN herdr::raw_input: flushing lone escape after input timeout; if this follows an alt chord or focus switch it may reach the pane as plain esc bytes=[27]
2026-08-10T02:24:51.503155Z  WARN herdr::raw_input: flushing lone escape after input timeout; if this follows an alt chord or focus switch it may reach the pane as plain esc bytes=[27]
2026-08-10T02:24:51.503301Z  WARN herdr::raw_input: flushing lone escape after input timeout; if this follows an alt chord or focus switch it may reach the pane as plain esc bytes=[27]
2026-08-10T02:24:55.163490Z  WARN herdr::raw_input: flushing lone escape after input timeout; if this follows an alt chord or focus switch it may reach the pane as plain esc bytes=[27]
2026-08-10T02:24:55.163568Z  WARN herdr::raw_input: flushing lone escape after input timeout; if this follows an alt chord or focus switch it may reach the pane as plain esc bytes=[27]
2026-08-10T02:25:03.806729Z  WARN herdr::raw_input: flushing lone escape after input timeout; if this follows an alt chord or focus switch it may reach the pane as plain esc bytes=[27]
2026-08-10T02:25:03.807013Z  WARN herdr::raw_input: flushing lone escape after input timeout; if this follows an alt chord or focus switch it may reach the pane as plain esc bytes=[27]
2026-08-10T02:26:09.609154Z  WARN herdr::raw_input: flushing lone escape after input timeout; if this follows an alt chord or focus switch it may reach the pane as plain esc bytes=[27]
2026-08-10T02:26:09.612472Z  WARN herdr::raw_input: flushing lone escape after input timeout; if this follows an alt chord or focus switch it may reach the pane as plain esc bytes=[27]
2026-08-10T02:26:16.373793Z  WARN herdr::raw_input: flushing lone escape after input timeout; if this follows an alt chord or focus switch it may reach the pane as plain esc bytes=[27]
2026-08-10T02:26:16.374832Z  WARN herdr::raw_input: flushing lone escape after input timeout; if this follows an alt chord or focus switch it may reach the pane as plain esc bytes=[27]
2026-08-10T02:26:18.907740Z  WARN herdr::raw_input: flushing lone escape after input timeout; if this follows an alt chord or focus switch it may reach the pane as plain esc bytes=[27]
2026-08-10T02:26:18.907835Z  WARN herdr::raw_input: flushing lone escape after input timeout; if this follows an alt chord or focus switch it may reach the pane as plain esc bytes=[27]
2026-08-10T02:26:34.394306Z  WARN herdr::raw_input: flushing lone escape after input timeout; if this follows an alt chord or focus switch it may reach the pane as plain esc bytes=[27]
2026-08-10T02:26:34.394671Z  WARN herdr::raw_input: flushing lone escape after input timeout; if this follows an alt chord or focus switch it may reach the pane as plain esc bytes=[27]
2026-08-10T02:27:16.165255Z  WARN herdr::raw_input: flushing lone escape after input timeout; if this follows an alt chord or focus switch it may reach the pane as plain esc bytes=[27]
2026-08-10T02:27:16.168552Z  WARN herdr::raw_input: flushing lone escape after input timeout; if this follows an alt chord or focus switch it may reach the pane as plain esc bytes=[27]
2026-08-10T02:27:31.991547Z  WARN herdr::raw_input: flushing lone escape after input timeout; if this follows an alt chord or focus switch it may reach the pane as plain esc bytes=[27]
2026-08-10T02:27:31.992577Z  WARN herdr::raw_input: flushing lone escape after input timeout; if this follows an alt chord or focus switch it may reach the pane as plain esc bytes=[27]
2026-08-10T02:27:42.250095Z  WARN herdr::raw_input: flushing lone escape after input timeout; if this follows an alt chord or focus switch it may reach the pane as plain esc bytes=[27]
2026-08-10T02:27:42.251291Z  WARN herdr::raw_input: flushing lone escape after input timeout; if this follows an alt chord or focus switch it may reach the pane as plain esc bytes=[27]
2026-08-10T02:28:49.016468Z  WARN herdr::raw_input: flushing lone escape after input timeout; if this follows an alt chord or focus switch it may reach the pane as plain esc bytes=[27]
2026-08-10T02:28:49.018702Z  WARN herdr::raw_input: flushing lone escape after input timeout; if this follows an alt chord or focus switch it may reach the pane as plain esc bytes=[27]
2026-08-10T02:28:53.215664Z  WARN herdr::raw_input: flushing lone escape after input timeout; if this follows an alt chord or focus switch it may reach the pane as plain esc bytes=[27]
2026-08-10T02:28:53.215743Z  WARN herdr::raw_input: flushing lone escape after input timeout; if this follows an alt chord or focus switch it may reach the pane as plain esc bytes=[27]
2026-08-10T02:28:57.204732Z  WARN herdr::raw_input: flushing lone escape after input timeout; if this follows an alt chord or focus switch it may reach the pane as plain esc bytes=[27]
2026-08-10T02:28:57.205742Z  WARN herdr::raw_input: flushing lone escape after input timeout; if this follows an alt chord or focus switch it may reach the pane as plain esc bytes=[27]
2026-08-10T02:29:01.660018Z  WARN herdr::raw_input: flushing lone escape after input timeout; if this follows an alt chord or focus switch it may reach the pane as plain esc bytes=[27]
2026-08-10T02:29:01.660157Z  WARN herdr::raw_input: flushing lone escape after input timeout; if this follows an alt chord or focus switch it may reach the pane as plain esc bytes=[27]
2026-08-10T02:29:10.541371Z  WARN herdr::raw_input: flushing lone escape after input timeout; if this follows an alt chord or focus switch it may reach the pane as plain esc bytes=[27]
2026-08-10T02:29:10.542384Z  WARN herdr::raw_input: flushing lone escape after input timeout; if this follows an alt chord or focus switch it may reach the pane as plain esc bytes=[27]
2026-08-10T02:30:42.344314Z  WARN herdr::raw_input: flushing lone escape after input timeout; if this follows an alt chord or focus switch it may reach the pane as plain esc bytes=[27]
2026-08-10T02:30:42.347146Z  WARN herdr::raw_input: flushing lone escape after input timeout; if this follows an alt chord or focus switch it may reach the pane as plain esc bytes=[27]
2026-08-10T02:31:08.110920Z  WARN herdr::raw_input: flushing lone escape after input timeout; if this follows an alt chord or focus switch it may reach the pane as plain esc bytes=[27]
2026-08-10T02:31:08.111337Z  WARN herdr::raw_input: flushing lone escape after input timeout; if this follows an alt chord or focus switch it may reach the pane as plain esc bytes=[27]
2026-08-10T02:32:38.330229Z  WARN herdr::raw_input: flushing lone escape after input timeout; if this follows an alt chord or focus switch it may reach the pane as plain esc bytes=[27]
2026-08-10T02:32:38.331404Z  WARN herdr::raw_input: flushing lone escape after input timeout; if this follows an alt chord or focus switch it may reach the pane as plain esc bytes=[27]
2026-08-10T02:32:49.832212Z  WARN herdr::raw_input: flushing lone escape after input timeout; if this follows an alt chord or focus switch it may reach the pane as plain esc bytes=[27]
2026-08-10T02:32:49.834175Z  WARN herdr::raw_input: flushing lone escape after input timeout; if this follows an alt chord or focus switch it may reach the pane as plain esc bytes=[27]
2026-08-10T03:05:52.396175Z  WARN herdr::raw_input: flushing lone escape after input timeout; if this follows an alt chord or focus switch it may reach the pane as plain esc bytes=[27]
2026-08-10T03:05:52.397164Z  WARN herdr::raw_input: flushing lone escape after input timeout; if this follows an alt chord or focus switch it may reach the pane as plain esc bytes=[27]
2026-08-10T03:05:54.119964Z  WARN herdr::raw_input: flushing lone escape after input timeout; if this follows an alt chord or focus switch it may reach the pane as plain esc bytes=[27]
2026-08-10T03:05:54.120017Z  WARN herdr::raw_input: flushing lone escape after input timeout; if this follows an alt chord or focus switch it may reach the pane as plain esc bytes=[27]
2026-08-10T03:06:06.450833Z  WARN herdr::raw_input: flushing lone escape after input timeout; if this follows an alt chord or focus switch it may reach the pane as plain esc bytes=[27]
2026-08-10T03:06:06.450987Z  WARN herdr::raw_input: flushing lone escape after input timeout; if this follows an alt chord or focus switch it may reach the pane as plain esc bytes=[27]
2026-08-10T06:39:16.082385Z  WARN herdr::raw_input: flushing lone escape after input timeout; if this follows an alt chord or focus switch it may reach the pane as plain esc bytes=[27]
2026-08-10T06:39:16.083646Z  WARN herdr::raw_input: flushing lone escape after input timeout; if this follows an alt chord or focus switch it may reach the pane as plain esc bytes=[27]
2026-08-10T06:39:16.532703Z  WARN herdr::raw_input: flushing lone escape after input timeout; if this follows an alt chord or focus switch it may reach the pane as plain esc bytes=[27]
2026-08-10T06:39:16.533081Z  WARN herdr::raw_input: flushing lone escape after input timeout; if this follows an alt chord or focus switch it may reach the pane as plain esc bytes=[27]
2026-08-10T06:53:07.599689Z  WARN herdr::raw_input: flushing lone escape after input timeout; if this follows an alt chord or focus switch it may reach the pane as plain esc bytes=[27]
2026-08-10T06:53:07.600520Z  WARN herdr::raw_input: flushing lone escape after input timeout; if this follows an alt chord or focus switch it may reach the pane as plain esc bytes=[27]
2026-08-10T07:12:34.468353Z  WARN herdr::raw_input: flushing lone escape after input timeout; if this follows an alt chord or focus switch it may reach the pane as plain esc bytes=[27]
2026-08-10T07:12:34.469845Z  WARN herdr::raw_input: flushing lone escape after input timeout; if this follows an alt chord or focus switch it may reach the pane as plain esc bytes=[27]
2026-08-12T02:18:33.474598Z  WARN herdr::raw_input: flushing lone escape after input timeout; if this follows an alt chord or focus switch it may reach the pane as plain esc bytes=[27]
2026-08-12T02:18:33.476048Z  WARN herdr::raw_input: flushing lone escape after input timeout; if this follows an alt chord or focus switch it may reach the pane as plain esc bytes=[27]
2026-08-13T03:45:55.992818Z  WARN herdr::raw_input: flushing lone escape after input timeout; if this follows an alt chord or focus switch it may reach the pane as plain esc bytes=[27]
2026-08-13T03:45:55.993914Z  WARN herdr::raw_input: flushing lone escape after input timeout; if this follows an alt chord or focus switch it may reach the pane as plain esc bytes=[27]
2026-08-13T03:46:17.096521Z  WARN herdr::raw_input: flushing lone escape after input timeout; if this follows an alt chord or focus switch it may reach the pane as plain esc bytes=[27]
2026-08-13T03:46:17.097445Z  WARN herdr::raw_input: flushing lone escape after input timeout; if this follows an alt chord or focus switch it may reach the pane as plain esc bytes=[27]
2026-08-13T03:57:08.209927Z  WARN herdr::raw_input: flushing lone escape after input timeout; if this follows an alt chord or focus switch it may reach the pane as plain esc bytes=[27]
2026-08-13T03:57:08.211063Z  WARN herdr::raw_input: flushing lone escape after input timeout; if this follows an alt chord or focus switch it may reach the pane as plain esc bytes=[27]
2026-08-15T10:32:48.656894Z  WARN herdr::raw_input: flushing lone escape after input timeout; if this follows an alt chord or focus switch it may reach the pane as plain esc bytes=[27]
2026-08-15T10:32:48.658669Z  WARN herdr::raw_input: flushing lone escape after input timeout; if this follows an alt chord or focus switch it may reach the pane as plain esc bytes=[27]
2026-08-15T10:34:36.754007Z  WARN herdr::raw_input: flushing lone escape after input timeout; if this follows an alt chord or focus switch it may reach the pane as plain esc bytes=[27]
2026-08-15T10:34:36.755298Z  WARN herdr::raw_input: flushing lone escape after input timeout; if this follows an alt chord or focus switch it may reach the pane as plain esc bytes=[27]
2026-08-15T10:36:51.689286Z  WARN herdr::raw_input: flushing lone escape after input timeout; if this follows an alt chord or focus switch it may reach the pane as plain esc bytes=[27]
2026-08-15T10:36:51.690458Z  WARN herdr::raw_input: flushing lone escape after input timeout; if this follows an alt chord or focus switch it may reach the pane as plain esc bytes=[27]
2026-08-15T10:37:51.374741Z  WARN herdr::raw_input: flushing lone escape after input timeout; if this follows an alt chord or focus switch it may reach the pane as plain esc bytes=[27]
2026-08-15T10:37:51.376488Z  WARN herdr::raw_input: flushing lone escape after input timeout; if this follows an alt chord or focus switch it may reach the pane as plain esc bytes=[27]
2026-08-15T10:38:58.364467Z  WARN herdr::raw_input: flushing lone escape after input timeout; if this follows an alt chord or focus switch it may reach the pane as plain esc bytes=[27]
2026-08-15T10:38:58.366305Z  WARN herdr::raw_input: flushing lone escape after input timeout; if this follows an alt chord or focus switch it may reach the pane as plain esc bytes=[27]
2026-08-15T10:39:56.399339Z  WARN herdr::raw_input: flushing lone escape after input timeout; if this follows an alt chord or focus switch it may reach the pane as plain esc bytes=[27]
2026-08-15T10:39:56.400976Z  WARN herdr::raw_input: flushing lone escape after input timeout; if this follows an alt chord or focus switch it may reach the pane as plain esc bytes=[27]
2026-08-15T10:40:20.926420Z  WARN herdr::raw_input: flushing lone escape after input timeout; if this follows an alt chord or focus switch it may reach the pane as plain esc bytes=[27]
2026-08-15T10:40:20.927427Z  WARN herdr::raw_input: flushing lone escape after input timeout; if this follows an alt chord or focus switch it may reach the pane as plain esc bytes=[27]
2026-08-15T10:40:48.981028Z  WARN herdr::raw_input: flushing lone escape after input timeout; if this follows an alt chord or focus switch it may reach the pane as plain esc bytes=[27]
2026-08-15T10:40:48.982129Z  WARN herdr::raw_input: flushing lone escape after input timeout; if this follows an alt chord or focus switch it may reach the pane as plain esc bytes=[27]
2026-08-15T10:42:08.335614Z  WARN herdr::raw_input: flushing lone escape after input timeout; if this follows an alt chord or focus switch it may reach the pane as plain esc bytes=[27]
2026-08-15T10:42:08.336649Z  WARN herdr::raw_input: flushing lone escape after input timeout; if this follows an alt chord or focus switch it may reach the pane as plain esc bytes=[27]
2026-08-15T10:42:21.153109Z  WARN herdr::raw_input: flushing lone escape after input timeout; if this follows an alt chord or focus switch it may reach the pane as plain esc bytes=[27]
2026-08-15T10:42:21.154465Z  WARN herdr::raw_input: flushing lone escape after input timeout; if this follows an alt chord or focus switch it may reach the pane as plain esc bytes=[27]
2026-08-15T10:42:24.204056Z  WARN herdr::raw_input: flushing lone escape after input timeout; if this follows an alt chord or focus switch it may reach the pane as plain esc bytes=[27]
2026-08-15T10:42:24.204383Z  WARN herdr::raw_input: flushing lone escape after input timeout; if this follows an alt chord or focus switch it may reach the pane as plain esc bytes=[27]
2026-08-15T10:42:24.426753Z  WARN herdr::raw_input: flushing lone escape after input timeout; if this follows an alt chord or focus switch it may reach the pane as plain esc bytes=[27]
2026-08-15T10:42:24.427210Z  WARN herdr::raw_input: flushing lone escape after input timeout; if this follows an alt chord or focus switch it may reach the pane as plain esc bytes=[27]
2026-08-15T10:43:26.397485Z  WARN herdr::raw_input: flushing lone escape after input timeout; if this follows an alt chord or focus switch it may reach the pane as plain esc bytes=[27]
2026-08-15T10:43:26.398491Z  WARN herdr::raw_input: flushing lone escape after input timeout; if this follows an alt chord or focus switch it may reach the pane as plain esc bytes=[27]
2026-08-15T10:43:31.915996Z  WARN herdr::raw_input: flushing lone escape after input timeout; if this follows an alt chord or focus switch it may reach the pane as plain esc bytes=[27]
2026-08-15T10:43:31.916075Z  WARN herdr::raw_input: flushing lone escape after input timeout; if this follows an alt chord or focus switch it may reach the pane as plain esc bytes=[27]
2026-08-15T10:43:44.893388Z  WARN herdr::raw_input: flushing lone escape after input timeout; if this follows an alt chord or focus switch it may reach the pane as plain esc bytes=[27]
2026-08-15T10:43:44.894453Z  WARN herdr::raw_input: flushing lone escape after input timeout; if this follows an alt chord or focus switch it may reach the pane as plain esc bytes=[27]
2026-08-15T10:43:51.190739Z  WARN herdr::raw_input: flushing lone escape after input timeout; if this follows an alt chord or focus switch it may reach the pane as plain esc bytes=[27]
2026-08-15T10:43:51.190823Z  WARN herdr::raw_input: flushing lone escape after input timeout; if this follows an alt chord or focus switch it may reach the pane as plain esc bytes=[27]
2026-08-15T10:43:55.995102Z  WARN herdr::raw_input: flushing lone escape after input timeout; if this follows an alt chord or focus switch it may reach the pane as plain esc bytes=[27]
2026-08-15T10:43:55.995677Z  WARN herdr::raw_input: flushing lone escape after input timeout; if this follows an alt chord or focus switch it may reach the pane as plain esc bytes=[27]
2026-08-15T10:45:57.198885Z  WARN herdr::raw_input: flushing lone escape after input timeout; if this follows an alt chord or focus switch it may reach the pane as plain esc bytes=[27]
2026-08-15T10:45:57.199846Z  WARN herdr::raw_input: flushing lone escape after input timeout; if this follows an alt chord or focus switch it may reach the pane as plain esc bytes=[27]
2026-08-15T10:46:02.371905Z  WARN herdr::raw_input: flushing lone escape after input timeout; if this follows an alt chord or focus switch it may reach the pane as plain esc bytes=[27]
2026-08-15T10:46:02.372014Z  WARN herdr::raw_input: flushing lone escape after input timeout; if this follows an alt chord or focus switch it may reach the pane as plain esc bytes=[27]
2026-08-15T10:46:08.548720Z  WARN herdr::raw_input: flushing lone escape after input timeout; if this follows an alt chord or focus switch it may reach the pane as plain esc bytes=[27]
2026-08-15T10:46:08.550619Z  WARN herdr::raw_input: flushing lone escape after input timeout; if this follows an alt chord or focus switch it may reach the pane as plain esc bytes=[27]
2026-08-15T10:46:32.991885Z  WARN herdr::raw_input: flushing lone escape after input timeout; if this follows an alt chord or focus switch it may reach the pane as plain esc bytes=[27]
2026-08-15T10:46:32.993472Z  WARN herdr::raw_input: flushing lone escape after input timeout; if this follows an alt chord or focus switch it may reach the pane as plain esc bytes=[27]
2026-08-15T10:46:45.479810Z  WARN herdr::raw_input: flushing lone escape after input timeout; if this follows an alt chord or focus switch it may reach the pane as plain esc bytes=[27]
2026-08-15T10:46:45.479895Z  WARN herdr::raw_input: flushing lone escape after input timeout; if this follows an alt chord or focus switch it may reach the pane as plain esc bytes=[27]
2026-08-15T10:47:25.914144Z  WARN herdr::raw_input: flushing lone escape after input timeout; if this follows an alt chord or focus switch it may reach the pane as plain esc bytes=[27]
2026-08-15T10:47:25.916574Z  WARN herdr::raw_input: flushing lone escape after input timeout; if this follows an alt chord or focus switch it may reach the pane as plain esc bytes=[27]
2026-08-15T10:47:51.853063Z  WARN herdr::raw_input: flushing lone escape after input timeout; if this follows an alt chord or focus switch it may reach the pane as plain esc bytes=[27]
2026-08-15T10:47:51.853342Z  WARN herdr::raw_input: flushing lone escape after input timeout; if this follows an alt chord or focus switch it may reach the pane as plain esc bytes=[27]
2026-08-15T10:48:12.663763Z  WARN herdr::raw_input: flushing lone escape after input timeout; if this follows an alt chord or focus switch it may reach the pane as plain esc bytes=[27]
2026-08-15T10:48:12.664768Z  WARN herdr::raw_input: flushing lone escape after input timeout; if this follows an alt chord or focus switch it may reach the pane as plain esc bytes=[27]
2026-08-16T05:22:34.622346Z  WARN herdr::raw_input: flushing lone escape after input timeout; if this follows an alt chord or focus switch it may reach the pane as plain esc bytes=[27]
2026-08-16T05:22:34.623763Z  WARN herdr::raw_input: flushing lone escape after input timeout; if this follows an alt chord or focus switch it may reach the pane as plain esc bytes=[27]
2026-08-16T05:23:21.675305Z  WARN herdr::raw_input: flushing lone escape after input timeout; if this follows an alt chord or focus switch it may reach the pane as plain esc bytes=[27]
2026-08-16T05:23:21.677204Z  WARN herdr::raw_input: flushing lone escape after input timeout; if this follows an alt chord or focus switch it may reach the pane as plain esc bytes=[27]
2026-08-16T05:23:41.229327Z  WARN herdr::raw_input: flushing lone escape after input timeout; if this follows an alt chord or focus switch it may reach the pane as plain esc bytes=[27]
2026-08-16T05:23:41.231256Z  WARN herdr::raw_input: flushing lone escape after input timeout; if this follows an alt chord or focus switch it may reach the pane as plain esc bytes=[27]
2026-08-16T05:24:25.747739Z  WARN herdr::raw_input: flushing lone escape after input timeout; if this follows an alt chord or focus switch it may reach the pane as plain esc bytes=[27]
2026-08-16T05:24:25.749714Z  WARN herdr::raw_input: flushing lone escape after input timeout; if this follows an alt chord or focus switch it may reach the pane as plain esc bytes=[27]
2026-08-16T05:24:44.642155Z  WARN herdr::raw_input: flushing lone escape after input timeout; if this follows an alt chord or focus switch it may reach the pane as plain esc bytes=[27]
2026-08-16T05:24:44.643875Z  WARN herdr::raw_input: flushing lone escape after input timeout; if this follows an alt chord or focus switch it may reach the pane as plain esc bytes=[27]
2026-08-16T05:24:44.894891Z  WARN herdr::raw_input: flushing lone escape after input timeout; if this follows an alt chord or focus switch it may reach the pane as plain esc bytes=[27]
2026-08-16T05:24:44.895259Z  WARN herdr::raw_input: flushing lone escape after input timeout; if this follows an alt chord or focus switch it may reach the pane as plain esc bytes=[27]
2026-08-16T05:25:23.417098Z  WARN herdr::raw_input: flushing lone escape after input timeout; if this follows an alt chord or focus switch it may reach the pane as plain esc bytes=[27]
2026-08-16T05:25:23.419635Z  WARN herdr::raw_input: flushing lone escape after input timeout; if this follows an alt chord or focus switch it may reach the pane as plain esc bytes=[27]
2026-08-16T05:25:23.586970Z  WARN herdr::raw_input: flushing lone escape after input timeout; if this follows an alt chord or focus switch it may reach the pane as plain esc bytes=[27]
2026-08-16T05:25:23.587347Z  WARN herdr::raw_input: flushing lone escape after input timeout; if this follows an alt chord or focus switch it may reach the pane as plain esc bytes=[27]
2026-08-16T05:25:24.506122Z  WARN herdr::raw_input: flushing lone escape after input timeout; if this follows an alt chord or focus switch it may reach the pane as plain esc bytes=[27]
2026-08-16T05:25:24.506525Z  WARN herdr::raw_input: flushing lone escape after input timeout; if this follows an alt chord or focus switch it may reach the pane as plain esc bytes=[27]
2026-08-16T05:27:54.933933Z  WARN herdr::raw_input: flushing lone escape after input timeout; if this follows an alt chord or focus switch it may reach the pane as plain esc bytes=[27]
2026-08-16T05:27:54.934339Z  WARN herdr::raw_input: flushing lone escape after input timeout; if this follows an alt chord or focus switch it may reach the pane as plain esc bytes=[27]
2026-08-16T05:27:56.887150Z  WARN herdr::raw_input: flushing lone escape after input timeout; if this follows an alt chord or focus switch it may reach the pane as plain esc bytes=[27]
2026-08-16T05:27:56.887715Z  WARN herdr::raw_input: flushing lone escape after input timeout; if this follows an alt chord or focus switch it may reach the pane as plain esc bytes=[27]
2026-08-16T05:27:57.387108Z  WARN herdr::raw_input: flushing lone escape after input timeout; if this follows an alt chord or focus switch it may reach the pane as plain esc bytes=[27]
2026-08-16T05:27:57.387254Z  WARN herdr::raw_input: flushing lone escape after input timeout; if this follows an alt chord or focus switch it may reach the pane as plain esc bytes=[27]
2026-08-16T05:29:08.817867Z  WARN herdr::raw_input: flushing lone escape after input timeout; if this follows an alt chord or focus switch it may reach the pane as plain esc bytes=[27]
2026-08-16T05:29:08.819447Z  WARN herdr::raw_input: flushing lone escape after input timeout; if this follows an alt chord or focus switch it may reach the pane as plain esc bytes=[27]
2026-08-16T05:29:54.530546Z  WARN herdr::raw_input: flushing lone escape after input timeout; if this follows an alt chord or focus switch it may reach the pane as plain esc bytes=[27]
2026-08-16T05:29:54.532044Z  WARN herdr::raw_input: flushing lone escape after input timeout; if this follows an alt chord or focus switch it may reach the pane as plain esc bytes=[27]
2026-08-16T05:30:28.434234Z  WARN herdr::raw_input: flushing lone escape after input timeout; if this follows an alt chord or focus switch it may reach the pane as plain esc bytes=[27]
2026-08-16T05:30:28.437094Z  WARN herdr::raw_input: flushing lone escape after input timeout; if this follows an alt chord or focus switch it may reach the pane as plain esc bytes=[27]
2026-08-16T05:30:46.748013Z  WARN herdr::raw_input: flushing lone escape after input timeout; if this follows an alt chord or focus switch it may reach the pane as plain esc bytes=[27]
2026-08-16T05:30:46.750029Z  WARN herdr::raw_input: flushing lone escape after input timeout; if this follows an alt chord or focus switch it may reach the pane as plain esc bytes=[27]
2026-08-16T05:51:41.682243Z  WARN herdr::raw_input: flushing lone escape after input timeout; if this follows an alt chord or focus switch it may reach the pane as plain esc bytes=[27]
2026-08-16T05:51:41.683808Z  WARN herdr::raw_input: flushing lone escape after input timeout; if this follows an alt chord or focus switch it may reach the pane as plain esc bytes=[27]
2026-08-16T05:51:48.326390Z  WARN herdr::raw_input: flushing lone escape after input timeout; if this follows an alt chord or focus switch it may reach the pane as plain esc bytes=[27]
2026-08-16T05:51:48.326754Z  WARN herdr::raw_input: flushing lone escape after input timeout; if this follows an alt chord or focus switch it may reach the pane as plain esc bytes=[27]
2026-08-16T05:51:57.003542Z  WARN herdr::raw_input: flushing lone escape after input timeout; if this follows an alt chord or focus switch it may reach the pane as plain esc bytes=[27]
2026-08-16T05:51:57.004013Z  WARN herdr::raw_input: flushing lone escape after input timeout; if this follows an alt chord or focus switch it may reach the pane as plain esc bytes=[27]
2026-08-16T05:52:00.204573Z  WARN herdr::raw_input: flushing lone escape after input timeout; if this follows an alt chord or focus switch it may reach the pane as plain esc bytes=[27]
2026-08-16T05:52:00.204957Z  WARN herdr::raw_input: flushing lone escape after input timeout; if this follows an alt chord or focus switch it may reach the pane as plain esc bytes=[27]
2026-08-16T05:52:00.408308Z  WARN herdr::raw_input: flushing lone escape after input timeout; if this follows an alt chord or focus switch it may reach the pane as plain esc bytes=[27]
2026-08-16T05:52:00.408660Z  WARN herdr::raw_input: flushing lone escape after input timeout; if this follows an alt chord or focus switch it may reach the pane as plain esc bytes=[27]
2026-08-16T05:52:07.080980Z  WARN herdr::raw_input: flushing lone escape after input timeout; if this follows an alt chord or focus switch it may reach the pane as plain esc bytes=[27]
2026-08-16T05:52:07.082617Z  WARN herdr::raw_input: flushing lone escape after input timeout; if this follows an alt chord or focus switch it may reach the pane as plain esc bytes=[27]
2026-08-16T05:52:14.213496Z  WARN herdr::raw_input: flushing lone escape after input timeout; if this follows an alt chord or focus switch it may reach the pane as plain esc bytes=[27]
2026-08-16T05:52:14.214151Z  WARN herdr::raw_input: flushing lone escape after input timeout; if this follows an alt chord or focus switch it may reach the pane as plain esc bytes=[27]
2026-08-16T05:52:43.645396Z  WARN herdr::raw_input: flushing lone escape after input timeout; if this follows an alt chord or focus switch it may reach the pane as plain esc bytes=[27]
2026-08-16T05:52:43.646495Z  WARN herdr::raw_input: flushing lone escape after input timeout; if this follows an alt chord or focus switch it may reach the pane as plain esc bytes=[27]
2026-08-16T05:52:49.706365Z  WARN herdr::raw_input: flushing lone escape after input timeout; if this follows an alt chord or focus switch it may reach the pane as plain esc bytes=[27]
2026-08-16T05:52:49.706468Z  WARN herdr::raw_input: flushing lone escape after input timeout; if this follows an alt chord or focus switch it may reach the pane as plain esc bytes=[27]
2026-08-16T05:54:50.520637Z  WARN herdr::raw_input: flushing lone escape after input timeout; if this follows an alt chord or focus switch it may reach the pane as plain esc bytes=[27]
2026-08-16T05:54:50.522737Z  WARN herdr::raw_input: flushing lone escape after input timeout; if this follows an alt chord or focus switch it may reach the pane as plain esc bytes=[27]
2026-08-16T05:54:54.864141Z  WARN herdr::raw_input: flushing lone escape after input timeout; if this follows an alt chord or focus switch it may reach the pane as plain esc bytes=[27]
2026-08-16T05:54:54.864888Z  WARN herdr::raw_input: flushing lone escape after input timeout; if this follows an alt chord or focus switch it may reach the pane as plain esc bytes=[27]
2026-08-16T05:55:10.707986Z  WARN herdr::raw_input: flushing lone escape after input timeout; if this follows an alt chord or focus switch it may reach the pane as plain esc bytes=[27]
2026-08-16T05:55:10.709662Z  WARN herdr::raw_input: flushing lone escape after input timeout; if this follows an alt chord or focus switch it may reach the pane as plain esc bytes=[27]
2026-08-16T05:55:31.042623Z  WARN herdr::raw_input: flushing lone escape after input timeout; if this follows an alt chord or focus switch it may reach the pane as plain esc bytes=[27]
2026-08-16T05:55:31.042854Z  WARN herdr::raw_input: flushing lone escape after input timeout; if this follows an alt chord or focus switch it may reach the pane as plain esc bytes=[27]
2026-08-16T05:55:37.874278Z  WARN herdr::raw_input: flushing lone escape after input timeout; if this follows an alt chord or focus switch it may reach the pane as plain esc bytes=[27]
2026-08-16T05:55:37.876217Z  WARN herdr::raw_input: flushing lone escape after input timeout; if this follows an alt chord or focus switch it may reach the pane as plain esc bytes=[27]
2026-08-16T05:56:49.520356Z  WARN herdr::raw_input: flushing lone escape after input timeout; if this follows an alt chord or focus switch it may reach the pane as plain esc bytes=[27]
2026-08-16T05:56:49.521066Z  WARN herdr::raw_input: flushing lone escape after input timeout; if this follows an alt chord or focus switch it may reach the pane as plain esc bytes=[27]
2026-08-16T05:57:09.408024Z  WARN herdr::raw_input: flushing lone escape after input timeout; if this follows an alt chord or focus switch it may reach the pane as plain esc bytes=[27]
2026-08-16T05:57:09.408211Z  WARN herdr::raw_input: flushing lone escape after input timeout; if this follows an alt chord or focus switch it may reach the pane as plain esc bytes=[27]
2026-08-16T05:57:23.436082Z  WARN herdr::raw_input: flushing lone escape after input timeout; if this follows an alt chord or focus switch it may reach the pane as plain esc bytes=[27]
2026-08-16T05:57:23.436176Z  WARN herdr::raw_input: flushing lone escape after input timeout; if this follows an alt chord or focus switch it may reach the pane as plain esc bytes=[27]
2026-08-16T05:57:31.624110Z  WARN herdr::raw_input: flushing lone escape after input timeout; if this follows an alt chord or focus switch it may reach the pane as plain esc bytes=[27]
2026-08-16T05:57:31.625139Z  WARN herdr::raw_input: flushing lone escape after input timeout; if this follows an alt chord or focus switch it may reach the pane as plain esc bytes=[27]
2026-08-16T05:57:42.209116Z  WARN herdr::raw_input: flushing lone escape after input timeout; if this follows an alt chord or focus switch it may reach the pane as plain esc bytes=[27]
2026-08-16T05:57:42.211054Z  WARN herdr::raw_input: flushing lone escape after input timeout; if this follows an alt chord or focus switch it may reach the pane as plain esc bytes=[27]
2026-08-16T05:57:52.000964Z  WARN herdr::raw_input: flushing lone escape after input timeout; if this follows an alt chord or focus switch it may reach the pane as plain esc bytes=[27]
2026-08-16T05:57:52.001462Z  WARN herdr::raw_input: flushing lone escape after input timeout; if this follows an alt chord or focus switch it may reach the pane as plain esc bytes=[27]
2026-08-16T05:57:52.223924Z  WARN herdr::raw_input: flushing lone escape after input timeout; if this follows an alt chord or focus switch it may reach the pane as plain esc bytes=[27]
2026-08-16T05:57:52.224308Z  WARN herdr::raw_input: flushing lone escape after input timeout; if this follows an alt chord or focus switch it may reach the pane as plain esc bytes=[27]
2026-08-16T05:57:58.518584Z  WARN herdr::raw_input: flushing lone escape after input timeout; if this follows an alt chord or focus switch it may reach the pane as plain esc bytes=[27]
2026-08-16T05:57:58.519182Z  WARN herdr::raw_input: flushing lone escape after input timeout; if this follows an alt chord or focus switch it may reach the pane as plain esc bytes=[27]
2026-08-16T05:58:06.428570Z  WARN herdr::raw_input: flushing lone escape after input timeout; if this follows an alt chord or focus switch it may reach the pane as plain esc bytes=[27]
2026-08-16T05:58:06.430515Z  WARN herdr::raw_input: flushing lone escape after input timeout; if this follows an alt chord or focus switch it may reach the pane as plain esc bytes=[27]
2026-08-16T05:58:12.739175Z  WARN herdr::raw_input: flushing lone escape after input timeout; if this follows an alt chord or focus switch it may reach the pane as plain esc bytes=[27]
2026-08-16T05:58:12.740187Z  WARN herdr::raw_input: flushing lone escape after input timeout; if this follows an alt chord or focus switch it may reach the pane as plain esc bytes=[27]
2026-08-16T05:58:17.242808Z  WARN herdr::raw_input: flushing lone escape after input timeout; if this follows an alt chord or focus switch it may reach the pane as plain esc bytes=[27]
2026-08-16T05:58:17.243009Z  WARN herdr::raw_input: flushing lone escape after input timeout; if this follows an alt chord or focus switch it may reach the pane as plain esc bytes=[27]
2026-08-16T05:58:17.482114Z  WARN herdr::raw_input: flushing lone escape after input timeout; if this follows an alt chord or focus switch it may reach the pane as plain esc bytes=[27]
2026-08-16T05:58:17.482632Z  WARN herdr::raw_input: flushing lone escape after input timeout; if this follows an alt chord or focus switch it may reach the pane as plain esc bytes=[27]
2026-08-16T05:58:23.511985Z  WARN herdr::raw_input: flushing lone escape after input timeout; if this follows an alt chord or focus switch it may reach the pane as plain esc bytes=[27]
2026-08-16T05:58:23.512283Z  WARN herdr::raw_input: flushing lone escape after input timeout; if this follows an alt chord or focus switch it may reach the pane as plain esc bytes=[27]
2026-08-16T05:58:30.801381Z  WARN herdr::raw_input: flushing lone escape after input timeout; if this follows an alt chord or focus switch it may reach the pane as plain esc bytes=[27]
2026-08-16T05:58:30.802397Z  WARN herdr::raw_input: flushing lone escape after input timeout; if this follows an alt chord or focus switch it may reach the pane as plain esc bytes=[27]
2026-08-16T05:58:41.481568Z  WARN herdr::raw_input: flushing lone escape after input timeout; if this follows an alt chord or focus switch it may reach the pane as plain esc bytes=[27]
2026-08-16T05:58:41.481652Z  WARN herdr::raw_input: flushing lone escape after input timeout; if this follows an alt chord or focus switch it may reach the pane as plain esc bytes=[27]
2026-08-16T05:58:49.422116Z  WARN herdr::raw_input: flushing lone escape after input timeout; if this follows an alt chord or focus switch it may reach the pane as plain esc bytes=[27]
2026-08-16T05:58:49.423122Z  WARN herdr::raw_input: flushing lone escape after input timeout; if this follows an alt chord or focus switch it may reach the pane as plain esc bytes=[27]
2026-08-16T05:59:40.912903Z  WARN herdr::raw_input: flushing lone escape after input timeout; if this follows an alt chord or focus switch it may reach the pane as plain esc bytes=[27]
2026-08-16T05:59:40.913826Z  WARN herdr::raw_input: flushing lone escape after input timeout; if this follows an alt chord or focus switch it may reach the pane as plain esc bytes=[27]
2026-08-16T05:59:56.046697Z  WARN herdr::raw_input: flushing lone escape after input timeout; if this follows an alt chord or focus switch it may reach the pane as plain esc bytes=[27]
2026-08-16T05:59:56.047681Z  WARN herdr::raw_input: flushing lone escape after input timeout; if this follows an alt chord or focus switch it may reach the pane as plain esc bytes=[27]
2026-08-16T06:00:23.735663Z  WARN herdr::raw_input: flushing lone escape after input timeout; if this follows an alt chord or focus switch it may reach the pane as plain esc bytes=[27]
2026-08-16T06:00:23.736045Z  WARN herdr::raw_input: flushing lone escape after input timeout; if this follows an alt chord or focus switch it may reach the pane as plain esc bytes=[27]
2026-08-16T06:00:34.414209Z  WARN herdr::raw_input: flushing lone escape after input timeout; if this follows an alt chord or focus switch it may reach the pane as plain esc bytes=[27]
2026-08-16T06:00:34.414557Z  WARN herdr::raw_input: flushing lone escape after input timeout; if this follows an alt chord or focus switch it may reach the pane as plain esc bytes=[27]
2026-08-16T06:01:48.567197Z  WARN herdr::raw_input: flushing lone escape after input timeout; if this follows an alt chord or focus switch it may reach the pane as plain esc bytes=[27]
2026-08-16T06:01:48.568530Z  WARN herdr::raw_input: flushing lone escape after input timeout; if this follows an alt chord or focus switch it may reach the pane as plain esc bytes=[27]
2026-08-16T06:06:15.794313Z  WARN herdr::raw_input: flushing lone escape after input timeout; if this follows an alt chord or focus switch it may reach the pane as plain esc bytes=[27]
2026-08-16T06:06:15.795061Z  WARN herdr::raw_input: flushing lone escape after input timeout; if this follows an alt chord or focus switch it may reach the pane as plain esc bytes=[27]
2026-08-16T06:06:20.706947Z  WARN herdr::raw_input: flushing lone escape after input timeout; if this follows an alt chord or focus switch it may reach the pane as plain esc bytes=[27]
2026-08-16T06:06:20.707024Z  WARN herdr::raw_input: flushing lone escape after input timeout; if this follows an alt chord or focus switch it may reach the pane as plain esc bytes=[27]
2026-08-16T06:06:30.170125Z  WARN herdr::raw_input: flushing lone escape after input timeout; if this follows an alt chord or focus switch it may reach the pane as plain esc bytes=[27]
2026-08-16T06:06:30.171146Z  WARN herdr::raw_input: flushing lone escape after input timeout; if this follows an alt chord or focus switch it may reach the pane as plain esc bytes=[27]
2026-08-16T06:06:42.183332Z  WARN herdr::raw_input: flushing lone escape after input timeout; if this follows an alt chord or focus switch it may reach the pane as plain esc bytes=[27]
2026-08-16T06:06:42.184327Z  WARN herdr::raw_input: flushing lone escape after input timeout; if this follows an alt chord or focus switch it may reach the pane as plain esc bytes=[27]
2026-08-16T06:06:46.867298Z  WARN herdr::raw_input: flushing lone escape after input timeout; if this follows an alt chord or focus switch it may reach the pane as plain esc bytes=[27]
2026-08-16T06:06:46.867396Z  WARN herdr::raw_input: flushing lone escape after input timeout; if this follows an alt chord or focus switch it may reach the pane as plain esc bytes=[27]
2026-08-16T06:06:52.119104Z  WARN herdr::raw_input: flushing lone escape after input timeout; if this follows an alt chord or focus switch it may reach the pane as plain esc bytes=[27]
2026-08-16T06:06:52.120189Z  WARN herdr::raw_input: flushing lone escape after input timeout; if this follows an alt chord or focus switch it may reach the pane as plain esc bytes=[27]
2026-08-16T06:06:52.363225Z  WARN herdr::raw_input: flushing lone escape after input timeout; if this follows an alt chord or focus switch it may reach the pane as plain esc bytes=[27]
2026-08-16T06:06:52.363811Z  WARN herdr::raw_input: flushing lone escape after input timeout; if this follows an alt chord or focus switch it may reach the pane as plain esc bytes=[27]
2026-08-16T06:07:11.513320Z  WARN herdr::raw_input: flushing lone escape after input timeout; if this follows an alt chord or focus switch it may reach the pane as plain esc bytes=[27]
2026-08-16T06:07:11.516017Z  WARN herdr::raw_input: flushing lone escape after input timeout; if this follows an alt chord or focus switch it may reach the pane as plain esc bytes=[27]
2026-08-16T06:07:15.006264Z  WARN herdr::raw_input: flushing lone escape after input timeout; if this follows an alt chord or focus switch it may reach the pane as plain esc bytes=[27]
2026-08-16T06:07:15.006437Z  WARN herdr::raw_input: flushing lone escape after input timeout; if this follows an alt chord or focus switch it may reach the pane as plain esc bytes=[27]
2026-08-16T06:07:15.219905Z  WARN herdr::raw_input: flushing lone escape after input timeout; if this follows an alt chord or focus switch it may reach the pane as plain esc bytes=[27]
2026-08-16T06:07:15.220262Z  WARN herdr::raw_input: flushing lone escape after input timeout; if this follows an alt chord or focus switch it may reach the pane as plain esc bytes=[27]
2026-08-16T06:07:27.728951Z  WARN herdr::raw_input: flushing lone escape after input timeout; if this follows an alt chord or focus switch it may reach the pane as plain esc bytes=[27]
2026-08-16T06:07:27.730221Z  WARN herdr::raw_input: flushing lone escape after input timeout; if this follows an alt chord or focus switch it may reach the pane as plain esc bytes=[27]
2026-08-16T06:08:09.400289Z  WARN herdr::raw_input: flushing lone escape after input timeout; if this follows an alt chord or focus switch it may reach the pane as plain esc bytes=[27]
2026-08-16T06:08:09.401347Z  WARN herdr::raw_input: flushing lone escape after input timeout; if this follows an alt chord or focus switch it may reach the pane as plain esc bytes=[27]
2026-08-16T06:08:23.528670Z  WARN herdr::raw_input: flushing lone escape after input timeout; if this follows an alt chord or focus switch it may reach the pane as plain esc bytes=[27]
2026-08-16T06:08:23.529687Z  WARN herdr::raw_input: flushing lone escape after input timeout; if this follows an alt chord or focus switch it may reach the pane as plain esc bytes=[27]
2026-08-16T06:08:31.554584Z  WARN herdr::raw_input: flushing lone escape after input timeout; if this follows an alt chord or focus switch it may reach the pane as plain esc bytes=[27]
2026-08-16T06:08:31.554673Z  WARN herdr::raw_input: flushing lone escape after input timeout; if this follows an alt chord or focus switch it may reach the pane as plain esc bytes=[27]
2026-08-16T06:08:44.090846Z  WARN herdr::raw_input: flushing lone escape after input timeout; if this follows an alt chord or focus switch it may reach the pane as plain esc bytes=[27]
2026-08-16T06:08:44.091886Z  WARN herdr::raw_input: flushing lone escape after input timeout; if this follows an alt chord or focus switch it may reach the pane as plain esc bytes=[27]
2026-08-16T06:08:51.072139Z  WARN herdr::raw_input: flushing lone escape after input timeout; if this follows an alt chord or focus switch it may reach the pane as plain esc bytes=[27]
2026-08-16T06:08:51.072718Z  WARN herdr::raw_input: flushing lone escape after input timeout; if this follows an alt chord or focus switch it may reach the pane as plain esc bytes=[27]
2026-08-16T06:08:52.650365Z  WARN herdr::raw_input: flushing lone escape after input timeout; if this follows an alt chord or focus switch it may reach the pane as plain esc bytes=[27]
2026-08-16T06:08:52.650445Z  WARN herdr::raw_input: flushing lone escape after input timeout; if this follows an alt chord or focus switch it may reach the pane as plain esc bytes=[27]
2026-08-16T06:08:59.823359Z  WARN herdr::raw_input: flushing lone escape after input timeout; if this follows an alt chord or focus switch it may reach the pane as plain esc bytes=[27]
2026-08-16T06:08:59.824337Z  WARN herdr::raw_input: flushing lone escape after input timeout; if this follows an alt chord or focus switch it may reach the pane as plain esc bytes=[27]
2026-08-16T06:09:06.582330Z  WARN herdr::raw_input: flushing lone escape after input timeout; if this follows an alt chord or focus switch it may reach the pane as plain esc bytes=[27]
2026-08-16T06:09:06.582408Z  WARN herdr::raw_input: flushing lone escape after input timeout; if this follows an alt chord or focus switch it may reach the pane as plain esc bytes=[27]
2026-08-16T06:09:33.217077Z  WARN herdr::raw_input: flushing lone escape after input timeout; if this follows an alt chord or focus switch it may reach the pane as plain esc bytes=[27]
2026-08-16T06:09:33.217947Z  WARN herdr::raw_input: flushing lone escape after input timeout; if this follows an alt chord or focus switch it may reach the pane as plain esc bytes=[27]
2026-08-16T06:09:38.865855Z  WARN herdr::raw_input: flushing lone escape after input timeout; if this follows an alt chord or focus switch it may reach the pane as plain esc bytes=[27]
2026-08-16T06:09:38.865946Z  WARN herdr::raw_input: flushing lone escape after input timeout; if this follows an alt chord or focus switch it may reach the pane as plain esc bytes=[27]
2026-08-16T06:09:42.904571Z  WARN herdr::raw_input: flushing lone escape after input timeout; if this follows an alt chord or focus switch it may reach the pane as plain esc bytes=[27]
2026-08-16T06:09:42.904691Z  WARN herdr::raw_input: flushing lone escape after input timeout; if this follows an alt chord or focus switch it may reach the pane as plain esc bytes=[27]
2026-08-16T06:09:49.847539Z  WARN herdr::raw_input: flushing lone escape after input timeout; if this follows an alt chord or focus switch it may reach the pane as plain esc bytes=[27]
2026-08-16T06:09:49.847630Z  WARN herdr::raw_input: flushing lone escape after input timeout; if this follows an alt chord or focus switch it may reach the pane as plain esc bytes=[27]
2026-08-16T06:09:54.846911Z  WARN herdr::raw_input: flushing lone escape after input timeout; if this follows an alt chord or focus switch it may reach the pane as plain esc bytes=[27]
2026-08-16T06:09:54.846992Z  WARN herdr::raw_input: flushing lone escape after input timeout; if this follows an alt chord or focus switch it may reach the pane as plain esc bytes=[27]
2026-08-16T06:10:00.667869Z  WARN herdr::raw_input: flushing lone escape after input timeout; if this follows an alt chord or focus switch it may reach the pane as plain esc bytes=[27]
2026-08-16T06:10:00.668875Z  WARN herdr::raw_input: flushing lone escape after input timeout; if this follows an alt chord or focus switch it may reach the pane as plain esc bytes=[27]
2026-08-16T06:10:05.845030Z  WARN herdr::raw_input: flushing lone escape after input timeout; if this follows an alt chord or focus switch it may reach the pane as plain esc bytes=[27]
2026-08-16T06:10:05.845140Z  WARN herdr::raw_input: flushing lone escape after input timeout; if this follows an alt chord or focus switch it may reach the pane as plain esc bytes=[27]
2026-08-16T06:10:12.816092Z  WARN herdr::raw_input: flushing lone escape after input timeout; if this follows an alt chord or focus switch it may reach the pane as plain esc bytes=[27]
2026-08-16T06:10:12.816470Z  WARN herdr::raw_input: flushing lone escape after input timeout; if this follows an alt chord or focus switch it may reach the pane as plain esc bytes=[27]
2026-08-16T06:10:25.227530Z  WARN herdr::raw_input: flushing lone escape after input timeout; if this follows an alt chord or focus switch it may reach the pane as plain esc bytes=[27]
2026-08-16T06:10:25.228326Z  WARN herdr::raw_input: flushing lone escape after input timeout; if this follows an alt chord or focus switch it may reach the pane as plain esc bytes=[27]
2026-08-16T06:10:31.579396Z  WARN herdr::raw_input: flushing lone escape after input timeout; if this follows an alt chord or focus switch it may reach the pane as plain esc bytes=[27]
2026-08-16T06:10:31.581543Z  WARN herdr::raw_input: flushing lone escape after input timeout; if this follows an alt chord or focus switch it may reach the pane as plain esc bytes=[27]
2026-08-16T06:10:42.248180Z  WARN herdr::raw_input: flushing lone escape after input timeout; if this follows an alt chord or focus switch it may reach the pane as plain esc bytes=[27]
2026-08-16T06:10:42.249236Z  WARN herdr::raw_input: flushing lone escape after input timeout; if this follows an alt chord or focus switch it may reach the pane as plain esc bytes=[27]
2026-08-16T06:10:54.881140Z  WARN herdr::raw_input: flushing lone escape after input timeout; if this follows an alt chord or focus switch it may reach the pane as plain esc bytes=[27]
2026-08-16T06:10:54.882186Z  WARN herdr::raw_input: flushing lone escape after input timeout; if this follows an alt chord or focus switch it may reach the pane as plain esc bytes=[27]
2026-08-16T06:11:43.930320Z  WARN herdr::raw_input: flushing lone escape after input timeout; if this follows an alt chord or focus switch it may reach the pane as plain esc bytes=[27]
2026-08-16T06:11:43.930651Z  WARN herdr::raw_input: flushing lone escape after input timeout; if this follows an alt chord or focus switch it may reach the pane as plain esc bytes=[27]
2026-08-16T06:12:25.169697Z  WARN herdr::raw_input: flushing lone escape after input timeout; if this follows an alt chord or focus switch it may reach the pane as plain esc bytes=[27]
2026-08-16T06:12:25.171293Z  WARN herdr::raw_input: flushing lone escape after input timeout; if this follows an alt chord or focus switch it may reach the pane as plain esc bytes=[27]
2026-08-16T06:12:32.296187Z  WARN herdr::raw_input: flushing lone escape after input timeout; if this follows an alt chord or focus switch it may reach the pane as plain esc bytes=[27]
2026-08-16T06:12:32.296743Z  WARN herdr::raw_input: flushing lone escape after input timeout; if this follows an alt chord or focus switch it may reach the pane as plain esc bytes=[27]
2026-08-16T06:12:36.902052Z  WARN herdr::raw_input: flushing lone escape after input timeout; if this follows an alt chord or focus switch it may reach the pane as plain esc bytes=[27]
2026-08-16T06:12:36.902189Z  WARN herdr::raw_input: flushing lone escape after input timeout; if this follows an alt chord or focus switch it may reach the pane as plain esc bytes=[27]
2026-08-16T06:12:46.646919Z  WARN herdr::raw_input: flushing lone escape after input timeout; if this follows an alt chord or focus switch it may reach the pane as plain esc bytes=[27]
2026-08-16T06:12:46.647237Z  WARN herdr::raw_input: flushing lone escape after input timeout; if this follows an alt chord or focus switch it may reach the pane as plain esc bytes=[27]
2026-08-16T06:12:53.675387Z  WARN herdr::raw_input: flushing lone escape after input timeout; if this follows an alt chord or focus switch it may reach the pane as plain esc bytes=[27]
2026-08-16T06:12:53.676337Z  WARN herdr::raw_input: flushing lone escape after input timeout; if this follows an alt chord or focus switch it may reach the pane as plain esc bytes=[27]
2026-08-16T06:12:59.128067Z  WARN herdr::raw_input: flushing lone escape after input timeout; if this follows an alt chord or focus switch it may reach the pane as plain esc bytes=[27]
2026-08-16T06:12:59.129088Z  WARN herdr::raw_input: flushing lone escape after input timeout; if this follows an alt chord or focus switch it may reach the pane as plain esc bytes=[27]
2026-08-16T06:13:06.137725Z  WARN herdr::raw_input: flushing lone escape after input timeout; if this follows an alt chord or focus switch it may reach the pane as plain esc bytes=[27]
2026-08-16T06:13:06.137800Z  WARN herdr::raw_input: flushing lone escape after input timeout; if this follows an alt chord or focus switch it may reach the pane as plain esc bytes=[27]
2026-08-16T06:13:10.211079Z  WARN herdr::raw_input: flushing lone escape after input timeout; if this follows an alt chord or focus switch it may reach the pane as plain esc bytes=[27]
2026-08-16T06:13:10.212100Z  WARN herdr::raw_input: flushing lone escape after input timeout; if this follows an alt chord or focus switch it may reach the pane as plain esc bytes=[27]
2026-08-16T06:13:16.800470Z  WARN herdr::raw_input: flushing lone escape after input timeout; if this follows an alt chord or focus switch it may reach the pane as plain esc bytes=[27]
2026-08-16T06:13:16.800547Z  WARN herdr::raw_input: flushing lone escape after input timeout; if this follows an alt chord or focus switch it may reach the pane as plain esc bytes=[27]
2026-08-16T06:13:21.459204Z  WARN herdr::raw_input: flushing lone escape after input timeout; if this follows an alt chord or focus switch it may reach the pane as plain esc bytes=[27]
2026-08-16T06:13:21.459299Z  WARN herdr::raw_input: flushing lone escape after input timeout; if this follows an alt chord or focus switch it may reach the pane as plain esc bytes=[27]
2026-08-16T06:13:27.956062Z  WARN herdr::raw_input: flushing lone escape after input timeout; if this follows an alt chord or focus switch it may reach the pane as plain esc bytes=[27]
2026-08-16T06:13:27.956133Z  WARN herdr::raw_input: flushing lone escape after input timeout; if this follows an alt chord or focus switch it may reach the pane as plain esc bytes=[27]
2026-08-16T06:13:34.335313Z  WARN herdr::raw_input: flushing lone escape after input timeout; if this follows an alt chord or focus switch it may reach the pane as plain esc bytes=[27]
2026-08-16T06:13:34.336342Z  WARN herdr::raw_input: flushing lone escape after input timeout; if this follows an alt chord or focus switch it may reach the pane as plain esc bytes=[27]
2026-08-16T06:13:42.939301Z  WARN herdr::raw_input: flushing lone escape after input timeout; if this follows an alt chord or focus switch it may reach the pane as plain esc bytes=[27]
2026-08-16T06:13:42.939384Z  WARN herdr::raw_input: flushing lone escape after input timeout; if this follows an alt chord or focus switch it may reach the pane as plain esc bytes=[27]
2026-08-16T06:13:50.668675Z  WARN herdr::raw_input: flushing lone escape after input timeout; if this follows an alt chord or focus switch it may reach the pane as plain esc bytes=[27]
2026-08-16T06:13:50.668734Z  WARN herdr::raw_input: flushing lone escape after input timeout; if this follows an alt chord or focus switch it may reach the pane as plain esc bytes=[27]
2026-08-16T06:14:01.826197Z  WARN herdr::raw_input: flushing lone escape after input timeout; if this follows an alt chord or focus switch it may reach the pane as plain esc bytes=[27]
2026-08-16T06:14:01.826278Z  WARN herdr::raw_input: flushing lone escape after input timeout; if this follows an alt chord or focus switch it may reach the pane as plain esc bytes=[27]
2026-08-16T06:14:06.533964Z  WARN herdr::raw_input: flushing lone escape after input timeout; if this follows an alt chord or focus switch it may reach the pane as plain esc bytes=[27]
2026-08-16T06:14:06.534062Z  WARN herdr::raw_input: flushing lone escape after input timeout; if this follows an alt chord or focus switch it may reach the pane as plain esc bytes=[27]
2026-08-16T06:14:10.845834Z  WARN herdr::raw_input: flushing lone escape after input timeout; if this follows an alt chord or focus switch it may reach the pane as plain esc bytes=[27]
2026-08-16T06:14:10.845921Z  WARN herdr::raw_input: flushing lone escape after input timeout; if this follows an alt chord or focus switch it may reach the pane as plain esc bytes=[27]
2026-08-16T06:14:16.935401Z  WARN herdr::raw_input: flushing lone escape after input timeout; if this follows an alt chord or focus switch it may reach the pane as plain esc bytes=[27]
2026-08-16T06:14:16.935495Z  WARN herdr::raw_input: flushing lone escape after input timeout; if this follows an alt chord or focus switch it may reach the pane as plain esc bytes=[27]
2026-08-16T06:14:24.003995Z  WARN herdr::raw_input: flushing lone escape after input timeout; if this follows an alt chord or focus switch it may reach the pane as plain esc bytes=[27]
2026-08-16T06:14:24.004945Z  WARN herdr::raw_input: flushing lone escape after input timeout; if this follows an alt chord or focus switch it may reach the pane as plain esc bytes=[27]
2026-08-16T06:14:46.885687Z  WARN herdr::raw_input: flushing lone escape after input timeout; if this follows an alt chord or focus switch it may reach the pane as plain esc bytes=[27]
2026-08-16T06:14:46.885991Z  WARN herdr::raw_input: flushing lone escape after input timeout; if this follows an alt chord or focus switch it may reach the pane as plain esc bytes=[27]
2026-08-16T06:14:54.726202Z  WARN herdr::raw_input: flushing lone escape after input timeout; if this follows an alt chord or focus switch it may reach the pane as plain esc bytes=[27]
2026-08-16T06:14:54.726293Z  WARN herdr::raw_input: flushing lone escape after input timeout; if this follows an alt chord or focus switch it may reach the pane as plain esc bytes=[27]
2026-08-16T06:14:58.475676Z  WARN herdr::raw_input: flushing lone escape after input timeout; if this follows an alt chord or focus switch it may reach the pane as plain esc bytes=[27]
2026-08-16T06:14:58.475764Z  WARN herdr::raw_input: flushing lone escape after input timeout; if this follows an alt chord or focus switch it may reach the pane as plain esc bytes=[27]
2026-08-16T06:15:02.440920Z  WARN herdr::raw_input: flushing lone escape after input timeout; if this follows an alt chord or focus switch it may reach the pane as plain esc bytes=[27]
2026-08-16T06:15:02.441026Z  WARN herdr::raw_input: flushing lone escape after input timeout; if this follows an alt chord or focus switch it may reach the pane as plain esc bytes=[27]
2026-08-16T06:15:05.627773Z  WARN herdr::raw_input: flushing lone escape after input timeout; if this follows an alt chord or focus switch it may reach the pane as plain esc bytes=[27]
2026-08-16T06:15:05.627866Z  WARN herdr::raw_input: flushing lone escape after input timeout; if this follows an alt chord or focus switch it may reach the pane as plain esc bytes=[27]
2026-08-16T06:15:08.610654Z  WARN herdr::raw_input: flushing lone escape after input timeout; if this follows an alt chord or focus switch it may reach the pane as plain esc bytes=[27]
2026-08-16T06:15:08.610870Z  WARN herdr::raw_input: flushing lone escape after input timeout; if this follows an alt chord or focus switch it may reach the pane as plain esc bytes=[27]
2026-08-16T06:15:13.765076Z  WARN herdr::raw_input: flushing lone escape after input timeout; if this follows an alt chord or focus switch it may reach the pane as plain esc bytes=[27]
2026-08-16T06:15:13.765177Z  WARN herdr::raw_input: flushing lone escape after input timeout; if this follows an alt chord or focus switch it may reach the pane as plain esc bytes=[27]
2026-08-16T06:15:17.886216Z  WARN herdr::raw_input: flushing lone escape after input timeout; if this follows an alt chord or focus switch it may reach the pane as plain esc bytes=[27]
2026-08-16T06:15:17.887255Z  WARN herdr::raw_input: flushing lone escape after input timeout; if this follows an alt chord or focus switch it may reach the pane as plain esc bytes=[27]
2026-08-16T06:15:22.772357Z  WARN herdr::raw_input: flushing lone escape after input timeout; if this follows an alt chord or focus switch it may reach the pane as plain esc bytes=[27]
2026-08-16T06:15:22.772452Z  WARN herdr::raw_input: flushing lone escape after input timeout; if this follows an alt chord or focus switch it may reach the pane as plain esc bytes=[27]
2026-08-16T06:15:27.190199Z  WARN herdr::raw_input: flushing lone escape after input timeout; if this follows an alt chord or focus switch it may reach the pane as plain esc bytes=[27]
2026-08-16T06:15:27.190307Z  WARN herdr::raw_input: flushing lone escape after input timeout; if this follows an alt chord or focus switch it may reach the pane as plain esc bytes=[27]
2026-08-16T06:15:31.304936Z  WARN herdr::raw_input: flushing lone escape after input timeout; if this follows an alt chord or focus switch it may reach the pane as plain esc bytes=[27]
2026-08-16T06:15:31.305934Z  WARN herdr::raw_input: flushing lone escape after input timeout; if this follows an alt chord or focus switch it may reach the pane as plain esc bytes=[27]
2026-08-16T06:15:49.753254Z  WARN herdr::raw_input: flushing lone escape after input timeout; if this follows an alt chord or focus switch it may reach the pane as plain esc bytes=[27]
2026-08-16T06:15:49.753591Z  WARN herdr::raw_input: flushing lone escape after input timeout; if this follows an alt chord or focus switch it may reach the pane as plain esc bytes=[27]
2026-08-16T06:17:05.690539Z  WARN herdr::raw_input: flushing lone escape after input timeout; if this follows an alt chord or focus switch it may reach the pane as plain esc bytes=[27]
2026-08-16T06:17:05.691574Z  WARN herdr::raw_input: flushing lone escape after input timeout; if this follows an alt chord or focus switch it may reach the pane as plain esc bytes=[27]
2026-08-16T06:17:10.660679Z  WARN herdr::raw_input: flushing lone escape after input timeout; if this follows an alt chord or focus switch it may reach the pane as plain esc bytes=[27]
2026-08-16T06:17:10.660753Z  WARN herdr::raw_input: flushing lone escape after input timeout; if this follows an alt chord or focus switch it may reach the pane as plain esc bytes=[27]
2026-08-16T06:17:13.914061Z  WARN herdr::raw_input: flushing lone escape after input timeout; if this follows an alt chord or focus switch it may reach the pane as plain esc bytes=[27]
2026-08-16T06:17:13.914404Z  WARN herdr::raw_input: flushing lone escape after input timeout; if this follows an alt chord or focus switch it may reach the pane as plain esc bytes=[27]
2026-08-16T06:17:25.012175Z  WARN herdr::raw_input: flushing lone escape after input timeout; if this follows an alt chord or focus switch it may reach the pane as plain esc bytes=[27]
2026-08-16T06:17:25.012561Z  WARN herdr::raw_input: flushing lone escape after input timeout; if this follows an alt chord or focus switch it may reach the pane as plain esc bytes=[27]
2026-08-16T06:17:29.893033Z  WARN herdr::raw_input: flushing lone escape after input timeout; if this follows an alt chord or focus switch it may reach the pane as plain esc bytes=[27]
2026-08-16T06:17:29.893137Z  WARN herdr::raw_input: flushing lone escape after input timeout; if this follows an alt chord or focus switch it may reach the pane as plain esc bytes=[27]
2026-08-16T06:17:37.440537Z  WARN herdr::raw_input: flushing lone escape after input timeout; if this follows an alt chord or focus switch it may reach the pane as plain esc bytes=[27]
2026-08-16T06:17:37.441875Z  WARN herdr::raw_input: flushing lone escape after input timeout; if this follows an alt chord or focus switch it may reach the pane as plain esc bytes=[27]
2026-08-16T06:17:41.740188Z  WARN herdr::raw_input: flushing lone escape after input timeout; if this follows an alt chord or focus switch it may reach the pane as plain esc bytes=[27]
2026-08-16T06:17:41.740291Z  WARN herdr::raw_input: flushing lone escape after input timeout; if this follows an alt chord or focus switch it may reach the pane as plain esc bytes=[27]
2026-08-16T06:17:54.286344Z  WARN herdr::raw_input: flushing lone escape after input timeout; if this follows an alt chord or focus switch it may reach the pane as plain esc bytes=[27]
2026-08-16T06:17:54.287433Z  WARN herdr::raw_input: flushing lone escape after input timeout; if this follows an alt chord or focus switch it may reach the pane as plain esc bytes=[27]
2026-08-16T06:18:03.299892Z  WARN herdr::raw_input: flushing lone escape after input timeout; if this follows an alt chord or focus switch it may reach the pane as plain esc bytes=[27]
2026-08-16T06:18:03.299968Z  WARN herdr::raw_input: flushing lone escape after input timeout; if this follows an alt chord or focus switch it may reach the pane as plain esc bytes=[27]
2026-08-16T06:18:17.499424Z  WARN herdr::raw_input: flushing lone escape after input timeout; if this follows an alt chord or focus switch it may reach the pane as plain esc bytes=[27]
2026-08-16T06:18:17.499728Z  WARN herdr::raw_input: flushing lone escape after input timeout; if this follows an alt chord or focus switch it may reach the pane as plain esc bytes=[27]
2026-08-16T06:21:02.336866Z  WARN herdr::raw_input: flushing lone escape after input timeout; if this follows an alt chord or focus switch it may reach the pane as plain esc bytes=[27]
2026-08-16T06:21:02.339731Z  WARN herdr::raw_input: flushing lone escape after input timeout; if this follows an alt chord or focus switch it may reach the pane as plain esc bytes=[27]
2026-08-16T06:21:02.523485Z  WARN herdr::raw_input: flushing lone escape after input timeout; if this follows an alt chord or focus switch it may reach the pane as plain esc bytes=[27]
2026-08-16T06:21:02.524093Z  WARN herdr::raw_input: flushing lone escape after input timeout; if this follows an alt chord or focus switch it may reach the pane as plain esc bytes=[27]
2026-08-16T06:21:05.243688Z  WARN herdr::raw_input: flushing lone escape after input timeout; if this follows an alt chord or focus switch it may reach the pane as plain esc bytes=[27]
2026-08-16T06:21:05.243890Z  WARN herdr::raw_input: flushing lone escape after input timeout; if this follows an alt chord or focus switch it may reach the pane as plain esc bytes=[27]
2026-08-16T06:21:05.462144Z  WARN herdr::raw_input: flushing lone escape after input timeout; if this follows an alt chord or focus switch it may reach the pane as plain esc bytes=[27]
2026-08-16T06:21:05.462526Z  WARN herdr::raw_input: flushing lone escape after input timeout; if this follows an alt chord or focus switch it may reach the pane as plain esc bytes=[27]
2026-08-16T06:26:14.333282Z  WARN herdr::raw_input: flushing lone escape after input timeout; if this follows an alt chord or focus switch it may reach the pane as plain esc bytes=[27]
2026-08-16T06:26:14.334408Z  WARN herdr::raw_input: flushing lone escape after input timeout; if this follows an alt chord or focus switch it may reach the pane as plain esc bytes=[27]
2026-08-16T06:26:14.672219Z  WARN herdr::raw_input: flushing lone escape after input timeout; if this follows an alt chord or focus switch it may reach the pane as plain esc bytes=[27]
2026-08-16T06:26:14.673076Z  WARN herdr::raw_input: flushing lone escape after input timeout; if this follows an alt chord or focus switch it may reach the pane as plain esc bytes=[27]
2026-08-16T06:26:19.249860Z  WARN herdr::raw_input: flushing lone escape after input timeout; if this follows an alt chord or focus switch it may reach the pane as plain esc bytes=[27]
2026-08-16T06:26:19.250242Z  WARN herdr::raw_input: flushing lone escape after input timeout; if this follows an alt chord or focus switch it may reach the pane as plain esc bytes=[27]
2026-08-16T06:27:44.277533Z  WARN herdr::raw_input: flushing lone escape after input timeout; if this follows an alt chord or focus switch it may reach the pane as plain esc bytes=[27]
2026-08-16T06:27:44.280166Z  WARN herdr::raw_input: flushing lone escape after input timeout; if this follows an alt chord or focus switch it may reach the pane as plain esc bytes=[27]
2026-08-16T06:28:11.273678Z  WARN herdr::raw_input: flushing lone escape after input timeout; if this follows an alt chord or focus switch it may reach the pane as plain esc bytes=[27]
2026-08-16T06:28:11.277738Z  WARN herdr::raw_input: flushing lone escape after input timeout; if this follows an alt chord or focus switch it may reach the pane as plain esc bytes=[27]
2026-08-16T06:28:17.493354Z  WARN herdr::raw_input: flushing lone escape after input timeout; if this follows an alt chord or focus switch it may reach the pane as plain esc bytes=[27]
2026-08-16T06:28:17.493805Z  WARN herdr::raw_input: flushing lone escape after input timeout; if this follows an alt chord or focus switch it may reach the pane as plain esc bytes=[27]
2026-08-16T06:29:34.912187Z  WARN herdr::raw_input: flushing lone escape after input timeout; if this follows an alt chord or focus switch it may reach the pane as plain esc bytes=[27]
2026-08-16T06:29:34.913188Z  WARN herdr::raw_input: flushing lone escape after input timeout; if this follows an alt chord or focus switch it may reach the pane as plain esc bytes=[27]
2026-08-16T06:29:46.259885Z  WARN herdr::raw_input: flushing lone escape after input timeout; if this follows an alt chord or focus switch it may reach the pane as plain esc bytes=[27]
2026-08-16T06:29:46.260938Z  WARN herdr::raw_input: flushing lone escape after input timeout; if this follows an alt chord or focus switch it may reach the pane as plain esc bytes=[27]
2026-08-16T06:30:07.097099Z  WARN herdr::raw_input: flushing lone escape after input timeout; if this follows an alt chord or focus switch it may reach the pane as plain esc bytes=[27]
2026-08-16T06:30:07.097449Z  WARN herdr::raw_input: flushing lone escape after input timeout; if this follows an alt chord or focus switch it may reach the pane as plain esc bytes=[27]
2026-08-16T06:30:14.788528Z  WARN herdr::raw_input: flushing lone escape after input timeout; if this follows an alt chord or focus switch it may reach the pane as plain esc bytes=[27]
2026-08-16T06:30:14.788632Z  WARN herdr::raw_input: flushing lone escape after input timeout; if this follows an alt chord or focus switch it may reach the pane as plain esc bytes=[27]
2026-08-16T06:30:24.273783Z  WARN herdr::raw_input: flushing lone escape after input timeout; if this follows an alt chord or focus switch it may reach the pane as plain esc bytes=[27]
2026-08-16T06:30:24.274250Z  WARN herdr::raw_input: flushing lone escape after input timeout; if this follows an alt chord or focus switch it may reach the pane as plain esc bytes=[27]
2026-08-16T06:30:36.169155Z  WARN herdr::raw_input: flushing lone escape after input timeout; if this follows an alt chord or focus switch it may reach the pane as plain esc bytes=[27]
2026-08-16T06:30:36.170157Z  WARN herdr::raw_input: flushing lone escape after input timeout; if this follows an alt chord or focus switch it may reach the pane as plain esc bytes=[27]
2026-08-16T06:30:39.738730Z  WARN herdr::raw_input: flushing lone escape after input timeout; if this follows an alt chord or focus switch it may reach the pane as plain esc bytes=[27]
2026-08-16T06:30:39.740686Z  WARN herdr::raw_input: flushing lone escape after input timeout; if this follows an alt chord or focus switch it may reach the pane as plain esc bytes=[27]
2026-08-16T06:31:07.710329Z  WARN herdr::raw_input: flushing lone escape after input timeout; if this follows an alt chord or focus switch it may reach the pane as plain esc bytes=[27]
2026-08-16T06:31:07.711357Z  WARN herdr::raw_input: flushing lone escape after input timeout; if this follows an alt chord or focus switch it may reach the pane as plain esc bytes=[27]
2026-08-16T06:31:18.355640Z  WARN herdr::raw_input: flushing lone escape after input timeout; if this follows an alt chord or focus switch it may reach the pane as plain esc bytes=[27]
2026-08-16T06:31:18.355769Z  WARN herdr::raw_input: flushing lone escape after input timeout; if this follows an alt chord or focus switch it may reach the pane as plain esc bytes=[27]
2026-08-16T06:31:24.659424Z  WARN herdr::raw_input: flushing lone escape after input timeout; if this follows an alt chord or focus switch it may reach the pane as plain esc bytes=[27]
2026-08-16T06:31:24.659526Z  WARN herdr::raw_input: flushing lone escape after input timeout; if this follows an alt chord or focus switch it may reach the pane as plain esc bytes=[27]
2026-08-16T06:31:32.577325Z  WARN herdr::raw_input: flushing lone escape after input timeout; if this follows an alt chord or focus switch it may reach the pane as plain esc bytes=[27]
2026-08-16T06:31:32.577413Z  WARN herdr::raw_input: flushing lone escape after input timeout; if this follows an alt chord or focus switch it may reach the pane as plain esc bytes=[27]
2026-08-16T06:31:41.329804Z  WARN herdr::raw_input: flushing lone escape after input timeout; if this follows an alt chord or focus switch it may reach the pane as plain esc bytes=[27]
2026-08-16T06:31:41.329888Z  WARN herdr::raw_input: flushing lone escape after input timeout; if this follows an alt chord or focus switch it may reach the pane as plain esc bytes=[27]
2026-08-16T06:31:55.575015Z  WARN herdr::raw_input: flushing lone escape after input timeout; if this follows an alt chord or focus switch it may reach the pane as plain esc bytes=[27]
2026-08-16T06:31:55.576081Z  WARN herdr::raw_input: flushing lone escape after input timeout; if this follows an alt chord or focus switch it may reach the pane as plain esc bytes=[27]
2026-08-16T06:32:10.103783Z  WARN herdr::raw_input: flushing lone escape after input timeout; if this follows an alt chord or focus switch it may reach the pane as plain esc bytes=[27]
2026-08-16T06:32:10.103877Z  WARN herdr::raw_input: flushing lone escape after input timeout; if this follows an alt chord or focus switch it may reach the pane as plain esc bytes=[27]
2026-08-16T06:32:17.477716Z  WARN herdr::raw_input: flushing lone escape after input timeout; if this follows an alt chord or focus switch it may reach the pane as plain esc bytes=[27]
2026-08-16T06:32:17.477788Z  WARN herdr::raw_input: flushing lone escape after input timeout; if this follows an alt chord or focus switch it may reach the pane as plain esc bytes=[27]
2026-08-16T06:32:30.636568Z  WARN herdr::raw_input: flushing lone escape after input timeout; if this follows an alt chord or focus switch it may reach the pane as plain esc bytes=[27]
2026-08-16T06:32:30.637581Z  WARN herdr::raw_input: flushing lone escape after input timeout; if this follows an alt chord or focus switch it may reach the pane as plain esc bytes=[27]
2026-08-16T06:32:37.243143Z  WARN herdr::raw_input: flushing lone escape after input timeout; if this follows an alt chord or focus switch it may reach the pane as plain esc bytes=[27]
2026-08-16T06:32:37.243231Z  WARN herdr::raw_input: flushing lone escape after input timeout; if this follows an alt chord or focus switch it may reach the pane as plain esc bytes=[27]
2026-08-16T06:32:44.953513Z  WARN herdr::raw_input: flushing lone escape after input timeout; if this follows an alt chord or focus switch it may reach the pane as plain esc bytes=[27]
2026-08-16T06:32:44.953872Z  WARN herdr::raw_input: flushing lone escape after input timeout; if this follows an alt chord or focus switch it may reach the pane as plain esc bytes=[27]
2026-08-16T06:32:52.120332Z  WARN herdr::raw_input: flushing lone escape after input timeout; if this follows an alt chord or focus switch it may reach the pane as plain esc bytes=[27]
2026-08-16T06:32:52.120461Z  WARN herdr::raw_input: flushing lone escape after input timeout; if this follows an alt chord or focus switch it may reach the pane as plain esc bytes=[27]
2026-08-16T06:33:01.334501Z  WARN herdr::raw_input: flushing lone escape after input timeout; if this follows an alt chord or focus switch it may reach the pane as plain esc bytes=[27]
2026-08-16T06:33:01.335514Z  WARN herdr::raw_input: flushing lone escape after input timeout; if this follows an alt chord or focus switch it may reach the pane as plain esc bytes=[27]
2026-08-16T06:33:10.853502Z  WARN herdr::raw_input: flushing lone escape after input timeout; if this follows an alt chord or focus switch it may reach the pane as plain esc bytes=[27]
2026-08-16T06:33:10.853641Z  WARN herdr::raw_input: flushing lone escape after input timeout; if this follows an alt chord or focus switch it may reach the pane as plain esc bytes=[27]
2026-08-16T06:33:18.959735Z  WARN herdr::raw_input: flushing lone escape after input timeout; if this follows an alt chord or focus switch it may reach the pane as plain esc bytes=[27]
2026-08-16T06:33:18.960753Z  WARN herdr::raw_input: flushing lone escape after input timeout; if this follows an alt chord or focus switch it may reach the pane as plain esc bytes=[27]
2026-08-16T06:33:26.145335Z  WARN herdr::raw_input: flushing lone escape after input timeout; if this follows an alt chord or focus switch it may reach the pane as plain esc bytes=[27]
2026-08-16T06:33:26.145420Z  WARN herdr::raw_input: flushing lone escape after input timeout; if this follows an alt chord or focus switch it may reach the pane as plain esc bytes=[27]
2026-08-16T06:33:30.666559Z  WARN herdr::raw_input: flushing lone escape after input timeout; if this follows an alt chord or focus switch it may reach the pane as plain esc bytes=[27]
2026-08-16T06:33:30.666965Z  WARN herdr::raw_input: flushing lone escape after input timeout; if this follows an alt chord or focus switch it may reach the pane as plain esc bytes=[27]
2026-08-16T06:33:59.608915Z  WARN herdr::raw_input: flushing lone escape after input timeout; if this follows an alt chord or focus switch it may reach the pane as plain esc bytes=[27]
2026-08-16T06:33:59.610836Z  WARN herdr::raw_input: flushing lone escape after input timeout; if this follows an alt chord or focus switch it may reach the pane as plain esc bytes=[27]
2026-08-16T06:34:20.489274Z  WARN herdr::raw_input: flushing lone escape after input timeout; if this follows an alt chord or focus switch it may reach the pane as plain esc bytes=[27]
2026-08-16T06:34:20.491018Z  WARN herdr::raw_input: flushing lone escape after input timeout; if this follows an alt chord or focus switch it may reach the pane as plain esc bytes=[27]
2026-08-16T06:34:24.660138Z  WARN herdr::raw_input: flushing lone escape after input timeout; if this follows an alt chord or focus switch it may reach the pane as plain esc bytes=[27]
2026-08-16T06:34:24.660220Z  WARN herdr::raw_input: flushing lone escape after input timeout; if this follows an alt chord or focus switch it may reach the pane as plain esc bytes=[27]
2026-08-16T06:34:29.608592Z  WARN herdr::raw_input: flushing lone escape after input timeout; if this follows an alt chord or focus switch it may reach the pane as plain esc bytes=[27]
2026-08-16T06:34:29.609611Z  WARN herdr::raw_input: flushing lone escape after input timeout; if this follows an alt chord or focus switch it may reach the pane as plain esc bytes=[27]
2026-08-16T06:34:34.220026Z  WARN herdr::raw_input: flushing lone escape after input timeout; if this follows an alt chord or focus switch it may reach the pane as plain esc bytes=[27]
2026-08-16T06:34:34.220119Z  WARN herdr::raw_input: flushing lone escape after input timeout; if this follows an alt chord or focus switch it may reach the pane as plain esc bytes=[27]
2026-08-16T06:34:58.477296Z  WARN herdr::raw_input: flushing lone escape after input timeout; if this follows an alt chord or focus switch it may reach the pane as plain esc bytes=[27]
2026-08-16T06:34:58.478290Z  WARN herdr::raw_input: flushing lone escape after input timeout; if this follows an alt chord or focus switch it may reach the pane as plain esc bytes=[27]
2026-08-16T06:35:07.510723Z  WARN herdr::raw_input: flushing lone escape after input timeout; if this follows an alt chord or focus switch it may reach the pane as plain esc bytes=[27]
2026-08-16T06:35:07.510830Z  WARN herdr::raw_input: flushing lone escape after input timeout; if this follows an alt chord or focus switch it may reach the pane as plain esc bytes=[27]
2026-08-16T13:00:27.367797Z  WARN herdr::raw_input: flushing lone escape after input timeout; if this follows an alt chord or focus switch it may reach the pane as plain esc bytes=[27]
2026-08-16T13:00:27.369520Z  WARN herdr::raw_input: flushing lone escape after input timeout; if this follows an alt chord or focus switch it may reach the pane as plain esc bytes=[27]
2026-08-16T13:00:36.450603Z  WARN herdr::raw_input: flushing lone escape after input timeout; if this follows an alt chord or focus switch it may reach the pane as plain esc bytes=[27]
2026-08-16T13:00:36.450685Z  WARN herdr::raw_input: flushing lone escape after input timeout; if this follows an alt chord or focus switch it may reach the pane as plain esc bytes=[27]
2026-08-16T13:05:03.360360Z  WARN herdr::raw_input: flushing lone escape after input timeout; if this follows an alt chord or focus switch it may reach the pane as plain esc bytes=[27]
2026-08-16T13:05:03.361360Z  WARN herdr::raw_input: flushing lone escape after input timeout; if this follows an alt chord or focus switch it may reach the pane as plain esc bytes=[27]
2026-08-16T13:05:34.500461Z  WARN herdr::raw_input: flushing lone escape after input timeout; if this follows an alt chord or focus switch it may reach the pane as plain esc bytes=[27]
2026-08-16T13:05:34.500748Z  WARN herdr::raw_input: flushing lone escape after input timeout; if this follows an alt chord or focus switch it may reach the pane as plain esc bytes=[27]
2026-08-16T13:07:31.357752Z  WARN herdr::raw_input: flushing lone escape after input timeout; if this follows an alt chord or focus switch it may reach the pane as plain esc bytes=[27]
2026-08-16T13:07:31.358776Z  WARN herdr::raw_input: flushing lone escape after input timeout; if this follows an alt chord or focus switch it may reach the pane as plain esc bytes=[27]
2026-08-16T13:08:50.870725Z  WARN herdr::raw_input: flushing lone escape after input timeout; if this follows an alt chord or focus switch it may reach the pane as plain esc bytes=[27]
2026-08-16T13:08:50.872131Z  WARN herdr::raw_input: flushing lone escape after input timeout; if this follows an alt chord or focus switch it may reach the pane as plain esc bytes=[27]
2026-08-16T13:09:29.838783Z  WARN herdr::raw_input: flushing lone escape after input timeout; if this follows an alt chord or focus switch it may reach the pane as plain esc bytes=[27]
2026-08-16T13:09:29.839810Z  WARN herdr::raw_input: flushing lone escape after input timeout; if this follows an alt chord or focus switch it may reach the pane as plain esc bytes=[27]
2026-08-16T13:12:04.589723Z  WARN herdr::raw_input: flushing lone escape after input timeout; if this follows an alt chord or focus switch it may reach the pane as plain esc bytes=[27]
2026-08-16T13:12:04.590734Z  WARN herdr::raw_input: flushing lone escape after input timeout; if this follows an alt chord or focus switch it may reach the pane as plain esc bytes=[27]
2026-08-16T13:12:32.507686Z  WARN herdr::raw_input: flushing lone escape after input timeout; if this follows an alt chord or focus switch it may reach the pane as plain esc bytes=[27]
2026-08-16T13:12:32.509574Z  WARN herdr::raw_input: flushing lone escape after input timeout; if this follows an alt chord or focus switch it may reach the pane as plain esc bytes=[27]
2026-08-16T13:12:32.877607Z  WARN herdr::raw_input: flushing lone escape after input timeout; if this follows an alt chord or focus switch it may reach the pane as plain esc bytes=[27]
2026-08-16T13:12:32.878067Z  WARN herdr::raw_input: flushing lone escape after input timeout; if this follows an alt chord or focus switch it may reach the pane as plain esc bytes=[27]
2026-08-16T13:12:38.696546Z  WARN herdr::raw_input: flushing lone escape after input timeout; if this follows an alt chord or focus switch it may reach the pane as plain esc bytes=[27]
2026-08-16T13:12:38.696930Z  WARN herdr::raw_input: flushing lone escape after input timeout; if this follows an alt chord or focus switch it may reach the pane as plain esc bytes=[27]
2026-08-16T13:12:38.911223Z  WARN herdr::raw_input: flushing lone escape after input timeout; if this follows an alt chord or focus switch it may reach the pane as plain esc bytes=[27]
2026-08-16T13:12:38.911434Z  WARN herdr::raw_input: flushing lone escape after input timeout; if this follows an alt chord or focus switch it may reach the pane as plain esc bytes=[27]
2026-08-16T13:12:44.817578Z  WARN herdr::raw_input: flushing lone escape after input timeout; if this follows an alt chord or focus switch it may reach the pane as plain esc bytes=[27]
2026-08-16T13:12:44.818169Z  WARN herdr::raw_input: flushing lone escape after input timeout; if this follows an alt chord or focus switch it may reach the pane as plain esc bytes=[27]
2026-08-16T13:12:45.200441Z  WARN herdr::raw_input: flushing lone escape after input timeout; if this follows an alt chord or focus switch it may reach the pane as plain esc bytes=[27]
2026-08-16T13:12:45.200834Z  WARN herdr::raw_input: flushing lone escape after input timeout; if this follows an alt chord or focus switch it may reach the pane as plain esc bytes=[27]
2026-08-16T13:12:51.387074Z  WARN herdr::raw_input: flushing lone escape after input timeout; if this follows an alt chord or focus switch it may reach the pane as plain esc bytes=[27]
2026-08-16T13:12:51.387497Z  WARN herdr::raw_input: flushing lone escape after input timeout; if this follows an alt chord or focus switch it may reach the pane as plain esc bytes=[27]
2026-08-16T13:13:32.862430Z  WARN herdr::raw_input: flushing lone escape after input timeout; if this follows an alt chord or focus switch it may reach the pane as plain esc bytes=[27]
2026-08-16T13:13:32.863407Z  WARN herdr::raw_input: flushing lone escape after input timeout; if this follows an alt chord or focus switch it may reach the pane as plain esc bytes=[27]
2026-08-16T13:13:37.503533Z  WARN herdr::raw_input: flushing lone escape after input timeout; if this follows an alt chord or focus switch it may reach the pane as plain esc bytes=[27]
2026-08-16T13:13:37.503623Z  WARN herdr::raw_input: flushing lone escape after input timeout; if this follows an alt chord or focus switch it may reach the pane as plain esc bytes=[27]
2026-08-16T13:13:43.954408Z  WARN herdr::raw_input: flushing lone escape after input timeout; if this follows an alt chord or focus switch it may reach the pane as plain esc bytes=[27]
2026-08-16T13:13:43.954471Z  WARN herdr::raw_input: flushing lone escape after input timeout; if this follows an alt chord or focus switch it may reach the pane as plain esc bytes=[27]
2026-08-16T13:13:48.510037Z  WARN herdr::raw_input: flushing lone escape after input timeout; if this follows an alt chord or focus switch it may reach the pane as plain esc bytes=[27]
2026-08-16T13:13:48.510128Z  WARN herdr::raw_input: flushing lone escape after input timeout; if this follows an alt chord or focus switch it may reach the pane as plain esc bytes=[27]
2026-08-16T13:14:16.832789Z  WARN herdr::raw_input: flushing lone escape after input timeout; if this follows an alt chord or focus switch it may reach the pane as plain esc bytes=[27]
2026-08-16T13:14:16.833234Z  WARN herdr::raw_input: flushing lone escape after input timeout; if this follows an alt chord or focus switch it may reach the pane as plain esc bytes=[27]
2026-08-16T13:17:37.161518Z  WARN herdr::raw_input: flushing lone escape after input timeout; if this follows an alt chord or focus switch it may reach the pane as plain esc bytes=[27]
2026-08-16T13:17:37.161609Z  WARN herdr::raw_input: flushing lone escape after input timeout; if this follows an alt chord or focus switch it may reach the pane as plain esc bytes=[27]
2026-08-16T13:17:57.123090Z  WARN herdr::raw_input: flushing lone escape after input timeout; if this follows an alt chord or focus switch it may reach the pane as plain esc bytes=[27]
2026-08-16T13:17:57.123184Z  WARN herdr::raw_input: flushing lone escape after input timeout; if this follows an alt chord or focus switch it may reach the pane as plain esc bytes=[27]
2026-08-16T13:18:06.321429Z  WARN herdr::raw_input: flushing lone escape after input timeout; if this follows an alt chord or focus switch it may reach the pane as plain esc bytes=[27]
2026-08-16T13:18:06.321514Z  WARN herdr::raw_input: flushing lone escape after input timeout; if this follows an alt chord or focus switch it may reach the pane as plain esc bytes=[27]
2026-08-16T13:18:15.615905Z  WARN herdr::raw_input: flushing lone escape after input timeout; if this follows an alt chord or focus switch it may reach the pane as plain esc bytes=[27]
2026-08-16T13:18:15.616021Z  WARN herdr::raw_input: flushing lone escape after input timeout; if this follows an alt chord or focus switch it may reach the pane as plain esc bytes=[27]
2026-08-16T13:18:44.211890Z  WARN herdr::raw_input: flushing lone escape after input timeout; if this follows an alt chord or focus switch it may reach the pane as plain esc bytes=[27]
2026-08-16T13:18:44.211976Z  WARN herdr::raw_input: flushing lone escape after input timeout; if this follows an alt chord or focus switch it may reach the pane as plain esc bytes=[27]
2026-08-16T13:22:32.579004Z  WARN herdr::raw_input: flushing lone escape after input timeout; if this follows an alt chord or focus switch it may reach the pane as plain esc bytes=[27]
2026-08-16T13:22:32.579210Z  WARN herdr::raw_input: flushing lone escape after input timeout; if this follows an alt chord or focus switch it may reach the pane as plain esc bytes=[27]
2026-08-16T13:23:54.474577Z  WARN herdr::raw_input: flushing lone escape after input timeout; if this follows an alt chord or focus switch it may reach the pane as plain esc bytes=[27]
2026-08-16T13:23:54.474668Z  WARN herdr::raw_input: flushing lone escape after input timeout; if this follows an alt chord or focus switch it may reach the pane as plain esc bytes=[27]
2026-08-16T13:24:06.096446Z  WARN herdr::raw_input: flushing lone escape after input timeout; if this follows an alt chord or focus switch it may reach the pane as plain esc bytes=[27]
2026-08-16T13:24:06.096546Z  WARN herdr::raw_input: flushing lone escape after input timeout; if this follows an alt chord or focus switch it may reach the pane as plain esc bytes=[27]
2026-08-16T13:24:14.583607Z  WARN herdr::raw_input: flushing lone escape after input timeout; if this follows an alt chord or focus switch it may reach the pane as plain esc bytes=[27]
2026-08-16T13:24:14.583688Z  WARN herdr::raw_input: flushing lone escape after input timeout; if this follows an alt chord or focus switch it may reach the pane as plain esc bytes=[27]
2026-08-16T13:24:26.622644Z  WARN herdr::raw_input: flushing lone escape after input timeout; if this follows an alt chord or focus switch it may reach the pane as plain esc bytes=[27]
2026-08-16T13:24:26.622735Z  WARN herdr::raw_input: flushing lone escape after input timeout; if this follows an alt chord or focus switch it may reach the pane as plain esc bytes=[27]
2026-08-16T13:24:35.849619Z  WARN herdr::raw_input: flushing lone escape after input timeout; if this follows an alt chord or focus switch it may reach the pane as plain esc bytes=[27]
2026-08-16T13:24:35.849718Z  WARN herdr::raw_input: flushing lone escape after input timeout; if this follows an alt chord or focus switch it may reach the pane as plain esc bytes=[27]
2026-08-16T13:24:47.750614Z  WARN herdr::raw_input: flushing lone escape after input timeout; if this follows an alt chord or focus switch it may reach the pane as plain esc bytes=[27]
2026-08-16T13:24:47.750702Z  WARN herdr::raw_input: flushing lone escape after input timeout; if this follows an alt chord or focus switch it may reach the pane as plain esc bytes=[27]
2026-08-16T13:24:58.026055Z  WARN herdr::raw_input: flushing lone escape after input timeout; if this follows an alt chord or focus switch it may reach the pane as plain esc bytes=[27]
2026-08-16T13:24:58.026128Z  WARN herdr::raw_input: flushing lone escape after input timeout; if this follows an alt chord or focus switch it may reach the pane as plain esc bytes=[27]
2026-08-16T13:25:02.547346Z  WARN herdr::raw_input: flushing lone escape after input timeout; if this follows an alt chord or focus switch it may reach the pane as plain esc bytes=[27]
2026-08-16T13:25:02.547442Z  WARN herdr::raw_input: flushing lone escape after input timeout; if this follows an alt chord or focus switch it may reach the pane as plain esc bytes=[27]
2026-08-16T13:25:10.874165Z  WARN herdr::raw_input: flushing lone escape after input timeout; if this follows an alt chord or focus switch it may reach the pane as plain esc bytes=[27]
2026-08-16T13:25:10.874262Z  WARN herdr::raw_input: flushing lone escape after input timeout; if this follows an alt chord or focus switch it may reach the pane as plain esc bytes=[27]
2026-08-16T13:25:19.065872Z  WARN herdr::raw_input: flushing lone escape after input timeout; if this follows an alt chord or focus switch it may reach the pane as plain esc bytes=[27]
2026-08-16T13:25:19.065967Z  WARN herdr::raw_input: flushing lone escape after input timeout; if this follows an alt chord or focus switch it may reach the pane as plain esc bytes=[27]
2026-08-16T13:25:24.307297Z  WARN herdr::raw_input: flushing lone escape after input timeout; if this follows an alt chord or focus switch it may reach the pane as plain esc bytes=[27]
2026-08-16T13:25:24.307380Z  WARN herdr::raw_input: flushing lone escape after input timeout; if this follows an alt chord or focus switch it may reach the pane as plain esc bytes=[27]
2026-08-16T13:25:27.891722Z  WARN herdr::raw_input: flushing lone escape after input timeout; if this follows an alt chord or focus switch it may reach the pane as plain esc bytes=[27]
2026-08-16T13:25:27.891815Z  WARN herdr::raw_input: flushing lone escape after input timeout; if this follows an alt chord or focus switch it may reach the pane as plain esc bytes=[27]
2026-08-16T13:26:53.526431Z  WARN herdr::raw_input: flushing lone escape after input timeout; if this follows an alt chord or focus switch it may reach the pane as plain esc bytes=[27]
2026-08-16T13:26:53.527459Z  WARN herdr::raw_input: flushing lone escape after input timeout; if this follows an alt chord or focus switch it may reach the pane as plain esc bytes=[27]
2026-08-16T13:27:02.071318Z  WARN herdr::raw_input: flushing lone escape after input timeout; if this follows an alt chord or focus switch it may reach the pane as plain esc bytes=[27]
2026-08-16T13:27:02.071625Z  WARN herdr::raw_input: flushing lone escape after input timeout; if this follows an alt chord or focus switch it may reach the pane as plain esc bytes=[27]
2026-08-16T13:27:06.174896Z  WARN herdr::raw_input: flushing lone escape after input timeout; if this follows an alt chord or focus switch it may reach the pane as plain esc bytes=[27]
2026-08-16T13:27:06.174987Z  WARN herdr::raw_input: flushing lone escape after input timeout; if this follows an alt chord or focus switch it may reach the pane as plain esc bytes=[27]
2026-08-16T13:27:13.087749Z  WARN herdr::raw_input: flushing lone escape after input timeout; if this follows an alt chord or focus switch it may reach the pane as plain esc bytes=[27]
2026-08-16T13:27:13.087841Z  WARN herdr::raw_input: flushing lone escape after input timeout; if this follows an alt chord or focus switch it may reach the pane as plain esc bytes=[27]
2026-08-16T13:27:36.797192Z  WARN herdr::raw_input: flushing lone escape after input timeout; if this follows an alt chord or focus switch it may reach the pane as plain esc bytes=[27]
2026-08-16T13:27:36.797269Z  WARN herdr::raw_input: flushing lone escape after input timeout; if this follows an alt chord or focus switch it may reach the pane as plain esc bytes=[27]
2026-08-16T13:27:46.633183Z  WARN herdr::raw_input: flushing lone escape after input timeout; if this follows an alt chord or focus switch it may reach the pane as plain esc bytes=[27]
2026-08-16T13:27:46.633540Z  WARN herdr::raw_input: flushing lone escape after input timeout; if this follows an alt chord or focus switch it may reach the pane as plain esc bytes=[27]
2026-08-16T13:27:58.420530Z  WARN herdr::raw_input: flushing lone escape after input timeout; if this follows an alt chord or focus switch it may reach the pane as plain esc bytes=[27]
2026-08-16T13:27:58.420646Z  WARN herdr::raw_input: flushing lone escape after input timeout; if this follows an alt chord or focus switch it may reach the pane as plain esc bytes=[27]
2026-08-17T01:17:34.260274Z  WARN herdr::raw_input: flushing lone escape after input timeout; if this follows an alt chord or focus switch it may reach the pane as plain esc bytes=[27]
2026-08-17T01:17:34.261086Z  WARN herdr::raw_input: flushing lone escape after input timeout; if this follows an alt chord or focus switch it may reach the pane as plain esc bytes=[27]
2026-08-17T01:17:47.313397Z  WARN herdr::raw_input: flushing lone escape after input timeout; if this follows an alt chord or focus switch it may reach the pane as plain esc bytes=[27]
2026-08-17T01:17:47.313675Z  WARN herdr::raw_input: flushing lone escape after input timeout; if this follows an alt chord or focus switch it may reach the pane as plain esc bytes=[27]
2026-08-17T01:17:54.948181Z  WARN herdr::raw_input: flushing lone escape after input timeout; if this follows an alt chord or focus switch it may reach the pane as plain esc bytes=[27]
2026-08-17T01:17:54.948269Z  WARN herdr::raw_input: flushing lone escape after input timeout; if this follows an alt chord or focus switch it may reach the pane as plain esc bytes=[27]
2026-08-17T01:18:00.559907Z  WARN herdr::raw_input: flushing lone escape after input timeout; if this follows an alt chord or focus switch it may reach the pane as plain esc bytes=[27]
2026-08-17T01:18:00.559986Z  WARN herdr::raw_input: flushing lone escape after input timeout; if this follows an alt chord or focus switch it may reach the pane as plain esc bytes=[27]
2026-08-17T01:18:14.987699Z  WARN herdr::raw_input: flushing lone escape after input timeout; if this follows an alt chord or focus switch it may reach the pane as plain esc bytes=[27]
2026-08-17T01:18:14.987795Z  WARN herdr::raw_input: flushing lone escape after input timeout; if this follows an alt chord or focus switch it may reach the pane as plain esc bytes=[27]
2026-08-17T01:19:06.858980Z  WARN herdr::raw_input: flushing lone escape after input timeout; if this follows an alt chord or focus switch it may reach the pane as plain esc bytes=[27]
2026-08-17T01:19:06.860193Z  WARN herdr::raw_input: flushing lone escape after input timeout; if this follows an alt chord or focus switch it may reach the pane as plain esc bytes=[27]
2026-08-17T01:19:51.033660Z  WARN herdr::raw_input: flushing lone escape after input timeout; if this follows an alt chord or focus switch it may reach the pane as plain esc bytes=[27]
2026-08-17T01:19:51.034550Z  WARN herdr::raw_input: flushing lone escape after input timeout; if this follows an alt chord or focus switch it may reach the pane as plain esc bytes=[27]
2026-08-17T01:20:10.848905Z  WARN herdr::raw_input: flushing lone escape after input timeout; if this follows an alt chord or focus switch it may reach the pane as plain esc bytes=[27]
2026-08-17T01:20:10.850025Z  WARN herdr::raw_input: flushing lone escape after input timeout; if this follows an alt chord or focus switch it may reach the pane as plain esc bytes=[27]
2026-08-17T01:22:00.068491Z  WARN herdr::raw_input: flushing lone escape after input timeout; if this follows an alt chord or focus switch it may reach the pane as plain esc bytes=[27]
2026-08-17T01:22:00.069224Z  WARN herdr::raw_input: flushing lone escape after input timeout; if this follows an alt chord or focus switch it may reach the pane as plain esc bytes=[27]
2026-08-17T01:22:11.123404Z  WARN herdr::raw_input: flushing lone escape after input timeout; if this follows an alt chord or focus switch it may reach the pane as plain esc bytes=[27]
2026-08-17T01:22:11.125351Z  WARN herdr::raw_input: flushing lone escape after input timeout; if this follows an alt chord or focus switch it may reach the pane as plain esc bytes=[27]
2026-08-17T01:22:21.671110Z  WARN herdr::raw_input: flushing lone escape after input timeout; if this follows an alt chord or focus switch it may reach the pane as plain esc bytes=[27]
2026-08-17T01:22:21.671315Z  WARN herdr::raw_input: flushing lone escape after input timeout; if this follows an alt chord or focus switch it may reach the pane as plain esc bytes=[27]
2026-08-17T01:22:44.212756Z  WARN herdr::raw_input: flushing lone escape after input timeout; if this follows an alt chord or focus switch it may reach the pane as plain esc bytes=[27]
2026-08-17T01:22:44.214558Z  WARN herdr::raw_input: flushing lone escape after input timeout; if this follows an alt chord or focus switch it may reach the pane as plain esc bytes=[27]
2026-08-17T01:22:58.481200Z  WARN herdr::raw_input: flushing lone escape after input timeout; if this follows an alt chord or focus switch it may reach the pane as plain esc bytes=[27]
2026-08-17T01:22:58.482507Z  WARN herdr::raw_input: flushing lone escape after input timeout; if this follows an alt chord or focus switch it may reach the pane as plain esc bytes=[27]
2026-08-17T01:24:35.094599Z  WARN herdr::raw_input: flushing lone escape after input timeout; if this follows an alt chord or focus switch it may reach the pane as plain esc bytes=[27]
2026-08-17T01:24:35.095669Z  WARN herdr::raw_input: flushing lone escape after input timeout; if this follows an alt chord or focus switch it may reach the pane as plain esc bytes=[27]
2026-08-17T01:24:40.374291Z  WARN herdr::raw_input: flushing lone escape after input timeout; if this follows an alt chord or focus switch it may reach the pane as plain esc bytes=[27]
2026-08-17T01:24:40.374373Z  WARN herdr::raw_input: flushing lone escape after input timeout; if this follows an alt chord or focus switch it may reach the pane as plain esc bytes=[27]
2026-08-17T01:25:16.255611Z  WARN herdr::raw_input: flushing lone escape after input timeout; if this follows an alt chord or focus switch it may reach the pane as plain esc bytes=[27]
2026-08-17T01:25:16.255684Z  WARN herdr::raw_input: flushing lone escape after input timeout; if this follows an alt chord or focus switch it may reach the pane as plain esc bytes=[27]
2026-08-17T01:27:43.257241Z  WARN herdr::raw_input: flushing lone escape after input timeout; if this follows an alt chord or focus switch it may reach the pane as plain esc bytes=[27]
2026-08-17T01:27:43.258275Z  WARN herdr::raw_input: flushing lone escape after input timeout; if this follows an alt chord or focus switch it may reach the pane as plain esc bytes=[27]
2026-08-17T01:29:42.496832Z  WARN herdr::raw_input: flushing lone escape after input timeout; if this follows an alt chord or focus switch it may reach the pane as plain esc bytes=[27]
2026-08-17T01:29:42.497985Z  WARN herdr::raw_input: flushing lone escape after input timeout; if this follows an alt chord or focus switch it may reach the pane as plain esc bytes=[27]
2026-08-17T01:29:42.734506Z  WARN herdr::raw_input: flushing lone escape after input timeout; if this follows an alt chord or focus switch it may reach the pane as plain esc bytes=[27]
2026-08-17T01:29:42.734697Z  WARN herdr::raw_input: flushing lone escape after input timeout; if this follows an alt chord or focus switch it may reach the pane as plain esc bytes=[27]
2026-08-17T01:30:23.354219Z  WARN herdr::raw_input: flushing lone escape after input timeout; if this follows an alt chord or focus switch it may reach the pane as plain esc bytes=[27]
2026-08-17T01:30:23.355317Z  WARN herdr::raw_input: flushing lone escape after input timeout; if this follows an alt chord or focus switch it may reach the pane as plain esc bytes=[27]
2026-08-17T01:31:08.171898Z  WARN herdr::raw_input: flushing lone escape after input timeout; if this follows an alt chord or focus switch it may reach the pane as plain esc bytes=[27]
2026-08-17T01:31:08.171998Z  WARN herdr::raw_input: flushing lone escape after input timeout; if this follows an alt chord or focus switch it may reach the pane as plain esc bytes=[27]
2026-08-17T01:31:40.599594Z  WARN herdr::raw_input: flushing lone escape after input timeout; if this follows an alt chord or focus switch it may reach the pane as plain esc bytes=[27]
2026-08-17T01:31:40.601144Z  WARN herdr::raw_input: flushing lone escape after input timeout; if this follows an alt chord or focus switch it may reach the pane as plain esc bytes=[27]
2026-08-17T01:31:55.479263Z  WARN herdr::raw_input: flushing lone escape after input timeout; if this follows an alt chord or focus switch it may reach the pane as plain esc bytes=[27]
2026-08-17T01:31:55.480307Z  WARN herdr::raw_input: flushing lone escape after input timeout; if this follows an alt chord or focus switch it may reach the pane as plain esc bytes=[27]
2026-08-17T01:32:12.504023Z  WARN herdr::raw_input: flushing lone escape after input timeout; if this follows an alt chord or focus switch it may reach the pane as plain esc bytes=[27]
2026-08-17T01:32:12.505016Z  WARN herdr::raw_input: flushing lone escape after input timeout; if this follows an alt chord or focus switch it may reach the pane as plain esc bytes=[27]
2026-08-17T01:32:36.074529Z  WARN herdr::raw_input: flushing lone escape after input timeout; if this follows an alt chord or focus switch it may reach the pane as plain esc bytes=[27]
2026-08-17T01:32:36.074645Z  WARN herdr::raw_input: flushing lone escape after input timeout; if this follows an alt chord or focus switch it may reach the pane as plain esc bytes=[27]
2026-08-17T01:32:36.280114Z  WARN herdr::raw_input: flushing lone escape after input timeout; if this follows an alt chord or focus switch it may reach the pane as plain esc bytes=[27]
2026-08-17T01:32:36.280588Z  WARN herdr::raw_input: flushing lone escape after input timeout; if this follows an alt chord or focus switch it may reach the pane as plain esc bytes=[27]
2026-08-17T01:32:40.044586Z  WARN herdr::raw_input: flushing lone escape after input timeout; if this follows an alt chord or focus switch it may reach the pane as plain esc bytes=[27]
2026-08-17T01:32:40.044668Z  WARN herdr::raw_input: flushing lone escape after input timeout; if this follows an alt chord or focus switch it may reach the pane as plain esc bytes=[27]
2026-08-17T01:32:46.916361Z  WARN herdr::raw_input: flushing lone escape after input timeout; if this follows an alt chord or focus switch it may reach the pane as plain esc bytes=[27]
2026-08-17T01:32:46.916454Z  WARN herdr::raw_input: flushing lone escape after input timeout; if this follows an alt chord or focus switch it may reach the pane as plain esc bytes=[27]
2026-08-17T01:32:50.592099Z  WARN herdr::raw_input: flushing lone escape after input timeout; if this follows an alt chord or focus switch it may reach the pane as plain esc bytes=[27]
2026-08-17T01:32:50.592646Z  WARN herdr::raw_input: flushing lone escape after input timeout; if this follows an alt chord or focus switch it may reach the pane as plain esc bytes=[27]
2026-08-17T01:33:15.851274Z  WARN herdr::raw_input: flushing lone escape after input timeout; if this follows an alt chord or focus switch it may reach the pane as plain esc bytes=[27]
2026-08-17T01:33:15.852290Z  WARN herdr::raw_input: flushing lone escape after input timeout; if this follows an alt chord or focus switch it may reach the pane as plain esc bytes=[27]
2026-08-17T01:33:30.071456Z  WARN herdr::raw_input: flushing lone escape after input timeout; if this follows an alt chord or focus switch it may reach the pane as plain esc bytes=[27]
2026-08-17T01:33:30.071539Z  WARN herdr::raw_input: flushing lone escape after input timeout; if this follows an alt chord or focus switch it may reach the pane as plain esc bytes=[27]
2026-08-17T01:33:36.551829Z  WARN herdr::raw_input: flushing lone escape after input timeout; if this follows an alt chord or focus switch it may reach the pane as plain esc bytes=[27]
2026-08-17T01:33:36.551900Z  WARN herdr::raw_input: flushing lone escape after input timeout; if this follows an alt chord or focus switch it may reach the pane as plain esc bytes=[27]
2026-08-17T01:33:43.978179Z  WARN herdr::raw_input: flushing lone escape after input timeout; if this follows an alt chord or focus switch it may reach the pane as plain esc bytes=[27]
2026-08-17T01:33:43.979955Z  WARN herdr::raw_input: flushing lone escape after input timeout; if this follows an alt chord or focus switch it may reach the pane as plain esc bytes=[27]
2026-08-17T01:33:44.155746Z  WARN herdr::raw_input: flushing lone escape after input timeout; if this follows an alt chord or focus switch it may reach the pane as plain esc bytes=[27]
2026-08-17T01:33:44.156266Z  WARN herdr::raw_input: flushing lone escape after input timeout; if this follows an alt chord or focus switch it may reach the pane as plain esc bytes=[27]
2026-08-17T13:29:52.479334Z  WARN herdr::raw_input: flushing lone escape after input timeout; if this follows an alt chord or focus switch it may reach the pane as plain esc bytes=[27]
2026-08-17T13:29:52.481764Z  WARN herdr::raw_input: flushing lone escape after input timeout; if this follows an alt chord or focus switch it may reach the pane as plain esc bytes=[27]
2026-08-17T13:30:33.307573Z  WARN herdr::raw_input: flushing lone escape after input timeout; if this follows an alt chord or focus switch it may reach the pane as plain esc bytes=[27]
2026-08-17T13:30:33.307977Z  WARN herdr::raw_input: flushing lone escape after input timeout; if this follows an alt chord or focus switch it may reach the pane as plain esc bytes=[27]
2026-08-17T13:30:47.131048Z  WARN herdr::raw_input: flushing lone escape after input timeout; if this follows an alt chord or focus switch it may reach the pane as plain esc bytes=[27]
2026-08-17T13:30:47.131163Z  WARN herdr::raw_input: flushing lone escape after input timeout; if this follows an alt chord or focus switch it may reach the pane as plain esc bytes=[27]
2026-08-17T13:31:20.003412Z  WARN herdr::raw_input: flushing lone escape after input timeout; if this follows an alt chord or focus switch it may reach the pane as plain esc bytes=[27]
2026-08-17T13:31:20.003487Z  WARN herdr::raw_input: flushing lone escape after input timeout; if this follows an alt chord or focus switch it may reach the pane as plain esc bytes=[27]
2026-08-17T13:32:01.385454Z  WARN herdr::raw_input: flushing lone escape after input timeout; if this follows an alt chord or focus switch it may reach the pane as plain esc bytes=[27]
2026-08-17T13:32:01.385544Z  WARN herdr::raw_input: flushing lone escape after input timeout; if this follows an alt chord or focus switch it may reach the pane as plain esc bytes=[27]
2026-08-17T13:32:09.908016Z  WARN herdr::raw_input: flushing lone escape after input timeout; if this follows an alt chord or focus switch it may reach the pane as plain esc bytes=[27]
2026-08-17T13:32:09.908107Z  WARN herdr::raw_input: flushing lone escape after input timeout; if this follows an alt chord or focus switch it may reach the pane as plain esc bytes=[27]
2026-08-17T13:32:16.310430Z  WARN herdr::raw_input: flushing lone escape after input timeout; if this follows an alt chord or focus switch it may reach the pane as plain esc bytes=[27]
2026-08-17T13:32:16.310527Z  WARN herdr::raw_input: flushing lone escape after input timeout; if this follows an alt chord or focus switch it may reach the pane as plain esc bytes=[27]
2026-08-17T13:33:02.652594Z  WARN herdr::raw_input: flushing lone escape after input timeout; if this follows an alt chord or focus switch it may reach the pane as plain esc bytes=[27]
2026-08-17T13:33:02.652730Z  WARN herdr::raw_input: flushing lone escape after input timeout; if this follows an alt chord or focus switch it may reach the pane as plain esc bytes=[27]
2026-08-17T13:33:14.248043Z  WARN herdr::raw_input: flushing lone escape after input timeout; if this follows an alt chord or focus switch it may reach the pane as plain esc bytes=[27]
2026-08-17T13:33:14.248143Z  WARN herdr::raw_input: flushing lone escape after input timeout; if this follows an alt chord or focus switch it may reach the pane as plain esc bytes=[27]
2026-08-17T13:33:35.228493Z  WARN herdr::raw_input: flushing lone escape after input timeout; if this follows an alt chord or focus switch it may reach the pane as plain esc bytes=[27]
2026-08-17T13:33:35.229137Z  WARN herdr::raw_input: flushing lone escape after input timeout; if this follows an alt chord or focus switch it may reach the pane as plain esc bytes=[27]
2026-08-17T13:33:48.891394Z  WARN herdr::raw_input: flushing lone escape after input timeout; if this follows an alt chord or focus switch it may reach the pane as plain esc bytes=[27]
2026-08-17T13:33:48.891488Z  WARN herdr::raw_input: flushing lone escape after input timeout; if this follows an alt chord or focus switch it may reach the pane as plain esc bytes=[27]
2026-08-17T13:33:51.238682Z  WARN herdr::raw_input: flushing lone escape after input timeout; if this follows an alt chord or focus switch it may reach the pane as plain esc bytes=[27]
2026-08-17T13:33:51.238770Z  WARN herdr::raw_input: flushing lone escape after input timeout; if this follows an alt chord or focus switch it may reach the pane as plain esc bytes=[27]
2026-08-17T13:34:01.861237Z  WARN herdr::raw_input: flushing lone escape after input timeout; if this follows an alt chord or focus switch it may reach the pane as plain esc bytes=[27]
2026-08-17T13:34:01.861295Z  WARN herdr::raw_input: flushing lone escape after input timeout; if this follows an alt chord or focus switch it may reach the pane as plain esc bytes=[27]
2026-08-17T13:34:20.704814Z  WARN herdr::raw_input: flushing lone escape after input timeout; if this follows an alt chord or focus switch it may reach the pane as plain esc bytes=[27]
2026-08-17T13:34:20.704889Z  WARN herdr::raw_input: flushing lone escape after input timeout; if this follows an alt chord or focus switch it may reach the pane as plain esc bytes=[27]
2026-08-17T13:34:30.556992Z  WARN herdr::raw_input: flushing lone escape after input timeout; if this follows an alt chord or focus switch it may reach the pane as plain esc bytes=[27]
2026-08-17T13:34:30.557087Z  WARN herdr::raw_input: flushing lone escape after input timeout; if this follows an alt chord or focus switch it may reach the pane as plain esc bytes=[27]
2026-08-17T13:34:37.221716Z  WARN herdr::raw_input: flushing lone escape after input timeout; if this follows an alt chord or focus switch it may reach the pane as plain esc bytes=[27]
2026-08-17T13:34:37.221795Z  WARN herdr::raw_input: flushing lone escape after input timeout; if this follows an alt chord or focus switch it may reach the pane as plain esc bytes=[27]
2026-08-17T13:35:13.854578Z  WARN herdr::raw_input: flushing lone escape after input timeout; if this follows an alt chord or focus switch it may reach the pane as plain esc bytes=[27]
2026-08-17T13:35:13.854677Z  WARN herdr::raw_input: flushing lone escape after input timeout; if this follows an alt chord or focus switch it may reach the pane as plain esc bytes=[27]
2026-08-17T13:38:17.138489Z  WARN herdr::raw_input: flushing lone escape after input timeout; if this follows an alt chord or focus switch it may reach the pane as plain esc bytes=[27]
2026-08-17T13:38:17.141314Z  WARN herdr::raw_input: flushing lone escape after input timeout; if this follows an alt chord or focus switch it may reach the pane as plain esc bytes=[27]
2026-08-17T13:39:22.932994Z  WARN herdr::raw_input: flushing lone escape after input timeout; if this follows an alt chord or focus switch it may reach the pane as plain esc bytes=[27]
2026-08-17T13:39:22.933970Z  WARN herdr::raw_input: flushing lone escape after input timeout; if this follows an alt chord or focus switch it may reach the pane as plain esc bytes=[27]
2026-08-17T13:45:28.783332Z  WARN herdr::raw_input: flushing lone escape after input timeout; if this follows an alt chord or focus switch it may reach the pane as plain esc bytes=[27]
2026-08-17T13:45:28.784372Z  WARN herdr::raw_input: flushing lone escape after input timeout; if this follows an alt chord or focus switch it may reach the pane as plain esc bytes=[27]
2026-08-17T13:45:37.794860Z  WARN herdr::raw_input: flushing lone escape after input timeout; if this follows an alt chord or focus switch it may reach the pane as plain esc bytes=[27]
2026-08-17T13:45:37.794955Z  WARN herdr::raw_input: flushing lone escape after input timeout; if this follows an alt chord or focus switch it may reach the pane as plain esc bytes=[27]
2026-08-17T13:45:42.484209Z  WARN herdr::raw_input: flushing lone escape after input timeout; if this follows an alt chord or focus switch it may reach the pane as plain esc bytes=[27]
2026-08-17T13:45:42.484282Z  WARN herdr::raw_input: flushing lone escape after input timeout; if this follows an alt chord or focus switch it may reach the pane as plain esc bytes=[27]
2026-08-17T13:45:47.653450Z  WARN herdr::raw_input: flushing lone escape after input timeout; if this follows an alt chord or focus switch it may reach the pane as plain esc bytes=[27]
2026-08-17T13:45:47.653547Z  WARN herdr::raw_input: flushing lone escape after input timeout; if this follows an alt chord or focus switch it may reach the pane as plain esc bytes=[27]
2026-08-17T13:45:54.014551Z  WARN herdr::raw_input: flushing lone escape after input timeout; if this follows an alt chord or focus switch it may reach the pane as plain esc bytes=[27]
2026-08-17T13:45:54.014635Z  WARN herdr::raw_input: flushing lone escape after input timeout; if this follows an alt chord or focus switch it may reach the pane as plain esc bytes=[27]
2026-08-17T13:45:59.059633Z  WARN herdr::raw_input: flushing lone escape after input timeout; if this follows an alt chord or focus switch it may reach the pane as plain esc bytes=[27]
2026-08-17T13:45:59.059725Z  WARN herdr::raw_input: flushing lone escape after input timeout; if this follows an alt chord or focus switch it may reach the pane as plain esc bytes=[27]
2026-08-17T13:46:07.870474Z  WARN herdr::raw_input: flushing lone escape after input timeout; if this follows an alt chord or focus switch it may reach the pane as plain esc bytes=[27]
2026-08-17T13:46:07.871514Z  WARN herdr::raw_input: flushing lone escape after input timeout; if this follows an alt chord or focus switch it may reach the pane as plain esc bytes=[27]
2026-08-17T13:46:17.050414Z  WARN herdr::raw_input: flushing lone escape after input timeout; if this follows an alt chord or focus switch it may reach the pane as plain esc bytes=[27]
2026-08-17T13:46:17.050516Z  WARN herdr::raw_input: flushing lone escape after input timeout; if this follows an alt chord or focus switch it may reach the pane as plain esc bytes=[27]
2026-08-17T13:46:26.744871Z  WARN herdr::raw_input: flushing lone escape after input timeout; if this follows an alt chord or focus switch it may reach the pane as plain esc bytes=[27]
2026-08-17T13:46:26.744963Z  WARN herdr::raw_input: flushing lone escape after input timeout; if this follows an alt chord or focus switch it may reach the pane as plain esc bytes=[27]
2026-08-17T13:47:19.398319Z  WARN herdr::raw_input: flushing lone escape after input timeout; if this follows an alt chord or focus switch it may reach the pane as plain esc bytes=[27]
2026-08-17T13:47:19.398397Z  WARN herdr::raw_input: flushing lone escape after input timeout; if this follows an alt chord or focus switch it may reach the pane as plain esc bytes=[27]
2026-08-17T13:48:22.614274Z  WARN herdr::raw_input: flushing lone escape after input timeout; if this follows an alt chord or focus switch it may reach the pane as plain esc bytes=[27]
2026-08-17T13:48:22.615268Z  WARN herdr::raw_input: flushing lone escape after input timeout; if this follows an alt chord or focus switch it may reach the pane as plain esc bytes=[27]
2026-08-17T13:48:33.674123Z  WARN herdr::raw_input: flushing lone escape after input timeout; if this follows an alt chord or focus switch it may reach the pane as plain esc bytes=[27]
2026-08-17T13:48:33.674216Z  WARN herdr::raw_input: flushing lone escape after input timeout; if this follows an alt chord or focus switch it may reach the pane as plain esc bytes=[27]
2026-08-17T13:48:38.296274Z  WARN herdr::raw_input: flushing lone escape after input timeout; if this follows an alt chord or focus switch it may reach the pane as plain esc bytes=[27]
2026-08-17T13:48:38.296343Z  WARN herdr::raw_input: flushing lone escape after input timeout; if this follows an alt chord or focus switch it may reach the pane as plain esc bytes=[27]
2026-08-17T13:49:11.067239Z  WARN herdr::raw_input: flushing lone escape after input timeout; if this follows an alt chord or focus switch it may reach the pane as plain esc bytes=[27]
2026-08-17T13:49:11.067560Z  WARN herdr::raw_input: flushing lone escape after input timeout; if this follows an alt chord or focus switch it may reach the pane as plain esc bytes=[27]
2026-08-17T13:49:27.107054Z  WARN herdr::raw_input: flushing lone escape after input timeout; if this follows an alt chord or focus switch it may reach the pane as plain esc bytes=[27]
2026-08-17T13:49:27.107135Z  WARN herdr::raw_input: flushing lone escape after input timeout; if this follows an alt chord or focus switch it may reach the pane as plain esc bytes=[27]
2026-08-17T13:49:43.243432Z  WARN herdr::raw_input: flushing lone escape after input timeout; if this follows an alt chord or focus switch it may reach the pane as plain esc bytes=[27]
2026-08-17T13:49:43.243517Z  WARN herdr::raw_input: flushing lone escape after input timeout; if this follows an alt chord or focus switch it may reach the pane as plain esc bytes=[27]
2026-08-17T13:49:56.403110Z  WARN herdr::raw_input: flushing lone escape after input timeout; if this follows an alt chord or focus switch it may reach the pane as plain esc bytes=[27]
2026-08-17T13:49:56.403204Z  WARN herdr::raw_input: flushing lone escape after input timeout; if this follows an alt chord or focus switch it may reach the pane as plain esc bytes=[27]
2026-08-17T13:50:01.612154Z  WARN herdr::raw_input: flushing lone escape after input timeout; if this follows an alt chord or focus switch it may reach the pane as plain esc bytes=[27]
2026-08-17T13:50:01.612245Z  WARN herdr::raw_input: flushing lone escape after input timeout; if this follows an alt chord or focus switch it may reach the pane as plain esc bytes=[27]
2026-08-17T13:50:59.662441Z  WARN herdr::raw_input: flushing lone escape after input timeout; if this follows an alt chord or focus switch it may reach the pane as plain esc bytes=[27]
2026-08-17T13:50:59.662528Z  WARN herdr::raw_input: flushing lone escape after input timeout; if this follows an alt chord or focus switch it may reach the pane as plain esc bytes=[27]
2026-08-17T13:51:09.228144Z  WARN herdr::raw_input: flushing lone escape after input timeout; if this follows an alt chord or focus switch it may reach the pane as plain esc bytes=[27]
2026-08-17T13:51:09.228245Z  WARN herdr::raw_input: flushing lone escape after input timeout; if this follows an alt chord or focus switch it may reach the pane as plain esc bytes=[27]
2026-08-17T13:51:38.115722Z  WARN herdr::raw_input: flushing lone escape after input timeout; if this follows an alt chord or focus switch it may reach the pane as plain esc bytes=[27]
2026-08-17T13:51:38.115812Z  WARN herdr::raw_input: flushing lone escape after input timeout; if this follows an alt chord or focus switch it may reach the pane as plain esc bytes=[27]
2026-08-17T13:55:32.735249Z  WARN herdr::raw_input: flushing lone escape after input timeout; if this follows an alt chord or focus switch it may reach the pane as plain esc bytes=[27]
2026-08-17T13:55:32.735862Z  WARN herdr::raw_input: flushing lone escape after input timeout; if this follows an alt chord or focus switch it may reach the pane as plain esc bytes=[27]
2026-08-17T13:55:35.802058Z  WARN herdr::raw_input: flushing lone escape after input timeout; if this follows an alt chord or focus switch it may reach the pane as plain esc bytes=[27]
2026-08-17T13:55:35.802241Z  WARN herdr::raw_input: flushing lone escape after input timeout; if this follows an alt chord or focus switch it may reach the pane as plain esc bytes=[27]
2026-08-17T13:56:26.659556Z  WARN herdr::raw_input: flushing lone escape after input timeout; if this follows an alt chord or focus switch it may reach the pane as plain esc bytes=[27]
2026-08-17T13:56:26.661395Z  WARN herdr::raw_input: flushing lone escape after input timeout; if this follows an alt chord or focus switch it may reach the pane as plain esc bytes=[27]
2026-08-17T13:57:03.130940Z  WARN herdr::raw_input: flushing lone escape after input timeout; if this follows an alt chord or focus switch it may reach the pane as plain esc bytes=[27]
2026-08-17T13:57:03.130987Z  WARN herdr::raw_input: flushing lone escape after input timeout; if this follows an alt chord or focus switch it may reach the pane as plain esc bytes=[27]
2026-08-17T13:57:09.548849Z  WARN herdr::raw_input: flushing lone escape after input timeout; if this follows an alt chord or focus switch it may reach the pane as plain esc bytes=[27]
2026-08-17T13:57:09.548945Z  WARN herdr::raw_input: flushing lone escape after input timeout; if this follows an alt chord or focus switch it may reach the pane as plain esc bytes=[27]
2026-08-17T13:57:17.677666Z  WARN herdr::raw_input: flushing lone escape after input timeout; if this follows an alt chord or focus switch it may reach the pane as plain esc bytes=[27]
2026-08-17T13:57:17.677758Z  WARN herdr::raw_input: flushing lone escape after input timeout; if this follows an alt chord or focus switch it may reach the pane as plain esc bytes=[27]
2026-08-17T13:57:26.276714Z  WARN herdr::raw_input: flushing lone escape after input timeout; if this follows an alt chord or focus switch it may reach the pane as plain esc bytes=[27]
2026-08-17T13:57:26.276805Z  WARN herdr::raw_input: flushing lone escape after input timeout; if this follows an alt chord or focus switch it may reach the pane as plain esc bytes=[27]
2026-08-17T13:57:29.613585Z  WARN herdr::raw_input: flushing lone escape after input timeout; if this follows an alt chord or focus switch it may reach the pane as plain esc bytes=[27]
2026-08-17T13:57:29.613673Z  WARN herdr::raw_input: flushing lone escape after input timeout; if this follows an alt chord or focus switch it may reach the pane as plain esc bytes=[27]
2026-08-17T13:57:37.783035Z  WARN herdr::raw_input: flushing lone escape after input timeout; if this follows an alt chord or focus switch it may reach the pane as plain esc bytes=[27]
2026-08-17T13:57:37.784062Z  WARN herdr::raw_input: flushing lone escape after input timeout; if this follows an alt chord or focus switch it may reach the pane as plain esc bytes=[27]
2026-08-17T13:57:45.749876Z  WARN herdr::raw_input: flushing lone escape after input timeout; if this follows an alt chord or focus switch it may reach the pane as plain esc bytes=[27]
2026-08-17T13:57:45.749966Z  WARN herdr::raw_input: flushing lone escape after input timeout; if this follows an alt chord or focus switch it may reach the pane as plain esc bytes=[27]
2026-08-17T13:57:52.600044Z  WARN herdr::raw_input: flushing lone escape after input timeout; if this follows an alt chord or focus switch it may reach the pane as plain esc bytes=[27]
2026-08-17T13:57:52.600123Z  WARN herdr::raw_input: flushing lone escape after input timeout; if this follows an alt chord or focus switch it may reach the pane as plain esc bytes=[27]
2026-08-17T13:57:56.928267Z  WARN herdr::raw_input: flushing lone escape after input timeout; if this follows an alt chord or focus switch it may reach the pane as plain esc bytes=[27]
2026-08-17T13:57:56.928358Z  WARN herdr::raw_input: flushing lone escape after input timeout; if this follows an alt chord or focus switch it may reach the pane as plain esc bytes=[27]
2026-08-17T13:58:33.271291Z  WARN herdr::raw_input: flushing lone escape after input timeout; if this follows an alt chord or focus switch it may reach the pane as plain esc bytes=[27]
2026-08-17T13:58:33.271656Z  WARN herdr::raw_input: flushing lone escape after input timeout; if this follows an alt chord or focus switch it may reach the pane as plain esc bytes=[27]
2026-08-17T13:58:37.840093Z  WARN herdr::raw_input: flushing lone escape after input timeout; if this follows an alt chord or focus switch it may reach the pane as plain esc bytes=[27]
2026-08-17T13:58:37.840175Z  WARN herdr::raw_input: flushing lone escape after input timeout; if this follows an alt chord or focus switch it may reach the pane as plain esc bytes=[27]
2026-08-17T13:58:41.416979Z  WARN herdr::raw_input: flushing lone escape after input timeout; if this follows an alt chord or focus switch it may reach the pane as plain esc bytes=[27]
2026-08-17T13:58:41.417074Z  WARN herdr::raw_input: flushing lone escape after input timeout; if this follows an alt chord or focus switch it may reach the pane as plain esc bytes=[27]
2026-08-17T13:59:01.161020Z  WARN herdr::raw_input: flushing lone escape after input timeout; if this follows an alt chord or focus switch it may reach the pane as plain esc bytes=[27]
2026-08-17T13:59:01.161120Z  WARN herdr::raw_input: flushing lone escape after input timeout; if this follows an alt chord or focus switch it may reach the pane as plain esc bytes=[27]
2026-08-17T13:59:11.300415Z  WARN herdr::raw_input: flushing lone escape after input timeout; if this follows an alt chord or focus switch it may reach the pane as plain esc bytes=[27]
2026-08-17T13:59:11.301455Z  WARN herdr::raw_input: flushing lone escape after input timeout; if this follows an alt chord or focus switch it may reach the pane as plain esc bytes=[27]
2026-08-17T14:03:44.179790Z  WARN herdr::raw_input: flushing lone escape after input timeout; if this follows an alt chord or focus switch it may reach the pane as plain esc bytes=[27]
2026-08-17T14:03:44.180109Z  WARN herdr::raw_input: flushing lone escape after input timeout; if this follows an alt chord or focus switch it may reach the pane as plain esc bytes=[27]
2026-08-17T14:03:47.178337Z  WARN herdr::raw_input: flushing lone escape after input timeout; if this follows an alt chord or focus switch it may reach the pane as plain esc bytes=[27]
2026-08-17T14:03:47.178431Z  WARN herdr::raw_input: flushing lone escape after input timeout; if this follows an alt chord or focus switch it may reach the pane as plain esc bytes=[27]
2026-08-17T14:05:37.807197Z  WARN herdr::raw_input: flushing lone escape after input timeout; if this follows an alt chord or focus switch it may reach the pane as plain esc bytes=[27]
2026-08-17T14:05:37.808649Z  WARN herdr::raw_input: flushing lone escape after input timeout; if this follows an alt chord or focus switch it may reach the pane as plain esc bytes=[27]
2026-08-17T14:08:42.592568Z  WARN herdr::raw_input: flushing lone escape after input timeout; if this follows an alt chord or focus switch it may reach the pane as plain esc bytes=[27]
2026-08-17T14:08:42.594425Z  WARN herdr::raw_input: flushing lone escape after input timeout; if this follows an alt chord or focus switch it may reach the pane as plain esc bytes=[27]
2026-08-17T14:08:46.757654Z  WARN herdr::raw_input: flushing lone escape after input timeout; if this follows an alt chord or focus switch it may reach the pane as plain esc bytes=[27]
2026-08-17T14:08:46.757727Z  WARN herdr::raw_input: flushing lone escape after input timeout; if this follows an alt chord or focus switch it may reach the pane as plain esc bytes=[27]
2026-08-17T14:09:02.524348Z  WARN herdr::raw_input: flushing lone escape after input timeout; if this follows an alt chord or focus switch it may reach the pane as plain esc bytes=[27]
2026-08-17T14:09:02.524627Z  WARN herdr::raw_input: flushing lone escape after input timeout; if this follows an alt chord or focus switch it may reach the pane as plain esc bytes=[27]
2026-08-17T14:09:37.591542Z  WARN herdr::raw_input: flushing lone escape after input timeout; if this follows an alt chord or focus switch it may reach the pane as plain esc bytes=[27]
2026-08-17T14:09:37.591637Z  WARN herdr::raw_input: flushing lone escape after input timeout; if this follows an alt chord or focus switch it may reach the pane as plain esc bytes=[27]
2026-08-17T14:10:56.536191Z  WARN herdr::raw_input: flushing lone escape after input timeout; if this follows an alt chord or focus switch it may reach the pane as plain esc bytes=[27]
2026-08-17T14:10:56.536517Z  WARN herdr::raw_input: flushing lone escape after input timeout; if this follows an alt chord or focus switch it may reach the pane as plain esc bytes=[27]
2026-08-17T14:11:18.502580Z  WARN herdr::raw_input: flushing lone escape after input timeout; if this follows an alt chord or focus switch it may reach the pane as plain esc bytes=[27]
2026-08-17T14:11:18.503612Z  WARN herdr::raw_input: flushing lone escape after input timeout; if this follows an alt chord or focus switch it may reach the pane as plain esc bytes=[27]
2026-08-17T14:11:26.850166Z  WARN herdr::raw_input: flushing lone escape after input timeout; if this follows an alt chord or focus switch it may reach the pane as plain esc bytes=[27]
2026-08-17T14:11:26.850337Z  WARN herdr::raw_input: flushing lone escape after input timeout; if this follows an alt chord or focus switch it may reach the pane as plain esc bytes=[27]
2026-08-17T14:12:15.504616Z  WARN herdr::raw_input: flushing lone escape after input timeout; if this follows an alt chord or focus switch it may reach the pane as plain esc bytes=[27]
2026-08-17T14:12:15.505653Z  WARN herdr::raw_input: flushing lone escape after input timeout; if this follows an alt chord or focus switch it may reach the pane as plain esc bytes=[27]
2026-08-17T14:12:21.377259Z  WARN herdr::raw_input: flushing lone escape after input timeout; if this follows an alt chord or focus switch it may reach the pane as plain esc bytes=[27]
2026-08-17T14:12:21.377353Z  WARN herdr::raw_input: flushing lone escape after input timeout; if this follows an alt chord or focus switch it may reach the pane as plain esc bytes=[27]
2026-08-17T14:12:30.700873Z  WARN herdr::raw_input: flushing lone escape after input timeout; if this follows an alt chord or focus switch it may reach the pane as plain esc bytes=[27]
2026-08-17T14:12:30.700965Z  WARN herdr::raw_input: flushing lone escape after input timeout; if this follows an alt chord or focus switch it may reach the pane as plain esc bytes=[27]
2026-08-17T14:12:46.362613Z  WARN herdr::raw_input: flushing lone escape after input timeout; if this follows an alt chord or focus switch it may reach the pane as plain esc bytes=[27]
2026-08-17T14:12:46.362702Z  WARN herdr::raw_input: flushing lone escape after input timeout; if this follows an alt chord or focus switch it may reach the pane as plain esc bytes=[27]
2026-08-17T14:12:53.787233Z  WARN herdr::raw_input: flushing lone escape after input timeout; if this follows an alt chord or focus switch it may reach the pane as plain esc bytes=[27]
2026-08-17T14:12:53.787311Z  WARN herdr::raw_input: flushing lone escape after input timeout; if this follows an alt chord or focus switch it may reach the pane as plain esc bytes=[27]
2026-08-17T14:13:57.278111Z  WARN herdr::raw_input: flushing lone escape after input timeout; if this follows an alt chord or focus switch it may reach the pane as plain esc bytes=[27]
2026-08-17T14:13:57.279180Z  WARN herdr::raw_input: flushing lone escape after input timeout; if this follows an alt chord or focus switch it may reach the pane as plain esc bytes=[27]
2026-08-17T14:14:21.297025Z  WARN herdr::raw_input: flushing lone escape after input timeout; if this follows an alt chord or focus switch it may reach the pane as plain esc bytes=[27]
2026-08-17T14:14:21.298077Z  WARN herdr::raw_input: flushing lone escape after input timeout; if this follows an alt chord or focus switch it may reach the pane as plain esc bytes=[27]
2026-08-17T14:15:34.991954Z  WARN herdr::raw_input: flushing lone escape after input timeout; if this follows an alt chord or focus switch it may reach the pane as plain esc bytes=[27]
2026-08-17T14:15:34.993342Z  WARN herdr::raw_input: flushing lone escape after input timeout; if this follows an alt chord or focus switch it may reach the pane as plain esc bytes=[27]
2026-08-17T14:15:37.822373Z  WARN herdr::raw_input: flushing lone escape after input timeout; if this follows an alt chord or focus switch it may reach the pane as plain esc bytes=[27]
2026-08-17T14:15:37.822469Z  WARN herdr::raw_input: flushing lone escape after input timeout; if this follows an alt chord or focus switch it may reach the pane as plain esc bytes=[27]
2026-08-17T14:15:43.454970Z  WARN herdr::raw_input: flushing lone escape after input timeout; if this follows an alt chord or focus switch it may reach the pane as plain esc bytes=[27]
2026-08-17T14:15:43.455969Z  WARN herdr::raw_input: flushing lone escape after input timeout; if this follows an alt chord or focus switch it may reach the pane as plain esc bytes=[27]
2026-08-17T14:15:47.765999Z  WARN herdr::raw_input: flushing lone escape after input timeout; if this follows an alt chord or focus switch it may reach the pane as plain esc bytes=[27]
2026-08-17T14:15:47.766100Z  WARN herdr::raw_input: flushing lone escape after input timeout; if this follows an alt chord or focus switch it may reach the pane as plain esc bytes=[27]
2026-08-17T14:15:50.549566Z  WARN herdr::raw_input: flushing lone escape after input timeout; if this follows an alt chord or focus switch it may reach the pane as plain esc bytes=[27]
2026-08-17T14:15:50.549664Z  WARN herdr::raw_input: flushing lone escape after input timeout; if this follows an alt chord or focus switch it may reach the pane as plain esc bytes=[27]
2026-08-17T14:16:08.238008Z  WARN herdr::raw_input: flushing lone escape after input timeout; if this follows an alt chord or focus switch it may reach the pane as plain esc bytes=[27]
2026-08-17T14:16:08.239060Z  WARN herdr::raw_input: flushing lone escape after input timeout; if this follows an alt chord or focus switch it may reach the pane as plain esc bytes=[27]
2026-08-17T14:16:20.439551Z  WARN herdr::raw_input: flushing lone escape after input timeout; if this follows an alt chord or focus switch it may reach the pane as plain esc bytes=[27]
2026-08-17T14:16:20.439643Z  WARN herdr::raw_input: flushing lone escape after input timeout; if this follows an alt chord or focus switch it may reach the pane as plain esc bytes=[27]
2026-08-17T14:16:28.567696Z  WARN herdr::raw_input: flushing lone escape after input timeout; if this follows an alt chord or focus switch it may reach the pane as plain esc bytes=[27]
2026-08-17T14:16:28.568686Z  WARN herdr::raw_input: flushing lone escape after input timeout; if this follows an alt chord or focus switch it may reach the pane as plain esc bytes=[27]
2026-08-17T14:16:35.740629Z  WARN herdr::raw_input: flushing lone escape after input timeout; if this follows an alt chord or focus switch it may reach the pane as plain esc bytes=[27]
2026-08-17T14:16:35.740719Z  WARN herdr::raw_input: flushing lone escape after input timeout; if this follows an alt chord or focus switch it may reach the pane as plain esc bytes=[27]
2026-08-17T14:16:43.783368Z  WARN herdr::raw_input: flushing lone escape after input timeout; if this follows an alt chord or focus switch it may reach the pane as plain esc bytes=[27]
2026-08-17T14:16:43.783662Z  WARN herdr::raw_input: flushing lone escape after input timeout; if this follows an alt chord or focus switch it may reach the pane as plain esc bytes=[27]
2026-08-17T14:16:54.011939Z  WARN herdr::raw_input: flushing lone escape after input timeout; if this follows an alt chord or focus switch it may reach the pane as plain esc bytes=[27]
2026-08-17T14:16:54.012022Z  WARN herdr::raw_input: flushing lone escape after input timeout; if this follows an alt chord or focus switch it may reach the pane as plain esc bytes=[27]
2026-08-17T14:17:03.055545Z  WARN herdr::raw_input: flushing lone escape after input timeout; if this follows an alt chord or focus switch it may reach the pane as plain esc bytes=[27]
2026-08-17T14:17:03.056307Z  WARN herdr::raw_input: flushing lone escape after input timeout; if this follows an alt chord or focus switch it may reach the pane as plain esc bytes=[27]
2026-08-17T14:17:11.369886Z  WARN herdr::raw_input: flushing lone escape after input timeout; if this follows an alt chord or focus switch it may reach the pane as plain esc bytes=[27]
2026-08-17T14:17:11.371919Z  WARN herdr::raw_input: flushing lone escape after input timeout; if this follows an alt chord or focus switch it may reach the pane as plain esc bytes=[27]
2026-08-17T14:17:34.257465Z  WARN herdr::raw_input: flushing lone escape after input timeout; if this follows an alt chord or focus switch it may reach the pane as plain esc bytes=[27]
2026-08-17T14:17:34.257863Z  WARN herdr::raw_input: flushing lone escape after input timeout; if this follows an alt chord or focus switch it may reach the pane as plain esc bytes=[27]
2026-08-17T14:17:39.757627Z  WARN herdr::raw_input: flushing lone escape after input timeout; if this follows an alt chord or focus switch it may reach the pane as plain esc bytes=[27]
2026-08-17T14:17:39.758097Z  WARN herdr::raw_input: flushing lone escape after input timeout; if this follows an alt chord or focus switch it may reach the pane as plain esc bytes=[27]
2026-08-17T14:23:51.869972Z  WARN herdr::raw_input: flushing lone escape after input timeout; if this follows an alt chord or focus switch it may reach the pane as plain esc bytes=[27]
2026-08-17T14:23:51.870645Z  WARN herdr::raw_input: flushing lone escape after input timeout; if this follows an alt chord or focus switch it may reach the pane as plain esc bytes=[27]
2026-08-17T14:33:59.486094Z  WARN herdr::raw_input: flushing lone escape after input timeout; if this follows an alt chord or focus switch it may reach the pane as plain esc bytes=[27]
2026-08-17T14:33:59.487152Z  WARN herdr::raw_input: flushing lone escape after input timeout; if this follows an alt chord or focus switch it may reach the pane as plain esc bytes=[27]
2026-08-17T14:34:27.966225Z  WARN herdr::raw_input: flushing lone escape after input timeout; if this follows an alt chord or focus switch it may reach the pane as plain esc bytes=[27]
2026-08-17T14:34:27.967342Z  WARN herdr::raw_input: flushing lone escape after input timeout; if this follows an alt chord or focus switch it may reach the pane as plain esc bytes=[27]
2026-08-17T14:34:40.562258Z  WARN herdr::raw_input: flushing lone escape after input timeout; if this follows an alt chord or focus switch it may reach the pane as plain esc bytes=[27]
2026-08-17T14:34:40.562839Z  WARN herdr::raw_input: flushing lone escape after input timeout; if this follows an alt chord or focus switch it may reach the pane as plain esc bytes=[27]
2026-08-17T14:35:16.680109Z  WARN herdr::raw_input: flushing lone escape after input timeout; if this follows an alt chord or focus switch it may reach the pane as plain esc bytes=[27]
2026-08-17T14:35:16.681089Z  WARN herdr::raw_input: flushing lone escape after input timeout; if this follows an alt chord or focus switch it may reach the pane as plain esc bytes=[27]
2026-08-17T14:35:23.693261Z  WARN herdr::raw_input: flushing lone escape after input timeout; if this follows an alt chord or focus switch it may reach the pane as plain esc bytes=[27]
2026-08-17T14:35:23.693825Z  WARN herdr::raw_input: flushing lone escape after input timeout; if this follows an alt chord or focus switch it may reach the pane as plain esc bytes=[27]
2026-08-17T14:35:29.709430Z  WARN herdr::raw_input: flushing lone escape after input timeout; if this follows an alt chord or focus switch it may reach the pane as plain esc bytes=[27]
2026-08-17T14:35:29.709510Z  WARN herdr::raw_input: flushing lone escape after input timeout; if this follows an alt chord or focus switch it may reach the pane as plain esc bytes=[27]
2026-08-17T14:35:52.935462Z  WARN herdr::raw_input: flushing lone escape after input timeout; if this follows an alt chord or focus switch it may reach the pane as plain esc bytes=[27]
2026-08-17T14:35:52.936468Z  WARN herdr::raw_input: flushing lone escape after input timeout; if this follows an alt chord or focus switch it may reach the pane as plain esc bytes=[27]
2026-08-17T14:36:00.152847Z  WARN herdr::raw_input: flushing lone escape after input timeout; if this follows an alt chord or focus switch it may reach the pane as plain esc bytes=[27]
2026-08-17T14:36:00.152937Z  WARN herdr::raw_input: flushing lone escape after input timeout; if this follows an alt chord or focus switch it may reach the pane as plain esc bytes=[27]
2026-08-17T14:36:04.580242Z  WARN herdr::raw_input: flushing lone escape after input timeout; if this follows an alt chord or focus switch it may reach the pane as plain esc bytes=[27]
2026-08-17T14:36:04.580309Z  WARN herdr::raw_input: flushing lone escape after input timeout; if this follows an alt chord or focus switch it may reach the pane as plain esc bytes=[27]
2026-08-17T14:36:13.700396Z  WARN herdr::raw_input: flushing lone escape after input timeout; if this follows an alt chord or focus switch it may reach the pane as plain esc bytes=[27]
2026-08-17T14:36:13.700762Z  WARN herdr::raw_input: flushing lone escape after input timeout; if this follows an alt chord or focus switch it may reach the pane as plain esc bytes=[27]
2026-08-17T14:36:27.042185Z  WARN herdr::raw_input: flushing lone escape after input timeout; if this follows an alt chord or focus switch it may reach the pane as plain esc bytes=[27]
2026-08-17T14:36:27.042269Z  WARN herdr::raw_input: flushing lone escape after input timeout; if this follows an alt chord or focus switch it may reach the pane as plain esc bytes=[27]
2026-08-17T14:36:32.696300Z  WARN herdr::raw_input: flushing lone escape after input timeout; if this follows an alt chord or focus switch it may reach the pane as plain esc bytes=[27]
2026-08-17T14:36:32.696426Z  WARN herdr::raw_input: flushing lone escape after input timeout; if this follows an alt chord or focus switch it may reach the pane as plain esc bytes=[27]
2026-08-17T14:37:10.587191Z  WARN herdr::raw_input: flushing lone escape after input timeout; if this follows an alt chord or focus switch it may reach the pane as plain esc bytes=[27]
2026-08-17T14:37:10.587518Z  WARN herdr::raw_input: flushing lone escape after input timeout; if this follows an alt chord or focus switch it may reach the pane as plain esc bytes=[27]
2026-08-17T14:37:19.148912Z  WARN herdr::raw_input: flushing lone escape after input timeout; if this follows an alt chord or focus switch it may reach the pane as plain esc bytes=[27]
2026-08-17T14:37:19.149011Z  WARN herdr::raw_input: flushing lone escape after input timeout; if this follows an alt chord or focus switch it may reach the pane as plain esc bytes=[27]
2026-08-17T14:37:26.548509Z  WARN herdr::raw_input: flushing lone escape after input timeout; if this follows an alt chord or focus switch it may reach the pane as plain esc bytes=[27]
2026-08-17T14:37:26.549516Z  WARN herdr::raw_input: flushing lone escape after input timeout; if this follows an alt chord or focus switch it may reach the pane as plain esc bytes=[27]
2026-08-17T14:37:46.110564Z  WARN herdr::raw_input: flushing lone escape after input timeout; if this follows an alt chord or focus switch it may reach the pane as plain esc bytes=[27]
2026-08-17T14:37:46.111605Z  WARN herdr::raw_input: flushing lone escape after input timeout; if this follows an alt chord or focus switch it may reach the pane as plain esc bytes=[27]
2026-08-17T14:37:57.415102Z  WARN herdr::raw_input: flushing lone escape after input timeout; if this follows an alt chord or focus switch it may reach the pane as plain esc bytes=[27]
2026-08-17T14:37:57.415192Z  WARN herdr::raw_input: flushing lone escape after input timeout; if this follows an alt chord or focus switch it may reach the pane as plain esc bytes=[27]
2026-08-17T14:41:11.983562Z  WARN herdr::raw_input: flushing lone escape after input timeout; if this follows an alt chord or focus switch it may reach the pane as plain esc bytes=[27]
2026-08-17T14:41:11.984907Z  WARN herdr::raw_input: flushing lone escape after input timeout; if this follows an alt chord or focus switch it may reach the pane as plain esc bytes=[27]
2026-08-17T14:51:56.528803Z  WARN herdr::raw_input: flushing lone escape after input timeout; if this follows an alt chord or focus switch it may reach the pane as plain esc bytes=[27]
2026-08-17T14:51:56.530950Z  WARN herdr::raw_input: flushing lone escape after input timeout; if this follows an alt chord or focus switch it may reach the pane as plain esc bytes=[27]
2026-08-17T14:55:55.191698Z  WARN herdr::raw_input: flushing lone escape after input timeout; if this follows an alt chord or focus switch it may reach the pane as plain esc bytes=[27]
2026-08-17T14:55:55.193062Z  WARN herdr::raw_input: flushing lone escape after input timeout; if this follows an alt chord or focus switch it may reach the pane as plain esc bytes=[27]
2026-08-17T15:19:30.929244Z  WARN herdr::raw_input: flushing lone escape after input timeout; if this follows an alt chord or focus switch it may reach the pane as plain esc bytes=[27]
2026-08-17T15:19:30.932379Z  WARN herdr::raw_input: flushing lone escape after input timeout; if this follows an alt chord or focus switch it may reach the pane as plain esc bytes=[27]
2026-08-17T15:21:55.093551Z  WARN herdr::raw_input: flushing lone escape after input timeout; if this follows an alt chord or focus switch it may reach the pane as plain esc bytes=[27]
2026-08-17T15:21:55.095893Z  WARN herdr::raw_input: flushing lone escape after input timeout; if this follows an alt chord or focus switch it may reach the pane as plain esc bytes=[27]
2026-08-17T15:25:44.811834Z  WARN herdr::raw_input: flushing lone escape after input timeout; if this follows an alt chord or focus switch it may reach the pane as plain esc bytes=[27]
2026-08-17T15:25:44.814069Z  WARN herdr::raw_input: flushing lone escape after input timeout; if this follows an alt chord or focus switch it may reach the pane as plain esc bytes=[27]
2026-08-17T15:25:56.280530Z  WARN herdr::raw_input: flushing lone escape after input timeout; if this follows an alt chord or focus switch it may reach the pane as plain esc bytes=[27]
2026-08-17T15:25:56.280618Z  WARN herdr::raw_input: flushing lone escape after input timeout; if this follows an alt chord or focus switch it may reach the pane as plain esc bytes=[27]
2026-08-17T15:26:02.431703Z  WARN herdr::raw_input: flushing lone escape after input timeout; if this follows an alt chord or focus switch it may reach the pane as plain esc bytes=[27]
2026-08-17T15:26:02.432722Z  WARN herdr::raw_input: flushing lone escape after input timeout; if this follows an alt chord or focus switch it may reach the pane as plain esc bytes=[27]
2026-08-17T15:26:23.080327Z  WARN herdr::raw_input: flushing lone escape after input timeout; if this follows an alt chord or focus switch it may reach the pane as plain esc bytes=[27]
2026-08-17T15:26:23.081367Z  WARN herdr::raw_input: flushing lone escape after input timeout; if this follows an alt chord or focus switch it may reach the pane as plain esc bytes=[27]
2026-08-17T15:27:26.270444Z  WARN herdr::raw_input: flushing lone escape after input timeout; if this follows an alt chord or focus switch it may reach the pane as plain esc bytes=[27]
2026-08-17T15:27:26.272317Z  WARN herdr::raw_input: flushing lone escape after input timeout; if this follows an alt chord or focus switch it may reach the pane as plain esc bytes=[27]
2026-08-17T23:35:18.653600Z  WARN herdr::raw_input: flushing lone escape after input timeout; if this follows an alt chord or focus switch it may reach the pane as plain esc bytes=[27]
2026-08-17T23:35:18.655148Z  WARN herdr::raw_input: flushing lone escape after input timeout; if this follows an alt chord or focus switch it may reach the pane as plain esc bytes=[27]
2026-08-17T23:35:51.578368Z  WARN herdr::raw_input: flushing lone escape after input timeout; if this follows an alt chord or focus switch it may reach the pane as plain esc bytes=[27]
2026-08-17T23:35:51.579379Z  WARN herdr::raw_input: flushing lone escape after input timeout; if this follows an alt chord or focus switch it may reach the pane as plain esc bytes=[27]
2026-08-17T23:36:08.174419Z  WARN herdr::raw_input: flushing lone escape after input timeout; if this follows an alt chord or focus switch it may reach the pane as plain esc bytes=[27]
2026-08-17T23:36:08.175442Z  WARN herdr::raw_input: flushing lone escape after input timeout; if this follows an alt chord or focus switch it may reach the pane as plain esc bytes=[27]
2026-08-17T23:37:40.324321Z  WARN herdr::raw_input: flushing lone escape after input timeout; if this follows an alt chord or focus switch it may reach the pane as plain esc bytes=[27]
2026-08-17T23:37:40.326268Z  WARN herdr::raw_input: flushing lone escape after input timeout; if this follows an alt chord or focus switch it may reach the pane as plain esc bytes=[27]
2026-08-17T23:37:56.818468Z  WARN herdr::raw_input: flushing lone escape after input timeout; if this follows an alt chord or focus switch it may reach the pane as plain esc bytes=[27]
2026-08-17T23:37:56.820599Z  WARN herdr::raw_input: flushing lone escape after input timeout; if this follows an alt chord or focus switch it may reach the pane as plain esc bytes=[27]
2026-08-17T23:38:01.081728Z  WARN herdr::raw_input: flushing lone escape after input timeout; if this follows an alt chord or focus switch it may reach the pane as plain esc bytes=[27]
2026-08-17T23:38:01.082095Z  WARN herdr::raw_input: flushing lone escape after input timeout; if this follows an alt chord or focus switch it may reach the pane as plain esc bytes=[27]
2026-08-17T23:38:07.456376Z  WARN herdr::raw_input: flushing lone escape after input timeout; if this follows an alt chord or focus switch it may reach the pane as plain esc bytes=[27]
2026-08-17T23:38:07.457108Z  WARN herdr::raw_input: flushing lone escape after input timeout; if this follows an alt chord or focus switch it may reach the pane as plain esc bytes=[27]
2026-08-17T23:38:31.623758Z  WARN herdr::raw_input: flushing lone escape after input timeout; if this follows an alt chord or focus switch it may reach the pane as plain esc bytes=[27]
2026-08-17T23:38:31.624777Z  WARN herdr::raw_input: flushing lone escape after input timeout; if this follows an alt chord or focus switch it may reach the pane as plain esc bytes=[27]
2026-08-17T23:40:03.346443Z  WARN herdr::raw_input: flushing lone escape after input timeout; if this follows an alt chord or focus switch it may reach the pane as plain esc bytes=[27]
2026-08-17T23:40:03.347216Z  WARN herdr::raw_input: flushing lone escape after input timeout; if this follows an alt chord or focus switch it may reach the pane as plain esc bytes=[27]
2026-08-17T23:41:00.623298Z  WARN herdr::raw_input: flushing lone escape after input timeout; if this follows an alt chord or focus switch it may reach the pane as plain esc bytes=[27]
2026-08-17T23:41:00.625783Z  WARN herdr::raw_input: flushing lone escape after input timeout; if this follows an alt chord or focus switch it may reach the pane as plain esc bytes=[27]
2026-08-17T23:41:00.841436Z  WARN herdr::raw_input: flushing lone escape after input timeout; if this follows an alt chord or focus switch it may reach the pane as plain esc bytes=[27]
2026-08-17T23:41:00.841518Z  WARN herdr::raw_input: flushing lone escape after input timeout; if this follows an alt chord or focus switch it may reach the pane as plain esc bytes=[27]
2026-08-17T23:41:39.196190Z  WARN herdr::raw_input: flushing lone escape after input timeout; if this follows an alt chord or focus switch it may reach the pane as plain esc bytes=[27]
2026-08-17T23:41:39.197293Z  WARN herdr::raw_input: flushing lone escape after input timeout; if this follows an alt chord or focus switch it may reach the pane as plain esc bytes=[27]
2026-08-17T23:42:04.708539Z  WARN herdr::raw_input: flushing lone escape after input timeout; if this follows an alt chord or focus switch it may reach the pane as plain esc bytes=[27]
2026-08-17T23:42:04.709527Z  WARN herdr::raw_input: flushing lone escape after input timeout; if this follows an alt chord or focus switch it may reach the pane as plain esc bytes=[27]
2026-08-17T23:42:16.931071Z  WARN herdr::raw_input: flushing lone escape after input timeout; if this follows an alt chord or focus switch it may reach the pane as plain esc bytes=[27]
2026-08-17T23:42:16.931179Z  WARN herdr::raw_input: flushing lone escape after input timeout; if this follows an alt chord or focus switch it may reach the pane as plain esc bytes=[27]
2026-08-17T23:42:54.083502Z  WARN herdr::raw_input: flushing lone escape after input timeout; if this follows an alt chord or focus switch it may reach the pane as plain esc bytes=[27]
2026-08-17T23:42:54.084520Z  WARN herdr::raw_input: flushing lone escape after input timeout; if this follows an alt chord or focus switch it may reach the pane as plain esc bytes=[27]
2026-08-17T23:42:58.694198Z  WARN herdr::raw_input: flushing lone escape after input timeout; if this follows an alt chord or focus switch it may reach the pane as plain esc bytes=[27]
2026-08-17T23:42:58.694276Z  WARN herdr::raw_input: flushing lone escape after input timeout; if this follows an alt chord or focus switch it may reach the pane as plain esc bytes=[27]
2026-08-17T23:42:59.924589Z  WARN herdr::raw_input: flushing lone escape after input timeout; if this follows an alt chord or focus switch it may reach the pane as plain esc bytes=[27]
2026-08-17T23:42:59.924718Z  WARN herdr::raw_input: flushing lone escape after input timeout; if this follows an alt chord or focus switch it may reach the pane as plain esc bytes=[27]
2026-08-17T23:43:12.077519Z  WARN herdr::raw_input: flushing lone escape after input timeout; if this follows an alt chord or focus switch it may reach the pane as plain esc bytes=[27]
2026-08-17T23:43:12.078529Z  WARN herdr::raw_input: flushing lone escape after input timeout; if this follows an alt chord or focus switch it may reach the pane as plain esc bytes=[27]
2026-08-17T23:43:23.399524Z  WARN herdr::raw_input: flushing lone escape after input timeout; if this follows an alt chord or focus switch it may reach the pane as plain esc bytes=[27]
2026-08-17T23:43:23.400483Z  WARN herdr::raw_input: flushing lone escape after input timeout; if this follows an alt chord or focus switch it may reach the pane as plain esc bytes=[27]
2026-08-17T23:45:45.931905Z  WARN herdr::raw_input: flushing lone escape after input timeout; if this follows an alt chord or focus switch it may reach the pane as plain esc bytes=[27]
2026-08-17T23:45:45.932821Z  WARN herdr::raw_input: flushing lone escape after input timeout; if this follows an alt chord or focus switch it may reach the pane as plain esc bytes=[27]
2026-08-17T23:45:51.860697Z  WARN herdr::raw_input: flushing lone escape after input timeout; if this follows an alt chord or focus switch it may reach the pane as plain esc bytes=[27]
2026-08-17T23:45:51.860790Z  WARN herdr::raw_input: flushing lone escape after input timeout; if this follows an alt chord or focus switch it may reach the pane as plain esc bytes=[27]
2026-08-17T23:46:08.697491Z  WARN herdr::raw_input: flushing lone escape after input timeout; if this follows an alt chord or focus switch it may reach the pane as plain esc bytes=[27]
2026-08-17T23:46:08.697583Z  WARN herdr::raw_input: flushing lone escape after input timeout; if this follows an alt chord or focus switch it may reach the pane as plain esc bytes=[27]
2026-08-17T23:46:19.817485Z  WARN herdr::raw_input: flushing lone escape after input timeout; if this follows an alt chord or focus switch it may reach the pane as plain esc bytes=[27]
2026-08-17T23:46:19.817586Z  WARN herdr::raw_input: flushing lone escape after input timeout; if this follows an alt chord or focus switch it may reach the pane as plain esc bytes=[27]
2026-08-17T23:47:05.460913Z  WARN herdr::raw_input: flushing lone escape after input timeout; if this follows an alt chord or focus switch it may reach the pane as plain esc bytes=[27]
2026-08-17T23:47:05.461466Z  WARN herdr::raw_input: flushing lone escape after input timeout; if this follows an alt chord or focus switch it may reach the pane as plain esc bytes=[27]
2026-08-17T23:47:21.669147Z  WARN herdr::raw_input: flushing lone escape after input timeout; if this follows an alt chord or focus switch it may reach the pane as plain esc bytes=[27]
2026-08-17T23:47:21.669256Z  WARN herdr::raw_input: flushing lone escape after input timeout; if this follows an alt chord or focus switch it may reach the pane as plain esc bytes=[27]
2026-08-17T23:47:33.206192Z  WARN herdr::raw_input: flushing lone escape after input timeout; if this follows an alt chord or focus switch it may reach the pane as plain esc bytes=[27]
2026-08-17T23:47:33.206555Z  WARN herdr::raw_input: flushing lone escape after input timeout; if this follows an alt chord or focus switch it may reach the pane as plain esc bytes=[27]
2026-08-17T23:47:59.309667Z  WARN herdr::raw_input: flushing lone escape after input timeout; if this follows an alt chord or focus switch it may reach the pane as plain esc bytes=[27]
2026-08-17T23:47:59.310664Z  WARN herdr::raw_input: flushing lone escape after input timeout; if this follows an alt chord or focus switch it may reach the pane as plain esc bytes=[27]
2026-08-17T23:49:29.766703Z  WARN herdr::raw_input: flushing lone escape after input timeout; if this follows an alt chord or focus switch it may reach the pane as plain esc bytes=[27]
2026-08-17T23:49:29.768845Z  WARN herdr::raw_input: flushing lone escape after input timeout; if this follows an alt chord or focus switch it may reach the pane as plain esc bytes=[27]
2026-08-17T23:49:34.487861Z  WARN herdr::raw_input: flushing lone escape after input timeout; if this follows an alt chord or focus switch it may reach the pane as plain esc bytes=[27]
2026-08-17T23:49:34.487945Z  WARN herdr::raw_input: flushing lone escape after input timeout; if this follows an alt chord or focus switch it may reach the pane as plain esc bytes=[27]
2026-08-17T23:49:36.531869Z  WARN herdr::raw_input: flushing lone escape after input timeout; if this follows an alt chord or focus switch it may reach the pane as plain esc bytes=[27]
2026-08-17T23:49:36.531938Z  WARN herdr::raw_input: flushing lone escape after input timeout; if this follows an alt chord or focus switch it may reach the pane as plain esc bytes=[27]
2026-08-17T23:50:03.736128Z  WARN herdr::raw_input: flushing lone escape after input timeout; if this follows an alt chord or focus switch it may reach the pane as plain esc bytes=[27]
2026-08-17T23:50:03.737157Z  WARN herdr::raw_input: flushing lone escape after input timeout; if this follows an alt chord or focus switch it may reach the pane as plain esc bytes=[27]
2026-08-17T23:50:14.114830Z  WARN herdr::raw_input: flushing lone escape after input timeout; if this follows an alt chord or focus switch it may reach the pane as plain esc bytes=[27]
2026-08-17T23:50:14.114904Z  WARN herdr::raw_input: flushing lone escape after input timeout; if this follows an alt chord or focus switch it may reach the pane as plain esc bytes=[27]
2026-08-17T23:51:02.564815Z  WARN herdr::raw_input: flushing lone escape after input timeout; if this follows an alt chord or focus switch it may reach the pane as plain esc bytes=[27]
2026-08-17T23:51:02.565193Z  WARN herdr::raw_input: flushing lone escape after input timeout; if this follows an alt chord or focus switch it may reach the pane as plain esc bytes=[27]
2026-08-17T23:51:06.517859Z  WARN herdr::raw_input: flushing lone escape after input timeout; if this follows an alt chord or focus switch it may reach the pane as plain esc bytes=[27]
2026-08-17T23:51:06.518042Z  WARN herdr::raw_input: flushing lone escape after input timeout; if this follows an alt chord or focus switch it may reach the pane as plain esc bytes=[27]
2026-08-17T23:51:22.884880Z  WARN herdr::raw_input: flushing lone escape after input timeout; if this follows an alt chord or focus switch it may reach the pane as plain esc bytes=[27]
2026-08-17T23:51:22.884942Z  WARN herdr::raw_input: flushing lone escape after input timeout; if this follows an alt chord or focus switch it may reach the pane as plain esc bytes=[27]
2026-08-17T23:51:28.878675Z  WARN herdr::raw_input: flushing lone escape after input timeout; if this follows an alt chord or focus switch it may reach the pane as plain esc bytes=[27]
2026-08-17T23:51:28.879271Z  WARN herdr::raw_input: flushing lone escape after input timeout; if this follows an alt chord or focus switch it may reach the pane as plain esc bytes=[27]
2026-08-17T23:51:42.634970Z  WARN herdr::raw_input: flushing lone escape after input timeout; if this follows an alt chord or focus switch it may reach the pane as plain esc bytes=[27]
2026-08-17T23:51:42.635074Z  WARN herdr::raw_input: flushing lone escape after input timeout; if this follows an alt chord or focus switch it may reach the pane as plain esc bytes=[27]
2026-08-17T23:52:22.354123Z  WARN herdr::raw_input: flushing lone escape after input timeout; if this follows an alt chord or focus switch it may reach the pane as plain esc bytes=[27]
2026-08-17T23:52:22.354229Z  WARN herdr::raw_input: flushing lone escape after input timeout; if this follows an alt chord or focus switch it may reach the pane as plain esc bytes=[27]
2026-08-17T23:54:11.167129Z  WARN herdr::raw_input: flushing lone escape after input timeout; if this follows an alt chord or focus switch it may reach the pane as plain esc bytes=[27]
2026-08-17T23:54:11.167237Z  WARN herdr::raw_input: flushing lone escape after input timeout; if this follows an alt chord or focus switch it may reach the pane as plain esc bytes=[27]
2026-08-17T23:54:26.551428Z  WARN herdr::raw_input: flushing lone escape after input timeout; if this follows an alt chord or focus switch it may reach the pane as plain esc bytes=[27]
2026-08-17T23:54:26.551553Z  WARN herdr::raw_input: flushing lone escape after input timeout; if this follows an alt chord or focus switch it may reach the pane as plain esc bytes=[27]
2026-08-17T23:54:36.033480Z  WARN herdr::raw_input: flushing lone escape after input timeout; if this follows an alt chord or focus switch it may reach the pane as plain esc bytes=[27]
2026-08-17T23:54:36.033564Z  WARN herdr::raw_input: flushing lone escape after input timeout; if this follows an alt chord or focus switch it may reach the pane as plain esc bytes=[27]
2026-08-17T23:57:09.442814Z  WARN herdr::raw_input: flushing lone escape after input timeout; if this follows an alt chord or focus switch it may reach the pane as plain esc bytes=[27]
2026-08-17T23:57:09.444147Z  WARN herdr::raw_input: flushing lone escape after input timeout; if this follows an alt chord or focus switch it may reach the pane as plain esc bytes=[27]
2026-08-17T23:57:14.552860Z  WARN herdr::raw_input: flushing lone escape after input timeout; if this follows an alt chord or focus switch it may reach the pane as plain esc bytes=[27]
2026-08-17T23:57:14.552950Z  WARN herdr::raw_input: flushing lone escape after input timeout; if this follows an alt chord or focus switch it may reach the pane as plain esc bytes=[27]
2026-08-17T23:57:22.216999Z  WARN herdr::raw_input: flushing lone escape after input timeout; if this follows an alt chord or focus switch it may reach the pane as plain esc bytes=[27]
2026-08-17T23:57:22.218000Z  WARN herdr::raw_input: flushing lone escape after input timeout; if this follows an alt chord or focus switch it may reach the pane as plain esc bytes=[27]
2026-08-17T23:57:27.340153Z  WARN herdr::raw_input: flushing lone escape after input timeout; if this follows an alt chord or focus switch it may reach the pane as plain esc bytes=[27]
2026-08-17T23:57:27.340353Z  WARN herdr::raw_input: flushing lone escape after input timeout; if this follows an alt chord or focus switch it may reach the pane as plain esc bytes=[27]
2026-08-18T00:58:53.625405Z  WARN herdr::raw_input: flushing lone escape after input timeout; if this follows an alt chord or focus switch it may reach the pane as plain esc bytes=[27]
2026-08-18T00:58:53.627294Z  WARN herdr::raw_input: flushing lone escape after input timeout; if this follows an alt chord or focus switch it may reach the pane as plain esc bytes=[27]
2026-08-18T01:01:47.202232Z  WARN herdr::raw_input: flushing lone escape after input timeout; if this follows an alt chord or focus switch it may reach the pane as plain esc bytes=[27]
2026-08-18T01:01:47.204269Z  WARN herdr::raw_input: flushing lone escape after input timeout; if this follows an alt chord or focus switch it may reach the pane as plain esc bytes=[27]
2026-08-18T01:01:47.541200Z  WARN herdr::raw_input: flushing lone escape after input timeout; if this follows an alt chord or focus switch it may reach the pane as plain esc bytes=[27]
2026-08-18T01:01:47.541334Z  WARN herdr::raw_input: flushing lone escape after input timeout; if this follows an alt chord or focus switch it may reach the pane as plain esc bytes=[27]
2026-08-18T02:45:22.629277Z  WARN herdr::raw_input: flushing lone escape after input timeout; if this follows an alt chord or focus switch it may reach the pane as plain esc bytes=[27]
2026-08-18T02:45:22.630532Z  WARN herdr::raw_input: flushing lone escape after input timeout; if this follows an alt chord or focus switch it may reach the pane as plain esc bytes=[27]
2026-08-18T02:46:14.227091Z  WARN herdr::raw_input: flushing lone escape after input timeout; if this follows an alt chord or focus switch it may reach the pane as plain esc bytes=[27]
2026-08-18T02:46:14.228132Z  WARN herdr::raw_input: flushing lone escape after input timeout; if this follows an alt chord or focus switch it may reach the pane as plain esc bytes=[27]
2026-08-18T02:47:30.687269Z  WARN herdr::raw_input: flushing lone escape after input timeout; if this follows an alt chord or focus switch it may reach the pane as plain esc bytes=[27]
2026-08-18T02:47:30.688319Z  WARN herdr::raw_input: flushing lone escape after input timeout; if this follows an alt chord or focus switch it may reach the pane as plain esc bytes=[27]
2026-08-18T02:48:52.914421Z  WARN herdr::raw_input: flushing lone escape after input timeout; if this follows an alt chord or focus switch it may reach the pane as plain esc bytes=[27]
2026-08-18T02:48:52.915441Z  WARN herdr::raw_input: flushing lone escape after input timeout; if this follows an alt chord or focus switch it may reach the pane as plain esc bytes=[27]
2026-08-18T02:49:00.566841Z  WARN herdr::raw_input: flushing lone escape after input timeout; if this follows an alt chord or focus switch it may reach the pane as plain esc bytes=[27]
2026-08-18T02:49:00.567868Z  WARN herdr::raw_input: flushing lone escape after input timeout; if this follows an alt chord or focus switch it may reach the pane as plain esc bytes=[27]
2026-08-18T02:49:11.320307Z  WARN herdr::raw_input: flushing lone escape after input timeout; if this follows an alt chord or focus switch it may reach the pane as plain esc bytes=[27]
2026-08-18T02:49:11.321374Z  WARN herdr::raw_input: flushing lone escape after input timeout; if this follows an alt chord or focus switch it may reach the pane as plain esc bytes=[27]
2026-08-18T02:49:17.996179Z  WARN herdr::raw_input: flushing lone escape after input timeout; if this follows an alt chord or focus switch it may reach the pane as plain esc bytes=[27]
2026-08-18T02:49:17.996259Z  WARN herdr::raw_input: flushing lone escape after input timeout; if this follows an alt chord or focus switch it may reach the pane as plain esc bytes=[27]
2026-08-18T02:49:24.880022Z  WARN herdr::raw_input: flushing lone escape after input timeout; if this follows an alt chord or focus switch it may reach the pane as plain esc bytes=[27]
2026-08-18T02:49:24.880114Z  WARN herdr::raw_input: flushing lone escape after input timeout; if this follows an alt chord or focus switch it may reach the pane as plain esc bytes=[27]
2026-08-18T02:49:31.432289Z  WARN herdr::raw_input: flushing lone escape after input timeout; if this follows an alt chord or focus switch it may reach the pane as plain esc bytes=[27]
2026-08-18T02:49:31.433328Z  WARN herdr::raw_input: flushing lone escape after input timeout; if this follows an alt chord or focus switch it may reach the pane as plain esc bytes=[27]
2026-08-18T02:49:37.573803Z  WARN herdr::raw_input: flushing lone escape after input timeout; if this follows an alt chord or focus switch it may reach the pane as plain esc bytes=[27]
2026-08-18T02:49:37.574008Z  WARN herdr::raw_input: flushing lone escape after input timeout; if this follows an alt chord or focus switch it may reach the pane as plain esc bytes=[27]
2026-08-18T02:49:38.861898Z  WARN herdr::raw_input: flushing lone escape after input timeout; if this follows an alt chord or focus switch it may reach the pane as plain esc bytes=[27]
2026-08-18T02:49:38.862944Z  WARN herdr::raw_input: flushing lone escape after input timeout; if this follows an alt chord or focus switch it may reach the pane as plain esc bytes=[27]
2026-08-18T02:49:47.483522Z  WARN herdr::raw_input: flushing lone escape after input timeout; if this follows an alt chord or focus switch it may reach the pane as plain esc bytes=[27]
2026-08-18T02:49:47.484591Z  WARN herdr::raw_input: flushing lone escape after input timeout; if this follows an alt chord or focus switch it may reach the pane as plain esc bytes=[27]
2026-08-18T02:49:54.143369Z  WARN herdr::raw_input: flushing lone escape after input timeout; if this follows an alt chord or focus switch it may reach the pane as plain esc bytes=[27]
2026-08-18T02:49:54.144374Z  WARN herdr::raw_input: flushing lone escape after input timeout; if this follows an alt chord or focus switch it may reach the pane as plain esc bytes=[27]
2026-08-18T02:50:18.868774Z  WARN herdr::raw_input: flushing lone escape after input timeout; if this follows an alt chord or focus switch it may reach the pane as plain esc bytes=[27]
2026-08-18T02:50:18.869648Z  WARN herdr::raw_input: flushing lone escape after input timeout; if this follows an alt chord or focus switch it may reach the pane as plain esc bytes=[27]
2026-08-18T02:52:53.043167Z  WARN herdr::raw_input: flushing lone escape after input timeout; if this follows an alt chord or focus switch it may reach the pane as plain esc bytes=[27]
2026-08-18T02:52:53.044699Z  WARN herdr::raw_input: flushing lone escape after input timeout; if this follows an alt chord or focus switch it may reach the pane as plain esc bytes=[27]
2026-08-18T02:53:05.186769Z  WARN herdr::raw_input: flushing lone escape after input timeout; if this follows an alt chord or focus switch it may reach the pane as plain esc bytes=[27]
2026-08-18T02:53:05.187745Z  WARN herdr::raw_input: flushing lone escape after input timeout; if this follows an alt chord or focus switch it may reach the pane as plain esc bytes=[27]
2026-08-18T02:53:14.234276Z  WARN herdr::raw_input: flushing lone escape after input timeout; if this follows an alt chord or focus switch it may reach the pane as plain esc bytes=[27]
2026-08-18T02:53:14.235304Z  WARN herdr::raw_input: flushing lone escape after input timeout; if this follows an alt chord or focus switch it may reach the pane as plain esc bytes=[27]
2026-08-18T02:54:36.593315Z  WARN herdr::raw_input: flushing lone escape after input timeout; if this follows an alt chord or focus switch it may reach the pane as plain esc bytes=[27]
2026-08-18T02:54:36.593667Z  WARN herdr::raw_input: flushing lone escape after input timeout; if this follows an alt chord or focus switch it may reach the pane as plain esc bytes=[27]
2026-08-18T02:54:48.466345Z  WARN herdr::raw_input: flushing lone escape after input timeout; if this follows an alt chord or focus switch it may reach the pane as plain esc bytes=[27]
2026-08-18T02:54:48.466771Z  WARN herdr::raw_input: flushing lone escape after input timeout; if this follows an alt chord or focus switch it may reach the pane as plain esc bytes=[27]
2026-08-18T02:55:01.564168Z  WARN herdr::raw_input: flushing lone escape after input timeout; if this follows an alt chord or focus switch it may reach the pane as plain esc bytes=[27]
2026-08-18T02:55:01.564519Z  WARN herdr::raw_input: flushing lone escape after input timeout; if this follows an alt chord or focus switch it may reach the pane as plain esc bytes=[27]
2026-08-18T02:55:32.976684Z  WARN herdr::raw_input: flushing lone escape after input timeout; if this follows an alt chord or focus switch it may reach the pane as plain esc bytes=[27]
2026-08-18T02:55:32.977740Z  WARN herdr::raw_input: flushing lone escape after input timeout; if this follows an alt chord or focus switch it may reach the pane as plain esc bytes=[27]
2026-08-18T03:03:08.889120Z  WARN herdr::raw_input: flushing lone escape after input timeout; if this follows an alt chord or focus switch it may reach the pane as plain esc bytes=[27]
2026-08-18T03:03:08.891451Z  WARN herdr::raw_input: flushing lone escape after input timeout; if this follows an alt chord or focus switch it may reach the pane as plain esc bytes=[27]
2026-08-18T03:04:35.452663Z  WARN herdr::raw_input: flushing lone escape after input timeout; if this follows an alt chord or focus switch it may reach the pane as plain esc bytes=[27]
2026-08-18T03:04:35.453564Z  WARN herdr::raw_input: flushing lone escape after input timeout; if this follows an alt chord or focus switch it may reach the pane as plain esc bytes=[27]
2026-08-18T03:23:57.938637Z  WARN herdr::raw_input: flushing lone escape after input timeout; if this follows an alt chord or focus switch it may reach the pane as plain esc bytes=[27]
2026-08-18T03:23:57.941074Z  WARN herdr::raw_input: flushing lone escape after input timeout; if this follows an alt chord or focus switch it may reach the pane as plain esc bytes=[27]
2026-08-18T03:25:31.223016Z  WARN herdr::raw_input: flushing lone escape after input timeout; if this follows an alt chord or focus switch it may reach the pane as plain esc bytes=[27]
2026-08-18T03:25:31.224117Z  WARN herdr::raw_input: flushing lone escape after input timeout; if this follows an alt chord or focus switch it may reach the pane as plain esc bytes=[27]
2026-08-18T03:26:47.644136Z  WARN herdr::raw_input: flushing lone escape after input timeout; if this follows an alt chord or focus switch it may reach the pane as plain esc bytes=[27]
2026-08-18T03:26:47.645179Z  WARN herdr::raw_input: flushing lone escape after input timeout; if this follows an alt chord or focus switch it may reach the pane as plain esc bytes=[27]
2026-08-18T03:27:27.369052Z  WARN herdr::raw_input: flushing lone escape after input timeout; if this follows an alt chord or focus switch it may reach the pane as plain esc bytes=[27]
2026-08-18T03:27:27.370259Z  WARN herdr::raw_input: flushing lone escape after input timeout; if this follows an alt chord or focus switch it may reach the pane as plain esc bytes=[27]
2026-08-18T03:27:33.928006Z  WARN herdr::raw_input: flushing lone escape after input timeout; if this follows an alt chord or focus switch it may reach the pane as plain esc bytes=[27]
2026-08-18T03:27:33.928363Z  WARN herdr::raw_input: flushing lone escape after input timeout; if this follows an alt chord or focus switch it may reach the pane as plain esc bytes=[27]
2026-08-18T03:27:43.330742Z  WARN herdr::raw_input: flushing lone escape after input timeout; if this follows an alt chord or focus switch it may reach the pane as plain esc bytes=[27]
2026-08-18T03:27:43.331084Z  WARN herdr::raw_input: flushing lone escape after input timeout; if this follows an alt chord or focus switch it may reach the pane as plain esc bytes=[27]
2026-08-18T03:27:57.381868Z  WARN herdr::raw_input: flushing lone escape after input timeout; if this follows an alt chord or focus switch it may reach the pane as plain esc bytes=[27]
2026-08-18T03:27:57.382930Z  WARN herdr::raw_input: flushing lone escape after input timeout; if this follows an alt chord or focus switch it may reach the pane as plain esc bytes=[27]
2026-08-18T03:28:25.390139Z  WARN herdr::raw_input: flushing lone escape after input timeout; if this follows an alt chord or focus switch it may reach the pane as plain esc bytes=[27]
2026-08-18T03:28:25.391172Z  WARN herdr::raw_input: flushing lone escape after input timeout; if this follows an alt chord or focus switch it may reach the pane as plain esc bytes=[27]
2026-08-18T03:28:35.522416Z  WARN herdr::raw_input: flushing lone escape after input timeout; if this follows an alt chord or focus switch it may reach the pane as plain esc bytes=[27]
2026-08-18T03:28:35.523981Z  WARN herdr::raw_input: flushing lone escape after input timeout; if this follows an alt chord or focus switch it may reach the pane as plain esc bytes=[27]
2026-08-18T03:28:35.968076Z  WARN herdr::raw_input: flushing lone escape after input timeout; if this follows an alt chord or focus switch it may reach the pane as plain esc bytes=[27]
2026-08-18T03:28:35.968469Z  WARN herdr::raw_input: flushing lone escape after input timeout; if this follows an alt chord or focus switch it may reach the pane as plain esc bytes=[27]
2026-08-18T03:32:50.305723Z  WARN herdr::raw_input: flushing lone escape after input timeout; if this follows an alt chord or focus switch it may reach the pane as plain esc bytes=[27]
2026-08-18T03:32:50.306610Z  WARN herdr::raw_input: flushing lone escape after input timeout; if this follows an alt chord or focus switch it may reach the pane as plain esc bytes=[27]
2026-08-18T03:34:41.380314Z  WARN herdr::raw_input: flushing lone escape after input timeout; if this follows an alt chord or focus switch it may reach the pane as plain esc bytes=[27]
2026-08-18T03:34:41.382349Z  WARN herdr::raw_input: flushing lone escape after input timeout; if this follows an alt chord or focus switch it may reach the pane as plain esc bytes=[27]
2026-08-18T03:36:51.142287Z  WARN herdr::raw_input: flushing lone escape after input timeout; if this follows an alt chord or focus switch it may reach the pane as plain esc bytes=[27]
2026-08-18T03:36:51.143361Z  WARN herdr::raw_input: flushing lone escape after input timeout; if this follows an alt chord or focus switch it may reach the pane as plain esc bytes=[27]
2026-08-18T03:36:58.045151Z  WARN herdr::raw_input: flushing lone escape after input timeout; if this follows an alt chord or focus switch it may reach the pane as plain esc bytes=[27]
2026-08-18T03:36:58.045854Z  WARN herdr::raw_input: flushing lone escape after input timeout; if this follows an alt chord or focus switch it may reach the pane as plain esc bytes=[27]
2026-08-18T03:36:58.808776Z  WARN herdr::raw_input: flushing lone escape after input timeout; if this follows an alt chord or focus switch it may reach the pane as plain esc bytes=[27]
2026-08-18T03:36:58.810707Z  WARN herdr::raw_input: flushing lone escape after input timeout; if this follows an alt chord or focus switch it may reach the pane as plain esc bytes=[27]
2026-08-18T03:37:12.097334Z  WARN herdr::raw_input: flushing lone escape after input timeout; if this follows an alt chord or focus switch it may reach the pane as plain esc bytes=[27]
2026-08-18T03:37:12.098469Z  WARN herdr::raw_input: flushing lone escape after input timeout; if this follows an alt chord or focus switch it may reach the pane as plain esc bytes=[27]
2026-08-18T03:37:22.613645Z  WARN herdr::raw_input: flushing lone escape after input timeout; if this follows an alt chord or focus switch it may reach the pane as plain esc bytes=[27]
2026-08-18T03:37:22.614616Z  WARN herdr::raw_input: flushing lone escape after input timeout; if this follows an alt chord or focus switch it may reach the pane as plain esc bytes=[27]
2026-08-18T03:37:33.910585Z  WARN herdr::raw_input: flushing lone escape after input timeout; if this follows an alt chord or focus switch it may reach the pane as plain esc bytes=[27]
2026-08-18T03:37:33.911565Z  WARN herdr::raw_input: flushing lone escape after input timeout; if this follows an alt chord or focus switch it may reach the pane as plain esc bytes=[27]
2026-08-18T03:37:34.117201Z  WARN herdr::raw_input: flushing lone escape after input timeout; if this follows an alt chord or focus switch it may reach the pane as plain esc bytes=[27]
2026-08-18T03:37:34.117688Z  WARN herdr::raw_input: flushing lone escape after input timeout; if this follows an alt chord or focus switch it may reach the pane as plain esc bytes=[27]
2026-08-18T03:37:44.542182Z  WARN herdr::raw_input: flushing lone escape after input timeout; if this follows an alt chord or focus switch it may reach the pane as plain esc bytes=[27]
2026-08-18T03:37:44.543147Z  WARN herdr::raw_input: flushing lone escape after input timeout; if this follows an alt chord or focus switch it may reach the pane as plain esc bytes=[27]
2026-08-18T03:37:54.787148Z  WARN herdr::raw_input: flushing lone escape after input timeout; if this follows an alt chord or focus switch it may reach the pane as plain esc bytes=[27]
2026-08-18T03:37:54.788097Z  WARN herdr::raw_input: flushing lone escape after input timeout; if this follows an alt chord or focus switch it may reach the pane as plain esc bytes=[27]
2026-08-20T02:59:59.270537Z  INFO herdr::logging: herdr starting event="app.startup" subsystem="client" outcome="started" pid=1240
2026-08-20T02:59:59.270926Z  INFO herdr::client: connecting to server path=/Users/shahid/.config/herdr/herdr-client.sock
2026-08-20T02:59:59.511304Z  INFO herdr::client: handshake succeeded version=19 encoding=SemanticFrame
2026-08-20T03:38:12.454740Z  WARN herdr::raw_input: flushing lone escape after input timeout; if this follows an alt chord or focus switch it may reach the pane as plain esc bytes=[27]
2026-08-20T03:38:12.455584Z  WARN herdr::raw_input: flushing lone escape after input timeout; if this follows an alt chord or focus switch it may reach the pane as plain esc bytes=[27]
2026-08-20T03:40:38.464432Z  WARN herdr::raw_input: flushing lone escape after input timeout; if this follows an alt chord or focus switch it may reach the pane as plain esc bytes=[27]
2026-08-20T03:40:38.464709Z  WARN herdr::raw_input: flushing lone escape after input timeout; if this follows an alt chord or focus switch it may reach the pane as plain esc bytes=[27]
2026-08-21T02:11:38.811554Z  WARN herdr::raw_input: flushing lone escape after input timeout; if this follows an alt chord or focus switch it may reach the pane as plain esc bytes=[27]
2026-08-21T02:11:38.813205Z  WARN herdr::raw_input: flushing lone escape after input timeout; if this follows an alt chord or focus switch it may reach the pane as plain esc bytes=[27]
2026-08-21T03:25:01.616457Z  INFO herdr::logging: herdr starting event="app.startup" subsystem="client" outcome="started" pid=50711
2026-08-21T03:25:01.616855Z  INFO herdr::client: connecting to server path=/Users/shahid/.config/herdr/herdr-client.sock
2026-08-21T03:25:01.851878Z  INFO herdr::client: handshake succeeded version=20 encoding=SemanticFrame
2026-08-21T13:21:59.608752Z  WARN herdr::raw_input: flushing lone escape after input timeout; if this follows an alt chord or focus switch it may reach the pane as plain esc bytes=[27]
2026-08-21T13:21:59.609724Z  WARN herdr::raw_input: flushing lone escape after input timeout; if this follows an alt chord or focus switch it may reach the pane as plain esc bytes=[27]
2026-08-21T13:24:39.233463Z  WARN herdr::raw_input: flushing lone escape after input timeout; if this follows an alt chord or focus switch it may reach the pane as plain esc bytes=[27]
2026-08-21T13:24:39.233961Z  WARN herdr::raw_input: flushing lone escape after input timeout; if this follows an alt chord or focus switch it may reach the pane as plain esc bytes=[27]
2026-08-23T14:02:53.681112Z  WARN herdr::raw_input: flushing lone escape after input timeout; if this follows an alt chord or focus switch it may reach the pane as plain esc bytes=[27]
2026-08-23T14:02:53.683692Z  WARN herdr::raw_input: flushing lone escape after input timeout; if this follows an alt chord or focus switch it may reach the pane as plain esc bytes=[27]
2026-08-23T14:03:16.876070Z  WARN herdr::raw_input: flushing lone escape after input timeout; if this follows an alt chord or focus switch it may reach the pane as plain esc bytes=[27]
2026-08-23T14:03:16.876352Z  WARN herdr::raw_input: flushing lone escape after input timeout; if this follows an alt chord or focus switch it may reach the pane as plain esc bytes=[27]
2026-08-23T14:03:26.545917Z  WARN herdr::raw_input: flushing lone escape after input timeout; if this follows an alt chord or focus switch it may reach the pane as plain esc bytes=[27]
2026-08-23T14:03:26.547351Z  WARN herdr::raw_input: flushing lone escape after input timeout; if this follows an alt chord or focus switch it may reach the pane as plain esc bytes=[27]
2026-08-23T14:03:59.025171Z  WARN herdr::raw_input: flushing lone escape after input timeout; if this follows an alt chord or focus switch it may reach the pane as plain esc bytes=[27]
2026-08-23T14:03:59.026267Z  WARN herdr::raw_input: flushing lone escape after input timeout; if this follows an alt chord or focus switch it may reach the pane as plain esc bytes=[27]
2026-08-23T14:04:02.947405Z  WARN herdr::raw_input: flushing lone escape after input timeout; if this follows an alt chord or focus switch it may reach the pane as plain esc bytes=[27]
2026-08-23T14:04:02.947538Z  WARN herdr::raw_input: flushing lone escape after input timeout; if this follows an alt chord or focus switch it may reach the pane as plain esc bytes=[27]
2026-08-23T14:04:52.426554Z  WARN herdr::raw_input: flushing lone escape after input timeout; if this follows an alt chord or focus switch it may reach the pane as plain esc bytes=[27]
2026-08-23T14:04:52.428282Z  WARN herdr::raw_input: flushing lone escape after input timeout; if this follows an alt chord or focus switch it may reach the pane as plain esc bytes=[27]
2026-08-23T14:05:39.767601Z  WARN herdr::raw_input: flushing lone escape after input timeout; if this follows an alt chord or focus switch it may reach the pane as plain esc bytes=[27]
2026-08-23T14:05:39.767772Z  WARN herdr::raw_input: flushing lone escape after input timeout; if this follows an alt chord or focus switch it may reach the pane as plain esc bytes=[27]
2026-08-23T14:06:01.596104Z  WARN herdr::raw_input: flushing lone escape after input timeout; if this follows an alt chord or focus switch it may reach the pane as plain esc bytes=[27]
2026-08-23T14:06:01.598572Z  WARN herdr::raw_input: flushing lone escape after input timeout; if this follows an alt chord or focus switch it may reach the pane as plain esc bytes=[27]
2026-08-23T14:06:27.712979Z  WARN herdr::raw_input: flushing lone escape after input timeout; if this follows an alt chord or focus switch it may reach the pane as plain esc bytes=[27]
2026-08-23T14:06:27.714708Z  WARN herdr::raw_input: flushing lone escape after input timeout; if this follows an alt chord or focus switch it may reach the pane as plain esc bytes=[27]
2026-08-23T14:06:48.882300Z  WARN herdr::raw_input: flushing lone escape after input timeout; if this follows an alt chord or focus switch it may reach the pane as plain esc bytes=[27]
2026-08-23T14:06:48.882470Z  WARN herdr::raw_input: flushing lone escape after input timeout; if this follows an alt chord or focus switch it may reach the pane as plain esc bytes=[27]
2026-08-23T14:06:59.278384Z  WARN herdr::raw_input: flushing lone escape after input timeout; if this follows an alt chord or focus switch it may reach the pane as plain esc bytes=[27]
2026-08-23T14:06:59.279569Z  WARN herdr::raw_input: flushing lone escape after input timeout; if this follows an alt chord or focus switch it may reach the pane as plain esc bytes=[27]
2026-08-23T14:09:09.246637Z  WARN herdr::raw_input: flushing lone escape after input timeout; if this follows an alt chord or focus switch it may reach the pane as plain esc bytes=[27]
2026-08-23T14:09:09.248206Z  WARN herdr::raw_input: flushing lone escape after input timeout; if this follows an alt chord or focus switch it may reach the pane as plain esc bytes=[27]
2026-08-23T14:09:11.973915Z  WARN herdr::raw_input: flushing lone escape after input timeout; if this follows an alt chord or focus switch it may reach the pane as plain esc bytes=[27]
2026-08-23T14:09:11.974986Z  WARN herdr::raw_input: flushing lone escape after input timeout; if this follows an alt chord or focus switch it may reach the pane as plain esc bytes=[27]
2026-08-23T14:09:22.749793Z  WARN herdr::raw_input: flushing lone escape after input timeout; if this follows an alt chord or focus switch it may reach the pane as plain esc bytes=[27]
2026-08-23T14:09:22.751654Z  WARN herdr::raw_input: flushing lone escape after input timeout; if this follows an alt chord or focus switch it may reach the pane as plain esc bytes=[27]
2026-08-23T14:09:35.671609Z  WARN herdr::raw_input: flushing lone escape after input timeout; if this follows an alt chord or focus switch it may reach the pane as plain esc bytes=[27]
2026-08-23T14:09:35.672426Z  WARN herdr::raw_input: flushing lone escape after input timeout; if this follows an alt chord or focus switch it may reach the pane as plain esc bytes=[27]
2026-08-23T14:09:38.828422Z  WARN herdr::raw_input: flushing lone escape after input timeout; if this follows an alt chord or focus switch it may reach the pane as plain esc bytes=[27]
2026-08-23T14:09:38.828576Z  WARN herdr::raw_input: flushing lone escape after input timeout; if this follows an alt chord or focus switch it may reach the pane as plain esc bytes=[27]
2026-08-23T14:09:46.261789Z  WARN herdr::raw_input: flushing lone escape after input timeout; if this follows an alt chord or focus switch it may reach the pane as plain esc bytes=[27]
2026-08-23T14:09:46.262793Z  WARN herdr::raw_input: flushing lone escape after input timeout; if this follows an alt chord or focus switch it may reach the pane as plain esc bytes=[27]
2026-08-23T14:09:49.531807Z  WARN herdr::raw_input: flushing lone escape after input timeout; if this follows an alt chord or focus switch it may reach the pane as plain esc bytes=[27]
2026-08-23T14:09:49.531968Z  WARN herdr::raw_input: flushing lone escape after input timeout; if this follows an alt chord or focus switch it may reach the pane as plain esc bytes=[27]
2026-08-23T14:10:34.833365Z  WARN herdr::raw_input: flushing lone escape after input timeout; if this follows an alt chord or focus switch it may reach the pane as plain esc bytes=[27]
2026-08-23T14:10:34.834038Z  WARN herdr::raw_input: flushing lone escape after input timeout; if this follows an alt chord or focus switch it may reach the pane as plain esc bytes=[27]
2026-08-23T14:10:42.840359Z  WARN herdr::raw_input: flushing lone escape after input timeout; if this follows an alt chord or focus switch it may reach the pane as plain esc bytes=[27]
2026-08-23T14:10:42.840606Z  WARN herdr::raw_input: flushing lone escape after input timeout; if this follows an alt chord or focus switch it may reach the pane as plain esc bytes=[27]
2026-08-23T14:10:48.241379Z  WARN herdr::raw_input: flushing lone escape after input timeout; if this follows an alt chord or focus switch it may reach the pane as plain esc bytes=[27]
2026-08-23T14:10:48.242261Z  WARN herdr::raw_input: flushing lone escape after input timeout; if this follows an alt chord or focus switch it may reach the pane as plain esc bytes=[27]
2026-08-23T14:10:52.994028Z  WARN herdr::raw_input: flushing lone escape after input timeout; if this follows an alt chord or focus switch it may reach the pane as plain esc bytes=[27]
2026-08-23T14:10:52.995019Z  WARN herdr::raw_input: flushing lone escape after input timeout; if this follows an alt chord or focus switch it may reach the pane as plain esc bytes=[27]
2026-08-23T14:11:08.629694Z  WARN herdr::raw_input: flushing lone escape after input timeout; if this follows an alt chord or focus switch it may reach the pane as plain esc bytes=[27]
2026-08-23T14:11:08.629854Z  WARN herdr::raw_input: flushing lone escape after input timeout; if this follows an alt chord or focus switch it may reach the pane as plain esc bytes=[27]
2026-08-23T14:11:16.551996Z  WARN herdr::raw_input: flushing lone escape after input timeout; if this follows an alt chord or focus switch it may reach the pane as plain esc bytes=[27]
2026-08-23T14:11:16.552417Z  WARN herdr::raw_input: flushing lone escape after input timeout; if this follows an alt chord or focus switch it may reach the pane as plain esc bytes=[27]
2026-08-23T14:11:23.599720Z  WARN herdr::raw_input: flushing lone escape after input timeout; if this follows an alt chord or focus switch it may reach the pane as plain esc bytes=[27]
2026-08-23T14:11:23.599809Z  WARN herdr::raw_input: flushing lone escape after input timeout; if this follows an alt chord or focus switch it may reach the pane as plain esc bytes=[27]
2026-08-23T14:14:07.918384Z  WARN herdr::raw_input: flushing lone escape after input timeout; if this follows an alt chord or focus switch it may reach the pane as plain esc bytes=[27]
2026-08-23T14:14:07.919841Z  WARN herdr::raw_input: flushing lone escape after input timeout; if this follows an alt chord or focus switch it may reach the pane as plain esc bytes=[27]
2026-08-23T14:14:30.936421Z  WARN herdr::raw_input: flushing lone escape after input timeout; if this follows an alt chord or focus switch it may reach the pane as plain esc bytes=[27]
2026-08-23T14:14:30.937456Z  WARN herdr::raw_input: flushing lone escape after input timeout; if this follows an alt chord or focus switch it may reach the pane as plain esc bytes=[27]
2026-08-23T14:15:56.938055Z  WARN herdr::raw_input: flushing lone escape after input timeout; if this follows an alt chord or focus switch it may reach the pane as plain esc bytes=[27]
2026-08-23T14:15:56.938932Z  WARN herdr::raw_input: flushing lone escape after input timeout; if this follows an alt chord or focus switch it may reach the pane as plain esc bytes=[27]
2026-08-23T14:16:27.174390Z  WARN herdr::raw_input: flushing lone escape after input timeout; if this follows an alt chord or focus switch it may reach the pane as plain esc bytes=[27]
2026-08-23T14:16:27.175174Z  WARN herdr::raw_input: flushing lone escape after input timeout; if this follows an alt chord or focus switch it may reach the pane as plain esc bytes=[27]
2026-08-23T14:16:45.141534Z  WARN herdr::raw_input: flushing lone escape after input timeout; if this follows an alt chord or focus switch it may reach the pane as plain esc bytes=[27]
2026-08-23T14:16:45.141954Z  WARN herdr::raw_input: flushing lone escape after input timeout; if this follows an alt chord or focus switch it may reach the pane as plain esc bytes=[27]
2026-08-23T14:16:54.214522Z  WARN herdr::raw_input: flushing lone escape after input timeout; if this follows an alt chord or focus switch it may reach the pane as plain esc bytes=[27]
2026-08-23T14:16:54.216396Z  WARN herdr::raw_input: flushing lone escape after input timeout; if this follows an alt chord or focus switch it may reach the pane as plain esc bytes=[27]
2026-08-23T14:18:19.914251Z  WARN herdr::raw_input: flushing lone escape after input timeout; if this follows an alt chord or focus switch it may reach the pane as plain esc bytes=[27]
2026-08-23T14:18:19.915351Z  WARN herdr::raw_input: flushing lone escape after input timeout; if this follows an alt chord or focus switch it may reach the pane as plain esc bytes=[27]
2026-08-23T14:18:32.983835Z  WARN herdr::raw_input: flushing lone escape after input timeout; if this follows an alt chord or focus switch it may reach the pane as plain esc bytes=[27]
2026-08-23T14:18:32.984418Z  WARN herdr::raw_input: flushing lone escape after input timeout; if this follows an alt chord or focus switch it may reach the pane as plain esc bytes=[27]
2026-08-23T14:19:05.592532Z  WARN herdr::raw_input: flushing lone escape after input timeout; if this follows an alt chord or focus switch it may reach the pane as plain esc bytes=[27]
2026-08-23T14:19:05.594906Z  WARN herdr::raw_input: flushing lone escape after input timeout; if this follows an alt chord or focus switch it may reach the pane as plain esc bytes=[27]
2026-08-23T14:19:30.259239Z  WARN herdr::raw_input: flushing lone escape after input timeout; if this follows an alt chord or focus switch it may reach the pane as plain esc bytes=[27]
2026-08-23T14:19:30.260777Z  WARN herdr::raw_input: flushing lone escape after input timeout; if this follows an alt chord or focus switch it may reach the pane as plain esc bytes=[27]
2026-08-23T14:25:39.214253Z  WARN herdr::raw_input: flushing lone escape after input timeout; if this follows an alt chord or focus switch it may reach the pane as plain esc bytes=[27]
2026-08-23T14:25:39.216011Z  WARN herdr::raw_input: flushing lone escape after input timeout; if this follows an alt chord or focus switch it may reach the pane as plain esc bytes=[27]
2026-08-23T14:25:50.065224Z  WARN herdr::raw_input: flushing lone escape after input timeout; if this follows an alt chord or focus switch it may reach the pane as plain esc bytes=[27]
2026-08-23T14:25:50.066334Z  WARN herdr::raw_input: flushing lone escape after input timeout; if this follows an alt chord or focus switch it may reach the pane as plain esc bytes=[27]
2026-08-23T14:26:40.914704Z  WARN herdr::raw_input: flushing lone escape after input timeout; if this follows an alt chord or focus switch it may reach the pane as plain esc bytes=[27]
2026-08-23T14:26:40.916286Z  WARN herdr::raw_input: flushing lone escape after input timeout; if this follows an alt chord or focus switch it may reach the pane as plain esc bytes=[27]
2026-08-23T14:26:49.726904Z  WARN herdr::raw_input: flushing lone escape after input timeout; if this follows an alt chord or focus switch it may reach the pane as plain esc bytes=[27]
2026-08-23T14:26:49.727147Z  WARN herdr::raw_input: flushing lone escape after input timeout; if this follows an alt chord or focus switch it may reach the pane as plain esc bytes=[27]
2026-08-23T14:28:11.978922Z  WARN herdr::raw_input: flushing lone escape after input timeout; if this follows an alt chord or focus switch it may reach the pane as plain esc bytes=[27]
2026-08-23T14:28:11.980828Z  WARN herdr::raw_input: flushing lone escape after input timeout; if this follows an alt chord or focus switch it may reach the pane as plain esc bytes=[27]
2026-08-23T14:28:36.584527Z  WARN herdr::raw_input: flushing lone escape after input timeout; if this follows an alt chord or focus switch it may reach the pane as plain esc bytes=[27]
2026-08-23T14:28:36.585604Z  WARN herdr::raw_input: flushing lone escape after input timeout; if this follows an alt chord or focus switch it may reach the pane as plain esc bytes=[27]
2026-08-23T14:28:43.972483Z  WARN herdr::raw_input: flushing lone escape after input timeout; if this follows an alt chord or focus switch it may reach the pane as plain esc bytes=[27]
2026-08-23T14:28:43.973544Z  WARN herdr::raw_input: flushing lone escape after input timeout; if this follows an alt chord or focus switch it may reach the pane as plain esc bytes=[27]
2026-08-23T14:28:49.213704Z  WARN herdr::raw_input: flushing lone escape after input timeout; if this follows an alt chord or focus switch it may reach the pane as plain esc bytes=[27]
2026-08-23T14:28:49.213874Z  WARN herdr::raw_input: flushing lone escape after input timeout; if this follows an alt chord or focus switch it may reach the pane as plain esc bytes=[27]
2026-08-23T14:28:56.959691Z  WARN herdr::raw_input: flushing lone escape after input timeout; if this follows an alt chord or focus switch it may reach the pane as plain esc bytes=[27]
2026-08-23T14:28:56.960020Z  WARN herdr::raw_input: flushing lone escape after input timeout; if this follows an alt chord or focus switch it may reach the pane as plain esc bytes=[27]
2026-08-23T14:29:02.501901Z  WARN herdr::raw_input: flushing lone escape after input timeout; if this follows an alt chord or focus switch it may reach the pane as plain esc bytes=[27]
2026-08-23T14:29:02.501982Z  WARN herdr::raw_input: flushing lone escape after input timeout; if this follows an alt chord or focus switch it may reach the pane as plain esc bytes=[27]
2026-08-23T14:29:54.042532Z  WARN herdr::raw_input: flushing lone escape after input timeout; if this follows an alt chord or focus switch it may reach the pane as plain esc bytes=[27]
2026-08-23T14:29:54.044446Z  WARN herdr::raw_input: flushing lone escape after input timeout; if this follows an alt chord or focus switch it may reach the pane as plain esc bytes=[27]
2026-08-23T14:32:05.796228Z  WARN herdr::raw_input: flushing lone escape after input timeout; if this follows an alt chord or focus switch it may reach the pane as plain esc bytes=[27]
2026-08-23T14:32:05.798148Z  WARN herdr::raw_input: flushing lone escape after input timeout; if this follows an alt chord or focus switch it may reach the pane as plain esc bytes=[27]
2026-08-23T14:32:12.126694Z  WARN herdr::raw_input: flushing lone escape after input timeout; if this follows an alt chord or focus switch it may reach the pane as plain esc bytes=[27]
2026-08-23T14:32:12.127714Z  WARN herdr::raw_input: flushing lone escape after input timeout; if this follows an alt chord or focus switch it may reach the pane as plain esc bytes=[27]
2026-08-23T14:32:16.351173Z  WARN herdr::raw_input: flushing lone escape after input timeout; if this follows an alt chord or focus switch it may reach the pane as plain esc bytes=[27]
2026-08-23T14:32:16.351259Z  WARN herdr::raw_input: flushing lone escape after input timeout; if this follows an alt chord or focus switch it may reach the pane as plain esc bytes=[27]
2026-08-23T14:32:43.399479Z  WARN herdr::raw_input: flushing lone escape after input timeout; if this follows an alt chord or focus switch it may reach the pane as plain esc bytes=[27]
2026-08-23T14:32:43.400523Z  WARN herdr::raw_input: flushing lone escape after input timeout; if this follows an alt chord or focus switch it may reach the pane as plain esc bytes=[27]
2026-08-23T14:32:53.331478Z  WARN herdr::raw_input: flushing lone escape after input timeout; if this follows an alt chord or focus switch it may reach the pane as plain esc bytes=[27]
2026-08-23T14:32:53.332505Z  WARN herdr::raw_input: flushing lone escape after input timeout; if this follows an alt chord or focus switch it may reach the pane as plain esc bytes=[27]
2026-08-23T15:10:46.394004Z  WARN herdr::raw_input: flushing lone escape after input timeout; if this follows an alt chord or focus switch it may reach the pane as plain esc bytes=[27]
2026-08-23T15:10:46.395600Z  WARN herdr::raw_input: flushing lone escape after input timeout; if this follows an alt chord or focus switch it may reach the pane as plain esc bytes=[27]
2026-08-23T15:10:46.582273Z  WARN herdr::raw_input: flushing lone escape after input timeout; if this follows an alt chord or focus switch it may reach the pane as plain esc bytes=[27]
2026-08-23T15:10:46.582458Z  WARN herdr::raw_input: flushing lone escape after input timeout; if this follows an alt chord or focus switch it may reach the pane as plain esc bytes=[27]
2026-08-23T15:11:28.671147Z  WARN herdr::raw_input: flushing lone escape after input timeout; if this follows an alt chord or focus switch it may reach the pane as plain esc bytes=[27]
2026-08-23T15:11:28.671873Z  WARN herdr::raw_input: flushing lone escape after input timeout; if this follows an alt chord or focus switch it may reach the pane as plain esc bytes=[27]
2026-08-23T15:12:24.048449Z  WARN herdr::raw_input: flushing lone escape after input timeout; if this follows an alt chord or focus switch it may reach the pane as plain esc bytes=[27]
2026-08-23T15:12:24.049400Z  WARN herdr::raw_input: flushing lone escape after input timeout; if this follows an alt chord or focus switch it may reach the pane as plain esc bytes=[27]
2026-08-23T15:12:43.018599Z  WARN herdr::raw_input: flushing lone escape after input timeout; if this follows an alt chord or focus switch it may reach the pane as plain esc bytes=[27]
2026-08-23T15:12:43.018880Z  WARN herdr::raw_input: flushing lone escape after input timeout; if this follows an alt chord or focus switch it may reach the pane as plain esc bytes=[27]
2026-08-23T15:12:58.440853Z  WARN herdr::raw_input: flushing lone escape after input timeout; if this follows an alt chord or focus switch it may reach the pane as plain esc bytes=[27]
2026-08-23T15:12:58.441706Z  WARN herdr::raw_input: flushing lone escape after input timeout; if this follows an alt chord or focus switch it may reach the pane as plain esc bytes=[27]
2026-08-23T15:13:03.891968Z  WARN herdr::raw_input: flushing lone escape after input timeout; if this follows an alt chord or focus switch it may reach the pane as plain esc bytes=[27]
2026-08-23T15:13:03.892064Z  WARN herdr::raw_input: flushing lone escape after input timeout; if this follows an alt chord or focus switch it may reach the pane as plain esc bytes=[27]
2026-08-23T15:13:07.251322Z  WARN herdr::raw_input: flushing lone escape after input timeout; if this follows an alt chord or focus switch it may reach the pane as plain esc bytes=[27]
2026-08-23T15:13:07.252318Z  WARN herdr::raw_input: flushing lone escape after input timeout; if this follows an alt chord or focus switch it may reach the pane as plain esc bytes=[27]
2026-08-23T15:13:07.489249Z  WARN herdr::raw_input: flushing lone escape after input timeout; if this follows an alt chord or focus switch it may reach the pane as plain esc bytes=[27]
2026-08-23T15:13:07.490441Z  WARN herdr::raw_input: flushing lone escape after input timeout; if this follows an alt chord or focus switch it may reach the pane as plain esc bytes=[27]
2026-08-23T15:13:18.502957Z  WARN herdr::raw_input: flushing lone escape after input timeout; if this follows an alt chord or focus switch it may reach the pane as plain esc bytes=[27]
2026-08-23T15:13:18.503225Z  WARN herdr::raw_input: flushing lone escape after input timeout; if this follows an alt chord or focus switch it may reach the pane as plain esc bytes=[27]
2026-08-23T15:14:16.226921Z  WARN herdr::raw_input: flushing lone escape after input timeout; if this follows an alt chord or focus switch it may reach the pane as plain esc bytes=[27]
2026-08-23T15:14:16.228343Z  WARN herdr::raw_input: flushing lone escape after input timeout; if this follows an alt chord or focus switch it may reach the pane as plain esc bytes=[27]
2026-08-23T15:14:32.280798Z  WARN herdr::raw_input: flushing lone escape after input timeout; if this follows an alt chord or focus switch it may reach the pane as plain esc bytes=[27]
2026-08-23T15:14:32.281148Z  WARN herdr::raw_input: flushing lone escape after input timeout; if this follows an alt chord or focus switch it may reach the pane as plain esc bytes=[27]
2026-08-23T15:17:54.589358Z  WARN herdr::raw_input: flushing lone escape after input timeout; if this follows an alt chord or focus switch it may reach the pane as plain esc bytes=[27]
2026-08-23T15:17:54.591222Z  WARN herdr::raw_input: flushing lone escape after input timeout; if this follows an alt chord or focus switch it may reach the pane as plain esc bytes=[27]
2026-08-23T15:17:54.933710Z  WARN herdr::raw_input: flushing lone escape after input timeout; if this follows an alt chord or focus switch it may reach the pane as plain esc bytes=[27]
2026-08-23T15:17:54.933875Z  WARN herdr::raw_input: flushing lone escape after input timeout; if this follows an alt chord or focus switch it may reach the pane as plain esc bytes=[27]
2026-08-23T15:18:01.941017Z  WARN herdr::raw_input: flushing lone escape after input timeout; if this follows an alt chord or focus switch it may reach the pane as plain esc bytes=[27]
2026-08-23T15:18:01.941580Z  WARN herdr::raw_input: flushing lone escape after input timeout; if this follows an alt chord or focus switch it may reach the pane as plain esc bytes=[27]
2026-08-23T15:18:03.685599Z  WARN herdr::raw_input: flushing lone escape after input timeout; if this follows an alt chord or focus switch it may reach the pane as plain esc bytes=[27]
2026-08-23T15:18:03.685688Z  WARN herdr::raw_input: flushing lone escape after input timeout; if this follows an alt chord or focus switch it may reach the pane as plain esc bytes=[27]
2026-08-23T15:18:43.397345Z  WARN herdr::raw_input: flushing lone escape after input timeout; if this follows an alt chord or focus switch it may reach the pane as plain esc bytes=[27]
2026-08-23T15:18:43.398303Z  WARN herdr::raw_input: flushing lone escape after input timeout; if this follows an alt chord or focus switch it may reach the pane as plain esc bytes=[27]
2026-08-23T15:18:50.279888Z  WARN herdr::raw_input: flushing lone escape after input timeout; if this follows an alt chord or focus switch it may reach the pane as plain esc bytes=[27]
2026-08-23T15:18:50.280219Z  WARN herdr::raw_input: flushing lone escape after input timeout; if this follows an alt chord or focus switch it may reach the pane as plain esc bytes=[27]
2026-08-23T15:19:01.666514Z  WARN herdr::raw_input: flushing lone escape after input timeout; if this follows an alt chord or focus switch it may reach the pane as plain esc bytes=[27]
2026-08-23T15:19:01.667083Z  WARN herdr::raw_input: flushing lone escape after input timeout; if this follows an alt chord or focus switch it may reach the pane as plain esc bytes=[27]
2026-08-23T15:19:20.747344Z  WARN herdr::raw_input: flushing lone escape after input timeout; if this follows an alt chord or focus switch it may reach the pane as plain esc bytes=[27]
2026-08-23T15:19:20.747757Z  WARN herdr::raw_input: flushing lone escape after input timeout; if this follows an alt chord or focus switch it may reach the pane as plain esc bytes=[27]
2026-08-23T15:19:55.527590Z  WARN herdr::raw_input: flushing lone escape after input timeout; if this follows an alt chord or focus switch it may reach the pane as plain esc bytes=[27]
2026-08-23T15:19:55.527848Z  WARN herdr::raw_input: flushing lone escape after input timeout; if this follows an alt chord or focus switch it may reach the pane as plain esc bytes=[27]
2026-08-23T15:20:07.700516Z  WARN herdr::raw_input: flushing lone escape after input timeout; if this follows an alt chord or focus switch it may reach the pane as plain esc bytes=[27]
2026-08-23T15:20:07.702198Z  WARN herdr::raw_input: flushing lone escape after input timeout; if this follows an alt chord or focus switch it may reach the pane as plain esc bytes=[27]
2026-08-23T15:20:43.660970Z  WARN herdr::raw_input: flushing lone escape after input timeout; if this follows an alt chord or focus switch it may reach the pane as plain esc bytes=[27]
2026-08-23T15:20:43.662160Z  WARN herdr::raw_input: flushing lone escape after input timeout; if this follows an alt chord or focus switch it may reach the pane as plain esc bytes=[27]
2026-08-23T15:21:37.833514Z  WARN herdr::raw_input: flushing lone escape after input timeout; if this follows an alt chord or focus switch it may reach the pane as plain esc bytes=[27]
2026-08-23T15:21:37.834559Z  WARN herdr::raw_input: flushing lone escape after input timeout; if this follows an alt chord or focus switch it may reach the pane as plain esc bytes=[27]
2026-08-23T15:21:43.306832Z  WARN herdr::raw_input: flushing lone escape after input timeout; if this follows an alt chord or focus switch it may reach the pane as plain esc bytes=[27]
2026-08-23T15:21:43.306926Z  WARN herdr::raw_input: flushing lone escape after input timeout; if this follows an alt chord or focus switch it may reach the pane as plain esc bytes=[27]
2026-08-23T15:23:12.032458Z  WARN herdr::raw_input: flushing lone escape after input timeout; if this follows an alt chord or focus switch it may reach the pane as plain esc bytes=[27]
2026-08-23T15:23:12.033470Z  WARN herdr::raw_input: flushing lone escape after input timeout; if this follows an alt chord or focus switch it may reach the pane as plain esc bytes=[27]
2026-08-23T15:23:34.055574Z  WARN herdr::raw_input: flushing lone escape after input timeout; if this follows an alt chord or focus switch it may reach the pane as plain esc bytes=[27]
2026-08-23T15:23:34.056608Z  WARN herdr::raw_input: flushing lone escape after input timeout; if this follows an alt chord or focus switch it may reach the pane as plain esc bytes=[27]
2026-08-24T02:00:22.270663Z  WARN herdr::raw_input: flushing lone escape after input timeout; if this follows an alt chord or focus switch it may reach the pane as plain esc bytes=[27]
2026-08-24T02:00:22.271306Z  WARN herdr::raw_input: flushing lone escape after input timeout; if this follows an alt chord or focus switch it may reach the pane as plain esc bytes=[27]
2026-08-24T02:00:29.667488Z  WARN herdr::raw_input: flushing lone escape after input timeout; if this follows an alt chord or focus switch it may reach the pane as plain esc bytes=[27]
2026-08-24T02:00:29.667854Z  WARN herdr::raw_input: flushing lone escape after input timeout; if this follows an alt chord or focus switch it may reach the pane as plain esc bytes=[27]
2026-08-24T02:00:37.168248Z  WARN herdr::raw_input: flushing lone escape after input timeout; if this follows an alt chord or focus switch it may reach the pane as plain esc bytes=[27]
2026-08-24T02:00:37.168751Z  WARN herdr::raw_input: flushing lone escape after input timeout; if this follows an alt chord or focus switch it may reach the pane as plain esc bytes=[27]
2026-08-24T02:00:50.684385Z  WARN herdr::raw_input: flushing lone escape after input timeout; if this follows an alt chord or focus switch it may reach the pane as plain esc bytes=[27]
2026-08-24T02:00:50.685516Z  WARN herdr::raw_input: flushing lone escape after input timeout; if this follows an alt chord or focus switch it may reach the pane as plain esc bytes=[27]
2026-08-24T02:01:13.077014Z  WARN herdr::raw_input: flushing lone escape after input timeout; if this follows an alt chord or focus switch it may reach the pane as plain esc bytes=[27]
2026-08-24T02:01:13.078126Z  WARN herdr::raw_input: flushing lone escape after input timeout; if this follows an alt chord or focus switch it may reach the pane as plain esc bytes=[27]
2026-08-24T02:01:19.156471Z  WARN herdr::raw_input: flushing lone escape after input timeout; if this follows an alt chord or focus switch it may reach the pane as plain esc bytes=[27]
2026-08-24T02:01:19.156544Z  WARN herdr::raw_input: flushing lone escape after input timeout; if this follows an alt chord or focus switch it may reach the pane as plain esc bytes=[27]
2026-08-24T02:01:59.504428Z  WARN herdr::raw_input: flushing lone escape after input timeout; if this follows an alt chord or focus switch it may reach the pane as plain esc bytes=[27]
2026-08-24T02:01:59.504731Z  WARN herdr::raw_input: flushing lone escape after input timeout; if this follows an alt chord or focus switch it may reach the pane as plain esc bytes=[27]
2026-08-24T02:02:13.682434Z  WARN herdr::raw_input: flushing lone escape after input timeout; if this follows an alt chord or focus switch it may reach the pane as plain esc bytes=[27]
2026-08-24T02:02:13.684309Z  WARN herdr::raw_input: flushing lone escape after input timeout; if this follows an alt chord or focus switch it may reach the pane as plain esc bytes=[27]
2026-08-24T02:02:27.103633Z  WARN herdr::raw_input: flushing lone escape after input timeout; if this follows an alt chord or focus switch it may reach the pane as plain esc bytes=[27]
2026-08-24T02:02:27.105138Z  WARN herdr::raw_input: flushing lone escape after input timeout; if this follows an alt chord or focus switch it may reach the pane as plain esc bytes=[27]
2026-08-24T02:03:02.271535Z  WARN herdr::raw_input: flushing lone escape after input timeout; if this follows an alt chord or focus switch it may reach the pane as plain esc bytes=[27]
2026-08-24T02:03:02.272795Z  WARN herdr::raw_input: flushing lone escape after input timeout; if this follows an alt chord or focus switch it may reach the pane as plain esc bytes=[27]
2026-08-24T02:03:16.492959Z  WARN herdr::raw_input: flushing lone escape after input timeout; if this follows an alt chord or focus switch it may reach the pane as plain esc bytes=[27]
2026-08-24T02:03:16.493988Z  WARN herdr::raw_input: flushing lone escape after input timeout; if this follows an alt chord or focus switch it may reach the pane as plain esc bytes=[27]
2026-08-24T02:04:50.441083Z  WARN herdr::raw_input: flushing lone escape after input timeout; if this follows an alt chord or focus switch it may reach the pane as plain esc bytes=[27]
2026-08-24T02:04:50.441796Z  WARN herdr::raw_input: flushing lone escape after input timeout; if this follows an alt chord or focus switch it may reach the pane as plain esc bytes=[27]
2026-08-24T02:04:53.427380Z  WARN herdr::raw_input: flushing lone escape after input timeout; if this follows an alt chord or focus switch it may reach the pane as plain esc bytes=[27]
2026-08-24T02:04:53.427514Z  WARN herdr::raw_input: flushing lone escape after input timeout; if this follows an alt chord or focus switch it may reach the pane as plain esc bytes=[27]
2026-08-24T02:05:01.387112Z  WARN herdr::raw_input: flushing lone escape after input timeout; if this follows an alt chord or focus switch it may reach the pane as plain esc bytes=[27]
2026-08-24T02:05:01.388535Z  WARN herdr::raw_input: flushing lone escape after input timeout; if this follows an alt chord or focus switch it may reach the pane as plain esc bytes=[27]
2026-08-24T02:05:13.088041Z  WARN herdr::raw_input: flushing lone escape after input timeout; if this follows an alt chord or focus switch it may reach the pane as plain esc bytes=[27]
2026-08-24T02:05:13.089103Z  WARN herdr::raw_input: flushing lone escape after input timeout; if this follows an alt chord or focus switch it may reach the pane as plain esc bytes=[27]
2026-08-24T02:05:50.465449Z  WARN herdr::raw_input: flushing lone escape after input timeout; if this follows an alt chord or focus switch it may reach the pane as plain esc bytes=[27]
2026-08-24T02:05:50.465834Z  WARN herdr::raw_input: flushing lone escape after input timeout; if this follows an alt chord or focus switch it may reach the pane as plain esc bytes=[27]
2026-08-24T02:06:02.529788Z  WARN herdr::raw_input: flushing lone escape after input timeout; if this follows an alt chord or focus switch it may reach the pane as plain esc bytes=[27]
2026-08-24T02:06:02.530177Z  WARN herdr::raw_input: flushing lone escape after input timeout; if this follows an alt chord or focus switch it may reach the pane as plain esc bytes=[27]
2026-08-24T02:12:43.068362Z  WARN herdr::raw_input: flushing lone escape after input timeout; if this follows an alt chord or focus switch it may reach the pane as plain esc bytes=[27]
2026-08-24T02:12:43.069762Z  WARN herdr::raw_input: flushing lone escape after input timeout; if this follows an alt chord or focus switch it may reach the pane as plain esc bytes=[27]
2026-08-24T02:12:52.073632Z  WARN herdr::raw_input: flushing lone escape after input timeout; if this follows an alt chord or focus switch it may reach the pane as plain esc bytes=[27]
2026-08-24T02:12:52.074111Z  WARN herdr::raw_input: flushing lone escape after input timeout; if this follows an alt chord or focus switch it may reach the pane as plain esc bytes=[27]
2026-08-24T02:12:59.782431Z  WARN herdr::raw_input: flushing lone escape after input timeout; if this follows an alt chord or focus switch it may reach the pane as plain esc bytes=[27]
2026-08-24T02:12:59.782765Z  WARN herdr::raw_input: flushing lone escape after input timeout; if this follows an alt chord or focus switch it may reach the pane as plain esc bytes=[27]
2026-08-24T02:13:03.157207Z  WARN herdr::raw_input: flushing lone escape after input timeout; if this follows an alt chord or focus switch it may reach the pane as plain esc bytes=[27]
2026-08-24T02:13:03.157292Z  WARN herdr::raw_input: flushing lone escape after input timeout; if this follows an alt chord or focus switch it may reach the pane as plain esc bytes=[27]
2026-08-24T02:13:11.321073Z  WARN herdr::raw_input: flushing lone escape after input timeout; if this follows an alt chord or focus switch it may reach the pane as plain esc bytes=[27]
2026-08-24T02:13:11.321565Z  WARN herdr::raw_input: flushing lone escape after input timeout; if this follows an alt chord or focus switch it may reach the pane as plain esc bytes=[27]
2026-08-24T02:13:19.028125Z  WARN herdr::raw_input: flushing lone escape after input timeout; if this follows an alt chord or focus switch it may reach the pane as plain esc bytes=[27]
2026-08-24T02:13:19.028459Z  WARN herdr::raw_input: flushing lone escape after input timeout; if this follows an alt chord or focus switch it may reach the pane as plain esc bytes=[27]
2026-08-24T02:14:20.612196Z  WARN herdr::raw_input: flushing lone escape after input timeout; if this follows an alt chord or focus switch it may reach the pane as plain esc bytes=[27]
2026-08-24T02:14:20.613458Z  WARN herdr::raw_input: flushing lone escape after input timeout; if this follows an alt chord or focus switch it may reach the pane as plain esc bytes=[27]
2026-08-24T02:14:23.655979Z  WARN herdr::raw_input: flushing lone escape after input timeout; if this follows an alt chord or focus switch it may reach the pane as plain esc bytes=[27]
2026-08-24T02:14:23.656450Z  WARN herdr::raw_input: flushing lone escape after input timeout; if this follows an alt chord or focus switch it may reach the pane as plain esc bytes=[27]
2026-08-24T02:15:11.620483Z  WARN herdr::raw_input: flushing lone escape after input timeout; if this follows an alt chord or focus switch it may reach the pane as plain esc bytes=[27]
2026-08-24T02:15:11.622199Z  WARN herdr::raw_input: flushing lone escape after input timeout; if this follows an alt chord or focus switch it may reach the pane as plain esc bytes=[27]
2026-08-24T02:21:06.285683Z  WARN herdr::raw_input: flushing lone escape after input timeout; if this follows an alt chord or focus switch it may reach the pane as plain esc bytes=[27]
2026-08-24T02:21:06.287578Z  WARN herdr::raw_input: flushing lone escape after input timeout; if this follows an alt chord or focus switch it may reach the pane as plain esc bytes=[27]
2026-08-24T02:23:47.199391Z  WARN herdr::raw_input: flushing lone escape after input timeout; if this follows an alt chord or focus switch it may reach the pane as plain esc bytes=[27]
2026-08-24T02:23:47.200459Z  WARN herdr::raw_input: flushing lone escape after input timeout; if this follows an alt chord or focus switch it may reach the pane as plain esc bytes=[27]
2026-08-24T02:23:47.515724Z  WARN herdr::raw_input: flushing lone escape after input timeout; if this follows an alt chord or focus switch it may reach the pane as plain esc bytes=[27]
2026-08-24T02:23:47.516269Z  WARN herdr::raw_input: flushing lone escape after input timeout; if this follows an alt chord or focus switch it may reach the pane as plain esc bytes=[27]
2026-08-24T02:23:47.771244Z  WARN herdr::raw_input: flushing lone escape after input timeout; if this follows an alt chord or focus switch it may reach the pane as plain esc bytes=[27]
2026-08-24T02:23:47.771469Z  WARN herdr::raw_input: flushing lone escape after input timeout; if this follows an alt chord or focus switch it may reach the pane as plain esc bytes=[27]
2026-08-24T02:25:52.727217Z  WARN herdr::raw_input: flushing lone escape after input timeout; if this follows an alt chord or focus switch it may reach the pane as plain esc bytes=[27]
2026-08-24T02:25:52.729292Z  WARN herdr::raw_input: flushing lone escape after input timeout; if this follows an alt chord or focus switch it may reach the pane as plain esc bytes=[27]
2026-08-24T02:25:52.912040Z  WARN herdr::raw_input: flushing lone escape after input timeout; if this follows an alt chord or focus switch it may reach the pane as plain esc bytes=[27]
2026-08-24T02:25:52.912579Z  WARN herdr::raw_input: flushing lone escape after input timeout; if this follows an alt chord or focus switch it may reach the pane as plain esc bytes=[27]
2026-08-24T02:27:02.064079Z  WARN herdr::raw_input: flushing lone escape after input timeout; if this follows an alt chord or focus switch it may reach the pane as plain esc bytes=[27]
2026-08-24T02:27:02.065147Z  WARN herdr::raw_input: flushing lone escape after input timeout; if this follows an alt chord or focus switch it may reach the pane as plain esc bytes=[27]
2026-08-24T02:29:27.056019Z  WARN herdr::raw_input: flushing lone escape after input timeout; if this follows an alt chord or focus switch it may reach the pane as plain esc bytes=[27]
2026-08-24T02:29:27.056371Z  WARN herdr::raw_input: flushing lone escape after input timeout; if this follows an alt chord or focus switch it may reach the pane as plain esc bytes=[27]
2026-08-24T02:29:32.770338Z  WARN herdr::raw_input: flushing lone escape after input timeout; if this follows an alt chord or focus switch it may reach the pane as plain esc bytes=[27]
2026-08-24T02:29:32.771351Z  WARN herdr::raw_input: flushing lone escape after input timeout; if this follows an alt chord or focus switch it may reach the pane as plain esc bytes=[27]
2026-08-24T02:29:41.562328Z  WARN herdr::raw_input: flushing lone escape after input timeout; if this follows an alt chord or focus switch it may reach the pane as plain esc bytes=[27]
2026-08-24T02:29:41.563353Z  WARN herdr::raw_input: flushing lone escape after input timeout; if this follows an alt chord or focus switch it may reach the pane as plain esc bytes=[27]
2026-08-24T02:30:57.205216Z  WARN herdr::raw_input: flushing lone escape after input timeout; if this follows an alt chord or focus switch it may reach the pane as plain esc bytes=[27]
2026-08-24T02:30:57.205477Z  WARN herdr::raw_input: flushing lone escape after input timeout; if this follows an alt chord or focus switch it may reach the pane as plain esc bytes=[27]
2026-08-24T02:31:04.571491Z  WARN herdr::raw_input: flushing lone escape after input timeout; if this follows an alt chord or focus switch it may reach the pane as plain esc bytes=[27]
2026-08-24T02:31:04.572451Z  WARN herdr::raw_input: flushing lone escape after input timeout; if this follows an alt chord or focus switch it may reach the pane as plain esc bytes=[27]
2026-08-24T02:31:51.900609Z  WARN herdr::raw_input: flushing lone escape after input timeout; if this follows an alt chord or focus switch it may reach the pane as plain esc bytes=[27]
2026-08-24T02:31:51.902480Z  WARN herdr::raw_input: flushing lone escape after input timeout; if this follows an alt chord or focus switch it may reach the pane as plain esc bytes=[27]
2026-08-24T02:34:49.778478Z  WARN herdr::raw_input: flushing lone escape after input timeout; if this follows an alt chord or focus switch it may reach the pane as plain esc bytes=[27]
2026-08-24T02:34:49.780105Z  WARN herdr::raw_input: flushing lone escape after input timeout; if this follows an alt chord or focus switch it may reach the pane as plain esc bytes=[27]
2026-08-24T02:34:49.963871Z  WARN herdr::raw_input: flushing lone escape after input timeout; if this follows an alt chord or focus switch it may reach the pane as plain esc bytes=[27]
2026-08-24T02:34:49.963942Z  WARN herdr::raw_input: flushing lone escape after input timeout; if this follows an alt chord or focus switch it may reach the pane as plain esc bytes=[27]
2026-08-24T02:35:23.402676Z  WARN herdr::raw_input: flushing lone escape after input timeout; if this follows an alt chord or focus switch it may reach the pane as plain esc bytes=[27]
2026-08-24T02:35:23.403573Z  WARN herdr::raw_input: flushing lone escape after input timeout; if this follows an alt chord or focus switch it may reach the pane as plain esc bytes=[27]
2026-08-24T02:44:03.711454Z  WARN herdr::raw_input: flushing lone escape after input timeout; if this follows an alt chord or focus switch it may reach the pane as plain esc bytes=[27]
2026-08-24T02:44:03.712690Z  WARN herdr::raw_input: flushing lone escape after input timeout; if this follows an alt chord or focus switch it may reach the pane as plain esc bytes=[27]
2026-08-24T02:44:07.967431Z  WARN herdr::raw_input: flushing lone escape after input timeout; if this follows an alt chord or focus switch it may reach the pane as plain esc bytes=[27]
2026-08-24T02:44:07.967891Z  WARN herdr::raw_input: flushing lone escape after input timeout; if this follows an alt chord or focus switch it may reach the pane as plain esc bytes=[27]
2026-08-24T02:44:08.401938Z  WARN herdr::raw_input: flushing lone escape after input timeout; if this follows an alt chord or focus switch it may reach the pane as plain esc bytes=[27]
2026-08-24T02:44:08.402119Z  WARN herdr::raw_input: flushing lone escape after input timeout; if this follows an alt chord or focus switch it may reach the pane as plain esc bytes=[27]
2026-08-24T02:44:11.111251Z  WARN herdr::raw_input: flushing lone escape after input timeout; if this follows an alt chord or focus switch it may reach the pane as plain esc bytes=[27]
2026-08-24T02:44:11.112418Z  WARN herdr::raw_input: flushing lone escape after input timeout; if this follows an alt chord or focus switch it may reach the pane as plain esc bytes=[27]
2026-08-24T02:44:21.611184Z  WARN herdr::raw_input: flushing lone escape after input timeout; if this follows an alt chord or focus switch it may reach the pane as plain esc bytes=[27]
2026-08-24T02:44:21.611280Z  WARN herdr::raw_input: flushing lone escape after input timeout; if this follows an alt chord or focus switch it may reach the pane as plain esc bytes=[27]
2026-08-24T02:47:12.626589Z  WARN herdr::raw_input: flushing lone escape after input timeout; if this follows an alt chord or focus switch it may reach the pane as plain esc bytes=[27]
2026-08-24T02:47:12.627599Z  WARN herdr::raw_input: flushing lone escape after input timeout; if this follows an alt chord or focus switch it may reach the pane as plain esc bytes=[27]
2026-08-24T02:47:18.583966Z  WARN herdr::raw_input: flushing lone escape after input timeout; if this follows an alt chord or focus switch it may reach the pane as plain esc bytes=[27]
2026-08-24T02:47:18.584313Z  WARN herdr::raw_input: flushing lone escape after input timeout; if this follows an alt chord or focus switch it may reach the pane as plain esc bytes=[27]
2026-08-24T02:47:22.078109Z  WARN herdr::raw_input: flushing lone escape after input timeout; if this follows an alt chord or focus switch it may reach the pane as plain esc bytes=[27]
2026-08-24T02:47:22.078292Z  WARN herdr::raw_input: flushing lone escape after input timeout; if this follows an alt chord or focus switch it may reach the pane as plain esc bytes=[27]
2026-08-24T02:47:55.797113Z  WARN herdr::raw_input: flushing lone escape after input timeout; if this follows an alt chord or focus switch it may reach the pane as plain esc bytes=[27]
2026-08-24T02:47:55.797205Z  WARN herdr::raw_input: flushing lone escape after input timeout; if this follows an alt chord or focus switch it may reach the pane as plain esc bytes=[27]
2026-08-24T02:48:03.252309Z  WARN herdr::raw_input: flushing lone escape after input timeout; if this follows an alt chord or focus switch it may reach the pane as plain esc bytes=[27]
2026-08-24T02:48:03.253350Z  WARN herdr::raw_input: flushing lone escape after input timeout; if this follows an alt chord or focus switch it may reach the pane as plain esc bytes=[27]
2026-08-24T02:49:42.415669Z  WARN herdr::raw_input: flushing lone escape after input timeout; if this follows an alt chord or focus switch it may reach the pane as plain esc bytes=[27]
2026-08-24T02:49:42.416855Z  WARN herdr::raw_input: flushing lone escape after input timeout; if this follows an alt chord or focus switch it may reach the pane as plain esc bytes=[27]
2026-08-25T05:48:54.994118Z  WARN herdr::raw_input: flushing lone escape after input timeout; if this follows an alt chord or focus switch it may reach the pane as plain esc bytes=[27]
2026-08-25T05:48:54.995545Z  WARN herdr::raw_input: flushing lone escape after input timeout; if this follows an alt chord or focus switch it may reach the pane as plain esc bytes=[27]
2026-08-26T03:42:40.519040Z  WARN herdr::raw_input: flushing lone escape after input timeout; if this follows an alt chord or focus switch it may reach the pane as plain esc bytes=[27]
2026-08-26T03:42:40.521129Z  WARN herdr::raw_input: flushing lone escape after input timeout; if this follows an alt chord or focus switch it may reach the pane as plain esc bytes=[27]
2026-08-26T03:42:49.050729Z  WARN herdr::raw_input: flushing lone escape after input timeout; if this follows an alt chord or focus switch it may reach the pane as plain esc bytes=[27]
2026-08-26T03:42:49.051673Z  WARN herdr::raw_input: flushing lone escape after input timeout; if this follows an alt chord or focus switch it may reach the pane as plain esc bytes=[27]
2026-08-26T06:43:50.654250Z  WARN herdr::raw_input: flushing lone escape after input timeout; if this follows an alt chord or focus switch it may reach the pane as plain esc bytes=[27]
2026-08-26T06:43:50.657560Z  WARN herdr::raw_input: flushing lone escape after input timeout; if this follows an alt chord or focus switch it may reach the pane as plain esc bytes=[27]
2026-08-27T03:11:11.160306Z  WARN herdr::raw_input: flushing lone escape after input timeout; if this follows an alt chord or focus switch it may reach the pane as plain esc bytes=[27]
2026-08-27T03:11:11.164432Z  WARN herdr::raw_input: flushing lone escape after input timeout; if this follows an alt chord or focus switch it may reach the pane as plain esc bytes=[27]
2026-08-27T03:15:23.202234Z  WARN herdr::raw_input: flushing lone escape after input timeout; if this follows an alt chord or focus switch it may reach the pane as plain esc bytes=[27]
2026-08-27T03:15:23.202694Z  WARN herdr::raw_input: flushing lone escape after input timeout; if this follows an alt chord or focus switch it may reach the pane as plain esc bytes=[27]
2026-08-27T03:15:30.694338Z  WARN herdr::raw_input: flushing lone escape after input timeout; if this follows an alt chord or focus switch it may reach the pane as plain esc bytes=[27]
2026-08-27T03:15:30.694925Z  WARN herdr::raw_input: flushing lone escape after input timeout; if this follows an alt chord or focus switch it may reach the pane as plain esc bytes=[27]
2026-08-27T06:02:51.412964Z  WARN herdr::raw_input: flushing lone escape after input timeout; if this follows an alt chord or focus switch it may reach the pane as plain esc bytes=[27]
2026-08-27T06:02:51.414984Z  WARN herdr::raw_input: flushing lone escape after input timeout; if this follows an alt chord or focus switch it may reach the pane as plain esc bytes=[27]
2026-08-27T06:02:51.865310Z  WARN herdr::raw_input: flushing lone escape after input timeout; if this follows an alt chord or focus switch it may reach the pane as plain esc bytes=[27]
2026-08-27T06:02:51.866114Z  WARN herdr::raw_input: flushing lone escape after input timeout; if this follows an alt chord or focus switch it may reach the pane as plain esc bytes=[27]
2026-08-27T06:03:18.446903Z  WARN herdr::raw_input: flushing lone escape after input timeout; if this follows an alt chord or focus switch it may reach the pane as plain esc bytes=[27]
2026-08-27T06:03:18.447909Z  WARN herdr::raw_input: flushing lone escape after input timeout; if this follows an alt chord or focus switch it may reach the pane as plain esc bytes=[27]
2026-08-27T06:03:25.810008Z  WARN herdr::raw_input: flushing lone escape after input timeout; if this follows an alt chord or focus switch it may reach the pane as plain esc bytes=[27]
2026-08-27T06:03:25.810670Z  WARN herdr::raw_input: flushing lone escape after input timeout; if this follows an alt chord or focus switch it may reach the pane as plain esc bytes=[27]
2026-08-27T06:04:06.529415Z  WARN herdr::raw_input: flushing lone escape after input timeout; if this follows an alt chord or focus switch it may reach the pane as plain esc bytes=[27]
2026-08-27T06:04:06.530674Z  WARN herdr::raw_input: flushing lone escape after input timeout; if this follows an alt chord or focus switch it may reach the pane as plain esc bytes=[27]
2026-08-27T08:34:08.919947Z  WARN herdr::raw_input: flushing lone escape after input timeout; if this follows an alt chord or focus switch it may reach the pane as plain esc bytes=[27]
2026-08-27T08:34:08.921490Z  WARN herdr::raw_input: flushing lone escape after input timeout; if this follows an alt chord or focus switch it may reach the pane as plain esc bytes=[27]
2026-08-28T11:37:30.731099Z  INFO herdr::logging: herdr exiting event="app.shutdown" subsystem="client" outcome="completed" pid=50711
2026-08-29T12:54:49.461487Z  INFO herdr::logging: herdr starting event="app.startup" subsystem="client" outcome="started" pid=14934
2026-08-29T12:54:49.461950Z  INFO herdr::client: connecting to server path=/Users/shahid/.config/herdr/herdr-client.sock
2026-08-29T12:54:49.701694Z  INFO herdr::client: handshake succeeded version=20 encoding=SemanticFrame
2026-08-29T13:14:49.987365Z  WARN herdr::raw_input: flushing lone escape after input timeout; if this follows an alt chord or focus switch it may reach the pane as plain esc bytes=[27]
2026-08-29T13:14:49.988616Z  WARN herdr::raw_input: flushing lone escape after input timeout; if this follows an alt chord or focus switch it may reach the pane as plain esc bytes=[27]
2026-08-29T13:15:44.901474Z  WARN herdr::raw_input: flushing lone escape after input timeout; if this follows an alt chord or focus switch it may reach the pane as plain esc bytes=[27]
2026-08-29T13:15:44.902540Z  WARN herdr::raw_input: flushing lone escape after input timeout; if this follows an alt chord or focus switch it may reach the pane as plain esc bytes=[27]
2026-08-29T13:17:40.230265Z  WARN herdr::raw_input: flushing lone escape after input timeout; if this follows an alt chord or focus switch it may reach the pane as plain esc bytes=[27]
2026-08-29T13:17:40.231305Z  WARN herdr::raw_input: flushing lone escape after input timeout; if this follows an alt chord or focus switch it may reach the pane as plain esc bytes=[27]
2026-08-29T13:17:53.929552Z  WARN herdr::raw_input: flushing lone escape after input timeout; if this follows an alt chord or focus switch it may reach the pane as plain esc bytes=[27]
2026-08-29T13:17:53.930560Z  WARN herdr::raw_input: flushing lone escape after input timeout; if this follows an alt chord or focus switch it may reach the pane as plain esc bytes=[27]
2026-08-29T13:17:57.543395Z  WARN herdr::raw_input: flushing lone escape after input timeout; if this follows an alt chord or focus switch it may reach the pane as plain esc bytes=[27]
2026-08-29T13:17:57.543468Z  WARN herdr::raw_input: flushing lone escape after input timeout; if this follows an alt chord or focus switch it may reach the pane as plain esc bytes=[27]
2026-08-29T13:18:04.612115Z  WARN herdr::raw_input: flushing lone escape after input timeout; if this follows an alt chord or focus switch it may reach the pane as plain esc bytes=[27]
2026-08-29T13:18:04.613116Z  WARN herdr::raw_input: flushing lone escape after input timeout; if this follows an alt chord or focus switch it may reach the pane as plain esc bytes=[27]
2026-08-29T13:18:23.723748Z  WARN herdr::raw_input: flushing lone escape after input timeout; if this follows an alt chord or focus switch it may reach the pane as plain esc bytes=[27]
2026-08-29T13:18:23.724152Z  WARN herdr::raw_input: flushing lone escape after input timeout; if this follows an alt chord or focus switch it may reach the pane as plain esc bytes=[27]
2026-08-29T13:18:24.114436Z  WARN herdr::raw_input: flushing lone escape after input timeout; if this follows an alt chord or focus switch it may reach the pane as plain esc bytes=[27]
2026-08-29T13:18:24.114678Z  WARN herdr::raw_input: flushing lone escape after input timeout; if this follows an alt chord or focus switch it may reach the pane as plain esc bytes=[27]
2026-08-29T13:18:51.410513Z  WARN herdr::raw_input: flushing lone escape after input timeout; if this follows an alt chord or focus switch it may reach the pane as plain esc bytes=[27]
2026-08-29T13:18:51.411589Z  WARN herdr::raw_input: flushing lone escape after input timeout; if this follows an alt chord or focus switch it may reach the pane as plain esc bytes=[27]
2026-08-29T13:19:15.946589Z  WARN herdr::raw_input: flushing lone escape after input timeout; if this follows an alt chord or focus switch it may reach the pane as plain esc bytes=[27]
2026-08-29T13:19:15.947328Z  WARN herdr::raw_input: flushing lone escape after input timeout; if this follows an alt chord or focus switch it may reach the pane as plain esc bytes=[27]
2026-08-29T13:19:49.204766Z  WARN herdr::raw_input: flushing lone escape after input timeout; if this follows an alt chord or focus switch it may reach the pane as plain esc bytes=[27]
2026-08-29T13:19:49.206039Z  WARN herdr::raw_input: flushing lone escape after input timeout; if this follows an alt chord or focus switch it may reach the pane as plain esc bytes=[27]
2026-08-29T13:20:51.655904Z  WARN herdr::raw_input: flushing lone escape after input timeout; if this follows an alt chord or focus switch it may reach the pane as plain esc bytes=[27]
2026-08-29T13:20:51.656303Z  WARN herdr::raw_input: flushing lone escape after input timeout; if this follows an alt chord or focus switch it may reach the pane as plain esc bytes=[27]
2026-08-29T13:21:05.666051Z  WARN herdr::raw_input: flushing lone escape after input timeout; if this follows an alt chord or focus switch it may reach the pane as plain esc bytes=[27]
2026-08-29T13:21:05.666267Z  WARN herdr::raw_input: flushing lone escape after input timeout; if this follows an alt chord or focus switch it may reach the pane as plain esc bytes=[27]
2026-08-29T13:22:04.139572Z  WARN herdr::raw_input: flushing lone escape after input timeout; if this follows an alt chord or focus switch it may reach the pane as plain esc bytes=[27]
2026-08-29T13:22:04.140607Z  WARN herdr::raw_input: flushing lone escape after input timeout; if this follows an alt chord or focus switch it may reach the pane as plain esc bytes=[27]
2026-08-29T13:22:12.809784Z  WARN herdr::raw_input: flushing lone escape after input timeout; if this follows an alt chord or focus switch it may reach the pane as plain esc bytes=[27]
2026-08-29T13:22:12.809867Z  WARN herdr::raw_input: flushing lone escape after input timeout; if this follows an alt chord or focus switch it may reach the pane as plain esc bytes=[27]
2026-08-29T13:22:20.031400Z  WARN herdr::raw_input: flushing lone escape after input timeout; if this follows an alt chord or focus switch it may reach the pane as plain esc bytes=[27]
2026-08-29T13:22:20.031763Z  WARN herdr::raw_input: flushing lone escape after input timeout; if this follows an alt chord or focus switch it may reach the pane as plain esc bytes=[27]
2026-08-29T13:22:33.937764Z  WARN herdr::raw_input: flushing lone escape after input timeout; if this follows an alt chord or focus switch it may reach the pane as plain esc bytes=[27]
2026-08-29T13:22:33.939006Z  WARN herdr::raw_input: flushing lone escape after input timeout; if this follows an alt chord or focus switch it may reach the pane as plain esc bytes=[27]
2026-08-29T13:22:40.687402Z  WARN herdr::raw_input: flushing lone escape after input timeout; if this follows an alt chord or focus switch it may reach the pane as plain esc bytes=[27]
2026-08-29T13:22:40.687567Z  WARN herdr::raw_input: flushing lone escape after input timeout; if this follows an alt chord or focus switch it may reach the pane as plain esc bytes=[27]
2026-08-29T13:22:48.826578Z  WARN herdr::raw_input: flushing lone escape after input timeout; if this follows an alt chord or focus switch it may reach the pane as plain esc bytes=[27]
2026-08-29T13:22:48.826662Z  WARN herdr::raw_input: flushing lone escape after input timeout; if this follows an alt chord or focus switch it may reach the pane as plain esc bytes=[27]
2026-08-29T13:22:54.869701Z  WARN herdr::raw_input: flushing lone escape after input timeout; if this follows an alt chord or focus switch it may reach the pane as plain esc bytes=[27]
2026-08-29T13:22:54.869785Z  WARN herdr::raw_input: flushing lone escape after input timeout; if this follows an alt chord or focus switch it may reach the pane as plain esc bytes=[27]
2026-08-29T13:23:00.987230Z  WARN herdr::raw_input: flushing lone escape after input timeout; if this follows an alt chord or focus switch it may reach the pane as plain esc bytes=[27]
2026-08-29T13:23:00.987327Z  WARN herdr::raw_input: flushing lone escape after input timeout; if this follows an alt chord or focus switch it may reach the pane as plain esc bytes=[27]
2026-08-29T13:23:09.364869Z  WARN herdr::raw_input: flushing lone escape after input timeout; if this follows an alt chord or focus switch it may reach the pane as plain esc bytes=[27]
2026-08-29T13:23:09.364977Z  WARN herdr::raw_input: flushing lone escape after input timeout; if this follows an alt chord or focus switch it may reach the pane as plain esc bytes=[27]
2026-08-29T13:23:16.965481Z  WARN herdr::raw_input: flushing lone escape after input timeout; if this follows an alt chord or focus switch it may reach the pane as plain esc bytes=[27]
2026-08-29T13:23:16.966476Z  WARN herdr::raw_input: flushing lone escape after input timeout; if this follows an alt chord or focus switch it may reach the pane as plain esc bytes=[27]
2026-08-29T13:36:44.874907Z  WARN herdr::raw_input: flushing lone escape after input timeout; if this follows an alt chord or focus switch it may reach the pane as plain esc bytes=[27]
2026-08-29T13:36:44.875878Z  WARN herdr::raw_input: flushing lone escape after input timeout; if this follows an alt chord or focus switch it may reach the pane as plain esc bytes=[27]
2026-08-29T13:37:25.631936Z  WARN herdr::raw_input: flushing lone escape after input timeout; if this follows an alt chord or focus switch it may reach the pane as plain esc bytes=[27]
2026-08-29T13:37:25.633202Z  WARN herdr::raw_input: flushing lone escape after input timeout; if this follows an alt chord or focus switch it may reach the pane as plain esc bytes=[27]
2026-08-29T13:37:25.947190Z  WARN herdr::raw_input: flushing lone escape after input timeout; if this follows an alt chord or focus switch it may reach the pane as plain esc bytes=[27]
2026-08-29T13:37:25.947660Z  WARN herdr::raw_input: flushing lone escape after input timeout; if this follows an alt chord or focus switch it may reach the pane as plain esc bytes=[27]
2026-08-29T13:39:12.095673Z  WARN herdr::raw_input: flushing lone escape after input timeout; if this follows an alt chord or focus switch it may reach the pane as plain esc bytes=[27]
2026-08-29T13:39:12.096449Z  WARN herdr::raw_input: flushing lone escape after input timeout; if this follows an alt chord or focus switch it may reach the pane as plain esc bytes=[27]
2026-08-29T13:39:17.483141Z  WARN herdr::raw_input: flushing lone escape after input timeout; if this follows an alt chord or focus switch it may reach the pane as plain esc bytes=[27]
2026-08-29T13:39:17.483237Z  WARN herdr::raw_input: flushing lone escape after input timeout; if this follows an alt chord or focus switch it may reach the pane as plain esc bytes=[27]
2026-08-29T13:39:21.288888Z  WARN herdr::raw_input: flushing lone escape after input timeout; if this follows an alt chord or focus switch it may reach the pane as plain esc bytes=[27]
2026-08-29T13:39:21.289915Z  WARN herdr::raw_input: flushing lone escape after input timeout; if this follows an alt chord or focus switch it may reach the pane as plain esc bytes=[27]
2026-08-29T13:39:30.897366Z  WARN herdr::raw_input: flushing lone escape after input timeout; if this follows an alt chord or focus switch it may reach the pane as plain esc bytes=[27]
2026-08-29T13:39:30.898383Z  WARN herdr::raw_input: flushing lone escape after input timeout; if this follows an alt chord or focus switch it may reach the pane as plain esc bytes=[27]
2026-08-29T13:39:41.650895Z  WARN herdr::raw_input: flushing lone escape after input timeout; if this follows an alt chord or focus switch it may reach the pane as plain esc bytes=[27]
2026-08-29T13:39:41.650971Z  WARN herdr::raw_input: flushing lone escape after input timeout; if this follows an alt chord or focus switch it may reach the pane as plain esc bytes=[27]
2026-08-29T13:39:57.612593Z  WARN herdr::raw_input: flushing lone escape after input timeout; if this follows an alt chord or focus switch it may reach the pane as plain esc bytes=[27]
2026-08-29T13:39:57.613611Z  WARN herdr::raw_input: flushing lone escape after input timeout; if this follows an alt chord or focus switch it may reach the pane as plain esc bytes=[27]
2026-08-29T13:41:00.838457Z  WARN herdr::raw_input: flushing lone escape after input timeout; if this follows an alt chord or focus switch it may reach the pane as plain esc bytes=[27]
2026-08-29T13:41:00.841208Z  WARN herdr::raw_input: flushing lone escape after input timeout; if this follows an alt chord or focus switch it may reach the pane as plain esc bytes=[27]
2026-08-29T13:41:15.443846Z  WARN herdr::raw_input: flushing lone escape after input timeout; if this follows an alt chord or focus switch it may reach the pane as plain esc bytes=[27]
2026-08-29T13:41:15.444112Z  WARN herdr::raw_input: flushing lone escape after input timeout; if this follows an alt chord or focus switch it may reach the pane as plain esc bytes=[27]
2026-08-29T13:41:31.443395Z  WARN herdr::raw_input: flushing lone escape after input timeout; if this follows an alt chord or focus switch it may reach the pane as plain esc bytes=[27]
2026-08-29T13:41:31.444387Z  WARN herdr::raw_input: flushing lone escape after input timeout; if this follows an alt chord or focus switch it may reach the pane as plain esc bytes=[27]
2026-08-29T14:01:34.203945Z  WARN herdr::raw_input: flushing lone escape after input timeout; if this follows an alt chord or focus switch it may reach the pane as plain esc bytes=[27]
2026-08-29T14:01:34.204978Z  WARN herdr::raw_input: flushing lone escape after input timeout; if this follows an alt chord or focus switch it may reach the pane as plain esc bytes=[27]
2026-08-29T14:04:14.536570Z  WARN herdr::raw_input: flushing lone escape after input timeout; if this follows an alt chord or focus switch it may reach the pane as plain esc bytes=[27]
2026-08-29T14:04:14.538494Z  WARN herdr::raw_input: flushing lone escape after input timeout; if this follows an alt chord or focus switch it may reach the pane as plain esc bytes=[27]
2026-08-29T14:04:31.920035Z  WARN herdr::raw_input: flushing lone escape after input timeout; if this follows an alt chord or focus switch it may reach the pane as plain esc bytes=[27]
2026-08-29T14:04:31.921203Z  WARN herdr::raw_input: flushing lone escape after input timeout; if this follows an alt chord or focus switch it may reach the pane as plain esc bytes=[27]
2026-08-29T14:04:39.723069Z  WARN herdr::raw_input: flushing lone escape after input timeout; if this follows an alt chord or focus switch it may reach the pane as plain esc bytes=[27]
2026-08-29T14:04:39.723577Z  WARN herdr::raw_input: flushing lone escape after input timeout; if this follows an alt chord or focus switch it may reach the pane as plain esc bytes=[27]
2026-08-29T14:04:40.014461Z  WARN herdr::raw_input: flushing lone escape after input timeout; if this follows an alt chord or focus switch it may reach the pane as plain esc bytes=[27]
2026-08-29T14:04:40.014997Z  WARN herdr::raw_input: flushing lone escape after input timeout; if this follows an alt chord or focus switch it may reach the pane as plain esc bytes=[27]
2026-08-29T14:04:40.281378Z  WARN herdr::raw_input: flushing lone escape after input timeout; if this follows an alt chord or focus switch it may reach the pane as plain esc bytes=[27]
2026-08-29T14:04:40.281567Z  WARN herdr::raw_input: flushing lone escape after input timeout; if this follows an alt chord or focus switch it may reach the pane as plain esc bytes=[27]
2026-08-29T14:04:42.189726Z  WARN herdr::raw_input: flushing lone escape after input timeout; if this follows an alt chord or focus switch it may reach the pane as plain esc bytes=[27]
2026-08-29T14:04:42.191653Z  WARN herdr::raw_input: flushing lone escape after input timeout; if this follows an alt chord or focus switch it may reach the pane as plain esc bytes=[27]
2026-08-29T14:09:53.281707Z  WARN herdr::raw_input: flushing lone escape after input timeout; if this follows an alt chord or focus switch it may reach the pane as plain esc bytes=[27]
2026-08-29T14:09:53.284840Z  WARN herdr::raw_input: flushing lone escape after input timeout; if this follows an alt chord or focus switch it may reach the pane as plain esc bytes=[27]
2026-08-29T14:10:21.984805Z  WARN herdr::raw_input: flushing lone escape after input timeout; if this follows an alt chord or focus switch it may reach the pane as plain esc bytes=[27]
2026-08-29T14:10:21.986105Z  WARN herdr::raw_input: flushing lone escape after input timeout; if this follows an alt chord or focus switch it may reach the pane as plain esc bytes=[27]
2026-08-29T14:11:39.307459Z  WARN herdr::raw_input: flushing lone escape after input timeout; if this follows an alt chord or focus switch it may reach the pane as plain esc bytes=[27]
2026-08-29T14:11:39.309257Z  WARN herdr::raw_input: flushing lone escape after input timeout; if this follows an alt chord or focus switch it may reach the pane as plain esc bytes=[27]
2026-08-29T14:12:45.512305Z  WARN herdr::raw_input: flushing lone escape after input timeout; if this follows an alt chord or focus switch it may reach the pane as plain esc bytes=[27]
2026-08-29T14:12:45.514423Z  WARN herdr::raw_input: flushing lone escape after input timeout; if this follows an alt chord or focus switch it may reach the pane as plain esc bytes=[27]
2026-08-29T14:13:12.653469Z  WARN herdr::raw_input: flushing lone escape after input timeout; if this follows an alt chord or focus switch it may reach the pane as plain esc bytes=[27]
2026-08-29T14:13:12.653687Z  WARN herdr::raw_input: flushing lone escape after input timeout; if this follows an alt chord or focus switch it may reach the pane as plain esc bytes=[27]
2026-08-29T14:13:28.851960Z  WARN herdr::raw_input: flushing lone escape after input timeout; if this follows an alt chord or focus switch it may reach the pane as plain esc bytes=[27]
2026-08-29T14:13:28.856834Z  WARN herdr::raw_input: flushing lone escape after input timeout; if this follows an alt chord or focus switch it may reach the pane as plain esc bytes=[27]
2026-08-29T14:15:37.882899Z  WARN herdr::raw_input: flushing lone escape after input timeout; if this follows an alt chord or focus switch it may reach the pane as plain esc bytes=[27]
2026-08-29T14:15:37.883029Z  WARN herdr::raw_input: flushing lone escape after input timeout; if this follows an alt chord or focus switch it may reach the pane as plain esc bytes=[27]
2026-08-29T14:15:39.708580Z  WARN herdr::raw_input: flushing lone escape after input timeout; if this follows an alt chord or focus switch it may reach the pane as plain esc bytes=[27]
2026-08-29T14:15:39.708967Z  WARN herdr::raw_input: flushing lone escape after input timeout; if this follows an alt chord or focus switch it may reach the pane as plain esc bytes=[27]
2026-08-29T14:15:39.926575Z  WARN herdr::raw_input: flushing lone escape after input timeout; if this follows an alt chord or focus switch it may reach the pane as plain esc bytes=[27]
2026-08-29T14:15:39.927011Z  WARN herdr::raw_input: flushing lone escape after input timeout; if this follows an alt chord or focus switch it may reach the pane as plain esc bytes=[27]
2026-08-29T14:15:44.066299Z  WARN herdr::raw_input: flushing lone escape after input timeout; if this follows an alt chord or focus switch it may reach the pane as plain esc bytes=[27]
2026-08-29T14:15:44.066729Z  WARN herdr::raw_input: flushing lone escape after input timeout; if this follows an alt chord or focus switch it may reach the pane as plain esc bytes=[27]
2026-08-29T14:15:44.253814Z  WARN herdr::raw_input: flushing lone escape after input timeout; if this follows an alt chord or focus switch it may reach the pane as plain esc bytes=[27]
2026-08-29T14:15:44.254181Z  WARN herdr::raw_input: flushing lone escape after input timeout; if this follows an alt chord or focus switch it may reach the pane as plain esc bytes=[27]
2026-08-29T14:16:24.963274Z  WARN herdr::raw_input: flushing lone escape after input timeout; if this follows an alt chord or focus switch it may reach the pane as plain esc bytes=[27]
2026-08-29T14:16:24.964314Z  WARN herdr::raw_input: flushing lone escape after input timeout; if this follows an alt chord or focus switch it may reach the pane as plain esc bytes=[27]
2026-08-29T14:16:58.034500Z  WARN herdr::raw_input: flushing lone escape after input timeout; if this follows an alt chord or focus switch it may reach the pane as plain esc bytes=[27]
2026-08-29T14:16:58.035509Z  WARN herdr::raw_input: flushing lone escape after input timeout; if this follows an alt chord or focus switch it may reach the pane as plain esc bytes=[27]
2026-08-29T14:17:05.205208Z  WARN herdr::raw_input: flushing lone escape after input timeout; if this follows an alt chord or focus switch it may reach the pane as plain esc bytes=[27]
2026-08-29T14:17:05.206253Z  WARN herdr::raw_input: flushing lone escape after input timeout; if this follows an alt chord or focus switch it may reach the pane as plain esc bytes=[27]
2026-08-29T14:33:50.059623Z  WARN herdr::raw_input: flushing lone escape after input timeout; if this follows an alt chord or focus switch it may reach the pane as plain esc bytes=[27]
2026-08-29T14:33:50.062153Z  WARN herdr::raw_input: flushing lone escape after input timeout; if this follows an alt chord or focus switch it may reach the pane as plain esc bytes=[27]
2026-08-29T14:34:03.370300Z  WARN herdr::raw_input: flushing lone escape after input timeout; if this follows an alt chord or focus switch it may reach the pane as plain esc bytes=[27]
2026-08-29T14:34:03.370651Z  WARN herdr::raw_input: flushing lone escape after input timeout; if this follows an alt chord or focus switch it may reach the pane as plain esc bytes=[27]
2026-08-29T14:35:39.136843Z  WARN herdr::raw_input: flushing lone escape after input timeout; if this follows an alt chord or focus switch it may reach the pane as plain esc bytes=[27]
2026-08-29T14:35:39.137694Z  WARN herdr::raw_input: flushing lone escape after input timeout; if this follows an alt chord or focus switch it may reach the pane as plain esc bytes=[27]
2026-08-29T14:35:47.228992Z  WARN herdr::raw_input: flushing lone escape after input timeout; if this follows an alt chord or focus switch it may reach the pane as plain esc bytes=[27]
2026-08-29T14:35:47.229589Z  WARN herdr::raw_input: flushing lone escape after input timeout; if this follows an alt chord or focus switch it may reach the pane as plain esc bytes=[27]
2026-08-29T14:36:22.687859Z  WARN herdr::raw_input: flushing lone escape after input timeout; if this follows an alt chord or focus switch it may reach the pane as plain esc bytes=[27]
2026-08-29T14:36:22.690037Z  WARN herdr::raw_input: flushing lone escape after input timeout; if this follows an alt chord or focus switch it may reach the pane as plain esc bytes=[27]
2026-08-29T14:37:50.781322Z  WARN herdr::raw_input: flushing lone escape after input timeout; if this follows an alt chord or focus switch it may reach the pane as plain esc bytes=[27]
2026-08-29T14:37:50.783568Z  WARN herdr::raw_input: flushing lone escape after input timeout; if this follows an alt chord or focus switch it may reach the pane as plain esc bytes=[27]
2026-08-29T14:38:39.328396Z  WARN herdr::raw_input: flushing lone escape after input timeout; if this follows an alt chord or focus switch it may reach the pane as plain esc bytes=[27]
2026-08-29T14:38:39.328798Z  WARN herdr::raw_input: flushing lone escape after input timeout; if this follows an alt chord or focus switch it may reach the pane as plain esc bytes=[27]
2026-08-29T14:38:58.303702Z  WARN herdr::raw_input: flushing lone escape after input timeout; if this follows an alt chord or focus switch it may reach the pane as plain esc bytes=[27]
2026-08-29T14:38:58.304745Z  WARN herdr::raw_input: flushing lone escape after input timeout; if this follows an alt chord or focus switch it may reach the pane as plain esc bytes=[27]
2026-08-29T14:39:11.637714Z  WARN herdr::raw_input: flushing lone escape after input timeout; if this follows an alt chord or focus switch it may reach the pane as plain esc bytes=[27]
2026-08-29T14:39:11.638566Z  WARN herdr::raw_input: flushing lone escape after input timeout; if this follows an alt chord or focus switch it may reach the pane as plain esc bytes=[27]
2026-08-29T14:40:49.039276Z  WARN herdr::raw_input: flushing lone escape after input timeout; if this follows an alt chord or focus switch it may reach the pane as plain esc bytes=[27]
2026-08-29T14:40:49.041033Z  WARN herdr::raw_input: flushing lone escape after input timeout; if this follows an alt chord or focus switch it may reach the pane as plain esc bytes=[27]
2026-08-29T14:41:32.001768Z  WARN herdr::raw_input: flushing lone escape after input timeout; if this follows an alt chord or focus switch it may reach the pane as plain esc bytes=[27]
2026-08-29T14:41:32.002983Z  WARN herdr::raw_input: flushing lone escape after input timeout; if this follows an alt chord or focus switch it may reach the pane as plain esc bytes=[27]
2026-08-29T14:43:03.247859Z  WARN herdr::raw_input: flushing lone escape after input timeout; if this follows an alt chord or focus switch it may reach the pane as plain esc bytes=[27]
2026-08-29T14:43:03.248228Z  WARN herdr::raw_input: flushing lone escape after input timeout; if this follows an alt chord or focus switch it may reach the pane as plain esc bytes=[27]
2026-08-29T14:44:08.130377Z  WARN herdr::raw_input: flushing lone escape after input timeout; if this follows an alt chord or focus switch it may reach the pane as plain esc bytes=[27]
2026-08-29T14:44:08.131418Z  WARN herdr::raw_input: flushing lone escape after input timeout; if this follows an alt chord or focus switch it may reach the pane as plain esc bytes=[27]
2026-08-29T14:44:26.230962Z  WARN herdr::raw_input: flushing lone escape after input timeout; if this follows an alt chord or focus switch it may reach the pane as plain esc bytes=[27]
2026-08-29T14:44:26.231293Z  WARN herdr::raw_input: flushing lone escape after input timeout; if this follows an alt chord or focus switch it may reach the pane as plain esc bytes=[27]
2026-08-29T14:44:36.622233Z  WARN herdr::raw_input: flushing lone escape after input timeout; if this follows an alt chord or focus switch it may reach the pane as plain esc bytes=[27]
2026-08-29T14:44:36.623296Z  WARN herdr::raw_input: flushing lone escape after input timeout; if this follows an alt chord or focus switch it may reach the pane as plain esc bytes=[27]
2026-08-29T14:45:02.181625Z  WARN herdr::raw_input: flushing lone escape after input timeout; if this follows an alt chord or focus switch it may reach the pane as plain esc bytes=[27]
2026-08-29T14:45:02.183226Z  WARN herdr::raw_input: flushing lone escape after input timeout; if this follows an alt chord or focus switch it may reach the pane as plain esc bytes=[27]
2026-08-29T14:45:17.555625Z  WARN herdr::raw_input: flushing lone escape after input timeout; if this follows an alt chord or focus switch it may reach the pane as plain esc bytes=[27]
2026-08-29T14:45:17.556758Z  WARN herdr::raw_input: flushing lone escape after input timeout; if this follows an alt chord or focus switch it may reach the pane as plain esc bytes=[27]
2026-08-29T14:45:21.556539Z  WARN herdr::raw_input: flushing lone escape after input timeout; if this follows an alt chord or focus switch it may reach the pane as plain esc bytes=[27]
2026-08-29T14:45:21.556615Z  WARN herdr::raw_input: flushing lone escape after input timeout; if this follows an alt chord or focus switch it may reach the pane as plain esc bytes=[27]
2026-08-29T14:45:41.285482Z  WARN herdr::raw_input: flushing lone escape after input timeout; if this follows an alt chord or focus switch it may reach the pane as plain esc bytes=[27]
2026-08-29T14:45:41.286602Z  WARN herdr::raw_input: flushing lone escape after input timeout; if this follows an alt chord or focus switch it may reach the pane as plain esc bytes=[27]
2026-08-29T14:45:50.563305Z  WARN herdr::raw_input: flushing lone escape after input timeout; if this follows an alt chord or focus switch it may reach the pane as plain esc bytes=[27]
2026-08-29T14:45:50.564339Z  WARN herdr::raw_input: flushing lone escape after input timeout; if this follows an alt chord or focus switch it may reach the pane as plain esc bytes=[27]
2026-08-29T14:46:19.256984Z  WARN herdr::raw_input: flushing lone escape after input timeout; if this follows an alt chord or focus switch it may reach the pane as plain esc bytes=[27]
2026-08-29T14:46:19.257082Z  WARN herdr::raw_input: flushing lone escape after input timeout; if this follows an alt chord or focus switch it may reach the pane as plain esc bytes=[27]
2026-08-29T14:46:22.662215Z  WARN herdr::raw_input: flushing lone escape after input timeout; if this follows an alt chord or focus switch it may reach the pane as plain esc bytes=[27]
2026-08-29T14:46:22.662294Z  WARN herdr::raw_input: flushing lone escape after input timeout; if this follows an alt chord or focus switch it may reach the pane as plain esc bytes=[27]
2026-08-29T14:46:27.039140Z  WARN herdr::raw_input: flushing lone escape after input timeout; if this follows an alt chord or focus switch it may reach the pane as plain esc bytes=[27]
2026-08-29T14:46:27.039236Z  WARN herdr::raw_input: flushing lone escape after input timeout; if this follows an alt chord or focus switch it may reach the pane as plain esc bytes=[27]
2026-08-29T14:54:40.988603Z  WARN herdr::raw_input: flushing lone escape after input timeout; if this follows an alt chord or focus switch it may reach the pane as plain esc bytes=[27]
2026-08-29T14:54:40.989583Z  WARN herdr::raw_input: flushing lone escape after input timeout; if this follows an alt chord or focus switch it may reach the pane as plain esc bytes=[27]
2026-08-29T14:55:20.030537Z  WARN herdr::raw_input: flushing lone escape after input timeout; if this follows an alt chord or focus switch it may reach the pane as plain esc bytes=[27]
2026-08-29T14:55:20.031671Z  WARN herdr::raw_input: flushing lone escape after input timeout; if this follows an alt chord or focus switch it may reach the pane as plain esc bytes=[27]
2026-08-29T14:55:34.538661Z  WARN herdr::raw_input: flushing lone escape after input timeout; if this follows an alt chord or focus switch it may reach the pane as plain esc bytes=[27]
2026-08-29T14:55:34.539660Z  WARN herdr::raw_input: flushing lone escape after input timeout; if this follows an alt chord or focus switch it may reach the pane as plain esc bytes=[27]
2026-08-29T14:55:54.995232Z  WARN herdr::raw_input: flushing lone escape after input timeout; if this follows an alt chord or focus switch it may reach the pane as plain esc bytes=[27]
2026-08-29T14:55:54.996262Z  WARN herdr::raw_input: flushing lone escape after input timeout; if this follows an alt chord or focus switch it may reach the pane as plain esc bytes=[27]
2026-08-29T14:56:06.722054Z  WARN herdr::raw_input: flushing lone escape after input timeout; if this follows an alt chord or focus switch it may reach the pane as plain esc bytes=[27]
2026-08-29T14:56:06.723108Z  WARN herdr::raw_input: flushing lone escape after input timeout; if this follows an alt chord or focus switch it may reach the pane as plain esc bytes=[27]
2026-08-29T14:56:50.322971Z  WARN herdr::raw_input: flushing lone escape after input timeout; if this follows an alt chord or focus switch it may reach the pane as plain esc bytes=[27]
2026-08-29T14:56:50.323551Z  WARN herdr::raw_input: flushing lone escape after input timeout; if this follows an alt chord or focus switch it may reach the pane as plain esc bytes=[27]
2026-08-29T14:58:06.083973Z  WARN herdr::raw_input: flushing lone escape after input timeout; if this follows an alt chord or focus switch it may reach the pane as plain esc bytes=[27]
2026-08-29T14:58:06.085419Z  WARN herdr::raw_input: flushing lone escape after input timeout; if this follows an alt chord or focus switch it may reach the pane as plain esc bytes=[27]
2026-08-29T14:58:40.309813Z  WARN herdr::raw_input: flushing lone escape after input timeout; if this follows an alt chord or focus switch it may reach the pane as plain esc bytes=[27]
2026-08-29T14:58:40.312308Z  WARN herdr::raw_input: flushing lone escape after input timeout; if this follows an alt chord or focus switch it may reach the pane as plain esc bytes=[27]
2026-08-29T15:00:04.226103Z  WARN herdr::raw_input: flushing lone escape after input timeout; if this follows an alt chord or focus switch it may reach the pane as plain esc bytes=[27]
2026-08-29T15:00:04.227393Z  WARN herdr::raw_input: flushing lone escape after input timeout; if this follows an alt chord or focus switch it may reach the pane as plain esc bytes=[27]
2026-08-29T15:01:42.831309Z  WARN herdr::raw_input: flushing lone escape after input timeout; if this follows an alt chord or focus switch it may reach the pane as plain esc bytes=[27]
2026-08-29T15:01:42.832899Z  WARN herdr::raw_input: flushing lone escape after input timeout; if this follows an alt chord or focus switch it may reach the pane as plain esc bytes=[27]
2026-08-29T15:02:32.298664Z  WARN herdr::raw_input: flushing lone escape after input timeout; if this follows an alt chord or focus switch it may reach the pane as plain esc bytes=[27]
2026-08-29T15:02:32.300571Z  WARN herdr::raw_input: flushing lone escape after input timeout; if this follows an alt chord or focus switch it may reach the pane as plain esc bytes=[27]
2026-08-29T15:02:42.304239Z  WARN herdr::raw_input: flushing lone escape after input timeout; if this follows an alt chord or focus switch it may reach the pane as plain esc bytes=[27]
2026-08-29T15:02:42.304429Z  WARN herdr::raw_input: flushing lone escape after input timeout; if this follows an alt chord or focus switch it may reach the pane as plain esc bytes=[27]
2026-08-29T15:02:56.962521Z  WARN herdr::raw_input: flushing lone escape after input timeout; if this follows an alt chord or focus switch it may reach the pane as plain esc bytes=[27]
2026-08-29T15:02:56.963536Z  WARN herdr::raw_input: flushing lone escape after input timeout; if this follows an alt chord or focus switch it may reach the pane as plain esc bytes=[27]
2026-08-29T15:03:11.306916Z  WARN herdr::raw_input: flushing lone escape after input timeout; if this follows an alt chord or focus switch it may reach the pane as plain esc bytes=[27]
2026-08-29T15:03:11.307473Z  WARN herdr::raw_input: flushing lone escape after input timeout; if this follows an alt chord or focus switch it may reach the pane as plain esc bytes=[27]
2026-08-29T15:03:20.106695Z  WARN herdr::raw_input: flushing lone escape after input timeout; if this follows an alt chord or focus switch it may reach the pane as plain esc bytes=[27]
2026-08-29T15:03:20.107745Z  WARN herdr::raw_input: flushing lone escape after input timeout; if this follows an alt chord or focus switch it may reach the pane as plain esc bytes=[27]
2026-08-30T13:16:02.596777Z  WARN herdr::raw_input: flushing lone escape after input timeout; if this follows an alt chord or focus switch it may reach the pane as plain esc bytes=[27]
2026-08-30T13:16:02.597502Z  WARN herdr::raw_input: flushing lone escape after input timeout; if this follows an alt chord or focus switch it may reach the pane as plain esc bytes=[27]
2026-08-30T13:17:37.269008Z  WARN herdr::raw_input: flushing lone escape after input timeout; if this follows an alt chord or focus switch it may reach the pane as plain esc bytes=[27]
2026-08-30T13:17:37.269503Z  WARN herdr::raw_input: flushing lone escape after input timeout; if this follows an alt chord or focus switch it may reach the pane as plain esc bytes=[27]
2026-08-30T13:17:39.964845Z  WARN herdr::raw_input: flushing lone escape after input timeout; if this follows an alt chord or focus switch it may reach the pane as plain esc bytes=[27]
2026-08-30T13:17:39.965243Z  WARN herdr::raw_input: flushing lone escape after input timeout; if this follows an alt chord or focus switch it may reach the pane as plain esc bytes=[27]
2026-08-30T13:17:55.103662Z  WARN herdr::raw_input: flushing lone escape after input timeout; if this follows an alt chord or focus switch it may reach the pane as plain esc bytes=[27]
2026-08-30T13:17:55.103865Z  WARN herdr::raw_input: flushing lone escape after input timeout; if this follows an alt chord or focus switch it may reach the pane as plain esc bytes=[27]
2026-08-30T13:18:24.062356Z  WARN herdr::raw_input: flushing lone escape after input timeout; if this follows an alt chord or focus switch it may reach the pane as plain esc bytes=[27]
2026-08-30T13:18:24.062469Z  WARN herdr::raw_input: flushing lone escape after input timeout; if this follows an alt chord or focus switch it may reach the pane as plain esc bytes=[27]
2026-08-30T13:19:30.336264Z  WARN herdr::raw_input: flushing lone escape after input timeout; if this follows an alt chord or focus switch it may reach the pane as plain esc bytes=[27]
2026-08-30T13:19:30.336730Z  WARN herdr::raw_input: flushing lone escape after input timeout; if this follows an alt chord or focus switch it may reach the pane as plain esc bytes=[27]
2026-08-30T13:21:23.834541Z  WARN herdr::raw_input: flushing lone escape after input timeout; if this follows an alt chord or focus switch it may reach the pane as plain esc bytes=[27]
2026-08-30T13:21:23.834768Z  WARN herdr::raw_input: flushing lone escape after input timeout; if this follows an alt chord or focus switch it may reach the pane as plain esc bytes=[27]
2026-08-30T13:21:27.413695Z  WARN herdr::raw_input: flushing lone escape after input timeout; if this follows an alt chord or focus switch it may reach the pane as plain esc bytes=[27]
2026-08-30T13:21:27.413825Z  WARN herdr::raw_input: flushing lone escape after input timeout; if this follows an alt chord or focus switch it may reach the pane as plain esc bytes=[27]
2026-08-30T13:22:24.258234Z  WARN herdr::raw_input: flushing lone escape after input timeout; if this follows an alt chord or focus switch it may reach the pane as plain esc bytes=[27]
2026-08-30T13:22:24.258642Z  WARN herdr::raw_input: flushing lone escape after input timeout; if this follows an alt chord or focus switch it may reach the pane as plain esc bytes=[27]
2026-08-30T13:22:35.358376Z  WARN herdr::raw_input: flushing lone escape after input timeout; if this follows an alt chord or focus switch it may reach the pane as plain esc bytes=[27]
2026-08-30T13:22:35.359106Z  WARN herdr::raw_input: flushing lone escape after input timeout; if this follows an alt chord or focus switch it may reach the pane as plain esc bytes=[27]
2026-08-30T13:24:00.642470Z  WARN herdr::raw_input: flushing lone escape after input timeout; if this follows an alt chord or focus switch it may reach the pane as plain esc bytes=[27]
2026-08-30T13:24:00.642568Z  WARN herdr::raw_input: flushing lone escape after input timeout; if this follows an alt chord or focus switch it may reach the pane as plain esc bytes=[27]
2026-08-30T13:24:11.231639Z  WARN herdr::raw_input: flushing lone escape after input timeout; if this follows an alt chord or focus switch it may reach the pane as plain esc bytes=[27]
2026-08-30T13:24:11.232081Z  WARN herdr::raw_input: flushing lone escape after input timeout; if this follows an alt chord or focus switch it may reach the pane as plain esc bytes=[27]
2026-08-30T13:24:40.586086Z  WARN herdr::raw_input: flushing lone escape after input timeout; if this follows an alt chord or focus switch it may reach the pane as plain esc bytes=[27]
2026-08-30T13:24:40.586324Z  WARN herdr::raw_input: flushing lone escape after input timeout; if this follows an alt chord or focus switch it may reach the pane as plain esc bytes=[27]
2026-08-30T13:25:48.480955Z  WARN herdr::raw_input: flushing lone escape after input timeout; if this follows an alt chord or focus switch it may reach the pane as plain esc bytes=[27]
2026-08-30T13:25:48.481205Z  WARN herdr::raw_input: flushing lone escape after input timeout; if this follows an alt chord or focus switch it may reach the pane as plain esc bytes=[27]
2026-08-30T13:25:55.849004Z  WARN herdr::raw_input: flushing lone escape after input timeout; if this follows an alt chord or focus switch it may reach the pane as plain esc bytes=[27]
2026-08-30T13:25:55.849461Z  WARN herdr::raw_input: flushing lone escape after input timeout; if this follows an alt chord or focus switch it may reach the pane as plain esc bytes=[27]
2026-08-30T13:26:06.644839Z  WARN herdr::raw_input: flushing lone escape after input timeout; if this follows an alt chord or focus switch it may reach the pane as plain esc bytes=[27]
2026-08-30T13:26:06.644961Z  WARN herdr::raw_input: flushing lone escape after input timeout; if this follows an alt chord or focus switch it may reach the pane as plain esc bytes=[27]
2026-08-30T13:26:53.291472Z  WARN herdr::raw_input: flushing lone escape after input timeout; if this follows an alt chord or focus switch it may reach the pane as plain esc bytes=[27]
2026-08-30T13:26:53.291599Z  WARN herdr::raw_input: flushing lone escape after input timeout; if this follows an alt chord or focus switch it may reach the pane as plain esc bytes=[27]
2026-08-30T13:27:29.493512Z  WARN herdr::raw_input: flushing lone escape after input timeout; if this follows an alt chord or focus switch it may reach the pane as plain esc bytes=[27]
2026-08-30T13:27:29.493728Z  WARN herdr::raw_input: flushing lone escape after input timeout; if this follows an alt chord or focus switch it may reach the pane as plain esc bytes=[27]
2026-08-30T13:29:39.093763Z  WARN herdr::raw_input: flushing lone escape after input timeout; if this follows an alt chord or focus switch it may reach the pane as plain esc bytes=[27]
2026-08-30T13:29:39.094176Z  WARN herdr::raw_input: flushing lone escape after input timeout; if this follows an alt chord or focus switch it may reach the pane as plain esc bytes=[27]
2026-08-30T13:29:46.976089Z  WARN herdr::raw_input: flushing lone escape after input timeout; if this follows an alt chord or focus switch it may reach the pane as plain esc bytes=[27]
2026-08-30T13:29:46.976543Z  WARN herdr::raw_input: flushing lone escape after input timeout; if this follows an alt chord or focus switch it may reach the pane as plain esc bytes=[27]
2026-08-30T13:30:36.777555Z  WARN herdr::raw_input: flushing lone escape after input timeout; if this follows an alt chord or focus switch it may reach the pane as plain esc bytes=[27]
2026-08-30T13:30:36.778218Z  WARN herdr::raw_input: flushing lone escape after input timeout; if this follows an alt chord or focus switch it may reach the pane as plain esc bytes=[27]
2026-08-30T13:30:47.401847Z  WARN herdr::raw_input: flushing lone escape after input timeout; if this follows an alt chord or focus switch it may reach the pane as plain esc bytes=[27]
2026-08-30T13:30:47.402059Z  WARN herdr::raw_input: flushing lone escape after input timeout; if this follows an alt chord or focus switch it may reach the pane as plain esc bytes=[27]
2026-08-30T13:31:32.027781Z  WARN herdr::raw_input: flushing lone escape after input timeout; if this follows an alt chord or focus switch it may reach the pane as plain esc bytes=[27]
2026-08-30T13:31:32.028417Z  WARN herdr::raw_input: flushing lone escape after input timeout; if this follows an alt chord or focus switch it may reach the pane as plain esc bytes=[27]
2026-08-30T13:35:01.571829Z  WARN herdr::raw_input: flushing lone escape after input timeout; if this follows an alt chord or focus switch it may reach the pane as plain esc bytes=[27]
2026-08-30T13:35:01.572071Z  WARN herdr::raw_input: flushing lone escape after input timeout; if this follows an alt chord or focus switch it may reach the pane as plain esc bytes=[27]
2026-08-30T13:35:14.040019Z  WARN herdr::raw_input: flushing lone escape after input timeout; if this follows an alt chord or focus switch it may reach the pane as plain esc bytes=[27]
2026-08-30T13:35:14.040424Z  WARN herdr::raw_input: flushing lone escape after input timeout; if this follows an alt chord or focus switch it may reach the pane as plain esc bytes=[27]
2026-08-30T13:36:21.890642Z  WARN herdr::raw_input: flushing lone escape after input timeout; if this follows an alt chord or focus switch it may reach the pane as plain esc bytes=[27]
2026-08-30T13:36:21.891065Z  WARN herdr::raw_input: flushing lone escape after input timeout; if this follows an alt chord or focus switch it may reach the pane as plain esc bytes=[27]
2026-08-30T13:36:33.856599Z  WARN herdr::raw_input: flushing lone escape after input timeout; if this follows an alt chord or focus switch it may reach the pane as plain esc bytes=[27]
2026-08-30T13:36:33.857302Z  WARN herdr::raw_input: flushing lone escape after input timeout; if this follows an alt chord or focus switch it may reach the pane as plain esc bytes=[27]
2026-08-30T14:15:54.568471Z  WARN herdr::raw_input: flushing lone escape after input timeout; if this follows an alt chord or focus switch it may reach the pane as plain esc bytes=[27]
2026-08-30T14:15:54.569011Z  WARN herdr::raw_input: flushing lone escape after input timeout; if this follows an alt chord or focus switch it may reach the pane as plain esc bytes=[27]
2026-08-30T14:16:29.360999Z  WARN herdr::raw_input: flushing lone escape after input timeout; if this follows an alt chord or focus switch it may reach the pane as plain esc bytes=[27]
2026-08-30T14:16:29.361105Z  WARN herdr::raw_input: flushing lone escape after input timeout; if this follows an alt chord or focus switch it may reach the pane as plain esc bytes=[27]
2026-08-30T14:17:15.358812Z  WARN herdr::raw_input: flushing lone escape after input timeout; if this follows an alt chord or focus switch it may reach the pane as plain esc bytes=[27]
2026-08-30T14:17:15.358913Z  WARN herdr::raw_input: flushing lone escape after input timeout; if this follows an alt chord or focus switch it may reach the pane as plain esc bytes=[27]
2026-08-30T14:17:28.180598Z  WARN herdr::raw_input: flushing lone escape after input timeout; if this follows an alt chord or focus switch it may reach the pane as plain esc bytes=[27]
2026-08-30T14:17:28.180693Z  WARN herdr::raw_input: flushing lone escape after input timeout; if this follows an alt chord or focus switch it may reach the pane as plain esc bytes=[27]
2026-08-30T14:17:47.929411Z  WARN herdr::raw_input: flushing lone escape after input timeout; if this follows an alt chord or focus switch it may reach the pane as plain esc bytes=[27]
2026-08-30T14:17:47.929509Z  WARN herdr::raw_input: flushing lone escape after input timeout; if this follows an alt chord or focus switch it may reach the pane as plain esc bytes=[27]
2026-08-30T14:18:50.851808Z  WARN herdr::raw_input: flushing lone escape after input timeout; if this follows an alt chord or focus switch it may reach the pane as plain esc bytes=[27]
2026-08-30T14:18:50.851901Z  WARN herdr::raw_input: flushing lone escape after input timeout; if this follows an alt chord or focus switch it may reach the pane as plain esc bytes=[27]
2026-08-30T14:19:15.250824Z  WARN herdr::raw_input: flushing lone escape after input timeout; if this follows an alt chord or focus switch it may reach the pane as plain esc bytes=[27]
2026-08-30T14:19:15.251165Z  WARN herdr::raw_input: flushing lone escape after input timeout; if this follows an alt chord or focus switch it may reach the pane as plain esc bytes=[27]
2026-08-31T03:32:58.259293Z  WARN herdr::raw_input: flushing lone escape after input timeout; if this follows an alt chord or focus switch it may reach the pane as plain esc bytes=[27]
2026-08-31T03:32:58.259868Z  WARN herdr::raw_input: flushing lone escape after input timeout; if this follows an alt chord or focus switch it may reach the pane as plain esc bytes=[27]
2026-08-31T03:33:45.796400Z  WARN herdr::raw_input: flushing lone escape after input timeout; if this follows an alt chord or focus switch it may reach the pane as plain esc bytes=[27]
2026-08-31T03:33:45.797466Z  WARN herdr::raw_input: flushing lone escape after input timeout; if this follows an alt chord or focus switch it may reach the pane as plain esc bytes=[27]
2026-08-31T13:51:30.401510Z  WARN herdr::raw_input: flushing lone escape after input timeout; if this follows an alt chord or focus switch it may reach the pane as plain esc bytes=[27]
2026-08-31T13:51:30.402533Z  WARN herdr::raw_input: flushing lone escape after input timeout; if this follows an alt chord or focus switch it may reach the pane as plain esc bytes=[27]
2026-08-31T13:51:39.883643Z  WARN herdr::raw_input: flushing lone escape after input timeout; if this follows an alt chord or focus switch it may reach the pane as plain esc bytes=[27]
2026-08-31T13:51:39.883884Z  WARN herdr::raw_input: flushing lone escape after input timeout; if this follows an alt chord or focus switch it may reach the pane as plain esc bytes=[27]
2026-09-01T01:07:37.432761Z  WARN herdr::raw_input: flushing lone escape after input timeout; if this follows an alt chord or focus switch it may reach the pane as plain esc bytes=[27]
2026-09-01T01:07:37.435637Z  WARN herdr::raw_input: flushing lone escape after input timeout; if this follows an alt chord or focus switch it may reach the pane as plain esc bytes=[27]
2026-09-01T01:08:08.410008Z  WARN herdr::raw_input: flushing lone escape after input timeout; if this follows an alt chord or focus switch it may reach the pane as plain esc bytes=[27]
2026-09-01T01:08:08.411045Z  WARN herdr::raw_input: flushing lone escape after input timeout; if this follows an alt chord or focus switch it may reach the pane as plain esc bytes=[27]
2026-09-01T03:45:45.350959Z  WARN herdr::raw_input: flushing lone escape after input timeout; if this follows an alt chord or focus switch it may reach the pane as plain esc bytes=[27]
2026-09-01T03:45:45.351923Z  WARN herdr::raw_input: flushing lone escape after input timeout; if this follows an alt chord or focus switch it may reach the pane as plain esc bytes=[27]
2026-09-01T03:45:46.325811Z  WARN herdr::raw_input: flushing lone escape after input timeout; if this follows an alt chord or focus switch it may reach the pane as plain esc bytes=[27]
2026-09-01T03:45:46.326176Z  WARN herdr::raw_input: flushing lone escape after input timeout; if this follows an alt chord or focus switch it may reach the pane as plain esc bytes=[27]
2026-09-02T02:49:53.185561Z  WARN herdr::raw_input: flushing lone escape after input timeout; if this follows an alt chord or focus switch it may reach the pane as plain esc bytes=[27]
2026-09-02T02:49:53.186569Z  WARN herdr::raw_input: flushing lone escape after input timeout; if this follows an alt chord or focus switch it may reach the pane as plain esc bytes=[27]
2026-09-02T02:49:57.057598Z  WARN herdr::raw_input: flushing lone escape after input timeout; if this follows an alt chord or focus switch it may reach the pane as plain esc bytes=[27]
2026-09-02T02:49:57.057742Z  WARN herdr::raw_input: flushing lone escape after input timeout; if this follows an alt chord or focus switch it may reach the pane as plain esc bytes=[27]
2026-09-02T02:50:07.177271Z  WARN herdr::raw_input: flushing lone escape after input timeout; if this follows an alt chord or focus switch it may reach the pane as plain esc bytes=[27]
2026-09-02T02:50:07.179239Z  WARN herdr::raw_input: flushing lone escape after input timeout; if this follows an alt chord or focus switch it may reach the pane as plain esc bytes=[27]
2026-09-02T02:51:06.758311Z  WARN herdr::raw_input: flushing lone escape after input timeout; if this follows an alt chord or focus switch it may reach the pane as plain esc bytes=[27]
2026-09-02T02:51:06.758673Z  WARN herdr::raw_input: flushing lone escape after input timeout; if this follows an alt chord or focus switch it may reach the pane as plain esc bytes=[27]
2026-09-02T02:51:12.687556Z  WARN herdr::raw_input: flushing lone escape after input timeout; if this follows an alt chord or focus switch it may reach the pane as plain esc bytes=[27]
2026-09-02T02:51:12.687908Z  WARN herdr::raw_input: flushing lone escape after input timeout; if this follows an alt chord or focus switch it may reach the pane as plain esc bytes=[27]
2026-09-02T02:51:19.125093Z  WARN herdr::raw_input: flushing lone escape after input timeout; if this follows an alt chord or focus switch it may reach the pane as plain esc bytes=[27]
2026-09-02T02:51:19.125432Z  WARN herdr::raw_input: flushing lone escape after input timeout; if this follows an alt chord or focus switch it may reach the pane as plain esc bytes=[27]
2026-09-02T02:51:30.536155Z  WARN herdr::raw_input: flushing lone escape after input timeout; if this follows an alt chord or focus switch it may reach the pane as plain esc bytes=[27]
2026-09-02T02:51:30.536435Z  WARN herdr::raw_input: flushing lone escape after input timeout; if this follows an alt chord or focus switch it may reach the pane as plain esc bytes=[27]
2026-09-02T02:54:00.566895Z  WARN herdr::raw_input: flushing lone escape after input timeout; if this follows an alt chord or focus switch it may reach the pane as plain esc bytes=[27]
2026-09-02T02:54:00.568801Z  WARN herdr::raw_input: flushing lone escape after input timeout; if this follows an alt chord or focus switch it may reach the pane as plain esc bytes=[27]
2026-09-02T02:54:39.191755Z  WARN herdr::raw_input: flushing lone escape after input timeout; if this follows an alt chord or focus switch it may reach the pane as plain esc bytes=[27]
2026-09-02T02:54:39.192519Z  WARN herdr::raw_input: flushing lone escape after input timeout; if this follows an alt chord or focus switch it may reach the pane as plain esc bytes=[27]
2026-09-02T02:54:53.807354Z  WARN herdr::raw_input: flushing lone escape after input timeout; if this follows an alt chord or focus switch it may reach the pane as plain esc bytes=[27]
2026-09-02T02:54:53.807832Z  WARN herdr::raw_input: flushing lone escape after input timeout; if this follows an alt chord or focus switch it may reach the pane as plain esc bytes=[27]
2026-09-02T02:54:54.028902Z  WARN herdr::raw_input: flushing lone escape after input timeout; if this follows an alt chord or focus switch it may reach the pane as plain esc bytes=[27]
2026-09-02T02:54:54.029304Z  WARN herdr::raw_input: flushing lone escape after input timeout; if this follows an alt chord or focus switch it may reach the pane as plain esc bytes=[27]
2026-09-02T02:55:49.729937Z  WARN herdr::raw_input: flushing lone escape after input timeout; if this follows an alt chord or focus switch it may reach the pane as plain esc bytes=[27]
2026-09-02T02:55:49.730559Z  WARN herdr::raw_input: flushing lone escape after input timeout; if this follows an alt chord or focus switch it may reach the pane as plain esc bytes=[27]
2026-09-02T02:55:51.453554Z  WARN herdr::raw_input: flushing lone escape after input timeout; if this follows an alt chord or focus switch it may reach the pane as plain esc bytes=[27]
2026-09-02T02:55:51.453733Z  WARN herdr::raw_input: flushing lone escape after input timeout; if this follows an alt chord or focus switch it may reach the pane as plain esc bytes=[27]
2026-09-02T02:56:47.689140Z  WARN herdr::raw_input: flushing lone escape after input timeout; if this follows an alt chord or focus switch it may reach the pane as plain esc bytes=[27]
2026-09-02T02:56:47.691061Z  WARN herdr::raw_input: flushing lone escape after input timeout; if this follows an alt chord or focus switch it may reach the pane as plain esc bytes=[27]
2026-09-02T02:56:47.878041Z  WARN herdr::raw_input: flushing lone escape after input timeout; if this follows an alt chord or focus switch it may reach the pane as plain esc bytes=[27]
2026-09-02T02:56:47.878481Z  WARN herdr::raw_input: flushing lone escape after input timeout; if this follows an alt chord or focus switch it may reach the pane as plain esc bytes=[27]
2026-09-02T03:07:16.325069Z  WARN herdr::raw_input: flushing lone escape after input timeout; if this follows an alt chord or focus switch it may reach the pane as plain esc bytes=[27]
2026-09-02T03:07:16.327325Z  WARN herdr::raw_input: flushing lone escape after input timeout; if this follows an alt chord or focus switch it may reach the pane as plain esc bytes=[27]
2026-09-02T03:07:36.248896Z  WARN herdr::raw_input: flushing lone escape after input timeout; if this follows an alt chord or focus switch it may reach the pane as plain esc bytes=[27]
2026-09-02T03:07:36.250581Z  WARN herdr::raw_input: flushing lone escape after input timeout; if this follows an alt chord or focus switch it may reach the pane as plain esc bytes=[27]
2026-09-02T03:37:22.043094Z  WARN herdr::raw_input: flushing lone escape after input timeout; if this follows an alt chord or focus switch it may reach the pane as plain esc bytes=[27]
2026-09-02T03:37:22.044523Z  WARN herdr::raw_input: flushing lone escape after input timeout; if this follows an alt chord or focus switch it may reach the pane as plain esc bytes=[27]
2026-09-02T03:37:38.183805Z  WARN herdr::raw_input: flushing lone escape after input timeout; if this follows an alt chord or focus switch it may reach the pane as plain esc bytes=[27]
2026-09-02T03:37:38.184924Z  WARN herdr::raw_input: flushing lone escape after input timeout; if this follows an alt chord or focus switch it may reach the pane as plain esc bytes=[27]
2026-09-02T03:37:42.129065Z  WARN herdr::raw_input: flushing lone escape after input timeout; if this follows an alt chord or focus switch it may reach the pane as plain esc bytes=[27]
2026-09-02T03:37:42.129715Z  WARN herdr::raw_input: flushing lone escape after input timeout; if this follows an alt chord or focus switch it may reach the pane as plain esc bytes=[27]
2026-09-02T03:37:55.431425Z  WARN herdr::raw_input: flushing lone escape after input timeout; if this follows an alt chord or focus switch it may reach the pane as plain esc bytes=[27]
2026-09-02T03:37:55.432757Z  WARN herdr::raw_input: flushing lone escape after input timeout; if this follows an alt chord or focus switch it may reach the pane as plain esc bytes=[27]
2026-09-02T03:38:32.080045Z  WARN herdr::raw_input: flushing lone escape after input timeout; if this follows an alt chord or focus switch it may reach the pane as plain esc bytes=[27]
2026-09-02T03:38:32.081036Z  WARN herdr::raw_input: flushing lone escape after input timeout; if this follows an alt chord or focus switch it may reach the pane as plain esc bytes=[27]
2026-09-02T03:38:47.922385Z  WARN herdr::raw_input: flushing lone escape after input timeout; if this follows an alt chord or focus switch it may reach the pane as plain esc bytes=[27]
2026-09-02T03:38:47.922825Z  WARN herdr::raw_input: flushing lone escape after input timeout; if this follows an alt chord or focus switch it may reach the pane as plain esc bytes=[27]
2026-09-02T03:38:48.235505Z  WARN herdr::raw_input: flushing lone escape after input timeout; if this follows an alt chord or focus switch it may reach the pane as plain esc bytes=[27]
2026-09-02T03:38:48.235644Z  WARN herdr::raw_input: flushing lone escape after input timeout; if this follows an alt chord or focus switch it may reach the pane as plain esc bytes=[27]
2026-09-02T03:48:33.954316Z  WARN herdr::raw_input: flushing lone escape after input timeout; if this follows an alt chord or focus switch it may reach the pane as plain esc bytes=[27]
2026-09-02T03:48:33.958107Z  WARN herdr::raw_input: flushing lone escape after input timeout; if this follows an alt chord or focus switch it may reach the pane as plain esc bytes=[27]
2026-09-02T03:49:30.160751Z  WARN herdr::raw_input: flushing lone escape after input timeout; if this follows an alt chord or focus switch it may reach the pane as plain esc bytes=[27]
2026-09-02T03:49:30.163546Z  WARN herdr::raw_input: flushing lone escape after input timeout; if this follows an alt chord or focus switch it may reach the pane as plain esc bytes=[27]
2026-09-02T04:10:11.262944Z  WARN herdr::raw_input: flushing lone escape after input timeout; if this follows an alt chord or focus switch it may reach the pane as plain esc bytes=[27]
2026-09-02T04:10:11.263589Z  WARN herdr::raw_input: flushing lone escape after input timeout; if this follows an alt chord or focus switch it may reach the pane as plain esc bytes=[27]
2026-09-02T04:10:50.912409Z  WARN herdr::raw_input: flushing lone escape after input timeout; if this follows an alt chord or focus switch it may reach the pane as plain esc bytes=[27]
2026-09-02T04:10:50.914343Z  WARN herdr::raw_input: flushing lone escape after input timeout; if this follows an alt chord or focus switch it may reach the pane as plain esc bytes=[27]
2026-09-02T05:23:29.074592Z  WARN herdr::raw_input: flushing lone escape after input timeout; if this follows an alt chord or focus switch it may reach the pane as plain esc bytes=[27]
2026-09-02T05:23:29.077851Z  WARN herdr::raw_input: flushing lone escape after input timeout; if this follows an alt chord or focus switch it may reach the pane as plain esc bytes=[27]
2026-09-02T05:23:33.996938Z  WARN herdr::raw_input: flushing lone escape after input timeout; if this follows an alt chord or focus switch it may reach the pane as plain esc bytes=[27]
2026-09-02T05:23:33.997256Z  WARN herdr::raw_input: flushing lone escape after input timeout; if this follows an alt chord or focus switch it may reach the pane as plain esc bytes=[27]
2026-09-02T05:23:51.529191Z  WARN herdr::raw_input: flushing lone escape after input timeout; if this follows an alt chord or focus switch it may reach the pane as plain esc bytes=[27]
2026-09-02T05:23:51.529675Z  WARN herdr::raw_input: flushing lone escape after input timeout; if this follows an alt chord or focus switch it may reach the pane as plain esc bytes=[27]
2026-09-02T05:24:07.989084Z  WARN herdr::raw_input: flushing lone escape after input timeout; if this follows an alt chord or focus switch it may reach the pane as plain esc bytes=[27]
2026-09-02T05:24:07.989269Z  WARN herdr::raw_input: flushing lone escape after input timeout; if this follows an alt chord or focus switch it may reach the pane as plain esc bytes=[27]
2026-09-02T05:24:09.429912Z  WARN herdr::raw_input: flushing lone escape after input timeout; if this follows an alt chord or focus switch it may reach the pane as plain esc bytes=[27]
2026-09-02T05:24:09.430308Z  WARN herdr::raw_input: flushing lone escape after input timeout; if this follows an alt chord or focus switch it may reach the pane as plain esc bytes=[27]
2026-09-02T05:24:11.137333Z  WARN herdr::raw_input: flushing lone escape after input timeout; if this follows an alt chord or focus switch it may reach the pane as plain esc bytes=[27]
2026-09-02T05:24:11.137506Z  WARN herdr::raw_input: flushing lone escape after input timeout; if this follows an alt chord or focus switch it may reach the pane as plain esc bytes=[27]
2026-09-02T05:26:14.960660Z  WARN herdr::raw_input: flushing lone escape after input timeout; if this follows an alt chord or focus switch it may reach the pane as plain esc bytes=[27]
2026-09-02T05:26:14.962134Z  WARN herdr::raw_input: flushing lone escape after input timeout; if this follows an alt chord or focus switch it may reach the pane as plain esc bytes=[27]
2026-09-02T05:26:31.070157Z  WARN herdr::raw_input: flushing lone escape after input timeout; if this follows an alt chord or focus switch it may reach the pane as plain esc bytes=[27]
2026-09-02T05:26:31.073807Z  WARN herdr::raw_input: flushing lone escape after input timeout; if this follows an alt chord or focus switch it may reach the pane as plain esc bytes=[27]
2026-09-02T05:37:58.464369Z  WARN herdr::raw_input: flushing lone escape after input timeout; if this follows an alt chord or focus switch it may reach the pane as plain esc bytes=[27]
2026-09-02T05:37:58.466464Z  WARN herdr::raw_input: flushing lone escape after input timeout; if this follows an alt chord or focus switch it may reach the pane as plain esc bytes=[27]
2026-09-02T05:39:55.005172Z  WARN herdr::raw_input: flushing lone escape after input timeout; if this follows an alt chord or focus switch it may reach the pane as plain esc bytes=[27]
2026-09-02T05:39:55.007509Z  WARN herdr::raw_input: flushing lone escape after input timeout; if this follows an alt chord or focus switch it may reach the pane as plain esc bytes=[27]
2026-09-02T05:43:33.230234Z  WARN herdr::raw_input: flushing lone escape after input timeout; if this follows an alt chord or focus switch it may reach the pane as plain esc bytes=[27]
2026-09-02T05:43:33.232265Z  WARN herdr::raw_input: flushing lone escape after input timeout; if this follows an alt chord or focus switch it may reach the pane as plain esc bytes=[27]
2026-09-02T05:43:44.450399Z  WARN herdr::raw_input: flushing lone escape after input timeout; if this follows an alt chord or focus switch it may reach the pane as plain esc bytes=[27]
2026-09-02T05:43:44.450847Z  WARN herdr::raw_input: flushing lone escape after input timeout; if this follows an alt chord or focus switch it may reach the pane as plain esc bytes=[27]
2026-09-02T05:43:44.627532Z  WARN herdr::raw_input: flushing lone escape after input timeout; if this follows an alt chord or focus switch it may reach the pane as plain esc bytes=[27]
2026-09-02T05:43:44.627925Z  WARN herdr::raw_input: flushing lone escape after input timeout; if this follows an alt chord or focus switch it may reach the pane as plain esc bytes=[27]
2026-09-02T05:44:03.648941Z  WARN herdr::raw_input: flushing lone escape after input timeout; if this follows an alt chord or focus switch it may reach the pane as plain esc bytes=[27]
2026-09-02T05:44:03.649937Z  WARN herdr::raw_input: flushing lone escape after input timeout; if this follows an alt chord or focus switch it may reach the pane as plain esc bytes=[27]
2026-09-02T05:45:04.038377Z  WARN herdr::raw_input: flushing lone escape after input timeout; if this follows an alt chord or focus switch it may reach the pane as plain esc bytes=[27]
2026-09-02T05:45:04.039573Z  WARN herdr::raw_input: flushing lone escape after input timeout; if this follows an alt chord or focus switch it may reach the pane as plain esc bytes=[27]
2026-09-02T05:45:40.982480Z  WARN herdr::raw_input: flushing lone escape after input timeout; if this follows an alt chord or focus switch it may reach the pane as plain esc bytes=[27]
2026-09-02T05:45:40.984148Z  WARN herdr::raw_input: flushing lone escape after input timeout; if this follows an alt chord or focus switch it may reach the pane as plain esc bytes=[27]
2026-09-02T05:45:51.695644Z  WARN herdr::raw_input: flushing lone escape after input timeout; if this follows an alt chord or focus switch it may reach the pane as plain esc bytes=[27]
2026-09-02T05:45:51.695994Z  WARN herdr::raw_input: flushing lone escape after input timeout; if this follows an alt chord or focus switch it may reach the pane as plain esc bytes=[27]
2026-09-02T05:45:59.269930Z  WARN herdr::raw_input: flushing lone escape after input timeout; if this follows an alt chord or focus switch it may reach the pane as plain esc bytes=[27]
2026-09-02T05:45:59.270689Z  WARN herdr::raw_input: flushing lone escape after input timeout; if this follows an alt chord or focus switch it may reach the pane as plain esc bytes=[27]
2026-09-02T05:51:11.578082Z  WARN herdr::raw_input: flushing lone escape after input timeout; if this follows an alt chord or focus switch it may reach the pane as plain esc bytes=[27]
2026-09-02T05:51:11.581019Z  WARN herdr::raw_input: flushing lone escape after input timeout; if this follows an alt chord or focus switch it may reach the pane as plain esc bytes=[27]
2026-09-02T05:55:04.297864Z  WARN herdr::raw_input: flushing lone escape after input timeout; if this follows an alt chord or focus switch it may reach the pane as plain esc bytes=[27]
2026-09-02T05:55:04.299749Z  WARN herdr::raw_input: flushing lone escape after input timeout; if this follows an alt chord or focus switch it may reach the pane as plain esc bytes=[27]
2026-09-02T06:21:02.274541Z  WARN herdr::raw_input: flushing lone escape after input timeout; if this follows an alt chord or focus switch it may reach the pane as plain esc bytes=[27]
2026-09-02T06:21:02.277150Z  WARN herdr::raw_input: flushing lone escape after input timeout; if this follows an alt chord or focus switch it may reach the pane as plain esc bytes=[27]
2026-09-02T06:21:10.108669Z  WARN herdr::raw_input: flushing lone escape after input timeout; if this follows an alt chord or focus switch it may reach the pane as plain esc bytes=[27]
2026-09-02T06:21:10.109091Z  WARN herdr::raw_input: flushing lone escape after input timeout; if this follows an alt chord or focus switch it may reach the pane as plain esc bytes=[27]
2026-09-02T06:22:25.877236Z  WARN herdr::raw_input: flushing lone escape after input timeout; if this follows an alt chord or focus switch it may reach the pane as plain esc bytes=[27]
2026-09-02T06:22:25.879156Z  WARN herdr::raw_input: flushing lone escape after input timeout; if this follows an alt chord or focus switch it may reach the pane as plain esc bytes=[27]
2026-09-02T06:22:44.766576Z  WARN herdr::raw_input: flushing lone escape after input timeout; if this follows an alt chord or focus switch it may reach the pane as plain esc bytes=[27]
2026-09-02T06:22:44.769034Z  WARN herdr::raw_input: flushing lone escape after input timeout; if this follows an alt chord or focus switch it may reach the pane as plain esc bytes=[27]
2026-09-02T06:24:19.613458Z  WARN herdr::raw_input: flushing lone escape after input timeout; if this follows an alt chord or focus switch it may reach the pane as plain esc bytes=[27]
2026-09-02T06:24:19.615312Z  WARN herdr::raw_input: flushing lone escape after input timeout; if this follows an alt chord or focus switch it may reach the pane as plain esc bytes=[27]
2026-09-02T06:33:32.753848Z  WARN herdr::raw_input: flushing lone escape after input timeout; if this follows an alt chord or focus switch it may reach the pane as plain esc bytes=[27]
2026-09-02T06:33:32.755102Z  WARN herdr::raw_input: flushing lone escape after input timeout; if this follows an alt chord or focus switch it may reach the pane as plain esc bytes=[27]
2026-09-02T06:33:59.831970Z  WARN herdr::raw_input: flushing lone escape after input timeout; if this follows an alt chord or focus switch it may reach the pane as plain esc bytes=[27]
2026-09-02T06:33:59.833597Z  WARN herdr::raw_input: flushing lone escape after input timeout; if this follows an alt chord or focus switch it may reach the pane as plain esc bytes=[27]
2026-09-02T06:34:03.367173Z  WARN herdr::raw_input: flushing lone escape after input timeout; if this follows an alt chord or focus switch it may reach the pane as plain esc bytes=[27]
2026-09-02T06:34:03.367258Z  WARN herdr::raw_input: flushing lone escape after input timeout; if this follows an alt chord or focus switch it may reach the pane as plain esc bytes=[27]
2026-09-02T06:34:19.211046Z  WARN herdr::raw_input: flushing lone escape after input timeout; if this follows an alt chord or focus switch it may reach the pane as plain esc bytes=[27]
2026-09-02T06:34:19.212731Z  WARN herdr::raw_input: flushing lone escape after input timeout; if this follows an alt chord or focus switch it may reach the pane as plain esc bytes=[27]
2026-09-02T06:34:29.991028Z  WARN herdr::raw_input: flushing lone escape after input timeout; if this follows an alt chord or focus switch it may reach the pane as plain esc bytes=[27]
2026-09-02T06:34:29.991393Z  WARN herdr::raw_input: flushing lone escape after input timeout; if this follows an alt chord or focus switch it may reach the pane as plain esc bytes=[27]
2026-09-02T06:34:32.647206Z  WARN herdr::raw_input: flushing lone escape after input timeout; if this follows an alt chord or focus switch it may reach the pane as plain esc bytes=[27]
2026-09-02T06:34:32.647345Z  WARN herdr::raw_input: flushing lone escape after input timeout; if this follows an alt chord or focus switch it may reach the pane as plain esc bytes=[27]
2026-09-02T06:34:49.586683Z  WARN herdr::raw_input: flushing lone escape after input timeout; if this follows an alt chord or focus switch it may reach the pane as plain esc bytes=[27]
2026-09-02T06:34:49.587154Z  WARN herdr::raw_input: flushing lone escape after input timeout; if this follows an alt chord or focus switch it may reach the pane as plain esc bytes=[27]
2026-09-02T06:35:37.153659Z  WARN herdr::raw_input: flushing lone escape after input timeout; if this follows an alt chord or focus switch it may reach the pane as plain esc bytes=[27]
2026-09-02T06:35:37.153882Z  WARN herdr::raw_input: flushing lone escape after input timeout; if this follows an alt chord or focus switch it may reach the pane as plain esc bytes=[27]
2026-09-02T06:36:00.943219Z  WARN herdr::raw_input: flushing lone escape after input timeout; if this follows an alt chord or focus switch it may reach the pane as plain esc bytes=[27]
2026-09-02T06:36:00.943582Z  WARN herdr::raw_input: flushing lone escape after input timeout; if this follows an alt chord or focus switch it may reach the pane as plain esc bytes=[27]
2026-09-02T06:36:23.081967Z  WARN herdr::raw_input: flushing lone escape after input timeout; if this follows an alt chord or focus switch it may reach the pane as plain esc bytes=[27]
2026-09-02T06:36:23.082106Z  WARN herdr::raw_input: flushing lone escape after input timeout; if this follows an alt chord or focus switch it may reach the pane as plain esc bytes=[27]
2026-09-02T06:36:28.798691Z  WARN herdr::raw_input: flushing lone escape after input timeout; if this follows an alt chord or focus switch it may reach the pane as plain esc bytes=[27]
2026-09-02T06:36:28.798890Z  WARN herdr::raw_input: flushing lone escape after input timeout; if this follows an alt chord or focus switch it may reach the pane as plain esc bytes=[27]
2026-09-02T06:36:31.258899Z  WARN herdr::raw_input: flushing lone escape after input timeout; if this follows an alt chord or focus switch it may reach the pane as plain esc bytes=[27]
2026-09-02T06:36:31.259289Z  WARN herdr::raw_input: flushing lone escape after input timeout; if this follows an alt chord or focus switch it may reach the pane as plain esc bytes=[27]
2026-09-02T06:36:58.165495Z  WARN herdr::raw_input: flushing lone escape after input timeout; if this follows an alt chord or focus switch it may reach the pane as plain esc bytes=[27]
2026-09-02T06:36:58.165947Z  WARN herdr::raw_input: flushing lone escape after input timeout; if this follows an alt chord or focus switch it may reach the pane as plain esc bytes=[27]
2026-09-02T06:37:35.061529Z  WARN herdr::raw_input: flushing lone escape after input timeout; if this follows an alt chord or focus switch it may reach the pane as plain esc bytes=[27]
2026-09-02T06:37:35.063543Z  WARN herdr::raw_input: flushing lone escape after input timeout; if this follows an alt chord or focus switch it may reach the pane as plain esc bytes=[27]
